API REST: abierta
Rastreando enlaces internos desde https://www.medicsintegralsalut.com (máx. 3000 URLs)...
Rastreo: 704 URLs nuevas (no en sitemap/API). Grafo de enlazado: 1971 URLs con profundidad conocida.
[1/2588] 200 https://www.medicsintegralsalut.com/
[2/2588] 200 https://www.medicsintegralsalut.com/unidades/cirugia-estetica-facial/rinoplastia-girona/
[3/2588] 200 https://www.medicsintegralsalut.com/unidades/sobrepeso-y-obesidad/balon-gastrico-girona/
[4/2588] 200 https://www.medicsintegralsalut.com/unidades/cirugia-estetica-facial/blefaroplastia-girona/
[5/2588] 200 https://www.medicsintegralsalut.com/unidades/cirugia-estetica-facial/otoplastia-girona/
[6/2588] 200 https://www.medicsintegralsalut.com/unidades/cirugia-estetica-mamas/aumento-de-pecho-girona/
[7/2588] 200 https://www.medicsintegralsalut.com/unidades/cirugia-estetica-mamas/aumento-de-pecho-tecnica-ami/
[8/2588] 200 https://www.medicsintegralsalut.com/unidades/medicina-estetica-facial/rinomodelacion/
[9/2588] 200 https://www.medicsintegralsalut.com/unidades/sobrepeso-y-obesidad/cirugia-postbariatrica/
[10/2588] 200 https://www.medicsintegralsalut.com/w-lp-ginecomastia/
[11/2588] 200 https://www.medicsintegralsalut.com/w-lp-mamaria/
[12/2588] 200 https://www.medicsintegralsalut.com/bases-legals-de-participacio-al-sorteig/
[13/2588] 200 https://www.medicsintegralsalut.com/bases-legales-de-participacion-en-el-sorteo/
[14/2588] 200 https://www.medicsintegralsalut.com/tp-ginecomastia-girona/
[15/2588] 200 https://www.medicsintegralsalut.com/tp-ginecomastia-girona/
[16/2588] 200 https://www.medicsintegralsalut.com/lp-ginecomastia-girona/
[17/2588] 200 https://www.medicsintegralsalut.com/lp-ginecomastia-girona/
[18/2588] 200 https://www.medicsintegralsalut.com/lp-augment-de-pit-girona-test-a-b/
[19/2588] 200 https://www.medicsintegralsalut.com/lp-aumento-de-pecho-girona-test-a-b/
[20/2588] 200 https://www.medicsintegralsalut.com/tp-augment-de-pit-girona/
[21/2588] 200 https://www.medicsintegralsalut.com/tp-aumento-de-pecho-girona/
[22/2588] 200 https://www.medicsintegralsalut.com/lp-augment-de-pit-girona/
[23/2588] 200 https://www.medicsintegralsalut.com/lp-aumento-de-pecho-girona/
[24/2588] 200 https://www.medicsintegralsalut.com/beauty-days-blefaroplastia/
[25/2588] 200 https://www.medicsintegralsalut.com/blefaroplastia/
[26/2588] 200 https://www.medicsintegralsalut.com/unitats/cirurgia-estetica-mames/recanvi-de-protesis/
[27/2588] 200 https://www.medicsintegralsalut.com/unidades/cirugia-estetica-mamas/recambiodeprotesis/
[28/2588] 200 https://www.medicsintegralsalut.com/beauty-days/
[29/2588] 200 https://www.medicsintegralsalut.com/beauty-days/
[30/2588] 200 https://www.medicsintegralsalut.com/politica-de-privadesa-en-xarxes-socials/
[31/2588] 200 https://www.medicsintegralsalut.com/politica-de-privacidad-en-redes-sociales/
[32/2588] 200 https://www.medicsintegralsalut.com/unitats/cirurgia-estetica-facial/perforacio-de-lenva-nasal/
[33/2588] 200 https://www.medicsintegralsalut.com/unidades/cirugia-estetica-facial/perforacion-tabique-nasal/
[34/2588] 200 https://www.medicsintegralsalut.com/unitats/cirurgia-estetica-corporal/liposuccio-vaser/
[35/2588] 200 https://www.medicsintegralsalut.com/unidades/cirugia-estetica-corporal/liposuccion-vaser/
[36/2588] 200 https://www.medicsintegralsalut.com/unitats/gabinet-destetica/reduccio-de-volum-girona/
[37/2588] 200 https://www.medicsintegralsalut.com/unidades/gabinete-de-estetica/reduccion-de-volumen-girona/
[38/2588] 200 https://www.medicsintegralsalut.com/unitats/gabinet-destetica/eliminar-celulitis/
[39/2588] 200 https://www.medicsintegralsalut.com/unidades/gabinete-de-estetica/eliminar-celulitis/
[40/2588] 200 https://www.medicsintegralsalut.com/unitats/gabinet-destetica/desintoxicant/
[41/2588] 200 https://www.medicsintegralsalut.com/unidades/gabinete-de-estetica/desintoxicante/
[42/2588] 200 https://www.medicsintegralsalut.com/unitats/gabinet-destetica/hidreclat/
[43/2588] 200 https://www.medicsintegralsalut.com/unidades/gabinete-de-estetica/hidreclat/
[44/2588] 200 https://www.medicsintegralsalut.com/unitats/gabinet-destetica/recuperador/
[45/2588] 200 https://www.medicsintegralsalut.com/unidades/gabinete-de-estetica/recuperador/
[46/2588] 200 https://www.medicsintegralsalut.com/unitats/gabinet-destetica/antiedat-mc110/
[47/2588] 200 https://www.medicsintegralsalut.com/unidades/gabinete-de-estetica/antiedad-mc-110/
[48/2588] 200 https://www.medicsintegralsalut.com/unitats/gabinet-destetica/acid-de-fruites/
[49/2588] 200 https://www.medicsintegralsalut.com/unidades/gabinete-de-estetica/acido-de-frutas/
[50/2588] 200 https://www.medicsintegralsalut.com/unitats/gabinet-destetica/p50-visage/
[51/2588] 200 https://www.medicsintegralsalut.com/unidades/gabinete-de-estetica/p50-visage/
[52/2588] 200 https://www.medicsintegralsalut.com/unitats/unitat-de-medicina-cosmetica-girona/
[53/2588] 200 https://www.medicsintegralsalut.com/unidades/medicina-cosmetica-girona/
[54/2588] 200 https://www.medicsintegralsalut.com/gracies/
[55/2588] 200 https://www.medicsintegralsalut.com/gracias/
[56/2588] 200 https://www.medicsintegralsalut.com/cirurgia-estetica/
[57/2588] 200 https://www.medicsintegralsalut.com/cirugia-estetica/
[58/2588] 200 https://www.medicsintegralsalut.com/medicina-estetica/
[59/2588] 200 https://www.medicsintegralsalut.com/medicina-estetica/
[60/2588] 200 https://www.medicsintegralsalut.com/unitats/medicina-estetica-facial/augment-de-llavis/
[61/2588] 200 https://www.medicsintegralsalut.com/unidades/medicina-estetica-facial/aumento-labios/
[62/2588] 200 https://www.medicsintegralsalut.com/unitats/sobrepes-i-obesitat/cirurgia-bariatrica/encreuament-duodenal/
[63/2588] 200 https://www.medicsintegralsalut.com/unidades/sobrepeso-y-obesidad/cirugia-bariatrica/cruce-duodenal/
[64/2588] 200 https://www.medicsintegralsalut.com/unitats/sobrepes-i-obesitat/cirurgia-bariatrica/bypass-gastric/
[65/2588] 200 https://www.medicsintegralsalut.com/unidades/sobrepeso-y-obesidad/cirugia-bariatrica/bypass-gastrico/
[66/2588] 200 https://www.medicsintegralsalut.com/unitats/sobrepes-i-obesitat/cirurgia-bariatrica/gastrectomia-vertical/
[67/2588] 200 https://www.medicsintegralsalut.com/unidades/sobrepeso-y-obesidad/cirugia-bariatrica/gastrectomia-vertical/
[68/2588] 200 https://www.medicsintegralsalut.com/politica-de-privadesa/
[69/2588] 200 https://www.medicsintegralsalut.com/politica-de-privacidad/
[70/2588] 200 https://www.medicsintegralsalut.com/politica-de-cookies/
[71/2588] 200 https://www.medicsintegralsalut.com/politica-de-cookies/
[72/2588] 200 https://www.medicsintegralsalut.com/avis-legal/
[73/2588] 200 https://www.medicsintegralsalut.com/aviso-legal/
[74/2588] 200 https://www.medicsintegralsalut.com/unitats/cirurgia-estetica-masculina/lifting-de-coll-i-papada/
[75/2588] 200 https://www.medicsintegralsalut.com/unidades/cirugia-estetica-masculina/liftting-de-cuello-y-papada/
[76/2588] 200 https://www.medicsintegralsalut.com/unitats/cirurgia-estetica-masculina/augment-de-pectoral/
[77/2588] 200 https://www.medicsintegralsalut.com/unidades/cirugia-estetica-masculina/aumento-de-pectoral/
[78/2588] 200 https://www.medicsintegralsalut.com/unitats/cirurgia-estetica-masculina/blefaroplastia/
[79/2588] 200 https://www.medicsintegralsalut.com/unidades/cirugia-estetica-masculina/blefaroplastia/
[80/2588] 200 https://www.medicsintegralsalut.com/unitats/cirurgia-estetica-masculina/ginecomastia/
[81/2588] 200 https://www.medicsintegralsalut.com/unidades/cirugia-estetica-masculina/ginecomastia/
[82/2588] 200 https://www.medicsintegralsalut.com/unitats/cirurgia-estetica-corporal/abdominoplastia/
[83/2588] 200 https://www.medicsintegralsalut.com/unidades/cirugia-estetica-corporal/abdominoplastia/
[84/2588] 200 https://www.medicsintegralsalut.com/unitats/cirurgia-estetica-corporal/lipofiling-corporal/
[85/2588] 200 https://www.medicsintegralsalut.com/unidades/cirugia-estetica-corporal/lipofiling-corporal/
[86/2588] 200 https://www.medicsintegralsalut.com/unitats/cirurgia-estetica-corporal/lifting-bracos-i-cames/
[87/2588] 200 https://www.medicsintegralsalut.com/unidades/cirugia-estetica-corporal/lifting-brazos-y-piernas/
[88/2588] 200 https://www.medicsintegralsalut.com/unitats/cirurgia-estetica-corporal/cirurgia-genital-femenina/
[89/2588] 200 https://www.medicsintegralsalut.com/unidades/cirugia-estetica-corporal/cirugia-genital-femenina/
[90/2588] 200 https://www.medicsintegralsalut.com/unitats/cirurgia-estetica-corporal/augment-de-glutis/
[91/2588] 200 https://www.medicsintegralsalut.com/unidades/cirugia-estetica-corporal/aumento-de-gluteos/
[92/2588] 200 https://www.medicsintegralsalut.com/unitats/cirurgia-estetica-corporal/liposuccio/
[93/2588] 200 https://www.medicsintegralsalut.com/unidades/cirugia-estetica-corporal/liposuccion/
[94/2588] 200 https://www.medicsintegralsalut.com/unitats/cirurgia-estetica-facial/cirurgia-mento-i-pomuls/
[95/2588] 200 https://www.medicsintegralsalut.com/unidades/cirugia-estetica-facial/cirugia-menton-y-pomulos/
[96/2588] 200 https://www.medicsintegralsalut.com/unitats/cirurgia-estetica-facial/otoplastia/
[97/2588] 200 https://www.medicsintegralsalut.com/unidades/cirugia-estetica-facial/otoplastia/
[98/2588] 200 https://www.medicsintegralsalut.com/unitats/cirurgia-estetica-facial/lifting-facial/
[99/2588] 200 https://www.medicsintegralsalut.com/unidades/cirugia-estetica-facial/lifting-facial/
[100/2588] 200 https://www.medicsintegralsalut.com/unitats/cirurgia-estetica-facial/minilifting-de-coll-i-papada/
[101/2588] 200 https://www.medicsintegralsalut.com/unidades/cirugia-estetica-facial/minilifting-de-cuello-y-papada/
[102/2588] 200 https://www.medicsintegralsalut.com/unitats/cirurgia-estetica-facial/blefaroplastia/
[103/2588] 200 https://www.medicsintegralsalut.com/unidades/cirugia-estetica-facial/blefaroplastia/
[104/2588] 200 https://www.medicsintegralsalut.com/unitats/cirurgia-estetica-mames/reduccio-de-pit/
[105/2588] 200 https://www.medicsintegralsalut.com/unidades/cirugia-estetica-mamas/reduccion-de-pecho/
[106/2588] 200 https://www.medicsintegralsalut.com/unitats/cirurgia-estetica-mames/elevacio-de-pit-pexia/
[107/2588] 200 https://www.medicsintegralsalut.com/unidades/cirugia-estetica-mamas/elevacion-de-pecho-pexia/
[108/2588] 200 https://www.medicsintegralsalut.com/unitats/cirurgia-estetica-mames/augment-de-pit/
[109/2588] 200 https://www.medicsintegralsalut.com/unidades/cirugia-estetica-mamas/aumento-de-pecho/
[110/2588] 200 https://www.medicsintegralsalut.com/unitats/sobrepes-i-obesitat/cirurgia-bariatrica/
[111/2588] 200 https://www.medicsintegralsalut.com/unidades/sobrepeso-y-obesidad/cirugia-bariatrica/
[112/2588] 200 https://www.medicsintegralsalut.com/unitats/sobrepes-i-obesitat/dietetica-i-nutricio/
[113/2588] 200 https://www.medicsintegralsalut.com/unidades/sobrepeso-y-obesidad/dietetica-y-nutricion/
[114/2588] 200 https://www.medicsintegralsalut.com/unitats/sobrepes-i-obesitat/endomanga/
[115/2588] 200 https://www.medicsintegralsalut.com/unidades/sobrepeso-y-obesidad/endomanga/
[116/2588] 200 https://www.medicsintegralsalut.com/unitats/sobrepes-i-obesitat/balo-12-mesos-reajustable/
[117/2588] 200 https://www.medicsintegralsalut.com/unidades/sobrepeso-y-obesidad/balon-12-meses-reajustable/
[118/2588] 200 https://www.medicsintegralsalut.com/unitats/sobrepes-i-obesitat/balo-6-mesos/
[119/2588] 200 https://www.medicsintegralsalut.com/unidades/sobrepeso-y-obesidad/balon-6-meses/
[120/2588] 200 https://www.medicsintegralsalut.com/unitats/sobrepes-i-obesitat/balo-ingerible-elipse/
[121/2588] 200 https://www.medicsintegralsalut.com/unidades/sobrepeso-y-obesidad/balon-ingerible-elipse/
[122/2588] 200 https://www.medicsintegralsalut.com/unitats/gabinet-destetica/drenatge-limfatic/
[123/2588] 200 https://www.medicsintegralsalut.com/unidades/gabinete-de-estetica/drenaje-linfatico/
[124/2588] 200 https://www.medicsintegralsalut.com/unitats/gabinet-destetica/revitalitzacio-facial/
[125/2588] 200 https://www.medicsintegralsalut.com/unidades/gabinete-de-estetica/revitalizacion-facial/
[126/2588] 200 https://www.medicsintegralsalut.com/unitats/medicina-estetica-corporal/celulitis/
[127/2588] 200 https://www.medicsintegralsalut.com/unidades/medicina-estetica-corporal/celulitis/
[128/2588] 200 https://www.medicsintegralsalut.com/unitats/medicina-estetica-corporal/liposuccio-sense-cirurgia/
[129/2588] 200 https://www.medicsintegralsalut.com/unidades/medicina-estetica-corporal/liposuccion-sin-cirugia/
[130/2588] 200 https://www.medicsintegralsalut.com/unitats/cirurgia-estetica-facial/farciment-darrugues/
[131/2588] 200 https://www.medicsintegralsalut.com/unidades/cirugia-estetica-facial/relleno-de-arrugas/
[132/2588] 200 https://www.medicsintegralsalut.com/unitats/medicina-estetica-facial/peeling/
[133/2588] 200 https://www.medicsintegralsalut.com/unidades/medicina-estetica-facial/peeling/
[134/2588] 200 https://www.medicsintegralsalut.com/unitats/medicina-estetica-facial/hidratacio-i-nutricio/
[135/2588] 200 https://www.medicsintegralsalut.com/unidades/medicina-estetica-facial/hidratacion-y-nutricion/
[136/2588] 200 https://www.medicsintegralsalut.com/unitats/medicina-estetica-facial/flacciditat-fils-tensors/
[137/2588] 200 https://www.medicsintegralsalut.com/unidades/medicina-estetica-facial/flacidez-hilos-tensores/
[138/2588] 200 https://www.medicsintegralsalut.com/unitats/medicina-estetica-facial/arrugues-dexpressio/
[139/2588] 200 https://www.medicsintegralsalut.com/unidades/medicina-estetica-facial/arrugas-de-expresion/
[140/2588] 200 https://www.medicsintegralsalut.com/unitats/gabinet-destetica/radiofrequencia-facial-y-corporal/
[141/2588] 200 https://www.medicsintegralsalut.com/unidades/gabinete-de-estetica/radiofrecuencia-facial-y-corporal/
[142/2588] 200 https://www.medicsintegralsalut.com/unitats/medicina-estetica-facial/ulleres/
[143/2588] 200 https://www.medicsintegralsalut.com/unidades/medicina-estetica-facial/ojeras/
[144/2588] 200 https://www.medicsintegralsalut.com/unitats/cirurgia-estetica-masculina/
[145/2588] 200 https://www.medicsintegralsalut.com/unidades/cirugia-estetica-masculina/
[146/2588] 200 https://www.medicsintegralsalut.com/unitats/cirurgia-estetica-corporal/
[147/2588] 200 https://www.medicsintegralsalut.com/unidades/cirugia-estetica-corporal/
[148/2588] 200 https://www.medicsintegralsalut.com/unitats/cirurgia-estetica-mames/
[149/2588] 200 https://www.medicsintegralsalut.com/unidades/cirugia-estetica-mamas/
[150/2588] 200 https://www.medicsintegralsalut.com/unitats/sobrepes-i-obesitat/
[151/2588] 200 https://www.medicsintegralsalut.com/unidades/sobrepeso-y-obesidad/
[152/2588] 200 https://www.medicsintegralsalut.com/unitats/gabinet-destetica/
[153/2588] 200 https://www.medicsintegralsalut.com/unidades/gabinete-de-estetica/
[154/2588] 200 https://www.medicsintegralsalut.com/unitats/medicina-estetica-corporal/
[155/2588] 200 https://www.medicsintegralsalut.com/unidades/medicina-estetica-corporal/
[156/2588] 200 https://www.medicsintegralsalut.com/unitats/medicina-estetica-facial/
[157/2588] 200 https://www.medicsintegralsalut.com/unidades/medicina-estetica-facial/
[158/2588] 200 https://www.medicsintegralsalut.com/unitats/cirurgia-estetica-facial/rinoplastia/
[159/2588] 200 https://www.medicsintegralsalut.com/unidades/cirugia-estetica-facial/rinoplastia/
[160/2588] 200 https://www.medicsintegralsalut.com/unitats/cirurgia-estetica-facial/
[161/2588] 200 https://www.medicsintegralsalut.com/unidades/cirugia-estetica-facial/
[162/2588] 200 https://www.medicsintegralsalut.com/unitats/
[163/2588] 200 https://www.medicsintegralsalut.com/unidades/
[164/2588] 200 https://www.medicsintegralsalut.com/contacte/
[165/2588] 200 https://www.medicsintegralsalut.com/contacto/
[166/2588] 200 https://www.medicsintegralsalut.com/blog/
[167/2588] 200 https://www.medicsintegralsalut.com/blog-2/
[168/2588] 200 https://www.medicsintegralsalut.com/financament/
[169/2588] 200 https://www.medicsintegralsalut.com/financiacion/
[170/2588] 200 https://www.medicsintegralsalut.com/equip-quadre-medic/
[171/2588] 200 https://www.medicsintegralsalut.com/cirugia-plastica-girona-equipo-medico/
[172/2588] 200 https://www.medicsintegralsalut.com/medics-integral-salut/
[173/2588] 200 https://www.medicsintegralsalut.com/medics-integral-salut/
[174/2588] 403 https://www.medicsintegralsalut.com/home/
[175/2588] 403 https://www.medicsintegralsalut.com/home/
[176/2588] 200 https://www.medicsintegralsalut.com/cuanto-cuesta-lifting-facial/
[177/2588] 200 https://www.medicsintegralsalut.com/otoplastia-que-es/
[178/2588] 200 https://www.medicsintegralsalut.com/rinoplastia-ultrasonica-que-es/
[179/2588] 200 https://www.medicsintegralsalut.com/rinoseptoplastia-que-es/
[180/2588] 200 https://www.medicsintegralsalut.com/rinoplastia-o-septoplastia/
[181/2588] 200 https://www.medicsintegralsalut.com/cuanto-cuesta-rinoplastia-espana/
[182/2588] 200 https://www.medicsintegralsalut.com/recuperacion-rinoplastia/
[183/2588] 200 https://www.medicsintegralsalut.com/rinoplastia-recuperacion-fotos/
[184/2588] 200 https://www.medicsintegralsalut.com/que-es-una-rinoplastia/
[185/2588] 200 https://www.medicsintegralsalut.com/cuanto-cuesta-balon-gastrico/
[186/2588] 200 https://www.medicsintegralsalut.com/la-importancia-de-seleccionar-el-tratamiento-adecuado-para-la-perdida-de-peso/
[187/2588] 200 https://www.medicsintegralsalut.com/que-es-mejor-liposuccion-tradicional-o-liposuccion-vaser/
[188/2588] 200 https://www.medicsintegralsalut.com/que-cambios-positivos-aporta-una-cirugia-de-aumento-de-pecho/
[189/2588] 200 https://www.medicsintegralsalut.com/la-importante-ayuda-de-los-farmacos-en-la-perdida-de-peso-ozempic-y-mounjaro-en-nuestra-clinica/
[190/2588] 200 https://www.medicsintegralsalut.com/la-reduccion-de-mamas-mas-que-un-cambio-de-volumen-un-cambio-de-vida/
[191/2588] 200 https://www.medicsintegralsalut.com/eres-candidata-o-a-una-cirugia-bariatrica/
[192/2588] 200 https://www.medicsintegralsalut.com/como-elegir-los-implantes-mamarios-adecuados/
[193/2588] 200 https://www.medicsintegralsalut.com/la-naturalidad-del-resultado-en-un-aumento-de-pecho/
[194/2588] 200 https://www.medicsintegralsalut.com/la-rinoplastia-ultrasonica-es-una-tecnica-de-cirugia-estetica-de-nariz/
[195/2588] 200 https://www.medicsintegralsalut.com/que-son-las-protesis-de-mamas-ergonomicas/
[196/2588] 200 https://www.medicsintegralsalut.com/protesis-redondas-vs-protesis-ergonomicas/
[197/2588] 200 https://www.medicsintegralsalut.com/la-radiofrecuencia-la-mejor-solucion-a-la-flacidez/
[198/2588] 200 https://www.medicsintegralsalut.com/la-gigantomastia-solucion-reduccion-de-mamas/
[199/2588] 200 https://www.medicsintegralsalut.com/transforma-tu-figura-con-la-elevacion-de-pecho-todo-lo-que-necesitas-saber/
[200/2588] 200 https://www.medicsintegralsalut.com/dr-mike-dewever/
[201/2588] 200 https://www.medicsintegralsalut.com/descubre-todo-lo-que-necesitas-saber-sobre-los-diferentes-tipos-de-cirugia-bariatrica/
[202/2588] 200 https://www.medicsintegralsalut.com/que-es-la-tecnica-minimal-scar-en-aumento-de-pecho/
[203/2588] 200 https://www.medicsintegralsalut.com/descubre-la-diferencia-entre-lipo-vaser-y-liposuccion/
[204/2588] 200 https://www.medicsintegralsalut.com/como-cuidarse-despues-de-una-rinoplastia-los-mejores-consejos-para-un-rapido-postoperatorio/
[205/2588] 200 https://www.medicsintegralsalut.com/cuando-debemos-poner-protesis-anatomicas/
[206/2588] 200 https://www.medicsintegralsalut.com/se-pueden-realizar-tratamientos-postparto-de-cirugia-estetica/
[207/2588] 200 https://www.medicsintegralsalut.com/siente-el-poder-del-bienestar-con-una-cirugia-estetica-para-los-pechos-separados/
[208/2588] 200 https://www.medicsintegralsalut.com/como-mejorar-la-estetica-de-las-cicatrices/
[209/2588] 200 https://www.medicsintegralsalut.com/primera-visita-para-aumento-de-pecho/
[210/2588] 200 https://www.medicsintegralsalut.com/cirugia-de-elevacion-de-pecho/
[211/2588] 200 https://www.medicsintegralsalut.com/como-eliminar-la-celulitis/
[212/2588] 200 https://www.medicsintegralsalut.com/que-es-la-bichectomia/
[213/2588] 200 https://www.medicsintegralsalut.com/como-eliminar-ojeras/
[214/2588] 200 https://www.medicsintegralsalut.com/cuales-son-los-mejores-implantes-de-protesis-de-pechos/
[215/2588] 200 https://www.medicsintegralsalut.com/rinoplastia-ultrasonica-o-rinomodelacio-quines-son-les-diferencies/
[216/2588] 200 https://www.medicsintegralsalut.com/rinoplastia-sin-cirugia-rinoplastia-ultrasonica/
[217/2588] 200 https://www.medicsintegralsalut.com/el-que-vols-saber-de-laugment-de-pit-pas-a-pas/
[218/2588] 200 https://www.medicsintegralsalut.com/lo-que-quieres-saber-del-aumento-de-pecho-paso-a-paso/
[219/2588] 200 https://www.medicsintegralsalut.com/quines-son-les-millors-protesis-de-mama/
[220/2588] 200 https://www.medicsintegralsalut.com/cuales-son-las-mejores-protesis-de-mama/
[221/2588] 200 https://www.medicsintegralsalut.com/sk-10-el-tractament-amb-una-injeccio-que-aprima/
[222/2588] 200 https://www.medicsintegralsalut.com/sk-10-el-tratamiento-con-una-inyeccion-que-adelgaza/
[223/2588] 200 https://www.medicsintegralsalut.com/canvi-dimatge-i-estil-de-vida-amb-la-cirurgia-bariatrica/
[224/2588] 200 https://www.medicsintegralsalut.com/cambio-de-imagen-y-estilo-de-vida-con-la-cirugia-bariatrica/
[225/2588] 200 https://www.medicsintegralsalut.com/factors-de-creixement-obtinguts-de-les-plaquetes-prp/
[226/2588] 200 https://www.medicsintegralsalut.com/factores-de-crecimiento-obtenidos-de-las-plaquetas-prp/
[227/2588] 200 https://www.medicsintegralsalut.com/la-ginecomastia-te-solucio-definitiva/
[228/2588] 200 https://www.medicsintegralsalut.com/la-ginecomastia-tiene-solucion-definitiva/
[229/2588] 200 https://www.medicsintegralsalut.com/augment-mamari-amb-protesi-motiva/
[230/2588] 200 https://www.medicsintegralsalut.com/aumento-mamario-con-protesis-motiva/
[231/2588] 200 https://www.medicsintegralsalut.com/bichectomia-que-es/
[232/2588] 200 https://www.medicsintegralsalut.com/bichectomia-que-es/
[233/2588] 200 https://www.medicsintegralsalut.com/bye-bye-panxa/
[234/2588] 200 https://www.medicsintegralsalut.com/bye-bye-barriga/
[235/2588] 200 https://www.medicsintegralsalut.com/la-nostra-experiencia-amb-la-rinoplastia-ultrasonica/
[236/2588] 200 https://www.medicsintegralsalut.com/nuestra-experiencia-con-la-rinoplastia-ultrasonica/
[237/2588] 200 https://www.medicsintegralsalut.com/algunes-raons-per-les-quals-no-perdem-pes/
[238/2588] 200 https://www.medicsintegralsalut.com/algunas-razones-por-las-que-no-perdemos-peso/
[239/2588] 200 https://www.medicsintegralsalut.com/solucio-per-mames-tuberoses/
[240/2588] 200 https://www.medicsintegralsalut.com/solucion-mamas-tuberosas/
[241/2588] 200 https://www.medicsintegralsalut.com/benvingut-dr-langdon/
[242/2588] 200 https://www.medicsintegralsalut.com/bienvenido-dr-langdon/
[243/2588] 200 https://www.medicsintegralsalut.com/congela-el-temps/
[244/2588] 200 https://www.medicsintegralsalut.com/congela-el-tiempo/
[245/2588] 200 https://www.medicsintegralsalut.com/consell-a-la-cirurgia-daugment-de-mames/
[246/2588] 200 https://www.medicsintegralsalut.com/consejo-en-la-cirugia-de-amento-de-mamas/
[247/2588] 200 https://www.medicsintegralsalut.com/beneficis-de-la-cirurgia-bariatrica/
[248/2588] 200 https://www.medicsintegralsalut.com/beneficios-de-la-cirugia-bariatrica/
[249/2588] 200 https://www.medicsintegralsalut.com/ja-no-tinc-orelles-de-bufador/
[250/2588] 200 https://www.medicsintegralsalut.com/otoplastia-orejas-de-soplillo-girona/
[251/2588] 200 https://www.medicsintegralsalut.com/que-es-faci-la-llum-al-rostre/
[252/2588] 200 https://www.medicsintegralsalut.com/hagase-la-luz-en-el-rostro/
[253/2588] 200 https://www.medicsintegralsalut.com/lexit-del-procediment-es-lexit-dels-resultats/
[254/2588] 200 https://www.medicsintegralsalut.com/lexit-del-procediment-es-lexit-dels-resultats/
[255/2588] 200 https://www.medicsintegralsalut.com/hauria-de-reduir-el-meu-pit/
[256/2588] 200 https://www.medicsintegralsalut.com/deberia-reducirme-el-pecho/
[257/2588] 200 https://www.medicsintegralsalut.com/reconstruccio-despres-dun-cancer-de-mama/
[258/2588] 200 https://www.medicsintegralsalut.com/reconstruccion-tras-cancer-de-mama/
[259/2588] 200 https://www.medicsintegralsalut.com/com-cuidar-la-pell-als-50/
[260/2588] 200 https://www.medicsintegralsalut.com/como-cuidar-la-piel-a-los-50/
[261/2588] 200 https://www.medicsintegralsalut.com/lunica-pilota-que-pot-estar-implantada-un-any/
[262/2588] 200 https://www.medicsintegralsalut.com/el-unico-balon-que-puede-estar-implantado-un-ano/
[263/2588] 200 https://www.medicsintegralsalut.com/perque-envellim/
[264/2588] 200 https://www.medicsintegralsalut.com/por-que-envejecemos/
[265/2588] 200 https://www.medicsintegralsalut.com/tecnicas-de-medicina-estetica-que-ens-fan-rejovenir/
[266/2588] 200 https://www.medicsintegralsalut.com/tecnicas-de-medicina-estetica-que-nos-rejuvenecen/
[267/2588] 200 https://www.medicsintegralsalut.com/aliments-que-beneficien-la-teva-pell/
[268/2588] 200 https://www.medicsintegralsalut.com/alimentos-que-benefician-tu-piel/
[269/2588] 200 https://www.medicsintegralsalut.com/hi-ha-solucio-per-a-lantiestetica-marca-del-cansament-sota-els-ulls/
[270/2588] 200 https://www.medicsintegralsalut.com/hay-solucion-para-la-antiestetica-marca-del-cansancio-bajo-los-ojos/
[271/2588] 200 https://www.medicsintegralsalut.com/novetat-fils-360o-efecte-lifting/
[272/2588] 200 https://www.medicsintegralsalut.com/novedad-hilos-360o-efecto-lifting/
[273/2588] 200 https://www.medicsintegralsalut.com/la-bellesa-del-rostre-el-triangle-invertit/
[274/2588] 200 https://www.medicsintegralsalut.com/la-belleza-del-rostro-el-triangulo-invertido/
[275/2588] 200 https://www.medicsintegralsalut.com/elevacio-de-glutis-sense-cirurgia-es-possible/
[276/2588] 200 https://www.medicsintegralsalut.com/elevacion-de-gluteos-sin-cirugia-es-posible/
[277/2588] 200 https://www.medicsintegralsalut.com/perque-la-teva-pell-no-faci-anys-coctel-de-vitamines-i-acid-hialuronic/
[278/2588] 200 https://www.medicsintegralsalut.com/para-que-tu-piel-no-cumpla-anos-coctel-de-vitaminas-y-acido-hialuronico/
[279/2588] 200 https://www.medicsintegralsalut.com/els-meus-tractaments-preferits-resultats-immediats/
[280/2588] 200 https://www.medicsintegralsalut.com/mis-tratamientos-preferidos-resultados-inmediatos/
[281/2588] 200 https://www.medicsintegralsalut.com/lipofilling-resultats-permanents-nomes-amb-greix/
[282/2588] 200 https://www.medicsintegralsalut.com/lipofilling-resultados-permanentes-solo-con-grasa/
[283/2588] 200 https://www.medicsintegralsalut.com/en/advice-on-breast-augmentation-surgery/
[284/2588] 200 https://www.medicsintegralsalut.com/fr/consell-a-la-cirurgia-daugment-de-mames/
[285/2588] 200 https://www.medicsintegralsalut.com/ru/consell-a-la-cirurgia-daugment-de-mames/
[286/2588] 200 https://www.medicsintegralsalut.com/uk/%d0%bf%d0%be%d1%80%d0%b0%d0%b4%d0%b8-%d1%89%d0%be%d0%b4%d0%be-%d0%be%d0%bf%d0%b5%d1%80%d0%b0%d1%86%d1%96%d1%97-%d0%b7-%d0%b7%d0%b1%d1%96%d0%bb%d1%8c%d1%88%d0%b5%d0%bd%d0%bd%d1%8f-%d0%b3%d1%80%d1%83/
[287/2588] 200 https://www.medicsintegralsalut.com/ca/consell-a-la-cirurgia-daugment-de-mames/
[288/2588] 200 https://www.medicsintegralsalut.com/en/congela-el-tiempo/
[289/2588] 200 https://www.medicsintegralsalut.com/fr/congela-el-tiempo/
[290/2588] 200 https://www.medicsintegralsalut.com/ru/congela-el-tiempo/
[291/2588] 200 https://www.medicsintegralsalut.com/uk/%d0%b7%d0%b0%d0%bc%d0%be%d1%80%d0%be%d0%b6%d1%83%d1%94-%d1%87%d0%b0%d1%81/
[292/2588] 200 https://www.medicsintegralsalut.com/ca/congela-el-temps-2/
[293/2588] 200 https://www.medicsintegralsalut.com/en/welcome-dr-langdon/
[294/2588] 200 https://www.medicsintegralsalut.com/fr/bienvenido-dr-langdon/
[295/2588] 200 https://www.medicsintegralsalut.com/ru/%d0%b4%d0%be%d0%b1%d1%80%d0%be-%d0%bf%d0%be%d0%b6%d0%b0%d0%bb%d0%be%d0%b2%d0%b0%d1%82%d1%8c-%d0%b4%d0%be%d0%ba%d1%82%d0%be%d1%80-%d0%bb%d1%8d%d0%bd%d0%b3%d0%b4%d0%be%d0%bd-2/
[296/2588] 200 https://www.medicsintegralsalut.com/uk/bienvenido-dr-langdon/
[297/2588] 200 https://www.medicsintegralsalut.com/ca/bienvenido-dr-langdon/
[298/2588] 200 https://www.medicsintegralsalut.com/en/lipofilling-resultats-permanents-nomes-amb-greix/
[299/2588] 200 https://www.medicsintegralsalut.com/fr/lipofilling-resultats-permanents-nomes-amb-greix/
[300/2588] 200 https://www.medicsintegralsalut.com/ru/lipofilling-resultats-permanents-nomes-amb-greix/
[301/2588] 200 https://www.medicsintegralsalut.com/uk/lipofilling-resultats-permanents-nomes-amb-greix/
[302/2588] 200 https://www.medicsintegralsalut.com/ca/lipofilling-resultats-permanents-nomes-amb-greix/
[303/2588] 200 https://www.medicsintegralsalut.com/en/els-meus-tractaments-preferits-resultats-immediats/
[304/2588] 200 https://www.medicsintegralsalut.com/fr/els-meus-tractaments-preferits-resultats-immediats/
[305/2588] 200 https://www.medicsintegralsalut.com/ru/els-meus-tractaments-preferits-resultats-immediats/
[306/2588] 200 https://www.medicsintegralsalut.com/uk/%d0%bc%d0%be%d1%97-%d1%83%d0%bb%d1%8e%d0%b1%d0%bb%d0%b5%d0%bd%d1%96-%d0%bf%d1%80%d0%be%d1%86%d0%b5%d0%b4%d1%83%d1%80%d0%b8-%d1%89%d0%be-%d0%b4%d0%b0%d1%8e%d1%82%d1%8c-%d0%bc%d0%b8%d1%82%d1%82%d1%94/
[307/2588] 200 https://www.medicsintegralsalut.com/ca/els-meus-tractaments-preferits-resultats-immediats/
[308/2588] 200 https://www.medicsintegralsalut.com/en/que-es-faci-la-llum-al-rostre/
[309/2588] 200 https://www.medicsintegralsalut.com/fr/que-es-faci-la-llum-al-rostre/
[310/2588] 200 https://www.medicsintegralsalut.com/ru/%d1%87%d1%82%d0%be-%d0%be%d1%81%d0%b2%d0%b5%d1%89%d0%b0%d0%b5%d1%82-%d0%bb%d0%b8%d1%86%d0%be/
[311/2588] 200 https://www.medicsintegralsalut.com/uk/que-es-faci-la-llum-al-rostre/
[312/2588] 200 https://www.medicsintegralsalut.com/ca/fes-llum-al-rostre/
[313/2588] 200 https://www.medicsintegralsalut.com/en/hauria-de-reduir-el-meu-pit/
[314/2588] 200 https://www.medicsintegralsalut.com/fr/hauria-de-reduir-el-meu-pit/
[315/2588] 200 https://www.medicsintegralsalut.com/ru/hauria-de-reduir-el-meu-pit/
[316/2588] 200 https://www.medicsintegralsalut.com/uk/hauria-de-reduir-el-meu-pit/
[317/2588] 200 https://www.medicsintegralsalut.com/ca/hauria-de-reduir-el-meu-pit/
[318/2588] 200 https://www.medicsintegralsalut.com/en/lexit-del-procediment-es-lexit-dels-resultats/
[319/2588] 200 https://www.medicsintegralsalut.com/fr/lexit-del-procediment-es-lexit-dels-resultats/
[320/2588] 200 https://www.medicsintegralsalut.com/ru/lexit-del-procediment-es-lexit-dels-resultats/
[321/2588] 200 https://www.medicsintegralsalut.com/uk/lexit-del-procediment-es-lexit-dels-resultats/
[322/2588] 200 https://www.medicsintegralsalut.com/ca/lexit-del-procediment-es-lexit-dels-resultats/
[323/2588] 200 https://www.medicsintegralsalut.com/en/lexit-del-procediment-es-lexit-dels-resultats/
[324/2588] 200 https://www.medicsintegralsalut.com/fr/lexit-del-procediment-es-lexit-dels-resultats/
[325/2588] 200 https://www.medicsintegralsalut.com/ru/lexit-del-procediment-es-lexit-dels-resultats/
[326/2588] 200 https://www.medicsintegralsalut.com/uk/lexit-del-procediment-es-lexit-dels-resultats/
[327/2588] 200 https://www.medicsintegralsalut.com/ca/lexit-del-procediment-es-lexit-dels-resultats/
[328/2588] 200 https://www.medicsintegralsalut.com/en/reconstruccio-despres-dun-cancer-de-mama/
[329/2588] 200 https://www.medicsintegralsalut.com/fr/reconstruction-apres-un-cancer-du-sein/
[330/2588] 200 https://www.medicsintegralsalut.com/ru/%d1%80%d0%b5%d0%ba%d0%be%d0%bd%d1%81%d1%82%d1%80%d1%83%d0%ba%d1%86%d0%b8%d1%8f-%d0%bf%d0%be%d1%81%d0%bb%d0%b5-%d1%80%d0%b0%d0%ba%d0%b0-%d0%bc%d0%be%d0%bb%d0%be%d1%87%d0%bd%d0%be%d0%b9-%d0%b6%d0%b5/
[331/2588] 200 https://www.medicsintegralsalut.com/uk/%d0%b2%d1%96%d0%b4%d0%bd%d0%be%d0%b2%d0%bb%d0%b5%d0%bd%d0%bd%d1%8f-%d0%bf%d1%96%d1%81%d0%bb%d1%8f-%d1%80%d0%b0%d0%ba%d1%83-%d0%bc%d0%be%d0%bb%d0%be%d1%87%d0%bd%d0%be%d1%97-%d0%b7%d0%b0%d0%bb%d0%be/
[332/2588] 200 https://www.medicsintegralsalut.com/ca/reconstruccio-despres-dun-cancer-de-mama/
[333/2588] 200 https://www.medicsintegralsalut.com/en/how-to-care-for-your-skin-at-50/
[334/2588] 200 https://www.medicsintegralsalut.com/fr/com-cuidar-la-pell-als-50/
[335/2588] 200 https://www.medicsintegralsalut.com/ru/com-cuidar-la-pell-als-50/
[336/2588] 200 https://www.medicsintegralsalut.com/uk/com-cuidar-la-pell-als-50/
[337/2588] 200 https://www.medicsintegralsalut.com/ca/com-cuidar-la-pell-als-50/
[338/2588] 200 https://www.medicsintegralsalut.com/en/lunica-pilota-que-pot-estar-implantada-un-any/
[339/2588] 200 https://www.medicsintegralsalut.com/fr/la-seule-pilote-qui-peut-etre-implantee-une-annee/
[340/2588] 200 https://www.medicsintegralsalut.com/ru/lunica-pilota-que-pot-estar-implantada-un-any/
[341/2588] 200 https://www.medicsintegralsalut.com/uk/lunica-pilota-que-pot-estar-implantada-un-any/
[342/2588] 200 https://www.medicsintegralsalut.com/ca/lunica-pilota-que-pot-estar-implantada-un-any/
[343/2588] 200 https://www.medicsintegralsalut.com/en/perque-envellim/
[344/2588] 200 https://www.medicsintegralsalut.com/fr/perque-envellim/
[345/2588] 200 https://www.medicsintegralsalut.com/ru/perque-envellim/
[346/2588] 200 https://www.medicsintegralsalut.com/uk/perque-envellim/
[347/2588] 200 https://www.medicsintegralsalut.com/ca/perque-envellim/
[348/2588] 200 https://www.medicsintegralsalut.com/en/tecnicas-de-medicina-estetica-que-ens-fan-rejovenir/
[349/2588] 200 https://www.medicsintegralsalut.com/fr/techniques-de-medecine-esthetique-pour-nous-rajeunir/
[350/2588] 200 https://www.medicsintegralsalut.com/ru/%d0%bc%d0%b5%d1%82%d0%be%d0%b4%d1%8b-%d1%8d%d1%81%d1%82%d0%b5%d1%82%d0%b8%d1%87%d0%b5%d1%81%d0%ba%d0%be%d0%b9-%d0%bc%d0%b5%d0%b4%d0%b8%d1%86%d0%b8%d0%bd%d1%8b-%d0%ba%d0%be%d1%82%d0%be%d1%80%d1%8b/
[351/2588] 200 https://www.medicsintegralsalut.com/uk/tecnicas-de-medicina-estetica-que-ens-fan-rejovenir/
[352/2588] 200 https://www.medicsintegralsalut.com/ca/tecniques-de-medicina-estetica-que-ens-fan-rejovenir/
[353/2588] 200 https://www.medicsintegralsalut.com/en/foods-that-benefit-your-skin/
[354/2588] 200 https://www.medicsintegralsalut.com/fr/aliments-que-beneficien-la-teva-pell/
[355/2588] 200 https://www.medicsintegralsalut.com/ru/%d0%bf%d1%80%d0%be%d0%b4%d1%83%d0%ba%d1%82%d1%8b-%d0%ba%d0%be%d1%82%d0%be%d1%80%d1%8b%d0%b5-%d0%bf%d0%be%d0%bb%d0%b5%d0%b7%d0%bd%d1%8b-%d0%b4%d0%bb%d1%8f-%d0%b2%d0%b0%d1%88%d0%b5%d0%b9-%d0%ba%d0%be/
[356/2588] 200 https://www.medicsintegralsalut.com/uk/aliments-que-beneficien-la-teva-pell/
[357/2588] 200 https://www.medicsintegralsalut.com/ca/aliments-que-beneficien-la-teva-pell/
[358/2588] 200 https://www.medicsintegralsalut.com/en/hi-ha-solucio-per-a-lantiestetica-marca-del-cansament-sota-els-ulls/
[359/2588] 200 https://www.medicsintegralsalut.com/fr/hi-ha-solucio-per-a-lantiestetica-marca-del-cansament-sota-els-ulls/
[360/2588] 200 https://www.medicsintegralsalut.com/ru/hi-ha-solucio-per-a-lantiestetica-marca-del-cansament-sota-els-ulls/
[361/2588] 200 https://www.medicsintegralsalut.com/uk/hi-ha-solucio-per-a-lantiestetica-marca-del-cansament-sota-els-ulls/
[362/2588] 200 https://www.medicsintegralsalut.com/ca/hi-ha-solucio-per-a-lantiestetica-marca-del-cansament-sota-els-ulls/
[363/2588] 200 https://www.medicsintegralsalut.com/en/360-novelty-lifting-effect/
[364/2588] 200 https://www.medicsintegralsalut.com/fr/nouveaute-fils-360-effet-lifting/
[365/2588] 200 https://www.medicsintegralsalut.com/ru/%d0%bd%d0%be%d0%b2%d0%b8%d0%bd%d0%ba%d0%b8-%d1%8d%d1%84%d1%84%d0%b5%d0%ba%d1%82-%d0%bb%d0%b8%d1%84%d1%82%d0%b8%d0%bd%d0%b3-360/
[366/2588] 200 https://www.medicsintegralsalut.com/uk/novetat-fils-360o-efecte-lifting/
[367/2588] 200 https://www.medicsintegralsalut.com/ca/novetat-fils-360o-efecte-lifting/
[368/2588] 200 https://www.medicsintegralsalut.com/en/la-bellesa-del-rostre-el-triangle-invertit/
[369/2588] 200 https://www.medicsintegralsalut.com/fr/la-bellesa-del-rostre-el-triangle-invertit/
[370/2588] 200 https://www.medicsintegralsalut.com/ru/la-bellesa-del-rostre-el-triangle-invertit/
[371/2588] 200 https://www.medicsintegralsalut.com/uk/la-bellesa-del-rostre-el-triangle-invertit/
[372/2588] 200 https://www.medicsintegralsalut.com/ca/la-bellesa-del-rostre-el-triangle-invertit/
[373/2588] 200 https://www.medicsintegralsalut.com/en/elevacio-de-glutis-sense-cirurgia-es-possible/
[374/2588] 200 https://www.medicsintegralsalut.com/fr/elevacio-de-glutis-sense-cirurgia-es-possible/
[375/2588] 200 https://www.medicsintegralsalut.com/ru/elevacio-de-glutis-sense-cirurgia-es-possible/
[376/2588] 200 https://www.medicsintegralsalut.com/uk/elevacio-de-glutis-sense-cirurgia-es-possible/
[377/2588] 200 https://www.medicsintegralsalut.com/ca/elevacio-de-glutis-sense-cirurgia-es-possible/
[378/2588] 200 https://www.medicsintegralsalut.com/en/perque-la-teva-pell-no-faci-anys-coctel-de-vitamines-i-acid-hialuronic/
[379/2588] 200 https://www.medicsintegralsalut.com/fr/perque-la-teva-pell-no-faci-anys-coctel-de-vitamines-i-acid-hialuronic/
[380/2588] 200 https://www.medicsintegralsalut.com/ru/perque-la-teva-pell-no-faci-anys-coctel-de-vitamines-i-acid-hialuronic/
[381/2588] 200 https://www.medicsintegralsalut.com/uk/perque-la-teva-pell-no-faci-anys-coctel-de-vitamines-i-acid-hialuronic/
[382/2588] 200 https://www.medicsintegralsalut.com/ca/perque-la-teva-pell-no-faci-anys-coctel-de-vitamines-i-acid-hialuronic/
[383/2588] 200 https://www.medicsintegralsalut.com/en/rinoplastia-ultrasonica-o-rinomodelacio-quines-son-les-diferencies/
[384/2588] 200 https://www.medicsintegralsalut.com/fr/rinoplastia-ultrasonica-o-rinomodelacio-quines-son-les-diferencies/
[385/2588] 200 https://www.medicsintegralsalut.com/ru/rinoplastia-ultrasonica-o-rinomodelacio-quines-son-les-diferencies/
[386/2588] 200 https://www.medicsintegralsalut.com/uk/rinoplastia-ultrasonica-o-rinomodelacio-quines-son-les-diferencies/
[387/2588] 200 https://www.medicsintegralsalut.com/ca/rinoplastia-ultrasonica-o-rinomodulacio-quines-son-les-diferencies/
[388/2588] 200 https://www.medicsintegralsalut.com/en/el-que-vols-saber-de-laugment-de-pit-pas-a-pas/
[389/2588] 200 https://www.medicsintegralsalut.com/fr/el-que-vols-saber-de-laugment-de-pit-pas-a-pas/
[390/2588] 200 https://www.medicsintegralsalut.com/ru/el-que-vols-saber-de-laugment-de-pit-pas-a-pas/
[391/2588] 200 https://www.medicsintegralsalut.com/uk/el-que-vols-saber-de-laugment-de-pit-pas-a-pas/
[392/2588] 200 https://www.medicsintegralsalut.com/ca/el-que-vols-saber-de-laugment-de-pit-pas-a-pas/
[393/2588] 200 https://www.medicsintegralsalut.com/en/quines-son-les-millors-protesis-de-mama/
[394/2588] 200 https://www.medicsintegralsalut.com/fr/quines-son-les-millors-protesis-de-mama/
[395/2588] 200 https://www.medicsintegralsalut.com/ru/quines-son-les-millors-protesis-de-mama/
[396/2588] 200 https://www.medicsintegralsalut.com/uk/quines-son-les-millors-protesis-de-mama/
[397/2588] 200 https://www.medicsintegralsalut.com/ca/quines-son-les-millors-protesis-de-mama/
[398/2588] 200 https://www.medicsintegralsalut.com/en/sk-10-el-tractament-amb-una-injeccio-que-aprima/
[399/2588] 200 https://www.medicsintegralsalut.com/fr/sk-10-le-traitement-avec-une-injection-qui-amincit/
[400/2588] 200 https://www.medicsintegralsalut.com/ru/%d1%81%d0%ba-10-%d1%8d%d0%bb%d1%8c-%d1%82%d1%80%d0%b0%d0%ba%d1%82%d0%b0%d0%bc%d0%b5%d0%bd%d1%82-%d0%b0%d0%bc-%d1%83%d0%bd%d0%b0-%d0%b8%d0%bd%d1%8c%d0%b5%d0%ba%d1%86%d0%b8%d0%be-%d0%ba%d0%b5-%d0%b0/
[401/2588] 200 https://www.medicsintegralsalut.com/uk/sk-10-el-tractament-amb-una-injeccio-que-aprima/
[402/2588] 200 https://www.medicsintegralsalut.com/ca/sk-10-el-tractament-amb-una-injeccio-que-aprimat/
[403/2588] 200 https://www.medicsintegralsalut.com/en/canvi-dimatge-i-estil-de-vida-amb-la-cirurgia-bariatrica/
[404/2588] 200 https://www.medicsintegralsalut.com/fr/canvi-dimatge-i-estil-de-vida-amb-la-cirurgia-bariatrica/
[405/2588] 200 https://www.medicsintegralsalut.com/ru/%d0%b8%d0%b7%d0%bc%d0%b5%d0%bd%d0%b5%d0%bd%d0%b8%d0%b5-%d0%be%d0%b1%d1%80%d0%b0%d0%b7%d0%b0-%d0%b6%d0%b8%d0%b7%d0%bd%d0%b8-%d0%b8-%d0%b1%d0%b0%d1%80%d0%b8%d0%b0%d1%82%d1%80%d0%b8%d1%87%d0%b5%d1%81/
[406/2588] 200 https://www.medicsintegralsalut.com/uk/canvi-dimatge-i-estil-de-vida-amb-la-cirurgia-bariatrica/
[407/2588] 200 https://www.medicsintegralsalut.com/ca/canvi-dimatge-i-estil-de-vida-amb-la-cirurgia-bariatrica/
[408/2588] 200 https://www.medicsintegralsalut.com/en/factors-de-creixement-obtinguts-de-les-plaquetes-prp/
[409/2588] 200 https://www.medicsintegralsalut.com/fr/factors-de-creixement-obtinguts-de-les-plaquetes-prp/
[410/2588] 200 https://www.medicsintegralsalut.com/ru/factors-de-creixement-obtinguts-de-les-plaquetes-prp/
[411/2588] 200 https://www.medicsintegralsalut.com/uk/%d1%84%d0%b0%d0%ba%d1%82%d0%be%d1%80%d0%b8-%d1%80%d0%be%d1%81%d1%82%d1%83-%d0%be%d1%82%d1%80%d0%b8%d0%bc%d0%b0%d0%bd%d1%96-%d0%b7-%d1%82%d1%80%d0%be%d0%bc%d0%b1%d0%be%d1%86%d0%b8%d1%82%d1%96%d0%b2-pr/
[412/2588] 200 https://www.medicsintegralsalut.com/ca/factors-de-creixement-obtinguts-de-les-plaquetes-prp/
[413/2588] 200 https://www.medicsintegralsalut.com/en/la-ginecomastia-te-solucio-definitiva/
[414/2588] 200 https://www.medicsintegralsalut.com/fr/la-ginecomastia-te-solucio-definitiva/
[415/2588] 200 https://www.medicsintegralsalut.com/ru/la-ginecomastia-te-solucio-definitiva/
[416/2588] 200 https://www.medicsintegralsalut.com/uk/la-ginecomastia-te-solucio-definitiva/
[417/2588] 200 https://www.medicsintegralsalut.com/ca/la-ginecomastia-te-solucio-definitiva/
[418/2588] 200 https://www.medicsintegralsalut.com/en/augment-mamari-amb-protesi-motiva/
[419/2588] 200 https://www.medicsintegralsalut.com/fr/augmentation-mammaire-avec-protheses-motivation/
[420/2588] 200 https://www.medicsintegralsalut.com/ru/augment-mamari-amb-protesi-motiva/
[421/2588] 200 https://www.medicsintegralsalut.com/uk/augment-mamari-amb-protesi-motiva/
[422/2588] 200 https://www.medicsintegralsalut.com/ca/augment-mamari-amb-protesi-motiva/
[423/2588] 200 https://www.medicsintegralsalut.com/en/bye-bye-panxa/
[424/2588] 200 https://www.medicsintegralsalut.com/fr/bye-bye-panxa/
[425/2588] 200 https://www.medicsintegralsalut.com/ru/bye-bye-panxa/
[426/2588] 200 https://www.medicsintegralsalut.com/uk/bye-bye-panxa/
[427/2588] 200 https://www.medicsintegralsalut.com/ca/bye-bye-panxa/
[428/2588] 200 https://www.medicsintegralsalut.com/en/la-nostra-experiencia-amb-la-rinoplastia-ultrasonica/
[429/2588] 200 https://www.medicsintegralsalut.com/fr/la-nostra-experiencia-amb-la-rinoplastia-ultrasonica/
[430/2588] 200 https://www.medicsintegralsalut.com/ru/la-nostra-experiencia-amb-la-rinoplastia-ultrasonica/
[431/2588] 200 https://www.medicsintegralsalut.com/uk/%d0%bd%d0%b0%d1%88-%d0%b4%d0%be%d1%81%d0%b2%d1%96%d0%b4-%d1%83-%d0%bf%d1%80%d0%be%d0%b2%d0%b5%d0%b4%d0%b5%d0%bd%d0%bd%d1%96-%d1%83%d0%bb%d1%8c%d1%82%d1%80%d0%b0%d0%b7%d0%b2%d1%83%d0%ba%d0%be%d0%b2/
[432/2588] 200 https://www.medicsintegralsalut.com/ca/la-nostra-experiencia-amb-la-rinoplastia-ultrasonica/
[433/2588] 200 https://www.medicsintegralsalut.com/en/algunes-raons-per-les-quals-no-perdem-pes/
[434/2588] 200 https://www.medicsintegralsalut.com/fr/algunes-raons-per-les-quals-no-perdem-pes/
[435/2588] 200 https://www.medicsintegralsalut.com/ru/algunes-raons-per-les-quals-no-perdem-pes/
[436/2588] 200 https://www.medicsintegralsalut.com/uk/algunes-raons-per-les-quals-no-perdem-pes/
[437/2588] 200 https://www.medicsintegralsalut.com/ca/algunes-raons-per-les-quals-no-perdem-pes/
[438/2588] 200 https://www.medicsintegralsalut.com/en/benvingut-dr-langdon/
[439/2588] 200 https://www.medicsintegralsalut.com/fr/bienvenue-dr-langdon/
[440/2588] 200 https://www.medicsintegralsalut.com/ru/%d0%b4%d0%be%d0%b1%d1%80%d0%be-%d0%bf%d0%be%d0%b6%d0%b0%d0%bb%d0%be%d0%b2%d0%b0%d1%82%d1%8c-%d0%b4%d0%be%d0%ba%d1%82%d0%be%d1%80-%d0%bb%d1%8d%d0%bd%d0%b3%d0%b4%d0%be%d0%bd/
[441/2588] 200 https://www.medicsintegralsalut.com/uk/%d0%bb%d0%b0%d1%81%d0%ba%d0%b0%d0%b2%d0%be-%d0%bf%d1%80%d0%be%d1%81%d0%b8%d0%bc%d0%be-%d0%b4%d0%be%d0%ba%d1%82%d0%be%d1%80%d0%b5-%d0%bb%d0%b5%d0%bd%d0%b3%d0%b4%d0%be%d0%bd%d0%b5/
[442/2588] 200 https://www.medicsintegralsalut.com/ca/benvingut-dr-langdon/
[443/2588] 200 https://www.medicsintegralsalut.com/en/congela-el-temps/
[444/2588] 200 https://www.medicsintegralsalut.com/fr/congela-el-temps/
[445/2588] 200 https://www.medicsintegralsalut.com/ru/%d0%b7%d0%b0%d0%bc%d0%be%d1%80%d0%be%d0%b7%d0%b8%d1%82%d1%8c-%d0%b2%d1%80%d0%b5%d0%bc%d1%8f/
[446/2588] 200 https://www.medicsintegralsalut.com/uk/congela-el-temps/
[447/2588] 200 https://www.medicsintegralsalut.com/ca/congela-el-temps/
[448/2588] 200 https://www.medicsintegralsalut.com/en/solucio-per-mames-tuberoses/
[449/2588] 200 https://www.medicsintegralsalut.com/fr/solution-pour-tuberses-mammaires/
[450/2588] 200 https://www.medicsintegralsalut.com/ru/solucio-per-mames-tuberoses/
[451/2588] 200 https://www.medicsintegralsalut.com/uk/%d0%b7%d0%b0%d1%81%d1%96%d0%b1-%d0%b2%d1%96%d0%b4-%d0%b1%d1%83%d0%bb%d1%8c%d0%b1%d0%be%d0%b2%d0%b8%d1%85-%d0%b1%d0%be%d0%bb%d1%8f%d1%87%d0%be%d0%ba/
[452/2588] 200 https://www.medicsintegralsalut.com/ca/solucio-per-pits-tuberosos/
[453/2588] 200 https://www.medicsintegralsalut.com/en/beneficis-de-la-cirurgia-bariatrica/
[454/2588] 200 https://www.medicsintegralsalut.com/fr/beneficis-de-la-cirurgia-bariatrica/
[455/2588] 200 https://www.medicsintegralsalut.com/ru/beneficis-de-la-cirurgia-bariatrica/
[456/2588] 200 https://www.medicsintegralsalut.com/uk/beneficis-de-la-cirurgia-bariatrica/
[457/2588] 200 https://www.medicsintegralsalut.com/ca/beneficis-de-la-cirurgia-bariatrica/
[458/2588] 200 https://www.medicsintegralsalut.com/en/ja-no-tinc-orelles-de-bufador/
[459/2588] 200 https://www.medicsintegralsalut.com/fr/ja-no-tinc-orelles-de-bufador/
[460/2588] 200 https://www.medicsintegralsalut.com/ru/ja-no-tinc-orelles-de-bufador/
[461/2588] 200 https://www.medicsintegralsalut.com/uk/ja-no-tinc-orelles-de-bufador/
[462/2588] 200 https://www.medicsintegralsalut.com/ca/ja-no-tinc-orelles-de-bufador/
[463/2588] 200 https://www.medicsintegralsalut.com/en/nuestra-experiencia-con-la-rinoplastia-ultrasonica/
[464/2588] 200 https://www.medicsintegralsalut.com/fr/nuestra-experiencia-con-la-rinoplastia-ultrasonica/
[465/2588] 200 https://www.medicsintegralsalut.com/ru/nuestra-experiencia-con-la-rinoplastia-ultrasonica/
[466/2588] 200 https://www.medicsintegralsalut.com/uk/%d0%bd%d0%b0%d1%88-%d0%b4%d0%be%d1%81%d0%b2%d1%96%d0%b4-%d0%bf%d1%80%d0%be%d0%b2%d0%b5%d0%b4%d0%b5%d0%bd%d0%bd%d1%8f-%d1%83%d0%bb%d1%8c%d1%82%d1%80%d0%b0%d0%b7%d0%b2%d1%83%d0%ba%d0%be%d0%b2%d0%be/
[467/2588] 200 https://www.medicsintegralsalut.com/ca/la-nostra-experiencia-amb-la-rinoplastia-ultrasonica-2/
[468/2588] 200 https://www.medicsintegralsalut.com/en/advice-on-breast-augmentation-surgery-2/
[469/2588] 200 https://www.medicsintegralsalut.com/fr/consejo-en-la-cirugia-de-amento-de-mamas/
[470/2588] 200 https://www.medicsintegralsalut.com/ru/consejo-en-la-cirugia-de-amento-de-mamas/
[471/2588] 200 https://www.medicsintegralsalut.com/uk/consejo-en-la-cirugia-de-amento-de-mamas/
[472/2588] 200 https://www.medicsintegralsalut.com/ca/consejo-en-la-cirugia-de-amento-de-mamas/
[473/2588] 200 https://www.medicsintegralsalut.com/en/como-elegir-los-implantes-mamarios-adecuados/
[474/2588] 200 https://www.medicsintegralsalut.com/fr/como-elegir-los-implantes-mamarios-adecuados/
[475/2588] 200 https://www.medicsintegralsalut.com/ru/como-elegir-los-implantes-mamarios-adecuados/
[476/2588] 200 https://www.medicsintegralsalut.com/uk/como-elegir-los-implantes-mamarios-adecuados/
[477/2588] 200 https://www.medicsintegralsalut.com/ca/como-elegir-los-implantes-mamarios-adecuados/
[478/2588] 200 https://www.medicsintegralsalut.com/en/the-naturalness-of-the-result-in-a-breast-augmentation/
[479/2588] 200 https://www.medicsintegralsalut.com/fr/le-naturel-du-resultat-dune-augmentation-mammaire/
[480/2588] 200 https://www.medicsintegralsalut.com/ru/la-naturalidad-del-resultado-en-un-aumento-de-pecho/
[481/2588] 200 https://www.medicsintegralsalut.com/uk/la-naturalidad-del-resultado-en-un-aumento-de-pecho/
[482/2588] 200 https://www.medicsintegralsalut.com/ca/la-naturalitat-del-resultat-en-un-pit-augmentat/
[483/2588] 200 https://www.medicsintegralsalut.com/en/la-rinoplastia-ultrasonica-es-una-tecnica-de-cirugia-estetica-de-nariz/
[484/2588] 200 https://www.medicsintegralsalut.com/fr/la-rinoplastia-ultrasonica-es-una-tecnica-de-cirugia-estetica-de-nariz/
[485/2588] 200 https://www.medicsintegralsalut.com/ru/la-rinoplastia-ultrasonica-es-una-tecnica-de-cirugia-estetica-de-nariz/
[486/2588] 200 https://www.medicsintegralsalut.com/uk/la-rinoplastia-ultrasonica-es-una-tecnica-de-cirugia-estetica-de-nariz/
[487/2588] 200 https://www.medicsintegralsalut.com/ca/la-rinoplastia-ultrasonica-es-una-tecnica-de-cirugia-estetica-de-nariz/
[488/2588] 200 https://www.medicsintegralsalut.com/en/que-son-las-protesis-de-mamas-ergonomicas/
[489/2588] 200 https://www.medicsintegralsalut.com/fr/quest-ce-quune-prothese-mammaire-ergonomique/
[490/2588] 200 https://www.medicsintegralsalut.com/ru/que-son-las-protesis-de-mamas-ergonomicas/
[491/2588] 200 https://www.medicsintegralsalut.com/uk/que-son-las-protesis-de-mamas-ergonomicas/
[492/2588] 200 https://www.medicsintegralsalut.com/ca/les-protesis-mamaries-ergonomiques-son-un-tipus-dimplant-mamari-dissenyat-per-adaptar-se-millor-a-la-forma-del-cos-de-la-dona-a-diferencia-de-les-protesis-tradicionals-que-solen-tenir-una-forma-mes/
[493/2588] 200 https://www.medicsintegralsalut.com/en/dr-mike-dewever/
[494/2588] 200 https://www.medicsintegralsalut.com/fr/dr-mike-dewever/
[495/2588] 200 https://www.medicsintegralsalut.com/ru/dr-mike-dewever/
[496/2588] 200 https://www.medicsintegralsalut.com/uk/%d0%b4%d0%be%d0%ba%d1%82%d0%be%d1%80-%d0%bc%d0%b0%d0%b9%d0%ba-%d0%b4%d0%b5%d0%b2%d0%b5%d0%b2%d0%b5%d1%80/
[497/2588] 200 https://www.medicsintegralsalut.com/ca/dr-mike-dewever/
[498/2588] 200 https://www.medicsintegralsalut.com/en/cuando-debemos-poner-protesis-anatomicas/
[499/2588] 200 https://www.medicsintegralsalut.com/fr/cuando-debemos-poner-protesis-anatomicas/
[500/2588] 200 https://www.medicsintegralsalut.com/ru/cuando-debemos-poner-protesis-anatomicas/
[501/2588] 200 https://www.medicsintegralsalut.com/uk/%d0%ba%d0%be%d0%bb%d0%b8-%d1%81%d0%bb%d1%96%d0%b4-%d0%b2%d1%81%d1%82%d0%b0%d0%bd%d0%be%d0%b2%d0%bb%d1%8e%d0%b2%d0%b0%d1%82%d0%b8-%d0%b0%d0%bd%d0%b0%d1%82%d0%be%d0%bc%d1%96%d1%87%d0%bd%d1%96-%d0%bf/
[502/2588] 200 https://www.medicsintegralsalut.com/ca/cuando-debemos-poner-protesis-anatomicas/
[503/2588] 200 https://www.medicsintegralsalut.com/en/feel-the-power-of-well-being-with-cosmetic-surgery-for-separated-breasts/
[504/2588] 200 https://www.medicsintegralsalut.com/fr/siente-el-poder-del-bienestar-con-una-cirugia-estetica-para-los-pechos-separados/
[505/2588] 200 https://www.medicsintegralsalut.com/ru/%d0%bf%d0%be%d1%87%d1%83%d0%b2%d1%81%d1%82%d0%b2%d1%83%d0%b9%d1%82%d0%b5-%d1%81%d0%b8%d0%bb%d1%83-%d0%b1%d0%bb%d0%b0%d0%b3%d0%be%d0%bf%d0%be%d0%bb%d1%83%d1%87%d0%b8%d1%8f-%d1%81-%d0%bf%d0%be%d0%bc/
[506/2588] 200 https://www.medicsintegralsalut.com/uk/%d0%b2%d1%96%d0%b4%d1%87%d1%83%d0%b9%d1%82%d0%b5-%d1%81%d0%b8%d0%bb%d1%83-%d0%b3%d0%b0%d1%80%d0%bd%d0%be%d0%b3%d0%be-%d1%81%d0%b0%d0%bc%d0%be%d0%bf%d0%be%d1%87%d1%83%d1%82%d1%82%d1%8f-%d0%b7%d0%b0/
[507/2588] 200 https://www.medicsintegralsalut.com/ca/siente-el-poder-del-bienestar-con-una-cirugia-estetica-para-los-pechos-separados/
[508/2588] 200 https://www.medicsintegralsalut.com/en/primera-visita-para-aumento-de-pecho/
[509/2588] 200 https://www.medicsintegralsalut.com/fr/primera-visita-para-aumento-de-pecho/
[510/2588] 200 https://www.medicsintegralsalut.com/ru/primera-visita-para-aumento-de-pecho/
[511/2588] 200 https://www.medicsintegralsalut.com/uk/primera-visita-para-aumento-de-pecho/
[512/2588] 200 https://www.medicsintegralsalut.com/ca/primera-visita-para-aumento-de-pecho/
[513/2588] 200 https://www.medicsintegralsalut.com/en/cirugia-de-elevacion-de-pecho/
[514/2588] 200 https://www.medicsintegralsalut.com/fr/cirugia-de-elevacion-de-pecho/
[515/2588] 200 https://www.medicsintegralsalut.com/ru/cirugia-de-elevacion-de-pecho/
[516/2588] 200 https://www.medicsintegralsalut.com/uk/%d0%be%d0%bf%d0%b5%d1%80%d0%b0%d1%86%d1%96%d1%8f-%d0%b7-%d0%bf%d1%96%d0%b4%d1%82%d1%8f%d0%b6%d0%ba%d0%b8-%d0%b3%d1%80%d1%83%d0%b4%d0%b5%d0%b9/
[517/2588] 200 https://www.medicsintegralsalut.com/ca/cirugia-de-elevacion-de-pecho/
[518/2588] 200 https://www.medicsintegralsalut.com/en/cuales-son-los-mejores-implantes-de-protesis-de-pechos/
[519/2588] 200 https://www.medicsintegralsalut.com/fr/quels-sont-les-meilleurs-implants-de-protheses-mammaires/
[520/2588] 200 https://www.medicsintegralsalut.com/ru/%d0%ba%d0%b0%d0%ba%d0%b8%d0%b5-%d0%bb%d1%83%d1%87%d1%88%d0%b8%d0%b5-%d0%b8%d0%bc%d0%bf%d0%bb%d0%b0%d0%bd%d1%82%d1%8b-%d0%b4%d0%bb%d1%8f-%d0%b3%d1%80%d1%83%d0%b4%d0%bd%d1%8b%d1%85-%d0%bf%d1%80%d0%be/
[521/2588] 200 https://www.medicsintegralsalut.com/uk/cuales-son-los-mejores-implantes-de-protesis-de-pechos/
[522/2588] 200 https://www.medicsintegralsalut.com/ca/cuales-son-los-mejores-implantes-de-protesis-de-pechos/
[523/2588] 200 https://www.medicsintegralsalut.com/en/rinoplastia-sin-cirugia-rinoplastia-ultrasonica/
[524/2588] 200 https://www.medicsintegralsalut.com/fr/rinoplastia-sin-cirugia-rinoplastia-ultrasonica/
[525/2588] 200 https://www.medicsintegralsalut.com/ru/%d1%80%d0%b8%d0%bd%d0%be%d0%bf%d0%bb%d0%b0%d1%81%d1%82%d0%b8%d0%ba%d0%b0-%d0%b1%d0%b5%d0%b7-%d1%85%d0%b8%d1%80%d1%83%d1%80%d0%b3%d0%b8%d0%b8-%d1%83%d0%bb%d1%8c%d1%82%d1%80%d0%b0%d0%b7%d0%b2%d1%83/
[526/2588] 200 https://www.medicsintegralsalut.com/uk/rinoplastia-sin-cirugia-rinoplastia-ultrasonica/
[527/2588] 200 https://www.medicsintegralsalut.com/ca/rinoplastia-sin-cirugia-rinoplastia-ultrasonica/
[528/2588] 200 https://www.medicsintegralsalut.com/en/image-and-lifestyle-change-with-bariatric-surgery/
[529/2588] 200 https://www.medicsintegralsalut.com/fr/cambio-de-imagen-y-estilo-de-vida-con-la-cirugia-bariatrica/
[530/2588] 200 https://www.medicsintegralsalut.com/ru/cambio-de-imagen-y-estilo-de-vida-con-la-cirugia-bariatrica/
[531/2588] 200 https://www.medicsintegralsalut.com/uk/cambio-de-imagen-y-estilo-de-vida-con-la-cirugia-bariatrica/
[532/2588] 200 https://www.medicsintegralsalut.com/ca/cambio-de-imagen-y-estilo-de-vida-con-la-cirugia-bariatrica/
[533/2588] 200 https://www.medicsintegralsalut.com/en/breast-augmentation-with-implants-motivations/
[534/2588] 200 https://www.medicsintegralsalut.com/fr/aumento-mamario-con-protesis-motiva/
[535/2588] 200 https://www.medicsintegralsalut.com/ru/aumento-mamario-con-protesis-motiva/
[536/2588] 200 https://www.medicsintegralsalut.com/uk/aumento-mamario-con-protesis-motiva/
[537/2588] 200 https://www.medicsintegralsalut.com/ca/aumento-mamario-con-protesis-motiva/
[538/2588] 200 https://www.medicsintegralsalut.com/en/benefits-of-bariatric-surgery/
[539/2588] 200 https://www.medicsintegralsalut.com/fr/beneficios-de-la-cirugia-bariatrica/
[540/2588] 200 https://www.medicsintegralsalut.com/ru/beneficios-de-la-cirugia-bariatrica/
[541/2588] 200 https://www.medicsintegralsalut.com/uk/beneficios-de-la-cirugia-bariatrica/
[542/2588] 200 https://www.medicsintegralsalut.com/ca/beneficios-de-la-cirugia-bariatrica/
[543/2588] 200 https://www.medicsintegralsalut.com/en/hagase-la-luz-en-el-rostro/
[544/2588] 200 https://www.medicsintegralsalut.com/fr/hagase-la-luz-en-el-rostro/
[545/2588] 200 https://www.medicsintegralsalut.com/ru/%d1%81%d0%b4%d0%b5%d0%bb%d0%b0%d0%b9-%d1%81%d0%b2%d0%b5%d1%82-%d0%bd%d0%b0-%d0%bb%d0%b8%d1%86%d0%b5/
[546/2588] 200 https://www.medicsintegralsalut.com/uk/hagase-la-luz-en-el-rostro/
[547/2588] 200 https://www.medicsintegralsalut.com/ca/hagase-la-luz-en-el-rostro/
[548/2588] 200 https://www.medicsintegralsalut.com/en/deberia-reducirme-el-pecho/
[549/2588] 200 https://www.medicsintegralsalut.com/fr/deberia-reducirme-el-pecho/
[550/2588] 200 https://www.medicsintegralsalut.com/ru/deberia-reducirme-el-pecho/
[551/2588] 200 https://www.medicsintegralsalut.com/uk/%d0%bc%d0%b5%d0%bd%d1%96-%d1%81%d0%bb%d1%96%d0%b4-%d0%b7%d0%bc%d0%b5%d0%bd%d1%88%d0%b8%d1%82%d0%b8-%d0%b3%d1%80%d1%83%d0%b4%d0%b8/
[552/2588] 200 https://www.medicsintegralsalut.com/ca/hauria-de-reduir-me-el-pit/
[553/2588] 200 https://www.medicsintegralsalut.com/en/como-cuidar-la-piel-a-los-50/
[554/2588] 200 https://www.medicsintegralsalut.com/fr/como-cuidar-la-piel-a-los-50/
[555/2588] 200 https://www.medicsintegralsalut.com/ru/como-cuidar-la-piel-a-los-50/
[556/2588] 200 https://www.medicsintegralsalut.com/uk/como-cuidar-la-piel-a-los-50/
[557/2588] 200 https://www.medicsintegralsalut.com/ca/como-cuidar-la-piel-a-los-50/
[558/2588] 200 https://www.medicsintegralsalut.com/en/alimentos-que-benefician-tu-piel/
[559/2588] 200 https://www.medicsintegralsalut.com/fr/alimentos-que-benefician-tu-piel/
[560/2588] 200 https://www.medicsintegralsalut.com/ru/alimentos-que-benefician-tu-piel/
[561/2588] 200 https://www.medicsintegralsalut.com/uk/%d0%bf%d1%80%d0%be%d0%b4%d1%83%d0%ba%d1%82%d0%b8-%d1%8f%d0%ba%d1%96-%d0%ba%d0%be%d1%80%d0%b8%d1%81%d0%bd%d1%96-%d0%b4%d0%bb%d1%8f-%d1%88%d0%ba%d1%96%d1%80%d0%b8/
[562/2588] 200 https://www.medicsintegralsalut.com/ca/alimentos-que-benefician-tu-piel/
[563/2588] 200 https://www.medicsintegralsalut.com/en/hay-solucion-para-la-antiestetica-marca-del-cansancio-bajo-los-ojos/
[564/2588] 200 https://www.medicsintegralsalut.com/fr/hay-solucion-para-la-antiestetica-marca-del-cansancio-bajo-los-ojos/
[565/2588] 200 https://www.medicsintegralsalut.com/ru/hay-solucion-para-la-antiestetica-marca-del-cansancio-bajo-los-ojos/
[566/2588] 200 https://www.medicsintegralsalut.com/uk/hay-solucion-para-la-antiestetica-marca-del-cansancio-bajo-los-ojos/
[567/2588] 200 https://www.medicsintegralsalut.com/ca/hay-solucion-para-la-antiestetica-marca-del-cansancio-bajo-los-ojos/
[568/2588] 200 https://www.medicsintegralsalut.com/en/mis-tratamientos-preferidos-resultados-inmediatos/
[569/2588] 200 https://www.medicsintegralsalut.com/fr/mis-tratamientos-preferidos-resultados-inmediatos/
[570/2588] 200 https://www.medicsintegralsalut.com/ru/mis-tratamientos-preferidos-resultados-inmediatos/
[571/2588] 200 https://www.medicsintegralsalut.com/uk/mis-tratamientos-preferidos-resultados-inmediatos/
[572/2588] 200 https://www.medicsintegralsalut.com/ca/els-meus-tractaments-preferits-resultats-immediats-2/
[573/2588] 200 https://www.medicsintegralsalut.com/en/rinoplastia-recuperacion-fotos/
[574/2588] 200 https://www.medicsintegralsalut.com/fr/rinoplastia-recuperacion-fotos/
[575/2588] 200 https://www.medicsintegralsalut.com/ru/%d1%80%d0%b8%d0%bd%d0%be%d0%bf%d0%bb%d0%b0%d1%81%d1%82%d0%b8%d0%ba%d0%b0-%d0%b2%d0%be%d1%81%d1%81%d1%82%d0%b0%d0%bd%d0%be%d0%b2%d0%bb%d0%b5%d0%bd%d0%b8%d0%b5-%d1%84%d0%be%d1%82%d0%be/
[576/2588] 200 https://www.medicsintegralsalut.com/uk/rinoplastia-recuperacion-fotos/
[577/2588] 200 https://www.medicsintegralsalut.com/ca/rinoplastia-recuperacion-fotos/
[578/2588] 200 https://www.medicsintegralsalut.com/en/ultrasonic-rhinoplasty-2/
[579/2588] 200 https://www.medicsintegralsalut.com/fr/rhinoplastie-ultrasonique-quest-ce-que-cest/
[580/2588] 200 https://www.medicsintegralsalut.com/ru/%d1%83%d0%bb%d1%8c%d1%82%d1%80%d0%b0%d0%b7%d0%b2%d1%83%d0%ba%d0%be%d0%b2%d0%b0%d1%8f-%d1%80%d0%b8%d0%bd%d0%be%d0%bf%d0%bb%d0%b0%d1%81%d1%82%d0%b8%d0%ba%d0%b0-%d1%87%d1%82%d0%be-%d1%8d%d1%82%d0%be/
[581/2588] 200 https://www.medicsintegralsalut.com/uk/%d1%89%d0%be-%d1%82%d0%b0%d0%ba%d0%b5-%d1%83%d0%bb%d1%8c%d1%82%d1%80%d0%b0%d0%b7%d0%b2%d1%83%d0%ba%d0%be%d0%b2%d0%b0-%d1%80%d0%b8%d0%bd%d0%be%d0%bf%d0%bb%d0%b0%d1%81%d1%82%d0%b8%d0%ba%d0%b0/
[582/2588] 200 https://www.medicsintegralsalut.com/ca/rinoplastia-ultrasonica-que-es/
[583/2588] 200 https://www.medicsintegralsalut.com/en/rhinoseptoplasty/
[584/2588] 200 https://www.medicsintegralsalut.com/fr/la-rhinoseptoplastie-quest-ce-que-cest/
[585/2588] 200 https://www.medicsintegralsalut.com/ru/%d1%80%d0%b8%d0%bd%d0%be%d1%81%d0%b5%d0%bf%d1%82%d0%be%d0%bf%d0%bb%d0%b0%d1%81%d1%82%d0%b8%d0%ba%d0%b0-%d1%87%d1%82%d0%be-%d1%8d%d1%82%d0%be/
[586/2588] 200 https://www.medicsintegralsalut.com/uk/%d1%80%d0%b8%d0%bd%d0%be%d1%81%d0%b5%d0%bf%d1%82%d0%be%d0%bf%d0%bb%d0%b0%d1%81%d1%82%d0%b8%d0%ba%d0%b0-%d1%86%d0%b5/
[587/2588] 200 https://www.medicsintegralsalut.com/ca/rinoseptoplastia-que-es/
[588/2588] 200 https://www.medicsintegralsalut.com/en/rhinoplasty-or-septoplasty/
[589/2588] 200 https://www.medicsintegralsalut.com/fr/rinoplastia-o-septoplastia/
[590/2588] 200 https://www.medicsintegralsalut.com/ru/rinoplastia-o-septoplastia/
[591/2588] 200 https://www.medicsintegralsalut.com/uk/%d1%80%d0%b8%d0%bd%d0%be%d0%bf%d0%bb%d0%b0%d1%81%d1%82%d0%b8%d0%ba%d0%b0-%d0%b0%d0%b1%d0%be-%d1%81%d0%b5%d0%bf%d1%82%d0%be%d0%bf%d0%bb%d0%b0%d1%81%d1%82%d0%b8%d0%ba%d0%b0/
[592/2588] 200 https://www.medicsintegralsalut.com/ca/rinoplastia-o-setoplastia/
[593/2588] 200 https://www.medicsintegralsalut.com/en/cuanto-cuesta-rinoplastia-espana/
[594/2588] 200 https://www.medicsintegralsalut.com/fr/cuanto-cuesta-rinoplastia-espana/
[595/2588] 200 https://www.medicsintegralsalut.com/ru/cuanto-cuesta-rinoplastia-espana/
[596/2588] 200 https://www.medicsintegralsalut.com/uk/cuanto-cuesta-rinoplastia-espana/
[597/2588] 200 https://www.medicsintegralsalut.com/ca/quant-val-una-rinoplastia-a-espanya/
[598/2588] 200 https://www.medicsintegralsalut.com/en/rhinoplasty-recovery/
[599/2588] 200 https://www.medicsintegralsalut.com/fr/recuperation-rhinoplastie/
[600/2588] 200 https://www.medicsintegralsalut.com/ru/%d1%80%d0%b8%d0%bd%d0%be%d0%bf%d0%bb%d0%b0%d1%81%d1%82%d0%b8%d0%ba%d0%b0-%d0%b2%d0%be%d1%81%d1%81%d1%82%d0%b0%d0%bd%d0%be%d0%b2%d0%bb%d0%b5%d0%bd%d0%b8%d0%b5/
[601/2588] 200 https://www.medicsintegralsalut.com/uk/%d0%b2%d1%96%d0%b4%d0%bd%d0%be%d0%b2%d0%bb%d0%b5%d0%bd%d0%bd%d1%8f-%d0%bf%d1%96%d1%81%d0%bb%d1%8f-%d1%80%d0%b8%d0%bd%d0%be%d0%bf%d0%bb%d0%b0%d1%81%d1%82%d0%b8%d0%ba%d0%b8/
[602/2588] 200 https://www.medicsintegralsalut.com/ca/recuperacio-rinoplastia/
[603/2588] 200 https://www.medicsintegralsalut.com/en/what-is-a-rhinoplasty/
[604/2588] 200 https://www.medicsintegralsalut.com/fr/quest-ce-quune-rhinoplastie/
[605/2588] 200 https://www.medicsintegralsalut.com/ru/que-es-una-rinoplastia/
[606/2588] 200 https://www.medicsintegralsalut.com/uk/%d1%89%d0%be-%d1%82%d0%b0%d0%ba%d0%b5-%d1%80%d0%b8%d0%bd%d0%be%d0%bf%d0%bb%d0%b0%d1%81%d1%82%d0%b8%d0%ba%d0%b0/
[607/2588] 200 https://www.medicsintegralsalut.com/ca/que-es-una-rinoplastia/
[608/2588] 200 https://www.medicsintegralsalut.com/en/cuanto-cuesta-balon-gastrico/
[609/2588] 200 https://www.medicsintegralsalut.com/fr/cuanto-cuesta-balon-gastrico/
[610/2588] 200 https://www.medicsintegralsalut.com/ru/cuanto-cuesta-balon-gastrico/
[611/2588] 200 https://www.medicsintegralsalut.com/uk/%d1%81%d0%ba%d1%96%d0%bb%d1%8c%d0%ba%d0%b8-%d0%ba%d0%be%d1%88%d1%82%d1%83%d1%94-%d1%88%d0%bb%d1%83%d0%bd%d0%ba%d0%be%d0%b2%d0%b8%d0%b9-%d0%b1%d0%b0%d0%bb%d0%be%d0%bd/
[612/2588] 200 https://www.medicsintegralsalut.com/ca/cuanto-cuesta-balon-gastrico/
[613/2588] 200 https://www.medicsintegralsalut.com/en/la-importancia-de-seleccionar-el-tratamiento-adecuado-para-la-perdida-de-peso/
[614/2588] 200 https://www.medicsintegralsalut.com/fr/limportance-de-selectionner-le-traitement-approprie-pour-la-perte-de-poids/
[615/2588] 200 https://www.medicsintegralsalut.com/ru/la-importancia-de-seleccionar-el-tratamiento-adecuado-para-la-perdida-de-peso/
[616/2588] 200 https://www.medicsintegralsalut.com/uk/la-importancia-de-seleccionar-el-tratamiento-adecuado-para-la-perdida-de-peso/
[617/2588] 200 https://www.medicsintegralsalut.com/ca/la-importancia-de-seleccionar-el-tratamiento-adecuado-para-la-perdida-de-peso/
[618/2588] 200 https://www.medicsintegralsalut.com/en/que-es-mejor-liposuccion-tradicional-o-liposuccion-vaser/
[619/2588] 200 https://www.medicsintegralsalut.com/fr/que-es-mejor-liposuccion-tradicional-o-liposuccion-vaser/
[620/2588] 200 https://www.medicsintegralsalut.com/ru/que-es-mejor-liposuccion-tradicional-o-liposuccion-vaser/
[621/2588] 200 https://www.medicsintegralsalut.com/uk/que-es-mejor-liposuccion-tradicional-o-liposuccion-vaser/
[622/2588] 200 https://www.medicsintegralsalut.com/ca/que-es-mejor-liposuccion-tradicional-o-liposuccion-vaser/
[623/2588] 200 https://www.medicsintegralsalut.com/en/que-cambios-positivos-aporta-una-cirugia-de-aumento-de-pecho/
[624/2588] 200 https://www.medicsintegralsalut.com/fr/que-cambios-positivos-aporta-una-cirugia-de-aumento-de-pecho/
[625/2588] 200 https://www.medicsintegralsalut.com/ru/que-cambios-positivos-aporta-una-cirugia-de-aumento-de-pecho/
[626/2588] 200 https://www.medicsintegralsalut.com/uk/que-cambios-positivos-aporta-una-cirugia-de-aumento-de-pecho/
[627/2588] 200 https://www.medicsintegralsalut.com/ca/que-cambios-positivos-aporta-una-cirugia-de-aumento-de-pecho/
[628/2588] 200 https://www.medicsintegralsalut.com/en/the-significant-help-of-ozempic-and-mounjaro-drugs-in-weight-loss-at-our-clinic/
[629/2588] 200 https://www.medicsintegralsalut.com/fr/la-importante-ayuda-de-los-farmacos-en-la-perdida-de-peso-ozempic-y-mounjaro-en-nuestra-clinica/
[630/2588] 200 https://www.medicsintegralsalut.com/ru/la-importante-ayuda-de-los-farmacos-en-la-perdida-de-peso-ozempic-y-mounjaro-en-nuestra-clinica/
[631/2588] 200 https://www.medicsintegralsalut.com/uk/la-importante-ayuda-de-los-farmacos-en-la-perdida-de-peso-ozempic-y-mounjaro-en-nuestra-clinica/
[632/2588] 200 https://www.medicsintegralsalut.com/ca/la-importante-ayuda-de-los-farmacos-en-la-perdida-de-peso-ozempic-y-mounjaro-en-nuestra-clinica/
[633/2588] 200 https://www.medicsintegralsalut.com/en/la-reduccion-de-mamas-mas-que-un-cambio-de-volumen-un-cambio-de-vida/
[634/2588] 200 https://www.medicsintegralsalut.com/fr/la-reduccion-de-mamas-mas-que-un-cambio-de-volumen-un-cambio-de-vida/
[635/2588] 200 https://www.medicsintegralsalut.com/ru/%d1%80%d0%b5%d0%b4%d1%83%d0%ba%d1%86%d0%b8%d1%8f-%d0%b3%d1%80%d1%83%d0%b4%d0%b8-%d0%b1%d0%be%d0%bb%d1%8c%d1%88%d0%b5-%d1%87%d0%b5%d0%bc-%d0%b8%d0%b7%d0%bc%d0%b5%d0%bd%d0%b5%d0%bd%d0%b8%d0%b5-%d0%be/
[636/2588] 200 https://www.medicsintegralsalut.com/uk/la-reduccion-de-mamas-mas-que-un-cambio-de-volumen-un-cambio-de-vida/
[637/2588] 200 https://www.medicsintegralsalut.com/ca/la-reduccio-de-pits-mes-que-un-canvi-de-volum-un-canvi-de-vida/
[638/2588] 200 https://www.medicsintegralsalut.com/en/eres-candidata-o-a-una-cirugia-bariatrica/
[639/2588] 200 https://www.medicsintegralsalut.com/fr/etes-vous-candidate-a-une-chirurgie-bariatrique/
[640/2588] 200 https://www.medicsintegralsalut.com/ru/eres-candidata-o-a-una-cirugia-bariatrica/
[641/2588] 200 https://www.medicsintegralsalut.com/uk/%d0%b2%d0%b8-%d1%94-%d0%ba%d0%b0%d0%bd%d0%b4%d0%b8%d0%b4%d0%b0%d1%82%d0%ba%d0%be%d1%8e-%d0%bd%d0%b0-%d0%bf%d1%80%d0%be%d0%b2%d0%b5%d0%b4%d0%b5%d0%bd%d0%bd%d1%8f-%d0%b1%d0%b0%d1%80%d1%96%d0%b0%d1%82/
[642/2588] 200 https://www.medicsintegralsalut.com/ca/eres-candidata-o-a-una-cirugia-bariatrica/
[643/2588] 200 https://www.medicsintegralsalut.com/en/round-prostheses-vs-ergonomic-prostheses/
[644/2588] 200 https://www.medicsintegralsalut.com/fr/protesis-redondas-vs-protesis-ergonomicas/
[645/2588] 200 https://www.medicsintegralsalut.com/ru/%d0%ba%d1%80%d1%83%d0%b3%d0%bb%d1%8b%d0%b5-%d0%bf%d1%80%d0%be%d1%82%d0%b5%d0%b7%d1%8b-%d0%bf%d1%80%d0%be%d1%82%d0%b8%d0%b2-%d1%8d%d1%80%d0%b3%d0%be%d0%bd%d0%be%d0%bc%d0%b8%d1%87%d0%bd%d1%8b%d1%85/
[646/2588] 200 https://www.medicsintegralsalut.com/uk/%d0%ba%d1%80%d1%83%d0%b3%d0%bb%d1%96-%d0%bf%d1%80%d0%be%d1%82%d0%b5%d0%b7%d0%b8-%d0%bf%d1%80%d0%be%d1%82%d0%b8-%d0%b5%d1%80%d0%b3%d0%be%d0%bd%d0%be%d0%bc%d1%96%d1%87%d0%bd%d0%b8%d1%85-%d0%bf%d1%80/
[647/2588] 200 https://www.medicsintegralsalut.com/ca/protesis-redondas-vs-protesis-ergonomicas/
[648/2588] 200 https://www.medicsintegralsalut.com/en/la-radiofrecuencia-la-mejor-solucion-a-la-flacidez/
[649/2588] 200 https://www.medicsintegralsalut.com/fr/la-radiofrecuencia-la-mejor-solucion-a-la-flacidez/
[650/2588] 200 https://www.medicsintegralsalut.com/ru/la-radiofrecuencia-la-mejor-solucion-a-la-flacidez/
[651/2588] 200 https://www.medicsintegralsalut.com/uk/%d1%80%d0%b0%d0%b4%d1%96%d0%be%d1%87%d0%b0%d1%81%d1%82%d0%be%d1%82%d0%bd%d0%b0-%d1%82%d0%b5%d1%80%d0%b0%d0%bf%d1%96%d1%8f-%d0%bd%d0%b0%d0%b9%d0%ba%d1%80%d0%b0%d1%89%d0%b5-%d1%80%d1%96%d1%88/
[652/2588] 200 https://www.medicsintegralsalut.com/ca/la-radiofrecuencia-la-mejor-solucion-a-la-flacidez/
[653/2588] 200 https://www.medicsintegralsalut.com/en/gigantomastia-solved-by-breast-reduction-surgery/
[654/2588] 200 https://www.medicsintegralsalut.com/fr/la-gigantomastie-solution-reduction-mammaire/
[655/2588] 200 https://www.medicsintegralsalut.com/ru/%d0%b3%d0%b8%d0%b3%d0%b0%d0%bd%d1%82%d0%be%d0%bc%d0%b0%d1%81%d1%82%d0%b8%d1%8f-%d1%80%d0%b5%d1%88%d0%b5%d0%bd%d0%b8%d0%b5-%d1%80%d0%b5%d0%b4%d1%83%d0%ba%d1%86%d0%b8%d0%be%d0%bd/
[656/2588] 200 https://www.medicsintegralsalut.com/uk/%d0%b3%d1%96%d0%b3%d0%b0%d0%bd%d1%82%d0%be%d0%bc%d0%b0%d1%81%d1%82%d1%96%d1%8f-%d1%80%d1%96%d1%88%d0%b5%d0%bd%d0%bd%d1%8f-%d1%89%d0%be%d0%b4%d0%be-%d0%b7%d0%bc%d0%b5%d0%bd%d1%88%d0%b5%d0%bd%d0%bd/
[657/2588] 200 https://www.medicsintegralsalut.com/ca/la-gigantomastia-solucio-reduccio-de-pits/
[658/2588] 200 https://www.medicsintegralsalut.com/en/transforma-tu-figura-con-la-elevacion-de-pecho-todo-lo-que-necesitas-saber/
[659/2588] 200 https://www.medicsintegralsalut.com/fr/transforme-votre-silhouette-avec-le-lifting-mammaire-tout-ce-que-vous-devez-savoir/
[660/2588] 200 https://www.medicsintegralsalut.com/ru/%d0%bf%d1%80%d0%b5%d0%be%d0%b1%d1%80%d0%b0%d0%b7%d0%b8%d1%82%d0%b5-%d1%81%d0%b2%d0%be%d1%8e-%d1%84%d0%b8%d0%b3%d1%83%d1%80%d1%83-%d1%81-%d0%bf%d0%be%d0%bc%d0%be%d1%89%d1%8c%d1%8e-%d0%bf%d0%be%d0%b4/
[661/2588] 200 https://www.medicsintegralsalut.com/uk/transforma-tu-figura-con-la-elevacion-de-pecho-todo-lo-que-necesitas-saber/
[662/2588] 200 https://www.medicsintegralsalut.com/ca/transforma-tu-figura-con-la-elevacion-de-pecho-todo-lo-que-necesitas-saber/
[663/2588] 200 https://www.medicsintegralsalut.com/en/descubre-todo-lo-que-necesitas-saber-sobre-los-diferentes-tipos-de-cirugia-bariatrica/
[664/2588] 200 https://www.medicsintegralsalut.com/fr/descubre-todo-lo-que-necesitas-saber-sobre-los-diferentes-tipos-de-cirugia-bariatrica/
[665/2588] 200 https://www.medicsintegralsalut.com/ru/descubre-todo-lo-que-necesitas-saber-sobre-los-diferentes-tipos-de-cirugia-bariatrica/
[666/2588] 200 https://www.medicsintegralsalut.com/uk/descubre-todo-lo-que-necesitas-saber-sobre-los-diferentes-tipos-de-cirugia-bariatrica/
[667/2588] 200 https://www.medicsintegralsalut.com/ca/descubre-todo-lo-que-necesitas-saber-sobre-los-diferentes-tipos-de-cirugia-bariatrica/
[668/2588] 200 https://www.medicsintegralsalut.com/en/que-es-la-tecnica-minimal-scar-en-aumento-de-pecho/
[669/2588] 200 https://www.medicsintegralsalut.com/fr/que-es-la-tecnica-minimal-scar-en-aumento-de-pecho/
[670/2588] 200 https://www.medicsintegralsalut.com/ru/que-es-la-tecnica-minimal-scar-en-aumento-de-pecho/
[671/2588] 200 https://www.medicsintegralsalut.com/uk/que-es-la-tecnica-minimal-scar-en-aumento-de-pecho/
[672/2588] 200 https://www.medicsintegralsalut.com/ca/que-es-la-tecnica-minimal-scar-en-aumento-de-pecho/
[673/2588] 200 https://www.medicsintegralsalut.com/en/descubre-la-diferencia-entre-lipo-vaser-y-liposuccion/
[674/2588] 200 https://www.medicsintegralsalut.com/fr/descubre-la-diferencia-entre-lipo-vaser-y-liposuccion/
[675/2588] 200 https://www.medicsintegralsalut.com/ru/descubre-la-diferencia-entre-lipo-vaser-y-liposuccion/
[676/2588] 200 https://www.medicsintegralsalut.com/uk/descubre-la-diferencia-entre-lipo-vaser-y-liposuccion/
[677/2588] 200 https://www.medicsintegralsalut.com/ca/descubre-la-diferencia-entre-lipo-vaser-y-liposuccion/
[678/2588] 200 https://www.medicsintegralsalut.com/en/como-cuidarse-despues-de-una-rinoplastia-los-mejores-consejos-para-un-rapido-postoperatorio/
[679/2588] 200 https://www.medicsintegralsalut.com/fr/como-cuidarse-despues-de-una-rinoplastia-los-mejores-consejos-para-un-rapido-postoperatorio/
[680/2588] 200 https://www.medicsintegralsalut.com/ru/%d0%ba%d0%b0%d0%ba-%d1%83%d1%85%d0%b0%d0%b6%d0%b8%d0%b2%d0%b0%d1%82%d1%8c-%d0%b7%d0%b0-%d1%81%d0%be%d0%b1%d0%be%d0%b9-%d0%bf%d0%be%d1%81%d0%bb%d0%b5-%d1%80%d0%b8%d0%bd%d0%be%d0%bf%d0%bb%d0%b0%d1%81/
[681/2588] 200 https://www.medicsintegralsalut.com/uk/%d1%8f%d0%ba-%d0%b4%d0%be%d0%b3%d0%bb%d1%8f%d0%b4%d0%b0%d1%82%d0%b8-%d0%b7%d0%b0-%d1%81%d0%be%d0%b1%d0%be%d1%8e-%d0%bf%d1%96%d1%81%d0%bb%d1%8f-%d1%80%d0%b8%d0%bd%d0%be%d0%bf%d0%bb%d0%b0%d1%81%d1%82/
[682/2588] 200 https://www.medicsintegralsalut.com/ca/com-cuidar-se-despres-duna-rinoplastia-els-millors-consells-per-a-un-postoperatori-rapid/
[683/2588] 200 https://www.medicsintegralsalut.com/en/se-pueden-realizar-tratamientos-postparto-de-cirugia-estetica/
[684/2588] 200 https://www.medicsintegralsalut.com/fr/se-pueden-realizar-tratamientos-postparto-de-cirugia-estetica/
[685/2588] 200 https://www.medicsintegralsalut.com/ru/se-pueden-realizar-tratamientos-postparto-de-cirugia-estetica/
[686/2588] 200 https://www.medicsintegralsalut.com/uk/se-pueden-realizar-tratamientos-postparto-de-cirugia-estetica/
[687/2588] 200 https://www.medicsintegralsalut.com/ca/se-pueden-realizar-tratamientos-postparto-de-cirugia-estetica/
[688/2588] 200 https://www.medicsintegralsalut.com/en/como-mejorar-la-estetica-de-las-cicatrices/
[689/2588] 200 https://www.medicsintegralsalut.com/fr/como-mejorar-la-estetica-de-las-cicatrices/
[690/2588] 200 https://www.medicsintegralsalut.com/ru/como-mejorar-la-estetica-de-las-cicatrices/
[691/2588] 200 https://www.medicsintegralsalut.com/uk/como-mejorar-la-estetica-de-las-cicatrices/
[692/2588] 200 https://www.medicsintegralsalut.com/ca/com-millorar-lestetica-de-les-cicatrius/
[693/2588] 200 https://www.medicsintegralsalut.com/en/how-to-get-rid-of-cellulite/
[694/2588] 200 https://www.medicsintegralsalut.com/fr/como-eliminar-la-celulitis/
[695/2588] 200 https://www.medicsintegralsalut.com/ru/%d0%ba%d0%b0%d0%ba-%d0%b8%d0%b7%d0%b1%d0%b0%d0%b2%d0%b8%d1%82%d1%8c%d1%81%d1%8f-%d0%be%d1%82-%d1%86%d0%b5%d0%bb%d0%bb%d1%8e%d0%bb%d0%b8%d1%82%d0%b0/
[696/2588] 200 https://www.medicsintegralsalut.com/uk/%d1%8f%d0%ba-%d0%bf%d0%be%d0%b7%d0%b1%d1%83%d1%82%d0%b8%d1%81%d1%8f-%d1%86%d0%b5%d0%bb%d1%8e%d0%bb%d1%96%d1%82%d1%83/
[697/2588] 200 https://www.medicsintegralsalut.com/ca/com-eliminar-la-cel%c2%b7lulitis/
[698/2588] 200 https://www.medicsintegralsalut.com/en/que-es-la-bichectomia/
[699/2588] 200 https://www.medicsintegralsalut.com/fr/que-es-la-bichectomia/
[700/2588] 200 https://www.medicsintegralsalut.com/ru/que-es-la-bichectomia/
[701/2588] 200 https://www.medicsintegralsalut.com/uk/que-es-la-bichectomia/
[702/2588] 200 https://www.medicsintegralsalut.com/ca/que-es-la-bichectomia/
[703/2588] 200 https://www.medicsintegralsalut.com/en/como-eliminar-ojeras/
[704/2588] 200 https://www.medicsintegralsalut.com/fr/como-eliminar-ojeras/
[705/2588] 200 https://www.medicsintegralsalut.com/ru/como-eliminar-ojeras/
[706/2588] 200 https://www.medicsintegralsalut.com/uk/como-eliminar-ojeras/
[707/2588] 200 https://www.medicsintegralsalut.com/ca/como-eliminar-ojeras/
[708/2588] 200 https://www.medicsintegralsalut.com/en/lo-que-quieres-saber-del-aumento-de-pecho-paso-a-paso/
[709/2588] 200 https://www.medicsintegralsalut.com/fr/lo-que-quieres-saber-del-aumento-de-pecho-paso-a-paso/
[710/2588] 200 https://www.medicsintegralsalut.com/ru/lo-que-quieres-saber-del-aumento-de-pecho-paso-a-paso/
[711/2588] 200 https://www.medicsintegralsalut.com/uk/%d0%b2%d1%81%d0%b5-%d1%89%d0%be-%d0%b2%d0%b8-%d1%85%d0%be%d1%87%d0%b5%d1%82%d0%b5-%d0%b7%d0%bd%d0%b0%d1%82%d0%b8-%d0%bf%d1%80%d0%be-%d0%b7%d0%b1%d1%96%d0%bb%d1%8c%d1%88%d0%b5%d0%bd%d0%bd%d1%8f-%d0%b3/
[712/2588] 200 https://www.medicsintegralsalut.com/ca/lo-que-quieres-saber-del-aumento-de-pecho-paso-a-paso/
[713/2588] 200 https://www.medicsintegralsalut.com/en/cuales-son-las-mejores-protesis-de-mama/
[714/2588] 200 https://www.medicsintegralsalut.com/fr/quelles-sont-les-meilleures-protheses-mammaires/
[715/2588] 200 https://www.medicsintegralsalut.com/ru/cuales-son-las-mejores-protesis-de-mama/
[716/2588] 200 https://www.medicsintegralsalut.com/uk/%d1%8f%d0%ba%d1%96-%d0%b3%d1%80%d1%83%d0%b4%d0%bd%d1%96-%d0%bf%d1%80%d0%be%d1%82%d0%b5%d0%b7%d0%b8-%d0%bd%d0%b0%d0%b9%d0%ba%d1%80%d0%b0%d1%89%d1%96/
[717/2588] 200 https://www.medicsintegralsalut.com/ca/cuales-son-las-mejores-protesis-de-mama/
[718/2588] 200 https://www.medicsintegralsalut.com/en/sk-10-el-tratamiento-con-una-inyeccion-que-adelgaza/
[719/2588] 200 https://www.medicsintegralsalut.com/fr/sk-10-el-tratamiento-con-una-inyeccion-que-adelgaza/
[720/2588] 200 https://www.medicsintegralsalut.com/ru/sk-10-el-tratamiento-con-una-inyeccion-que-adelgaza/
[721/2588] 200 https://www.medicsintegralsalut.com/uk/sk-10-el-tratamiento-con-una-inyeccion-que-adelgaza/
[722/2588] 200 https://www.medicsintegralsalut.com/ca/sk-10-el-tratamiento-con-una-inyeccion-que-adelgaza/
[723/2588] 200 https://www.medicsintegralsalut.com/en/factores-de-crecimiento-obtenidos-de-las-plaquetas-prp/
[724/2588] 200 https://www.medicsintegralsalut.com/fr/facteurs-de-croissance-obtenus-a-partir-de-plaquettes-prp/
[725/2588] 200 https://www.medicsintegralsalut.com/ru/%d1%84%d0%b0%d0%ba%d1%82%d0%be%d1%80%d1%8b-%d1%80%d0%be%d1%81%d1%82%d0%b0-%d0%bf%d0%be%d0%bb%d1%83%d1%87%d0%b5%d0%bd%d0%bd%d1%8b%d0%b5-%d0%b8%d0%b7-%d1%82%d1%80%d0%be%d0%bc%d0%b1%d0%be%d1%86%d0%b8/
[726/2588] 200 https://www.medicsintegralsalut.com/uk/factores-de-crecimiento-obtenidos-de-las-plaquetas-prp/
[727/2588] 200 https://www.medicsintegralsalut.com/ca/factors-de-creixement-obtinguts-de-les-plaquetes-prp-2/
[728/2588] 200 https://www.medicsintegralsalut.com/en/la-ginecomastia-tiene-solucion-definitiva/
[729/2588] 200 https://www.medicsintegralsalut.com/fr/la-gynecomastie-a-t-elle-une-solution-definitive/
[730/2588] 200 https://www.medicsintegralsalut.com/ru/%d1%83-%d0%b3%d0%b8%d0%bd%d0%b5%d0%ba%d0%be%d0%bc%d0%b0%d1%81%d1%82%d0%b8%d0%b8-%d0%b5%d1%81%d1%82%d1%8c-%d0%be%d0%ba%d0%be%d0%bd%d1%87%d0%b0%d1%82%d0%b5%d0%bb%d1%8c%d0%bd%d0%be%d0%b5-%d1%80%d0%b5/
[731/2588] 200 https://www.medicsintegralsalut.com/uk/%d0%b3%d1%96%d0%bd%d0%b5%d0%ba%d0%be%d0%bc%d0%b0%d1%81%d1%82%d1%96%d1%8f-%d0%bc%d0%b0%d1%94-%d0%be%d1%81%d1%82%d0%b0%d1%82%d0%be%d1%87%d0%bd%d0%b5-%d1%80%d1%96%d1%88%d0%b5%d0%bd%d0%bd%d1%8f/
[732/2588] 200 https://www.medicsintegralsalut.com/ca/la-ginecomastia-te-solucio-definitiva-2/
[733/2588] 200 https://www.medicsintegralsalut.com/en/bye-bye-barriga/
[734/2588] 200 https://www.medicsintegralsalut.com/fr/au-revoir-le-ventre/
[735/2588] 200 https://www.medicsintegralsalut.com/ru/bye-bye-barriga/
[736/2588] 200 https://www.medicsintegralsalut.com/uk/bye-bye-barriga/
[737/2588] 200 https://www.medicsintegralsalut.com/ca/adeu-a-la-panxeta/
[738/2588] 200 https://www.medicsintegralsalut.com/en/algunas-razones-por-las-que-no-perdemos-peso/
[739/2588] 200 https://www.medicsintegralsalut.com/fr/voici-quelques-raisons-pour-lesquelles-on-ne-perd-pas-de-poids/
[740/2588] 200 https://www.medicsintegralsalut.com/ru/algunas-razones-por-las-que-no-perdemos-peso/
[741/2588] 200 https://www.medicsintegralsalut.com/uk/algunas-razones-por-las-que-no-perdemos-peso/
[742/2588] 200 https://www.medicsintegralsalut.com/ca/algunas-razones-por-las-que-no-perdemos-peso/
[743/2588] 200 https://www.medicsintegralsalut.com/en/tubular-breast-correction/
[744/2588] 200 https://www.medicsintegralsalut.com/fr/solution-pour-seins-tubereux/
[745/2588] 200 https://www.medicsintegralsalut.com/ru/%d1%80%d0%b5%d1%88%d0%b5%d0%bd%d0%b8%d0%b5-%d0%bf%d1%80%d0%be%d0%b1%d0%bb%d0%b5%d0%bc%d1%8b-%d1%82%d1%83%d0%b1%d1%83%d0%bb%d1%8f%d1%80%d0%bd%d1%8b%d1%85-%d0%bc%d0%be%d0%bb%d0%be%d1%87%d0%bd%d1%8b/
[746/2588] 200 https://www.medicsintegralsalut.com/uk/solucion-mamas-tuberosas/
[747/2588] 200 https://www.medicsintegralsalut.com/ca/solucion-mamas-tuberosas/
[748/2588] 200 https://www.medicsintegralsalut.com/en/otoplasty-for-prominent-ears-girona/
[749/2588] 200 https://www.medicsintegralsalut.com/fr/otoplastia-orejas-de-soplillo-girona/
[750/2588] 200 https://www.medicsintegralsalut.com/ru/%d0%be%d1%82%d0%be%d0%bf%d0%bb%d0%b0%d1%81%d1%82%d0%b8%d0%ba%d0%b0-%d0%bb%d0%be%d0%bf%d0%be%d1%83%d1%85%d0%b8%d1%85-%d1%83%d1%88%d0%b5%d0%b9-%d0%b6%d0%b8%d1%80%d0%be%d0%bd%d0%b0/
[751/2588] 200 https://www.medicsintegralsalut.com/uk/otoplastia-orejas-de-soplillo-girona/
[752/2588] 200 https://www.medicsintegralsalut.com/ca/otoplastia-orelles-de-punxa-girona/
[753/2588] 200 https://www.medicsintegralsalut.com/en/reconstruccion-tras-cancer-de-mama/
[754/2588] 200 https://www.medicsintegralsalut.com/fr/reconstruccion-tras-cancer-de-mama/
[755/2588] 200 https://www.medicsintegralsalut.com/ru/reconstruccion-tras-cancer-de-mama/
[756/2588] 200 https://www.medicsintegralsalut.com/uk/%d0%b2%d1%96%d0%b4%d0%bd%d0%be%d0%b2%d0%bb%d0%b5%d0%bd%d0%bd%d1%8f-%d0%bf%d1%96%d1%81%d0%bb%d1%8f-%d1%80%d0%b0%d0%ba%d1%83-%d0%bc%d0%be%d0%bb%d0%be%d1%87%d0%bd%d0%be%d1%97-%d0%b7%d0%b0%d0%bb%d0%be-2/
[757/2588] 200 https://www.medicsintegralsalut.com/ca/reconstruccio-mamaria-despres-dun-cancer-de-mama/
[758/2588] 200 https://www.medicsintegralsalut.com/en/the-only-ball-that-can-be-implanted-for-a-year/
[759/2588] 200 https://www.medicsintegralsalut.com/fr/le-seul-ballonnet-qui-peut-etre-implante-une-annee/
[760/2588] 200 https://www.medicsintegralsalut.com/ru/%d0%b5%d0%b4%d0%b8%d0%bd%d1%81%d1%82%d0%b2%d0%b5%d0%bd%d0%bd%d1%8b%d0%b9-%d0%bc%d1%8f%d1%87-%d0%ba%d0%be%d1%82%d0%be%d1%80%d1%8b%d0%b9-%d0%bc%d0%be%d0%b6%d0%b5%d1%82-%d0%b1%d1%8b%d1%82%d1%8c-%d0%b8/
[761/2588] 200 https://www.medicsintegralsalut.com/uk/%d1%94%d0%b4%d0%b8%d0%bd%d0%b8%d0%b9-%d0%b1%d0%b0%d0%bb%d0%be%d0%bd-%d1%8f%d0%ba%d0%b8%d0%b9-%d0%bc%d0%be%d0%b6%d0%bd%d0%b0-%d1%96%d0%bc%d0%bf%d0%bb%d0%b0%d0%bd%d1%82%d1%83%d0%b2%d0%b0%d1%82%d0%b8/
[762/2588] 200 https://www.medicsintegralsalut.com/ca/lunica-pilota-que-pot-estar-implantada-un-any-2/
[763/2588] 200 https://www.medicsintegralsalut.com/en/why-do-we-age/
[764/2588] 200 https://www.medicsintegralsalut.com/fr/pourquoi-vieillissons-nous/
[765/2588] 200 https://www.medicsintegralsalut.com/ru/por-que-envejecemos/
[766/2588] 200 https://www.medicsintegralsalut.com/uk/%d1%87%d0%be%d0%bc%d1%83-%d0%bc%d0%b8-%d1%81%d1%82%d0%b0%d1%80%d1%96%d1%94%d0%bc%d0%be/
[767/2588] 200 https://www.medicsintegralsalut.com/ca/per-que-envellim/
[768/2588] 200 https://www.medicsintegralsalut.com/en/tecnicas-de-medicina-estetica-que-nos-rejuvenecen/
[769/2588] 200 https://www.medicsintegralsalut.com/fr/tecnicas-de-medicina-estetica-que-nos-rejuvenecen/
[770/2588] 200 https://www.medicsintegralsalut.com/ru/tecnicas-de-medicina-estetica-que-nos-rejuvenecen/
[771/2588] 200 https://www.medicsintegralsalut.com/uk/%d0%bc%d0%b5%d1%82%d0%be%d0%b4%d0%b8-%d0%b5%d1%81%d1%82%d0%b5%d1%82%d0%b8%d1%87%d0%bd%d0%be%d1%97-%d0%bc%d0%b5%d0%b4%d0%b8%d1%86%d0%b8%d0%bd%d0%b8-%d1%8f%d0%ba%d1%96-%d0%be%d0%bc%d0%be%d0%bb%d0%be/
[772/2588] 200 https://www.medicsintegralsalut.com/ca/tecnicas-de-medicina-estetica-que-nos-rejuvenecen/
[773/2588] 200 https://www.medicsintegralsalut.com/en/novedad-hilos-360o-efecto-lifting/
[774/2588] 200 https://www.medicsintegralsalut.com/fr/novedad-hilos-360o-efecto-lifting/
[775/2588] 200 https://www.medicsintegralsalut.com/ru/%d0%bd%d0%be%d0%b2%d0%b8%d0%bd%d0%ba%d0%b0-%d0%bd%d0%b8%d1%82%d0%b8-360-%d0%bb%d0%b8%d1%84%d1%82%d0%b8%d0%bd%d0%b3-%d1%8d%d1%84%d1%84%d0%b5%d0%ba%d1%82/
[776/2588] 200 https://www.medicsintegralsalut.com/uk/%d0%bd%d0%be%d0%b2%d0%b8%d0%bd%d0%ba%d0%b0-%d0%bd%d0%b8%d1%82%d0%ba%d0%b8-360-%d0%b7-%d0%bb%d1%96%d1%84%d1%82%d0%b8%d0%bd%d0%b3%d0%be%d0%b2%d0%b8%d0%bc-%d0%b5%d1%84%d0%b5%d0%ba%d1%82%d0%be/
[777/2588] 200 https://www.medicsintegralsalut.com/ca/novetat-fils-360o-efecte-lifting-2/
[778/2588] 200 https://www.medicsintegralsalut.com/en/the-beauty-of-the-face-the-inverted-triangle/
[779/2588] 200 https://www.medicsintegralsalut.com/fr/la-belleza-del-rostro-el-triangulo-invertido/
[780/2588] 200 https://www.medicsintegralsalut.com/ru/la-belleza-del-rostro-el-triangulo-invertido/
[781/2588] 200 https://www.medicsintegralsalut.com/uk/%d0%ba%d1%80%d0%b0%d1%81%d0%b0-%d0%be%d0%b1%d0%bb%d0%b8%d1%87%d1%87%d1%8f-%d0%bf%d0%b5%d1%80%d0%b5%d0%b2%d0%b5%d1%80%d0%bd%d1%83%d1%82%d0%b8%d0%b9-%d1%82%d1%80%d0%b8%d0%ba%d1%83%d1%82%d0%bd/
[782/2588] 200 https://www.medicsintegralsalut.com/ca/la-belleza-del-rostro-el-triangulo-invertido/
[783/2588] 200 https://www.medicsintegralsalut.com/en/elevacion-de-gluteos-sin-cirugia-es-posible/
[784/2588] 200 https://www.medicsintegralsalut.com/fr/elevacion-de-gluteos-sin-cirugia-es-posible/
[785/2588] 200 https://www.medicsintegralsalut.com/ru/elevacion-de-gluteos-sin-cirugia-es-posible/
[786/2588] 200 https://www.medicsintegralsalut.com/uk/elevacion-de-gluteos-sin-cirugia-es-posible/
[787/2588] 200 https://www.medicsintegralsalut.com/ca/elevacion-de-gluteos-sin-cirugia-es-posible/
[788/2588] 200 https://www.medicsintegralsalut.com/en/para-que-tu-piel-no-cumpla-anos-coctel-de-vitaminas-y-acido-hialuronico/
[789/2588] 200 https://www.medicsintegralsalut.com/fr/para-que-tu-piel-no-cumpla-anos-coctel-de-vitaminas-y-acido-hialuronico/
[790/2588] 200 https://www.medicsintegralsalut.com/ru/para-que-tu-piel-no-cumpla-anos-coctel-de-vitaminas-y-acido-hialuronico/
[791/2588] 200 https://www.medicsintegralsalut.com/uk/para-que-tu-piel-no-cumpla-anos-coctel-de-vitaminas-y-acido-hialuronico/
[792/2588] 200 https://www.medicsintegralsalut.com/ca/para-que-tu-piel-no-cumpla-anos-coctel-de-vitaminas-y-acido-hialuronico/
[793/2588] 200 https://www.medicsintegralsalut.com/en/lipofilling-resultados-permanentes-solo-con-grasa/
[794/2588] 200 https://www.medicsintegralsalut.com/fr/lipofilling-resultats-permanents-seulement-avec-de-la-graisse/
[795/2588] 200 https://www.medicsintegralsalut.com/ru/lipofilling-resultados-permanentes-solo-con-grasa/
[796/2588] 200 https://www.medicsintegralsalut.com/uk/lipofilling-resultados-permanentes-solo-con-grasa/
[797/2588] 200 https://www.medicsintegralsalut.com/ca/lipofilling-resultats-permanents-nomes-amb-greix-2/
[798/2588] 200 https://www.medicsintegralsalut.com/en/cuanto-cuesta-lifting-facial/
[799/2588] 200 https://www.medicsintegralsalut.com/fr/cuanto-cuesta-lifting-facial/
[800/2588] 200 https://www.medicsintegralsalut.com/ru/cuanto-cuesta-lifting-facial/
[801/2588] 200 https://www.medicsintegralsalut.com/uk/cuanto-cuesta-lifting-facial/
[802/2588] 200 https://www.medicsintegralsalut.com/ca/cuanto-cuesta-lifting-facial/
[803/2588] 200 https://www.medicsintegralsalut.com/en/otoplastia-que-es/
[804/2588] 200 https://www.medicsintegralsalut.com/fr/otoplastia-que-es/
[805/2588] 200 https://www.medicsintegralsalut.com/ru/otoplastia-que-es/
[806/2588] 200 https://www.medicsintegralsalut.com/uk/otoplastia-que-es/
[807/2588] 200 https://www.medicsintegralsalut.com/ca/otoplastia-que-es/
[808/2588] 200 https://www.medicsintegralsalut.com/en/
[809/2588] 200 https://www.medicsintegralsalut.com/fr/
[810/2588] 200 https://www.medicsintegralsalut.com/ru/
[811/2588] 200 https://www.medicsintegralsalut.com/uk/
[812/2588] 200 https://www.medicsintegralsalut.com/ca/
[813/2588] 200 https://www.medicsintegralsalut.com/en/units/beauty-salon/lymphatic-drainage/
[814/2588] 200 https://www.medicsintegralsalut.com/fr/unites/institut-de-beaute/drainage-lymphatique/
[815/2588] 200 https://www.medicsintegralsalut.com/ru/%d0%b5%d0%b4%d0%b8%d0%bd%d0%b8%d1%86%d1%8b/%d0%ba%d0%b0%d0%b1%d0%b8%d0%bd%d0%b5%d1%82-%d1%8d%d1%81%d1%82%d0%b5%d1%82%d0%b8%d0%ba%d0%b8/%d0%bb%d0%b8%d0%bc%d1%84%d0%be%d0%b4%d1%80%d0%b5%d0%bd%d0%b0%d0%b6/
[816/2588] 200 https://www.medicsintegralsalut.com/uk/%d0%be%d0%b4%d0%b8%d0%bd%d0%b8%d1%86%d1%96/%d1%81%d0%b0%d0%bb%d0%be%d0%bd-%d0%ba%d1%80%d0%b0%d1%81%d0%b8/%d0%bb%d1%96%d0%bc%d1%84%d0%be%d0%b4%d1%80%d0%b5%d0%bd%d0%b0%d0%b6/
[817/2588] 200 https://www.medicsintegralsalut.com/ca/unitats-2/gabinet-destetica-2/drenatge-limfatic-2/
[818/2588] 200 https://www.medicsintegralsalut.com/en/units/beauty-salon/facial-rejuvenation/
[819/2588] 200 https://www.medicsintegralsalut.com/fr/unites/institut-de-beaute/rajeunissement-facial/
[820/2588] 200 https://www.medicsintegralsalut.com/ru/%d0%b5%d0%b4%d0%b8%d0%bd%d0%b8%d1%86%d1%8b/%d0%ba%d0%b0%d0%b1%d0%b8%d0%bd%d0%b5%d1%82-%d1%8d%d1%81%d1%82%d0%b5%d1%82%d0%b8%d0%ba%d0%b8/%d0%be%d0%bc%d0%be%d0%bb%d0%be%d0%b6%d0%b5%d0%bd%d0%b8%d0%b5-%d0%bb%d0%b8%d1%86%d0%b0/
[821/2588] 200 https://www.medicsintegralsalut.com/uk/%d0%be%d0%b4%d0%b8%d0%bd%d0%b8%d1%86%d1%96/%d1%81%d0%b0%d0%bb%d0%be%d0%bd-%d0%ba%d1%80%d0%b0%d1%81%d0%b8/%d0%be%d0%bc%d0%be%d0%bb%d0%be%d0%b4%d0%b6%d0%b5%d0%bd%d0%bd%d1%8f-%d0%be%d0%b1%d0%bb%d0%b8%d1%87%d1%87%d1%8f/
[822/2588] 200 https://www.medicsintegralsalut.com/ca/unitats-2/gabinet-destetica-2/revitalitzacio-facial-2/
[823/2588] 200 https://www.medicsintegralsalut.com/en/units/male-cosmetic-surgery/eyelid-surgery/
[824/2588] 200 https://www.medicsintegralsalut.com/fr/unites/chirurgie-esthetique-masculine/blepharoplastie/
[825/2588] 200 https://www.medicsintegralsalut.com/ru/%d0%b5%d0%b4%d0%b8%d0%bd%d0%b8%d1%86%d1%8b/%d0%bc%d1%83%d0%b6%d1%81%d0%ba%d0%b0%d1%8f-%d0%ba%d0%be%d1%81%d0%bc%d0%b5%d1%82%d0%b8%d1%87%d0%b5%d1%81%d0%ba%d0%b0%d1%8f-%d1%85%d0%b8%d1%80%d1%83%d1%80%d0%b3%d0%b8%d1%8f/%d0%b1%d0%bb%d0%b5%d1%84%d0%b0%d1%80%d0%be%d0%bf%d0%bb%d0%b0%d1%81%d1%82%d0%b8%d0%ba%d0%b0/
[826/2588] 200 https://www.medicsintegralsalut.com/uk/%d0%be%d0%b4%d0%b8%d0%bd%d0%b8%d1%86%d1%96/%d1%87%d0%be%d0%bb%d0%be%d0%b2%d1%96%d1%87%d0%b0-%d0%b5%d1%81%d1%82%d0%b5%d1%82%d0%b8%d1%87%d0%bd%d0%b0-%d1%85%d1%96%d1%80%d1%83%d1%80%d0%b3%d1%96%d1%8f/%d0%b1%d0%bb%d0%b5%d1%84%d0%b0%d1%80%d0%be%d0%bf%d0%bb%d0%b0%d1%81%d1%82%d0%b8%d0%ba%d0%b0/
[827/2588] 200 https://www.medicsintegralsalut.com/ca/unitats-2/cirurgia-estetica-masculina-2/blefaroplastia/
[828/2588] 200 https://www.medicsintegralsalut.com/en/units/beauty-salon/
[829/2588] 200 https://www.medicsintegralsalut.com/fr/unites/institut-de-beaute/
[830/2588] 200 https://www.medicsintegralsalut.com/ru/%d0%b5%d0%b4%d0%b8%d0%bd%d0%b8%d1%86%d1%8b/%d0%ba%d0%b0%d0%b1%d0%b8%d0%bd%d0%b5%d1%82-%d1%8d%d1%81%d1%82%d0%b5%d1%82%d0%b8%d0%ba%d0%b8/
[831/2588] 200 https://www.medicsintegralsalut.com/uk/%d0%be%d0%b4%d0%b8%d0%bd%d0%b8%d1%86%d1%96/%d1%81%d0%b0%d0%bb%d0%be%d0%bd-%d0%ba%d1%80%d0%b0%d1%81%d0%b8/
[832/2588] 200 https://www.medicsintegralsalut.com/ca/unitats-2/gabinet-destetica-2/
[833/2588] 200 https://www.medicsintegralsalut.com/en/units/beauty-salon/radiofrequency-facial-and-body-treatments/
[834/2588] 200 https://www.medicsintegralsalut.com/fr/unites/institut-de-beaute/radiofrequence-faciale-et-corporelle/
[835/2588] 200 https://www.medicsintegralsalut.com/ru/%d0%b5%d0%b4%d0%b8%d0%bd%d0%b8%d1%86%d1%8b/%d0%ba%d0%b0%d0%b1%d0%b8%d0%bd%d0%b5%d1%82-%d1%8d%d1%81%d1%82%d0%b5%d1%82%d0%b8%d0%ba%d0%b8/%d1%80%d0%b0%d0%b4%d0%b8%d0%be%d1%87%d0%b0%d1%81%d1%82%d0%be%d1%82%d0%bd%d0%b0%d1%8f-%d0%bf%d0%be%d0%b4%d1%82%d1%8f%d0%b6%d0%ba%d0%b0-%d0%bb%d0%b8%d1%86%d0%b0-%d0%b8-%d1%82%d0%b5%d0%bb%d0%b0/
[836/2588] 200 https://www.medicsintegralsalut.com/uk/%d0%be%d0%b4%d0%b8%d0%bd%d0%b8%d1%86%d1%96/%d1%81%d0%b0%d0%bb%d0%be%d0%bd-%d0%ba%d1%80%d0%b0%d1%81%d0%b8/%d1%80%d0%b0%d0%b4%d1%96%d0%be%d1%87%d0%b0%d1%81%d1%82%d0%be%d1%82%d0%bd%d0%b0-%d1%82%d0%b5%d1%80%d0%b0%d0%bf%d1%96%d1%8f-%d0%b4%d0%bb%d1%8f-%d0%be%d0%b1%d0%bb%d0%b8%d1%87%d1%87%d1%8f-%d1%82%d0%b0/
[837/2588] 200 https://www.medicsintegralsalut.com/ca/unitats-2/gabinet-destetica-2/radiofrequencia-facial-i-corporal/
[838/2588] 200 https://www.medicsintegralsalut.com/en/financing/
[839/2588] 200 https://www.medicsintegralsalut.com/fr/financement/
[840/2588] 200 https://www.medicsintegralsalut.com/ru/%d1%84%d0%b8%d0%bd%d0%b0%d0%bd%d1%81%d0%b8%d1%80%d0%be%d0%b2%d0%b0%d0%bd%d0%b8%d0%b5/
[841/2588] 200 https://www.medicsintegralsalut.com/uk/%d1%84%d1%96%d0%bd%d0%b0%d0%bd%d1%81%d1%83%d0%b2%d0%b0%d0%bd%d0%bd%d1%8f/
[842/2588] 200 https://www.medicsintegralsalut.com/ca/financament-2/
[843/2588] 200 https://www.medicsintegralsalut.com/en/privacy-policy-on-social-networks/
[844/2588] 200 https://www.medicsintegralsalut.com/fr/politique-de-confidentialite-sur-les-reseaux-sociaux/
[845/2588] 200 https://www.medicsintegralsalut.com/ru/%d0%bf%d0%be%d0%bb%d0%b8%d1%82%d0%b8%d0%ba%d0%b0-%d0%ba%d0%be%d0%bd%d1%84%d0%b8%d0%b4%d0%b5%d0%bd%d1%86%d0%b8%d0%b0%d0%bb%d1%8c%d0%bd%d0%be%d1%81%d1%82%d0%b8-%d0%b2-%d1%81%d0%be%d1%86%d0%b8%d0%b0/
[846/2588] 200 https://www.medicsintegralsalut.com/uk/%d0%bf%d0%be%d0%bb%d1%96%d1%82%d0%b8%d0%ba%d0%b0-%d0%ba%d0%be%d0%bd%d1%84%d1%96%d0%b4%d0%b5%d0%bd%d1%86%d1%96%d0%b9%d0%bd%d0%be%d1%81%d1%82%d1%96-%d0%b2-%d1%81%d0%be%d1%86%d1%96%d0%b0%d0%bb%d1%8c/
[847/2588] 200 https://www.medicsintegralsalut.com/ca/politica-de-privadesa-en-xarxes-socials/
[848/2588] 200 https://www.medicsintegralsalut.com/en/privacy-policy-on-social-media/
[849/2588] 200 https://www.medicsintegralsalut.com/fr/politique-de-confidentialite-sur-les-reseaux-sociaux-2/
[850/2588] 200 https://www.medicsintegralsalut.com/ru/%d0%bf%d0%be%d0%bb%d0%b8%d1%82%d0%b8%d0%ba%d0%b0-%d0%ba%d0%be%d0%bd%d1%84%d0%b8%d0%b4%d0%b5%d0%bd%d1%86%d0%b8%d0%b0%d0%bb%d1%8c%d0%bd%d0%be%d1%81%d1%82%d0%b8-%d0%b2-%d1%81%d0%be%d1%86%d0%b8%d0%b0-2/
[851/2588] 200 https://www.medicsintegralsalut.com/uk/%d0%bf%d0%be%d0%bb%d1%96%d1%82%d0%b8%d0%ba%d0%b0-%d0%ba%d0%be%d0%bd%d1%84%d1%96%d0%b4%d0%b5%d0%bd%d1%86%d1%96%d0%b9%d0%bd%d0%be%d1%81%d1%82%d1%96-%d0%b2-%d1%81%d0%be%d1%86%d1%96%d0%b0%d0%bb%d1%8c-2/
[852/2588] 200 https://www.medicsintegralsalut.com/ca/politica-de-privacitat-a-les-xarxes-socials/
[853/2588] 200 https://www.medicsintegralsalut.com/en/privacy-policy/
[854/2588] 200 https://www.medicsintegralsalut.com/fr/politique-de-confidentialite/
[855/2588] 200 https://www.medicsintegralsalut.com/ru/%d0%bf%d0%be%d0%bb%d0%b8%d1%82%d0%b8%d0%ba%d0%b0-%d0%ba%d0%be%d0%bd%d1%84%d0%b8%d0%b4%d0%b5%d0%bd%d1%86%d0%b8%d0%b0%d0%bb%d1%8c%d0%bd%d0%be%d1%81%d1%82%d0%b8/
[856/2588] 200 https://www.medicsintegralsalut.com/uk/%d0%bf%d0%be%d0%bb%d1%96%d1%82%d0%b8%d0%ba%d0%b0-%d0%ba%d0%be%d0%bd%d1%84%d1%96%d0%b4%d0%b5%d0%bd%d1%86%d1%96%d0%b9%d0%bd%d0%be%d1%81%d1%82%d1%96/
[857/2588] 200 https://www.medicsintegralsalut.com/ca/politica-de-privadesa-2/
[858/2588] 200 https://www.medicsintegralsalut.com/en/legal-notice/
[859/2588] 200 https://www.medicsintegralsalut.com/fr/mentions-legales/
[860/2588] 200 https://www.medicsintegralsalut.com/ru/%d0%bf%d1%80%d0%b0%d0%b2%d0%be%d0%b2%d0%b0%d1%8f-%d0%be%d0%b3%d0%be%d0%b2%d0%be%d1%80%d0%ba%d0%b0/
[861/2588] 200 https://www.medicsintegralsalut.com/uk/%d1%8e%d1%80%d0%b8%d0%b4%d0%b8%d1%87%d0%bd%d0%b5-%d0%bf%d0%be%d0%b2%d1%96%d0%b4%d0%be%d0%bc%d0%bb%d0%b5%d0%bd%d0%bd%d1%8f/
[862/2588] 200 https://www.medicsintegralsalut.com/ca/avis-legal-2/
[863/2588] 200 https://www.medicsintegralsalut.com/en/cookie-policy/
[864/2588] 200 https://www.medicsintegralsalut.com/fr/politique-de-cookies/
[865/2588] 200 https://www.medicsintegralsalut.com/ru/%d0%bf%d0%be%d0%bb%d0%b8%d1%82%d0%b8%d0%ba%d0%b0-%d0%b8%d1%81%d0%bf%d0%be%d0%bb%d1%8c%d0%b7%d0%be%d0%b2%d0%b0%d0%bd%d0%b8%d1%8f-%d1%84%d0%b0%d0%b9%d0%bb%d0%be%d0%b2-cookie/
[866/2588] 200 https://www.medicsintegralsalut.com/uk/%d0%bf%d0%be%d0%bb%d1%96%d1%82%d0%b8%d0%ba%d0%b0-%d1%89%d0%be%d0%b4%d0%be-%d1%84%d0%b0%d0%b9%d0%bb%d1%96%d0%b2-cookie/
[867/2588] 200 https://www.medicsintegralsalut.com/ca/politica-de-cookies/
[868/2588] 200 https://www.medicsintegralsalut.com/en/eyelid-surgery/
[869/2588] 200 https://www.medicsintegralsalut.com/fr/blepharoplastie/
[870/2588] 200 https://www.medicsintegralsalut.com/ru/%d0%b1%d0%bb%d0%b5%d1%84%d0%b0%d1%80%d0%be%d0%bf%d0%bb%d0%b0%d1%81%d1%82%d0%b8%d0%ba%d0%b0/
[871/2588] 200 https://www.medicsintegralsalut.com/uk/%d0%b1%d0%bb%d0%b5%d1%84%d0%b0%d1%80%d0%be%d0%bf%d0%bb%d0%b0%d1%81%d1%82%d0%b8%d0%ba%d0%b0/
[872/2588] 200 https://www.medicsintegralsalut.com/ca/blefaroplastia/
[873/2588] 200 https://www.medicsintegralsalut.com/en/lp-augment-de-girona/
[874/2588] 200 https://www.medicsintegralsalut.com/fr/lp-augment-de-pit-girona/
[875/2588] 200 https://www.medicsintegralsalut.com/ru/%d0%bb%d0%bf-%d0%b0%d1%83%d0%b3%d0%bc%d0%b5%d0%bd%d1%82-%d0%b4%d0%b5-%d0%bf%d0%b8%d1%82-%d0%b6%d0%b8%d1%80%d0%be%d0%bd%d0%b0/
[876/2588] 200 https://www.medicsintegralsalut.com/uk/lp-augment-de-pit-%d0%b6%d0%b8%d1%80%d0%be%d0%bd%d0%b0/
[877/2588] 200 https://www.medicsintegralsalut.com/ca/augment-de-pits-girona/
[878/2588] 200 https://www.medicsintegralsalut.com/en/tp-augment-de-pit-girona/
[879/2588] 200 https://www.medicsintegralsalut.com/fr/tp-augmentation-de-pit-girona/
[880/2588] 200 https://www.medicsintegralsalut.com/ru/%d1%83%d1%81%d0%b8%d0%bb%d0%b5%d0%bd%d0%b8%d0%b5-%d1%82-%d0%bf-%d0%b6%d0%b8%d1%80%d0%be%d0%bd%d0%b0/
[881/2588] 200 https://www.medicsintegralsalut.com/uk/tp-augment-de-pit-%d0%b6%d0%b8%d1%80%d0%be%d0%bd%d0%b0/
[882/2588] 200 https://www.medicsintegralsalut.com/ca/augment-de-pit-girona/
[883/2588] 200 https://www.medicsintegralsalut.com/en/breast-augmentation-girona/
[884/2588] 200 https://www.medicsintegralsalut.com/fr/lp-augmentation-mammaire-girona/
[885/2588] 200 https://www.medicsintegralsalut.com/ru/lp-%d1%83%d0%b2%d0%b5%d0%bb%d0%b8%d1%87%d0%b5%d0%bd%d0%b8%d0%b5-%d0%b3%d1%80%d1%83%d0%b4%d0%b8-%d0%b6%d0%b8%d1%80%d0%be%d0%bd%d0%b0/
[886/2588] 200 https://www.medicsintegralsalut.com/uk/%d0%b7%d0%b1%d1%96%d0%bb%d1%8c%d1%88%d0%b5%d0%bd%d0%bd%d1%8f-%d0%b3%d1%80%d1%83%d0%b4%d0%b5%d0%b9-%d1%83-%d0%b6%d0%b8%d1%80%d0%be%d0%bd%d1%96/
[887/2588] 200 https://www.medicsintegralsalut.com/ca/lp-augment-de-pit-girona-2/
[888/2588] 200 https://www.medicsintegralsalut.com/en/breast-augmentation-girona-2/
[889/2588] 200 https://www.medicsintegralsalut.com/fr/augmentation-mammaire-tp-gerone/
[890/2588] 200 https://www.medicsintegralsalut.com/ru/%d1%83%d0%b2%d0%b5%d0%bb%d0%b8%d1%87%d0%b5%d0%bd%d0%b8%d0%b5-%d0%b3%d1%80%d1%83%d0%b4%d0%b8-%d0%b6%d0%b8%d1%80%d0%be%d0%bd%d0%b0/
[891/2588] 200 https://www.medicsintegralsalut.com/uk/tp-%d0%b7%d0%b1%d1%96%d0%bb%d1%8c%d1%88%d0%b5%d0%bd%d0%bd%d1%8f-%d0%b3%d1%80%d1%83%d0%b4%d0%b5%d0%b9-%d0%b2-%d0%b6%d0%b8%d1%80%d0%be%d0%bd%d1%96/
[892/2588] 200 https://www.medicsintegralsalut.com/ca/tp-augment-de-pit-girona-2/
[893/2588] 200 https://www.medicsintegralsalut.com/en/lp-augment-de-pit-girona-test-a-b/
[894/2588] 200 https://www.medicsintegralsalut.com/fr/lp-augmentation-de-pit-girona-test-a-b/
[895/2588] 200 https://www.medicsintegralsalut.com/ru/lp-%d0%b0%d1%83%d0%b3%d0%bc%d0%b5%d0%bd%d1%82-%d0%b4%d0%b5-%d0%bf%d0%b8%d1%82-%d0%b6%d0%b8%d1%80%d0%be%d0%bd%d0%b0-%d1%82%d0%b5%d1%81%d1%82-%d0%b0-%d0%b1/
[896/2588] 200 https://www.medicsintegralsalut.com/uk/lp-augment-de-pit-girona-test-a-b/
[897/2588] 200 https://www.medicsintegralsalut.com/ca/lp-augment-de-pit-girona-test-a-b/
[898/2588] 200 https://www.medicsintegralsalut.com/en/breast-augmentation-girona-test-a-b/
[899/2588] 200 https://www.medicsintegralsalut.com/fr/lp-augmentation-mammaire-gerone-test-a-b/
[900/2588] 200 https://www.medicsintegralsalut.com/ru/%d0%bf%d0%bb%d0%b0%d1%81%d1%82%d0%b8%d1%87%d0%b5%d1%81%d0%ba%d0%b0%d1%8f-%d1%85%d0%b8%d1%80%d1%83%d1%80%d0%b3%d0%b8%d1%8f-%d1%83%d0%b2%d0%b5%d0%bb%d0%b8%d1%87%d0%b5%d0%bd%d0%b8%d0%b5-%d0%b3%d1%80/
[901/2588] 200 https://www.medicsintegralsalut.com/uk/lp-%d0%b7%d0%b1%d1%96%d0%bb%d1%8c%d1%88%d0%b5%d0%bd%d0%bd%d1%8f-%d0%b3%d1%80%d1%83%d0%b4%d0%b5%d0%b9-%d0%b6%d0%b8%d1%80%d0%be%d0%bd%d0%b0-%d1%82%d0%b5%d1%81%d1%82-a-b/
[902/2588] 200 https://www.medicsintegralsalut.com/ca/lp-augment-de-pit-girona-test-a-b-2/
[903/2588] 200 https://www.medicsintegralsalut.com/en/lp-gyna-ecomastia-girona/
[904/2588] 200 https://www.medicsintegralsalut.com/fr/lp-gynecomastie-girona/
[905/2588] 200 https://www.medicsintegralsalut.com/ru/%d0%b3%d0%b8%d0%bd%d0%b5%d0%ba%d0%be%d0%bc%d0%b0%d1%81%d1%82%d0%b8%d1%8f-%d0%bb%d0%bf-%d0%b6%d0%b8%d1%80%d0%be%d0%bd%d0%b0/
[906/2588] 200 https://www.medicsintegralsalut.com/uk/lp-%d0%b3%d1%96%d0%bd%d0%b5%d0%ba%d0%be%d0%bc%d0%b0%d1%81%d1%82%d1%96%d1%8f-%d0%b6%d0%b8%d1%80%d0%be%d0%bd%d0%b0/
[907/2588] 200 https://www.medicsintegralsalut.com/ca/lp-ginecomastia-girona/
[908/2588] 200 https://www.medicsintegralsalut.com/en/lp-gyna-ecomastia-girona/
[909/2588] 200 https://www.medicsintegralsalut.com/fr/lp-gynecomastie-girona/
[910/2588] 200 https://www.medicsintegralsalut.com/ru/%d0%b3%d0%b8%d0%bd%d0%b5%d0%ba%d0%be%d0%bc%d0%b0%d1%81%d1%82%d0%b8%d1%8f-%d0%bb%d0%bf-%d0%b6%d0%b8%d1%80%d0%be%d0%bd%d0%b0/
[911/2588] 200 https://www.medicsintegralsalut.com/uk/lp-%d0%b3%d1%96%d0%bd%d0%b5%d0%ba%d0%be%d0%bc%d0%b0%d1%81%d1%82%d1%96%d1%8f-%d0%b6%d0%b8%d1%80%d0%be%d0%bd%d0%b0/
[912/2588] 200 https://www.medicsintegralsalut.com/ca/lp-ginecomastia-girona/
[913/2588] 200 https://www.medicsintegralsalut.com/en/ginecomastia-girona/
[914/2588] 200 https://www.medicsintegralsalut.com/fr/tp-gynecomastie-gerone/
[915/2588] 200 https://www.medicsintegralsalut.com/ru/%d0%b3%d0%b8%d0%bd%d0%b5%d0%ba%d0%be%d0%bc%d0%b0%d1%81%d1%82%d0%b8%d1%8f/
[916/2588] 200 https://www.medicsintegralsalut.com/uk/tp-%d0%b3%d1%96%d0%bd%d0%b5%d0%ba%d0%be%d0%bc%d0%b0%d1%81%d1%82%d1%96%d1%8f-%d0%b6%d0%b8%d1%80%d0%be%d0%bd%d0%b0/
[917/2588] 200 https://www.medicsintegralsalut.com/ca/tp-ginecomastia-girona/
[918/2588] 200 https://www.medicsintegralsalut.com/en/ginecomastia-girona/
[919/2588] 200 https://www.medicsintegralsalut.com/fr/tp-gynecomastie-gerone/
[920/2588] 200 https://www.medicsintegralsalut.com/ru/%d0%b3%d0%b8%d0%bd%d0%b5%d0%ba%d0%be%d0%bc%d0%b0%d1%81%d1%82%d0%b8%d1%8f/
[921/2588] 200 https://www.medicsintegralsalut.com/uk/tp-%d0%b3%d1%96%d0%bd%d0%b5%d0%ba%d0%be%d0%bc%d0%b0%d1%81%d1%82%d1%96%d1%8f-%d0%b6%d0%b8%d1%80%d0%be%d0%bd%d0%b0/
[922/2588] 200 https://www.medicsintegralsalut.com/ca/tp-ginecomastia-girona/
[923/2588] 200 https://www.medicsintegralsalut.com/en/legal-bases-for-participation-in-the-prize-draw/
[924/2588] 200 https://www.medicsintegralsalut.com/fr/bases-legales-de-participation-au-tirage-au-sort/
[925/2588] 200 https://www.medicsintegralsalut.com/ru/%d0%bf%d1%80%d0%b0%d0%b2%d0%be%d0%b2%d1%8b%d0%b5-%d0%be%d1%81%d0%bd%d0%be%d0%b2%d0%b0%d0%bd%d0%b8%d1%8f-%d0%b4%d0%bb%d1%8f-%d1%83%d1%87%d0%b0%d1%81%d1%82%d0%b8%d1%8f-%d0%b2-%d1%80%d0%be%d0%b7%d1%8b/
[926/2588] 200 https://www.medicsintegralsalut.com/uk/%d0%bf%d1%80%d0%b0%d0%b2%d0%be%d0%b2%d1%96-%d0%b7%d0%b0%d1%81%d0%b0%d0%b4%d0%b8-%d1%83%d1%87%d0%b0%d1%81%d1%82%d1%96-%d0%b2-%d1%80%d0%be%d0%b7%d1%96%d0%b3%d1%80%d0%b0%d1%88%d1%96/
[927/2588] 200 https://www.medicsintegralsalut.com/ca/bases-legals-de-participacio-al-sorteig/
[928/2588] 200 https://www.medicsintegralsalut.com/en/cosmetic-surgery/
[929/2588] 200 https://www.medicsintegralsalut.com/fr/chirurgie-esthetique/
[930/2588] 200 https://www.medicsintegralsalut.com/ru/%d1%8d%d1%81%d1%82%d0%b5%d1%82%d0%b8%d1%87%d0%b5%d1%81%d0%ba%d0%b0%d1%8f-%d1%85%d0%b8%d1%80%d1%83%d1%80%d0%b3%d0%b8%d1%8f/
[931/2588] 200 https://www.medicsintegralsalut.com/uk/%d0%b5%d1%81%d1%82%d0%b5%d1%82%d0%b8%d1%87%d0%bd%d0%b0-%d1%85%d1%96%d1%80%d1%83%d1%80%d0%b3%d1%96%d1%8f/
[932/2588] 200 https://www.medicsintegralsalut.com/ca/cirurgia-estetica-2/
[933/2588] 200 https://www.medicsintegralsalut.com/en/legal-basis-for-participation-in-the-prize-draw/
[934/2588] 200 https://www.medicsintegralsalut.com/fr/bases-legales-de-participation-au-tirage-au-sort-2/
[935/2588] 200 https://www.medicsintegralsalut.com/ru/%d0%bf%d1%80%d0%b0%d0%b2%d0%be%d0%b2%d1%8b%d0%b5-%d0%be%d1%81%d0%bd%d0%be%d0%b2%d0%b0%d0%bd%d0%b8%d1%8f-%d0%b4%d0%bb%d1%8f-%d1%83%d1%87%d0%b0%d1%81%d1%82%d0%b8%d1%8f-%d0%b2-%d1%80%d0%be%d0%b7%d1%8b-2/
[936/2588] 200 https://www.medicsintegralsalut.com/uk/%d0%bf%d1%80%d0%b0%d0%b2%d0%be%d0%b2%d1%96-%d0%b7%d0%b0%d1%81%d0%b0%d0%b4%d0%b8-%d1%83%d1%87%d0%b0%d1%81%d1%82%d1%96-%d0%b2-%d1%80%d0%be%d0%b7%d1%96%d0%b3%d1%80%d0%b0%d1%88%d1%96-2/
[937/2588] 200 https://www.medicsintegralsalut.com/ca/bases-legals-de-participacio-en-el-sorteig/
[938/2588] 200 https://www.medicsintegralsalut.com/en/beauty-days/
[939/2588] 200 https://www.medicsintegralsalut.com/fr/jours-de-beaute/
[940/2588] 200 https://www.medicsintegralsalut.com/ru/%d0%b4%d0%bd%d0%b8-%d0%ba%d1%80%d0%b0%d1%81%d0%be%d1%82%d1%8b/
[941/2588] 200 https://www.medicsintegralsalut.com/uk/%d0%b4%d0%bd%d1%96-%d0%ba%d1%80%d0%b0%d1%81%d0%b8/
[942/2588] 200 https://www.medicsintegralsalut.com/ca/dies-de-bellesa/
[943/2588] 200 https://www.medicsintegralsalut.com/en/thank-you/
[944/2588] 200 https://www.medicsintegralsalut.com/fr/merci/
[945/2588] 200 https://www.medicsintegralsalut.com/ru/%d1%81%d0%bf%d0%b0%d1%81%d0%b8%d0%b1%d0%be/
[946/2588] 200 https://www.medicsintegralsalut.com/uk/%d0%b4%d1%8f%d0%ba%d1%83%d1%8e/
[947/2588] 200 https://www.medicsintegralsalut.com/ca/gracies/
[948/2588] 200 https://www.medicsintegralsalut.com/en/aesthetic-medicine/
[949/2588] 200 https://www.medicsintegralsalut.com/fr/medecine-esthetique/
[950/2588] 200 https://www.medicsintegralsalut.com/ru/%d1%8d%d1%81%d1%82%d0%b5%d1%82%d0%b8%d1%87%d0%b5%d1%81%d0%ba%d0%b0%d1%8f-%d0%bc%d0%b5%d0%b4%d0%b8%d1%86%d0%b8%d0%bd%d0%b0/
[951/2588] 200 https://www.medicsintegralsalut.com/uk/%d0%b5%d1%81%d1%82%d0%b5%d1%82%d0%b8%d1%87%d0%bd%d0%b0-%d0%bc%d0%b5%d0%b4%d0%b8%d1%86%d0%b8%d0%bd%d0%b0/
[952/2588] 200 https://www.medicsintegralsalut.com/ca/medicina-estetica/
[953/2588] 200 https://www.medicsintegralsalut.com/en/cosmetic-surgery-2/
[954/2588] 200 https://www.medicsintegralsalut.com/fr/chirurgie-esthetique-2/
[955/2588] 200 https://www.medicsintegralsalut.com/ru/%d0%bf%d0%bb%d0%b0%d1%81%d1%82%d0%b8%d1%87%d0%b5%d1%81%d0%ba%d0%b0%d1%8f-%d1%85%d0%b8%d1%80%d1%83%d1%80%d0%b3%d0%b8%d1%8f/
[956/2588] 200 https://www.medicsintegralsalut.com/uk/%d0%b5%d1%81%d1%82%d0%b5%d1%82%d0%b8%d1%87%d0%bd%d0%b0-%d1%85%d1%96%d1%80%d1%83%d1%80%d0%b3%d1%96%d1%8f-2/
[957/2588] 200 https://www.medicsintegralsalut.com/ca/cirurgia-estetica/
[958/2588] 200 https://www.medicsintegralsalut.com/en/units-2/aesthetic-cabinet/radiofrequency-facial-and-body-treatments-2/
[959/2588] 200 https://www.medicsintegralsalut.com/fr/unites-2/cabinet-desthetique/radiofrequence-faciale-et-corporelle-2/
[960/2588] 200 https://www.medicsintegralsalut.com/ru/%d1%8e%d0%bd%d0%b8%d1%82%d0%b0%d1%86/%d0%ba%d0%b0%d0%b1%d0%b8%d0%bd%d0%b5%d1%82-%d1%8d%d1%81%d1%82%d0%b5%d1%82%d0%b8%d0%ba%d0%b8-2/%d1%80%d0%b0%d0%b4%d0%b8%d0%be%d1%87%d0%b0%d1%81%d1%82%d0%be%d1%82%d0%bd%d0%b0%d1%8f-%d1%82%d0%b5%d1%80%d0%b0%d0%bf%d0%b8%d1%8f-%d0%b4%d0%bb%d1%8f-%d0%bb%d0%b8%d1%86%d0%b0-%d0%b8-%d1%82%d0%b5%d0%bb/
[961/2588] 200 https://www.medicsintegralsalut.com/uk/%d0%be%d0%b4%d0%b8%d0%bd%d0%b8%d1%86%d1%96-2/%d1%81%d0%b0%d0%bb%d0%be%d0%bd-%d0%ba%d1%80%d0%b0%d1%81%d0%b8-2/%d1%80%d0%b0%d0%b4%d1%96%d0%be%d1%87%d0%b0%d1%81%d1%82%d0%be%d1%82%d0%bd%d0%b0-%d0%bf%d1%80%d0%be%d1%86%d0%b5%d0%b4%d1%83%d1%80%d0%b0-%d0%b4%d0%bb%d1%8f-%d0%be%d0%b1%d0%bb%d0%b8%d1%87%d1%87%d1%8f/
[962/2588] 200 https://www.medicsintegralsalut.com/ca/unitats/gabinet-destetica/radiofrequencia-facial-i-corporal-2/
[963/2588] 200 https://www.medicsintegralsalut.com/en/units-2/aesthetic-cabinet/facial-rejuvenation-2/
[964/2588] 200 https://www.medicsintegralsalut.com/fr/unites-2/cabinet-desthetique/rajeunissement-facial-2/
[965/2588] 200 https://www.medicsintegralsalut.com/ru/%d1%8e%d0%bd%d0%b8%d1%82%d0%b0%d1%86/%d0%ba%d0%b0%d0%b1%d0%b8%d0%bd%d0%b5%d1%82-%d1%8d%d1%81%d1%82%d0%b5%d1%82%d0%b8%d0%ba%d0%b8-2/%d1%80%d0%b5%d0%b2%d0%b8%d1%82%d0%b0%d0%bb%d0%b8%d0%b7%d0%b0%d1%86%d0%b8%d1%8f-%d0%bb%d0%b8%d1%86%d0%b0/
[966/2588] 200 https://www.medicsintegralsalut.com/uk/%d0%be%d0%b4%d0%b8%d0%bd%d0%b8%d1%86%d1%96-2/%d1%81%d0%b0%d0%bb%d0%be%d0%bd-%d0%ba%d1%80%d0%b0%d1%81%d0%b8-2/%d0%b2%d1%96%d0%b4%d0%bd%d0%be%d0%b2%d0%bb%d0%b5%d0%bd%d0%bd%d1%8f-%d1%88%d0%ba%d1%96%d1%80%d0%b8-%d0%be%d0%b1%d0%bb%d0%b8%d1%87%d1%87%d1%8f/
[967/2588] 200 https://www.medicsintegralsalut.com/ca/unitats/gabinet-destetica/revitalitzacio-facial/
[968/2588] 200 https://www.medicsintegralsalut.com/en/units-2/aesthetic-cabinet/lymphatic-drainage-2/
[969/2588] 200 https://www.medicsintegralsalut.com/fr/unites-2/cabinet-desthetique/drainage-lymphatique-2/
[970/2588] 200 https://www.medicsintegralsalut.com/ru/%d1%8e%d0%bd%d0%b8%d1%82%d0%b0%d1%86/%d0%ba%d0%b0%d0%b1%d0%b8%d0%bd%d0%b5%d1%82-%d1%8d%d1%81%d1%82%d0%b5%d1%82%d0%b8%d0%ba%d0%b8-2/%d0%bb%d0%b8%d0%bc%d1%84%d0%b0%d1%82%d0%b8%d1%87%d0%b5%d1%81%d0%ba%d0%b8%d0%b9-%d0%b4%d1%80%d0%b5%d0%bd%d0%b0%d0%b6/
[971/2588] 200 https://www.medicsintegralsalut.com/uk/%d0%be%d0%b4%d0%b8%d0%bd%d0%b8%d1%86%d1%96-2/%d1%81%d0%b0%d0%bb%d0%be%d0%bd-%d0%ba%d1%80%d0%b0%d1%81%d0%b8-2/%d0%bb%d1%96%d0%bc%d1%84%d0%b0%d1%82%d0%b8%d1%87%d0%bd%d0%b8%d0%b9-%d0%b4%d1%80%d0%b5%d0%bd%d0%b0%d0%b6/
[972/2588] 200 https://www.medicsintegralsalut.com/ca/unitats/gabinet-destetica/drenatge-limfatic/
[973/2588] 200 https://www.medicsintegralsalut.com/en/privacy-policy-2/
[974/2588] 200 https://www.medicsintegralsalut.com/fr/politique-de-confidentialite-2/
[975/2588] 200 https://www.medicsintegralsalut.com/ru/%d0%bf%d0%be%d0%bb%d0%b8%d1%82%d0%b8%d0%ba%d0%b0-%d0%ba%d0%be%d0%bd%d1%84%d0%b8%d0%b4%d0%b5%d0%bd%d1%86%d0%b8%d0%b0%d0%bb%d1%8c%d0%bd%d0%be%d1%81%d1%82%d0%b8-2/
[976/2588] 200 https://www.medicsintegralsalut.com/uk/%d0%bf%d0%be%d0%bb%d1%96%d1%82%d0%b8%d0%ba%d0%b0-%d0%ba%d0%be%d0%bd%d1%84%d1%96%d0%b4%d0%b5%d0%bd%d1%86%d1%96%d0%b9%d0%bd%d0%be%d1%81%d1%82%d1%96-2/
[977/2588] 200 https://www.medicsintegralsalut.com/ca/politica-de-privadesa/
[978/2588] 200 https://www.medicsintegralsalut.com/en/cookie-policy/
[979/2588] 200 https://www.medicsintegralsalut.com/fr/politique-de-cookies/
[980/2588] 200 https://www.medicsintegralsalut.com/ru/%d0%bf%d0%be%d0%bb%d0%b8%d1%82%d0%b8%d0%ba%d0%b0-%d0%b8%d1%81%d0%bf%d0%be%d0%bb%d1%8c%d0%b7%d0%be%d0%b2%d0%b0%d0%bd%d0%b8%d1%8f-%d1%84%d0%b0%d0%b9%d0%bb%d0%be%d0%b2-cookie/
[981/2588] 200 https://www.medicsintegralsalut.com/uk/%d0%bf%d0%be%d0%bb%d1%96%d1%82%d0%b8%d0%ba%d0%b0-%d1%89%d0%be%d0%b4%d0%be-%d1%84%d0%b0%d0%b9%d0%bb%d1%96%d0%b2-cookie/
[982/2588] 200 https://www.medicsintegralsalut.com/ca/politica-de-cookies/
[983/2588] 200 https://www.medicsintegralsalut.com/en/units-2/overweight-and-obesity/bariatric-surgery/gastric-bypass/
[984/2588] 200 https://www.medicsintegralsalut.com/fr/unites-2/surpoids-et-obesite/chirurgie-bariatrique/le-bypass-gastrique/
[985/2588] 200 https://www.medicsintegralsalut.com/ru/%d1%8e%d0%bd%d0%b8%d1%82%d0%b0%d1%86/%d0%b8%d0%b7%d0%b1%d1%8b%d1%82%d0%be%d1%87%d0%bd%d1%8b%d0%b9-%d0%b2%d0%b5%d1%81-%d0%b8-%d0%be%d0%b6%d0%b8%d1%80%d0%b5%d0%bd%d0%b8%d0%b5/%d0%b1%d0%b0%d1%80%d0%b8%d0%b0%d1%82%d1%80%d0%b8%d1%87%d0%b5%d1%81%d0%ba%d0%b0%d1%8f-%d1%85%d0%b8%d1%80%d1%83%d1%80%d0%b3%d0%b8%d1%8f/%d1%88%d1%83%d0%bd%d1%82%d0%b8%d1%80%d0%be%d0%b2%d0%b0%d0%bd%d0%b8%d0%b5-%d0%b6%d0%b5%d0%bb%d1%83%d0%b4%d0%ba%d0%b0/
[986/2588] 200 https://www.medicsintegralsalut.com/uk/%d0%be%d0%b4%d0%b8%d0%bd%d0%b8%d1%86%d1%96-2/%d0%bd%d0%b0%d0%b4%d0%bc%d1%96%d1%80%d0%bd%d0%b0-%d0%b2%d0%b0%d0%b3%d0%b0-%d1%82%d0%b0-%d0%be%d0%b6%d0%b8%d1%80%d1%96%d0%bd%d0%bd%d1%8f/%d0%b1%d0%b0%d1%80%d1%96%d0%b0%d1%82%d1%80%d0%b8%d1%87%d0%bd%d0%b0-%d1%85%d1%96%d1%80%d1%83%d1%80%d0%b3%d1%96%d1%8f/%d1%88%d1%83%d0%bd%d1%82%d1%83%d0%b2%d0%b0%d0%bd%d0%bd%d1%8f-%d1%88%d0%bb%d1%83%d0%bd%d0%ba%d0%b0/
[987/2588] 200 https://www.medicsintegralsalut.com/ca/unitats/sobrepes-i-obesitat/cirurgia-bariatrica/bypass-gastric/
[988/2588] 200 https://www.medicsintegralsalut.com/en/units-2/cosmetic-breast-surgery/prosthetic-replacement/
[989/2588] 200 https://www.medicsintegralsalut.com/fr/unites-2/chirurgie-esthetique-des-seins/rechange-de-prothese/
[990/2588] 200 https://www.medicsintegralsalut.com/ru/%d1%8e%d0%bd%d0%b8%d1%82%d0%b0%d1%86/%d1%8d%d1%81%d1%82%d0%b5%d1%82%d0%b8%d1%87%d0%b5%d1%81%d0%ba%d0%b0%d1%8f-%d1%85%d0%b8%d1%80%d1%83%d1%80%d0%b3%d0%b8%d1%8f-%d0%b3%d1%80%d1%83%d0%b4%d0%b8/%d0%b7%d0%b0%d0%bc%d0%b5%d0%bd%d0%b0-%d0%bf%d1%80%d0%be%d1%82%d0%b5%d0%b7%d0%b0/
[991/2588] 200 https://www.medicsintegralsalut.com/uk/%d0%be%d0%b4%d0%b8%d0%bd%d0%b8%d1%86%d1%96-2/%d0%b5%d1%81%d1%82%d0%b5%d1%82%d0%b8%d1%87%d0%bd%d0%b0-%d1%85%d1%96%d1%80%d1%83%d1%80%d0%b3%d1%96%d1%8f-%d0%b3%d1%80%d1%83%d0%b4%d0%b5%d0%b9/%d0%b7%d0%b0%d0%bc%d1%96%d0%bd%d0%b0-%d0%bf%d1%80%d0%be%d1%82%d0%b5%d0%b7%d0%b0/
[992/2588] 200 https://www.medicsintegralsalut.com/ca/unitats/cirurgia-estetica-pits/recanvi-de-protesi/
[993/2588] 500 https://www.medicsintegralsalut.com/en/units-2/cosmetic-facial-surgery/
[994/2588] 200 https://www.medicsintegralsalut.com/fr/unites-2/chirurgie-esthetique-du-visage/
[995/2588] 200 https://www.medicsintegralsalut.com/ru/%d1%8e%d0%bd%d0%b8%d1%82%d0%b0%d1%86/%d0%bf%d0%bb%d0%b0%d1%81%d1%82%d0%b8%d1%87%d0%b5%d1%81%d0%ba%d0%b0%d1%8f-%d0%be%d0%bf%d0%b5%d1%80%d0%b0%d1%86%d0%b8%d1%8f-%d0%bd%d0%b0-%d0%bb%d0%b8%d1%86%d0%b5/
[996/2588] 200 https://www.medicsintegralsalut.com/uk/%d0%be%d0%b4%d0%b8%d0%bd%d0%b8%d1%86%d1%96-2/%d0%b5%d1%81%d1%82%d0%b5%d1%82%d0%b8%d1%87%d0%bd%d0%b0-%d1%85%d1%96%d1%80%d1%83%d1%80%d0%b3%d1%96%d1%8f-%d0%be%d0%b1%d0%bb%d0%b8%d1%87%d1%87%d1%8f/
[997/2588] 200 https://www.medicsintegralsalut.com/ca/unitats/cirurgia-estetica-facial/
[998/2588] 200 https://www.medicsintegralsalut.com/en/units-2/cosmetic-facial-surgery/chin-surgery-and-cheek-implants/
[999/2588] 200 https://www.medicsintegralsalut.com/fr/unites-2/chirurgie-esthetique-du-visage/chirurgie-du-menton-et-des-pommettes/
[1000/2588] 200 https://www.medicsintegralsalut.com/ru/%d1%8e%d0%bd%d0%b8%d1%82%d0%b0%d1%86/%d0%bf%d0%bb%d0%b0%d1%81%d1%82%d0%b8%d1%87%d0%b5%d1%81%d0%ba%d0%b0%d1%8f-%d0%be%d0%bf%d0%b5%d1%80%d0%b0%d1%86%d0%b8%d1%8f-%d0%bd%d0%b0-%d0%bb%d0%b8%d1%86%d0%b5/%d0%bc%d0%b5%d0%bd%d1%82oplasty-%d0%b8-%d0%b0%d1%83%d0%b3%d0%bc%d0%b5%d0%bd%d1%82%d0%b0%d1%86%d0%b8%d1%8f-%d0%bf%d0%be%d0%b4%d0%b1%d0%be%d1%80%d0%be%d0%b4%d0%ba%d0%b0/
[1001/2588] 200 https://www.medicsintegralsalut.com/uk/%d0%be%d0%b4%d0%b8%d0%bd%d0%b8%d1%86%d1%96-2/%d0%b5%d1%81%d1%82%d0%b5%d1%82%d0%b8%d1%87%d0%bd%d0%b0-%d1%85%d1%96%d1%80%d1%83%d1%80%d0%b3%d1%96%d1%8f-%d0%be%d0%b1%d0%bb%d0%b8%d1%87%d1%87%d1%8f/%d1%85%d1%96%d1%80%d1%83%d1%80%d0%b3%d1%96%d1%8f-%d0%bf%d1%96%d0%b4%d0%b1%d0%be%d1%80%d1%96%d0%b4%d0%b4%d1%8f-%d1%82%d0%b0-%d1%89%d0%be%d0%ba/
[1002/2588] 200 https://www.medicsintegralsalut.com/ca/unitats/cirurgia-estetica-facial/mento-i-pomuls-cirurgia/
[1003/2588] 200 https://www.medicsintegralsalut.com/en/legal-notice-2/
[1004/2588] 200 https://www.medicsintegralsalut.com/fr/avis-juridique/
[1005/2588] 200 https://www.medicsintegralsalut.com/ru/%d1%8e%d1%80%d0%b8%d0%b4%d0%b8%d1%87%d0%b5%d1%81%d0%ba%d0%be%d0%b5-%d0%b7%d0%b0%d0%ba%d0%bb%d1%8e%d1%87%d0%b5%d0%bd%d0%b8%d0%b5/
[1006/2588] 200 https://www.medicsintegralsalut.com/uk/%d1%8e%d1%80%d0%b8%d0%b4%d0%b8%d1%87%d0%bd%d0%b5-%d0%bf%d0%be%d0%b2%d1%96%d0%b4%d0%be%d0%bc%d0%bb%d0%b5%d0%bd%d0%bd%d1%8f-2/
[1007/2588] 200 https://www.medicsintegralsalut.com/ca/avis-legal/
[1008/2588] 200 https://www.medicsintegralsalut.com/en/units-2/body-contouring-surgery/
[1009/2588] 200 https://www.medicsintegralsalut.com/fr/unites-2/chirurgie-esthetique-corporelle/
[1010/2588] 200 https://www.medicsintegralsalut.com/ru/%d1%8e%d0%bd%d0%b8%d1%82%d0%b0%d1%86/%d1%8d%d1%81%d1%82%d0%b5%d1%82%d0%b8%d1%87%d0%b5%d1%81%d0%ba%d0%b0%d1%8f-%d1%85%d0%b8%d1%80%d1%83%d1%80%d0%b3%d0%b8%d1%8f-%d1%82%d0%b5%d0%bb%d0%b0/
[1011/2588] 200 https://www.medicsintegralsalut.com/uk/%d0%be%d0%b4%d0%b8%d0%bd%d0%b8%d1%86%d1%96-2/%d0%b5%d1%81%d1%82%d0%b5%d1%82%d0%b8%d1%87%d0%bd%d0%b0-%d1%85%d1%96%d1%80%d1%83%d1%80%d0%b3%d1%96%d1%8f-%d1%82%d1%96%d0%bb%d0%b0/
[1012/2588] 200 https://www.medicsintegralsalut.com/ca/unitats/cirurgia-estetica-corporal/
[1013/2588] 200 https://www.medicsintegralsalut.com/en/units-2/body-contouring-surgery/vaser-liposuction/
[1014/2588] 200 https://www.medicsintegralsalut.com/fr/unites-2/chirurgie-esthetique-corporelle/liposuccion-vaser-2/
[1015/2588] 200 https://www.medicsintegralsalut.com/ru/%d1%8e%d0%bd%d0%b8%d1%82%d0%b0%d1%86/%d1%8d%d1%81%d1%82%d0%b5%d1%82%d0%b8%d1%87%d0%b5%d1%81%d0%ba%d0%b0%d1%8f-%d1%85%d0%b8%d1%80%d1%83%d1%80%d0%b3%d0%b8%d1%8f-%d1%82%d0%b5%d0%bb%d0%b0/%d0%bb%d0%b8%d0%bf%d0%be%d1%81%d0%b0%d0%ba%d1%86%d0%b8%d1%8f-%d0%b2%d0%b0%d1%81%d0%b5%d1%80/
[1016/2588] 200 https://www.medicsintegralsalut.com/uk/%d0%be%d0%b4%d0%b8%d0%bd%d0%b8%d1%86%d1%96-2/%d0%b5%d1%81%d1%82%d0%b5%d1%82%d0%b8%d1%87%d0%bd%d0%b0-%d1%85%d1%96%d1%80%d1%83%d1%80%d0%b3%d1%96%d1%8f-%d1%82%d1%96%d0%bb%d0%b0/%d0%bb%d1%96%d0%bf%d0%be%d1%81%d0%b0%d0%ba%d1%86%d1%96%d1%8f-%d0%bc%d0%b5%d1%82%d0%be%d0%b4%d0%be%d0%bc-vaser/
[1017/2588] 200 https://www.medicsintegralsalut.com/ca/unitats/cirurgia-estetica-corporal/liposuccio-vaser/
[1018/2588] 200 https://www.medicsintegralsalut.com/en/units-2/body-contouring-surgery/gluteal-augmentation/
[1019/2588] 200 https://www.medicsintegralsalut.com/fr/unites-2/chirurgie-esthetique-corporelle/augmentation-des-glutis/
[1020/2588] 200 https://www.medicsintegralsalut.com/ru/%d1%8e%d0%bd%d0%b8%d1%82%d0%b0%d1%86/%d1%8d%d1%81%d1%82%d0%b5%d1%82%d0%b8%d1%87%d0%b5%d1%81%d0%ba%d0%b0%d1%8f-%d1%85%d0%b8%d1%80%d1%83%d1%80%d0%b3%d0%b8%d1%8f-%d1%82%d0%b5%d0%bb%d0%b0/%d1%83%d0%b2%d0%b5%d0%bb%d0%b8%d1%87%d0%b5%d0%bd%d0%b8%d0%b5-%d1%8f%d0%b3%d0%be%d0%b4%d0%b8%d1%86/
[1021/2588] 200 https://www.medicsintegralsalut.com/uk/%d0%be%d0%b4%d0%b8%d0%bd%d0%b8%d1%86%d1%96-2/%d0%b5%d1%81%d1%82%d0%b5%d1%82%d0%b8%d1%87%d0%bd%d0%b0-%d1%85%d1%96%d1%80%d1%83%d1%80%d0%b3%d1%96%d1%8f-%d1%82%d1%96%d0%bb%d0%b0/%d0%b7%d0%b1%d1%96%d0%bb%d1%8c%d1%88%d0%b5%d0%bd%d0%bd%d1%8f-%d1%81%d1%96%d0%b4%d0%bd%d0%b8%d1%86%d1%8c/
[1022/2588] 200 https://www.medicsintegralsalut.com/ca/unitats/cirurgia-estetica-corporal/augment-de-glutis/
[1023/2588] 200 https://www.medicsintegralsalut.com/en/units-2/body-contouring-surgery/female-genital-surgery/
[1024/2588] 200 https://www.medicsintegralsalut.com/fr/unites-2/chirurgie-esthetique-corporelle/chirurgie-genitale-feminine/
[1025/2588] 200 https://www.medicsintegralsalut.com/ru/%d1%8e%d0%bd%d0%b8%d1%82%d0%b0%d1%86/%d1%8d%d1%81%d1%82%d0%b5%d1%82%d0%b8%d1%87%d0%b5%d1%81%d0%ba%d0%b0%d1%8f-%d1%85%d0%b8%d1%80%d1%83%d1%80%d0%b3%d0%b8%d1%8f-%d1%82%d0%b5%d0%bb%d0%b0/%d0%b6%d0%b5%d0%bd%d1%81%d0%ba%d0%b0%d1%8f-%d0%b3%d0%b5%d0%bd%d0%b8%d1%82%d0%b0%d0%bb%d1%8c%d0%bd%d0%b0%d1%8f-%d1%85%d0%b8%d1%80%d1%83%d1%80%d0%b3%d0%b8%d1%8f/
[1026/2588] 200 https://www.medicsintegralsalut.com/uk/%d0%be%d0%b4%d0%b8%d0%bd%d0%b8%d1%86%d1%96-2/%d0%b5%d1%81%d1%82%d0%b5%d1%82%d0%b8%d1%87%d0%bd%d0%b0-%d1%85%d1%96%d1%80%d1%83%d1%80%d0%b3%d1%96%d1%8f-%d1%82%d1%96%d0%bb%d0%b0/%d1%85%d1%96%d1%80%d1%83%d1%80%d0%b3%d1%96%d1%8f-%d0%b6%d1%96%d0%bd%d0%be%d1%87%d0%b8%d1%85-%d1%81%d1%82%d0%b0%d1%82%d0%b5%d0%b2%d0%b8%d1%85-%d0%be%d1%80%d0%b3%d0%b0%d0%bd%d1%96%d0%b2/
[1027/2588] 200 https://www.medicsintegralsalut.com/ca/unitats/cirurgia-estetica-corporal/cirurgia-genital-femenina/
[1028/2588] 200 https://www.medicsintegralsalut.com/en/units-2/male-cosmetic-surgery-2/
[1029/2588] 200 https://www.medicsintegralsalut.com/fr/unites-2/chirurgie-esthetique-masculine-2/
[1030/2588] 200 https://www.medicsintegralsalut.com/ru/%d1%8e%d0%bd%d0%b8%d1%82%d0%b0%d1%86/%d0%bc%d1%83%d0%b6%d1%81%d0%ba%d0%b0%d1%8f-%d0%bf%d0%bb%d0%b0%d1%81%d1%82%d0%b8%d1%87%d0%b5%d1%81%d0%ba%d0%b0%d1%8f-%d1%85%d0%b8%d1%80%d1%83%d1%80%d0%b3%d0%b8%d1%8f/
[1031/2588] 200 https://www.medicsintegralsalut.com/uk/%d0%be%d0%b4%d0%b8%d0%bd%d0%b8%d1%86%d1%96-2/%d1%87%d0%be%d0%bb%d0%be%d0%b2%d1%96%d1%87%d0%b0-%d0%b5%d1%81%d1%82%d0%b5%d1%82%d0%b8%d1%87%d0%bd%d0%b0-%d1%85%d1%96%d1%80%d1%83%d1%80%d0%b3%d1%96%d1%8f-2/
[1032/2588] 200 https://www.medicsintegralsalut.com/ca/unitats/cirurgia-estetica-masculina/
[1033/2588] 200 https://www.medicsintegralsalut.com/en/units-2/facial-aesthetic-medicine/lip-augmentation/
[1034/2588] 200 https://www.medicsintegralsalut.com/fr/unites-2/medecine-esthetique-faciale/augmentation-de-lavis/
[1035/2588] 200 https://www.medicsintegralsalut.com/ru/%d1%8e%d0%bd%d0%b8%d1%82%d0%b0%d1%86/%d1%8d%d1%81%d1%82%d0%b5%d1%82%d0%b8%d1%87%d0%b5%d1%81%d0%ba%d0%b0%d1%8f-%d0%bc%d0%b5%d0%b4%d0%b8%d1%86%d0%b8%d0%bd%d0%b0-%d0%bb%d0%b8%d1%86%d0%b0/%d1%83%d0%b2%d0%b5%d0%bb%d0%b8%d1%87%d0%b8%d1%82%d1%8c-%d0%b3%d1%83%d0%b1%d1%8b/
[1036/2588] 200 https://www.medicsintegralsalut.com/uk/%d0%be%d0%b4%d0%b8%d0%bd%d0%b8%d1%86%d1%96-2/%d0%b5%d1%81%d1%82%d0%b5%d1%82%d0%b8%d1%87%d0%bd%d0%b0-%d0%bc%d0%b5%d0%b4%d0%b8%d1%86%d0%b8%d0%bd%d0%b0-%d0%b4%d0%bb%d1%8f-%d0%be%d0%b1%d0%bb%d0%b8%d1%87%d1%87%d1%8f/%d0%b7%d0%b1%d1%96%d0%bb%d1%8c%d1%88%d0%b5%d0%bd%d0%bd%d1%8f-%d0%ba%d1%96%d0%bb%d1%8c%d0%ba%d0%be%d1%81%d1%82%d1%96-%d0%ba%d0%bb%d1%8e%d1%87%d1%96%d0%b2/
[1037/2588] 200 https://www.medicsintegralsalut.com/ca/unitats/medicina-estetica-facial/augment-de-llavis/
[1038/2588] 200 https://www.medicsintegralsalut.com/en/units-2/facial-aesthetic-medicine/hydration-and-nutrition/
[1039/2588] 200 https://www.medicsintegralsalut.com/fr/unites-2/medecine-esthetique-faciale/hydratation-et-nutrition/
[1040/2588] 200 https://www.medicsintegralsalut.com/ru/%d1%8e%d0%bd%d0%b8%d1%82%d0%b0%d1%86/%d1%8d%d1%81%d1%82%d0%b5%d1%82%d0%b8%d1%87%d0%b5%d1%81%d0%ba%d0%b0%d1%8f-%d0%bc%d0%b5%d0%b4%d0%b8%d1%86%d0%b8%d0%bd%d0%b0-%d0%bb%d0%b8%d1%86%d0%b0/%d0%b3%d0%b8%d0%b4%d1%80%d0%b0%d1%82%d0%b0%d1%86%d0%b8%d1%8f-%d0%b8-%d0%bf%d0%b8%d1%82%d0%b0%d0%bd%d0%b8%d0%b5/
[1041/2588] 200 https://www.medicsintegralsalut.com/uk/%d0%be%d0%b4%d0%b8%d0%bd%d0%b8%d1%86%d1%96-2/%d0%b5%d1%81%d1%82%d0%b5%d1%82%d0%b8%d1%87%d0%bd%d0%b0-%d0%bc%d0%b5%d0%b4%d0%b8%d1%86%d0%b8%d0%bd%d0%b0-%d0%b4%d0%bb%d1%8f-%d0%be%d0%b1%d0%bb%d0%b8%d1%87%d1%87%d1%8f/%d0%b3%d1%96%d0%b4%d1%80%d0%b0%d1%82%d0%b0%d1%86%d1%96%d1%8f-%d1%82%d0%b0-%d1%85%d0%b0%d1%80%d1%87%d1%83%d0%b2%d0%b0%d0%bd%d0%bd%d1%8f/
[1042/2588] 200 https://www.medicsintegralsalut.com/ca/unitats/medicina-estetica-facial/hidratacio-i-nutricio/
[1043/2588] 200 https://www.medicsintegralsalut.com/en/units-2/aesthetic-cabinet/p50-face/
[1044/2588] 200 https://www.medicsintegralsalut.com/fr/unites-2/cabinet-desthetique/visage-plie/
[1045/2588] 200 https://www.medicsintegralsalut.com/ru/%d1%8e%d0%bd%d0%b8%d1%82%d0%b0%d1%86/%d0%ba%d0%b0%d0%b1%d0%b8%d0%bd%d0%b5%d1%82-%d1%8d%d1%81%d1%82%d0%b5%d1%82%d0%b8%d0%ba%d0%b8-2/p50-%d0%b2%d0%b8%d0%b7%d0%b0%d0%b6/
[1046/2588] 200 https://www.medicsintegralsalut.com/uk/%d0%be%d0%b4%d0%b8%d0%bd%d0%b8%d1%86%d1%96-2/%d1%81%d0%b0%d0%bb%d0%be%d0%bd-%d0%ba%d1%80%d0%b0%d1%81%d0%b8-2/p50-%d0%b4%d0%bb%d1%8f-%d0%be%d0%b1%d0%bb%d0%b8%d1%87%d1%87%d1%8f/
[1047/2588] 200 https://www.medicsintegralsalut.com/ca/unitats/gabinet-destetica/p50-rostre/
[1048/2588] 200 https://www.medicsintegralsalut.com/en/units-2/aesthetic-cabinet/recoverer/
[1049/2588] 200 https://www.medicsintegralsalut.com/fr/unites-2/cabinet-desthetique/recuperateur/
[1050/2588] 200 https://www.medicsintegralsalut.com/ru/%d1%8e%d0%bd%d0%b8%d1%82%d0%b0%d1%86/%d0%ba%d0%b0%d0%b1%d0%b8%d0%bd%d0%b5%d1%82-%d1%8d%d1%81%d1%82%d0%b5%d1%82%d0%b8%d0%ba%d0%b8-2/%d1%80%d0%b5%d0%ba%d1%83%d0%bf%d0%b5%d1%80%d0%b0%d1%82%d0%be%d1%80/
[1051/2588] 200 https://www.medicsintegralsalut.com/uk/%d0%be%d0%b4%d0%b8%d0%bd%d0%b8%d1%86%d1%96-2/%d1%81%d0%b0%d0%bb%d0%be%d0%bd-%d0%ba%d1%80%d0%b0%d1%81%d0%b8-2/%d1%80%d0%b5%d0%ba%d1%83%d0%bf%d0%b5%d1%80%d0%b0%d1%82%d0%be%d1%80/
[1052/2588] 200 https://www.medicsintegralsalut.com/ca/unitats/gabinet-destetica/recuperador/
[1053/2588] 200 https://www.medicsintegralsalut.com/en/units-2/aesthetic-cabinet/anti-date-mc110/
[1054/2588] 200 https://www.medicsintegralsalut.com/fr/unites-2/cabinet-desthetique/antidate-mc110/
[1055/2588] 200 https://www.medicsintegralsalut.com/ru/%d1%8e%d0%bd%d0%b8%d1%82%d0%b0%d1%86/%d0%ba%d0%b0%d0%b1%d0%b8%d0%bd%d0%b5%d1%82-%d1%8d%d1%81%d1%82%d0%b5%d1%82%d0%b8%d0%ba%d0%b8-2/%d0%b0%d0%bd%d1%82%d0%b8%d1%83%d1%82%d0%be%d0%bf%d0%b8%d1%8f-mc110/
[1056/2588] 200 https://www.medicsintegralsalut.com/uk/%d0%be%d0%b4%d0%b8%d0%bd%d0%b8%d1%86%d1%96-2/%d1%81%d0%b0%d0%bb%d0%be%d0%bd-%d0%ba%d1%80%d0%b0%d1%81%d0%b8-2/antiedat-mc110/
[1057/2588] 200 https://www.medicsintegralsalut.com/ca/unitats/gabinet-destetica/mc110-antiedat/
[1058/2588] 200 https://www.medicsintegralsalut.com/en/units-2/cosmetic-breast-surgery/
[1059/2588] 200 https://www.medicsintegralsalut.com/fr/unites-2/chirurgie-esthetique-des-seins/
[1060/2588] 200 https://www.medicsintegralsalut.com/ru/%d1%8e%d0%bd%d0%b8%d1%82%d0%b0%d1%86/%d1%8d%d1%81%d1%82%d0%b5%d1%82%d0%b8%d1%87%d0%b5%d1%81%d0%ba%d0%b0%d1%8f-%d1%85%d0%b8%d1%80%d1%83%d1%80%d0%b3%d0%b8%d1%8f-%d0%b3%d1%80%d1%83%d0%b4%d0%b8/
[1061/2588] 200 https://www.medicsintegralsalut.com/uk/%d0%be%d0%b4%d0%b8%d0%bd%d0%b8%d1%86%d1%96-2/%d0%b5%d1%81%d1%82%d0%b5%d1%82%d0%b8%d1%87%d0%bd%d0%b0-%d1%85%d1%96%d1%80%d1%83%d1%80%d0%b3%d1%96%d1%8f-%d0%b3%d1%80%d1%83%d0%b4%d0%b5%d0%b9/
[1062/2588] 200 https://www.medicsintegralsalut.com/ca/unitats/cirurgia-estetica-pits/
[1063/2588] 200 https://www.medicsintegralsalut.com/en/units-2/facial-aesthetic-medicine/flacciditas-filum-tensors/
[1064/2588] 200 https://www.medicsintegralsalut.com/fr/unites-2/medecine-esthetique-faciale/flaccidite-des-muscles-tenseurs/
[1065/2588] 200 https://www.medicsintegralsalut.com/ru/%d1%8e%d0%bd%d0%b8%d1%82%d0%b0%d1%86/%d1%8d%d1%81%d1%82%d0%b5%d1%82%d0%b8%d1%87%d0%b5%d1%81%d0%ba%d0%b0%d1%8f-%d0%bc%d0%b5%d0%b4%d0%b8%d1%86%d0%b8%d0%bd%d0%b0-%d0%bb%d0%b8%d1%86%d0%b0/%d1%84%d0%bb%d0%b0%d0%ba%d1%86%d0%b8%d0%b4%d0%b8%d1%82%d0%b0%d1%82%d0%b8%d1%82-%d1%84%d0%b8%d0%bb%d1%81-%d1%82%d0%b5%d0%bd%d0%b7%d0%be%d1%80%d1%81/
[1066/2588] 200 https://www.medicsintegralsalut.com/uk/%d0%be%d0%b4%d0%b8%d0%bd%d0%b8%d1%86%d1%96-2/%d0%b5%d1%81%d1%82%d0%b5%d1%82%d0%b8%d1%87%d0%bd%d0%b0-%d0%bc%d0%b5%d0%b4%d0%b8%d1%86%d0%b8%d0%bd%d0%b0-%d0%b4%d0%bb%d1%8f-%d0%be%d0%b1%d0%bb%d0%b8%d1%87%d1%87%d1%8f/%d0%b2%d1%8f%d0%bb%d1%96%d1%81%d1%82%d1%8c-%d0%bd%d0%b0%d1%82%d1%8f%d0%b6%d0%bd%d0%b8%d1%85-%d0%bd%d0%b8%d1%82%d0%be%d0%ba/
[1067/2588] 200 https://www.medicsintegralsalut.com/ca/unitats/medicina-estetica-facial/flacciditat-fils-tensors/
[1068/2588] 200 https://www.medicsintegralsalut.com/en/units-2/
[1069/2588] 200 https://www.medicsintegralsalut.com/fr/unites-2/
[1070/2588] 200 https://www.medicsintegralsalut.com/ru/%d1%8e%d0%bd%d0%b8%d1%82%d0%b0%d1%86/
[1071/2588] 200 https://www.medicsintegralsalut.com/uk/%d0%be%d0%b4%d0%b8%d0%bd%d0%b8%d1%86%d1%96-2/
[1072/2588] 200 https://www.medicsintegralsalut.com/ca/unitats/
[1073/2588] 200 https://www.medicsintegralsalut.com/en/units-2/cosmetic-facial-surgery/dried-fruit-stuffing/
[1074/2588] 200 https://www.medicsintegralsalut.com/fr/unites-2/chirurgie-esthetique-du-visage/farce-darragon/
[1075/2588] 200 https://www.medicsintegralsalut.com/ru/%d1%8e%d0%bd%d0%b8%d1%82%d0%b0%d1%86/%d0%bf%d0%bb%d0%b0%d1%81%d1%82%d0%b8%d1%87%d0%b5%d1%81%d0%ba%d0%b0%d1%8f-%d0%be%d0%bf%d0%b5%d1%80%d0%b0%d1%86%d0%b8%d1%8f-%d0%bd%d0%b0-%d0%bb%d0%b8%d1%86%d0%b5/%d1%84%d0%b0%d1%80%d1%81%d0%b8%d0%bc%d0%b5%d0%bd%d1%82-%d0%b4%d0%b0%d1%80%d1%83%d0%b3%d1%8e%d1%81/
[1076/2588] 200 https://www.medicsintegralsalut.com/uk/%d0%be%d0%b4%d0%b8%d0%bd%d0%b8%d1%86%d1%96-2/%d0%b5%d1%81%d1%82%d0%b5%d1%82%d0%b8%d1%87%d0%bd%d0%b0-%d1%85%d1%96%d1%80%d1%83%d1%80%d0%b3%d1%96%d1%8f-%d0%be%d0%b1%d0%bb%d0%b8%d1%87%d1%87%d1%8f/%d0%bd%d0%b0%d1%87%d0%b8%d0%bd%d0%ba%d0%b0-%d0%b7-%d1%80%d1%83%d0%bb%d0%b5%d1%82%d1%96%d0%b2/
[1077/2588] 200 https://www.medicsintegralsalut.com/ca/unitats/cirurgia-estetica-facial/farciment-darros/
[1078/2588] 200 https://www.medicsintegralsalut.com/en/units-2/cosmetic-body-medicine/liposuction-without-surgery/
[1079/2588] 200 https://www.medicsintegralsalut.com/fr/unites-2/medecine-esthetique-corporelle/liposuction-sans-chirurgie/
[1080/2588] 200 https://www.medicsintegralsalut.com/ru/%d1%8e%d0%bd%d0%b8%d1%82%d0%b0%d1%86/%d1%8d%d1%81%d1%82%d0%b5%d1%82%d0%b8%d1%87%d0%b5%d1%81%d0%ba%d0%b0%d1%8f-%d0%bc%d0%b5%d0%b4%d0%b8%d1%86%d0%b8%d0%bd%d0%b0-%d1%82%d0%b5%d0%bb%d0%b0/%d0%bb%d0%b8%d0%bf%d0%be%d1%81%d0%b0%d0%ba%d1%86%d0%b8%d1%8f-%d0%b1%d0%b5%d0%b7-%d0%be%d0%bf%d0%b5%d1%80%d0%b0%d1%86%d0%b8%d0%b8/
[1081/2588] 200 https://www.medicsintegralsalut.com/uk/%d0%be%d0%b4%d0%b8%d0%bd%d0%b8%d1%86%d1%96-2/%d0%b5%d1%81%d1%82%d0%b5%d1%82%d0%b8%d1%87%d0%bd%d0%b0-%d0%bc%d0%b5%d0%b4%d0%b8%d1%86%d0%b8%d0%bd%d0%b0-%d0%b4%d0%bb%d1%8f-%d1%82%d1%96%d0%bb%d0%b0/%d0%bb%d1%96%d0%bf%d0%be%d1%81%d0%b0%d0%ba%d1%86%d1%96%d1%8f-%d0%b1%d0%b5%d0%b7-%d1%85%d1%96%d1%80%d1%83%d1%80%d0%b3%d1%96%d1%87%d0%bd%d0%be%d0%b3%d0%be-%d0%b2%d1%82%d1%80%d1%83%d1%87%d0%b0%d0%bd/
[1082/2588] 200 https://www.medicsintegralsalut.com/ca/unitats/medicina-estetica-corporal/llipoescultura-no-invasiva/
[1083/2588] 200 https://www.medicsintegralsalut.com/en/units-2/cosmetic-body-medicine/
[1084/2588] 200 https://www.medicsintegralsalut.com/fr/unites-2/medecine-esthetique-corporelle/
[1085/2588] 200 https://www.medicsintegralsalut.com/ru/%d1%8e%d0%bd%d0%b8%d1%82%d0%b0%d1%86/%d1%8d%d1%81%d1%82%d0%b5%d1%82%d0%b8%d1%87%d0%b5%d1%81%d0%ba%d0%b0%d1%8f-%d0%bc%d0%b5%d0%b4%d0%b8%d1%86%d0%b8%d0%bd%d0%b0-%d1%82%d0%b5%d0%bb%d0%b0/
[1086/2588] 200 https://www.medicsintegralsalut.com/uk/%d0%be%d0%b4%d0%b8%d0%bd%d0%b8%d1%86%d1%96-2/%d0%b5%d1%81%d1%82%d0%b5%d1%82%d0%b8%d1%87%d0%bd%d0%b0-%d0%bc%d0%b5%d0%b4%d0%b8%d1%86%d0%b8%d0%bd%d0%b0-%d0%b4%d0%bb%d1%8f-%d1%82%d1%96%d0%bb%d0%b0/
[1087/2588] 200 https://www.medicsintegralsalut.com/ca/unitats/medicina-estetica-corporal/
[1088/2588] 200 https://www.medicsintegralsalut.com/en/units-2/aesthetic-cabinet/fruit-acid/
[1089/2588] 200 https://www.medicsintegralsalut.com/fr/unites-2/cabinet-desthetique/acides-de-fruits/
[1090/2588] 200 https://www.medicsintegralsalut.com/ru/%d1%8e%d0%bd%d0%b8%d1%82%d0%b0%d1%86/%d0%ba%d0%b0%d0%b1%d0%b8%d0%bd%d0%b5%d1%82-%d1%8d%d1%81%d1%82%d0%b5%d1%82%d0%b8%d0%ba%d0%b8-2/%d0%ba%d0%b8%d1%81%d0%bb%d0%be%d1%82%d0%b0-%d1%84%d1%80%d1%83%d0%ba%d1%82%d0%be%d0%b2%d0%b0%d1%8f/
[1091/2588] 200 https://www.medicsintegralsalut.com/uk/%d0%be%d0%b4%d0%b8%d0%bd%d0%b8%d1%86%d1%96-2/%d1%81%d0%b0%d0%bb%d0%be%d0%bd-%d0%ba%d1%80%d0%b0%d1%81%d0%b8-2/%d1%84%d1%80%d1%83%d0%ba%d1%82%d0%be%d0%b2%d1%96-%d0%ba%d0%b8%d1%81%d0%bb%d0%be%d1%82%d0%b8/
[1092/2588] 200 https://www.medicsintegralsalut.com/ca/unitats/gabinet-destetica/acid-de-fruites/
[1093/2588] 200 https://www.medicsintegralsalut.com/en/units-2/aesthetic-cabinet/
[1094/2588] 200 https://www.medicsintegralsalut.com/fr/unites-2/cabinet-desthetique/
[1095/2588] 200 https://www.medicsintegralsalut.com/ru/%d1%8e%d0%bd%d0%b8%d1%82%d0%b0%d1%86/%d0%ba%d0%b0%d0%b1%d0%b8%d0%bd%d0%b5%d1%82-%d1%8d%d1%81%d1%82%d0%b5%d1%82%d0%b8%d0%ba%d0%b8-2/
[1096/2588] 200 https://www.medicsintegralsalut.com/uk/%d0%be%d0%b4%d0%b8%d0%bd%d0%b8%d1%86%d1%96-2/%d1%81%d0%b0%d0%bb%d0%be%d0%bd-%d0%ba%d1%80%d0%b0%d1%81%d0%b8-2/
[1097/2588] 200 https://www.medicsintegralsalut.com/ca/unitats/gabinet-destetica/
[1098/2588] 200 https://www.medicsintegralsalut.com/en/units-2/aesthetic-cabinet/volume-reduction-girona/
[1099/2588] 200 https://www.medicsintegralsalut.com/fr/unites-2/cabinet-desthetique/reduction-de-volume-gerone/
[1100/2588] 500 https://www.medicsintegralsalut.com/ru/%d1%8e%d0%bd%d0%b8%d1%82%d0%b0%d1%86/%d0%ba%d0%b0%d0%b1%d0%b8%d0%bd%d0%b5%d1%82-%d1%8d%d1%81%d1%82%d0%b5%d1%82%d0%b8%d0%ba%d0%b8-2/%d1%83%d0%bc%d0%b5%d0%bd%d1%8c%d1%88%d0%b5%d0%bd%d0%b8%d0%b5-%d0%b3%d1%80%d0%be%d0%bc%d0%ba%d0%be%d1%81%d1%82%d0%b8-%d0%b6%d0%b8%d1%80%d0%be%d0%bd%d0%b0/
[1101/2588] 200 https://www.medicsintegralsalut.com/uk/%d0%be%d0%b4%d0%b8%d0%bd%d0%b8%d1%86%d1%96-2/%d1%81%d0%b0%d0%bb%d0%be%d0%bd-%d0%ba%d1%80%d0%b0%d1%81%d0%b8-2/%d0%b7%d0%bc%d0%b5%d0%bd%d1%88%d0%b5%d0%bd%d0%bd%d1%8f-%d0%be%d0%b1%d1%94%d0%bc%d1%83-%d0%b6%d0%b8%d1%80%d0%be%d0%bd%d0%b0/
[1102/2588] 200 https://www.medicsintegralsalut.com/ca/unitats/gabinet-destetica/reduccio-de-volum-girona/
[1103/2588] 200 https://www.medicsintegralsalut.com/en/units-2/cosmetic-facial-surgery/eyelid-surgery/
[1104/2588] 200 https://www.medicsintegralsalut.com/fr/unites-2/chirurgie-esthetique-du-visage/blepharoplastie/
[1105/2588] 200 https://www.medicsintegralsalut.com/ru/%d1%8e%d0%bd%d0%b8%d1%82%d0%b0%d1%86/%d0%bf%d0%bb%d0%b0%d1%81%d1%82%d0%b8%d1%87%d0%b5%d1%81%d0%ba%d0%b0%d1%8f-%d0%be%d0%bf%d0%b5%d1%80%d0%b0%d1%86%d0%b8%d1%8f-%d0%bd%d0%b0-%d0%bb%d0%b8%d1%86%d0%b5/%d0%b1%d0%bb%d0%b5%d1%84%d0%b0%d1%80%d0%be%d0%bf%d0%bb%d0%b0%d1%81%d1%82%d0%b8%d0%ba%d0%b0/
[1106/2588] 200 https://www.medicsintegralsalut.com/uk/%d0%be%d0%b4%d0%b8%d0%bd%d0%b8%d1%86%d1%96-2/%d0%b5%d1%81%d1%82%d0%b5%d1%82%d0%b8%d1%87%d0%bd%d0%b0-%d1%85%d1%96%d1%80%d1%83%d1%80%d0%b3%d1%96%d1%8f-%d0%be%d0%b1%d0%bb%d0%b8%d1%87%d1%87%d1%8f/%d0%b1%d0%bb%d0%b5%d1%84%d0%b0%d1%80%d0%be%d0%bf%d0%bb%d0%b0%d1%81%d1%82%d0%b8%d0%ba%d0%b0/
[1107/2588] 200 https://www.medicsintegralsalut.com/ca/unitats/cirurgia-estetica-facial/blefaroplastia/
[1108/2588] 200 https://www.medicsintegralsalut.com/en/units-2/body-contouring-surgery/liposuction/
[1109/2588] 200 https://www.medicsintegralsalut.com/fr/unites-2/chirurgie-esthetique-corporelle/liposuccion-2/
[1110/2588] 200 https://www.medicsintegralsalut.com/ru/%d1%8e%d0%bd%d0%b8%d1%82%d0%b0%d1%86/%d1%8d%d1%81%d1%82%d0%b5%d1%82%d0%b8%d1%87%d0%b5%d1%81%d0%ba%d0%b0%d1%8f-%d1%85%d0%b8%d1%80%d1%83%d1%80%d0%b3%d0%b8%d1%8f-%d1%82%d0%b5%d0%bb%d0%b0/%d0%bb%d0%b8%d0%bf%d0%be%d1%81%d0%b0%d0%ba%d1%86%d0%b8%d1%8f/
[1111/2588] 200 https://www.medicsintegralsalut.com/uk/%d0%be%d0%b4%d0%b8%d0%bd%d0%b8%d1%86%d1%96-2/%d0%b5%d1%81%d1%82%d0%b5%d1%82%d0%b8%d1%87%d0%bd%d0%b0-%d1%85%d1%96%d1%80%d1%83%d1%80%d0%b3%d1%96%d1%8f-%d1%82%d1%96%d0%bb%d0%b0/%d0%bb%d1%96%d0%bf%d0%be%d1%81%d0%b0%d0%ba%d1%86%d1%96%d1%8f/
[1112/2588] 200 https://www.medicsintegralsalut.com/ca/unitats/cirurgia-estetica-corporal/lipoescultura/
[1113/2588] 200 https://www.medicsintegralsalut.com/en/units-2/body-contouring-surgery/lifting-arms-and-legs/
[1114/2588] 200 https://www.medicsintegralsalut.com/fr/unites-2/chirurgie-esthetique-corporelle/halteres-pour-bras-et-pectoraux/
[1115/2588] 200 https://www.medicsintegralsalut.com/ru/%d1%8e%d0%bd%d0%b8%d1%82%d0%b0%d1%86/%d1%8d%d1%81%d1%82%d0%b5%d1%82%d0%b8%d1%87%d0%b5%d1%81%d0%ba%d0%b0%d1%8f-%d1%85%d0%b8%d1%80%d1%83%d1%80%d0%b3%d0%b8%d1%8f-%d1%82%d0%b5%d0%bb%d0%b0/%d0%bf%d0%be%d0%b4%d0%bd%d1%8f%d1%82%d0%b8%d0%b5-%d1%80%d1%83%d0%ba-%d0%b8-%d0%b1%d0%b5%d0%b4%d0%b5%d1%80/
[1116/2588] 200 https://www.medicsintegralsalut.com/uk/%d0%be%d0%b4%d0%b8%d0%bd%d0%b8%d1%86%d1%96-2/%d0%b5%d1%81%d1%82%d0%b5%d1%82%d0%b8%d1%87%d0%bd%d0%b0-%d1%85%d1%96%d1%80%d1%83%d1%80%d0%b3%d1%96%d1%8f-%d1%82%d1%96%d0%bb%d0%b0/%d0%bf%d1%96%d0%b4%d1%82%d1%8f%d0%b6%d0%ba%d0%b0-%d1%80%d1%83%d0%ba-%d1%96-%d0%bd%d1%96%d0%b3/
[1117/2588] 200 https://www.medicsintegralsalut.com/ca/unitats/cirurgia-estetica-corporal/aixecament-de-bracos-i-cames/
[1118/2588] 200 https://www.medicsintegralsalut.com/en/units-2/body-contouring-surgery/abdominoplasty/
[1119/2588] 200 https://www.medicsintegralsalut.com/fr/unites-2/chirurgie-esthetique-corporelle/abdominoplastie/
[1120/2588] 200 https://www.medicsintegralsalut.com/ru/%d1%8e%d0%bd%d0%b8%d1%82%d0%b0%d1%86/%d1%8d%d1%81%d1%82%d0%b5%d1%82%d0%b8%d1%87%d0%b5%d1%81%d0%ba%d0%b0%d1%8f-%d1%85%d0%b8%d1%80%d1%83%d1%80%d0%b3%d0%b8%d1%8f-%d1%82%d0%b5%d0%bb%d0%b0/%d0%b0%d0%b1%d0%b4%d0%be%d0%bc%d0%b8%d0%bd%d0%be%d0%bf%d0%bb%d0%b0%d1%81%d1%82%d0%b8%d0%ba%d0%b0/
[1121/2588] 200 https://www.medicsintegralsalut.com/uk/%d0%be%d0%b4%d0%b8%d0%bd%d0%b8%d1%86%d1%96-2/%d0%b5%d1%81%d1%82%d0%b5%d1%82%d0%b8%d1%87%d0%bd%d0%b0-%d1%85%d1%96%d1%80%d1%83%d1%80%d0%b3%d1%96%d1%8f-%d1%82%d1%96%d0%bb%d0%b0/%d0%b0%d0%b1%d0%b4%d0%be%d0%bc%d1%96%d0%bd%d0%be%d0%bf%d0%bb%d0%b0%d1%81%d1%82%d0%b8%d0%ba%d0%b0/
[1122/2588] 200 https://www.medicsintegralsalut.com/ca/unitats/cirurgia-estetica-corporal/abdominoplastia/
[1123/2588] 200 https://www.medicsintegralsalut.com/en/units-2/male-cosmetic-surgery-2/gynaecomastia/
[1124/2588] 200 https://www.medicsintegralsalut.com/fr/unites-2/chirurgie-esthetique-masculine-2/gynecomastie/
[1125/2588] 200 https://www.medicsintegralsalut.com/ru/%d1%8e%d0%bd%d0%b8%d1%82%d0%b0%d1%86/%d0%bc%d1%83%d0%b6%d1%81%d0%ba%d0%b0%d1%8f-%d0%bf%d0%bb%d0%b0%d1%81%d1%82%d0%b8%d1%87%d0%b5%d1%81%d0%ba%d0%b0%d1%8f-%d1%85%d0%b8%d1%80%d1%83%d1%80%d0%b3%d0%b8%d1%8f/%d0%b3%d0%b8%d0%bd%d0%b5%d0%ba%d0%be%d0%bc%d0%b0%d1%81%d1%82%d0%b8%d1%8f-2/
[1126/2588] 200 https://www.medicsintegralsalut.com/uk/%d0%be%d0%b4%d0%b8%d0%bd%d0%b8%d1%86%d1%96-2/%d1%87%d0%be%d0%bb%d0%be%d0%b2%d1%96%d1%87%d0%b0-%d0%b5%d1%81%d1%82%d0%b5%d1%82%d0%b8%d1%87%d0%bd%d0%b0-%d1%85%d1%96%d1%80%d1%83%d1%80%d0%b3%d1%96%d1%8f-2/%d0%b3%d1%96%d0%bd%d0%b5%d0%ba%d0%be%d0%bc%d0%b0%d1%81%d1%82%d1%96%d1%8f/
[1127/2588] 200 https://www.medicsintegralsalut.com/ca/unitats/cirurgia-estetica-masculina/ginecomastia/
[1128/2588] 200 https://www.medicsintegralsalut.com/en/units-2/male-cosmetic-surgery-2/eyelid-surgery/
[1129/2588] 200 https://www.medicsintegralsalut.com/fr/unites-2/chirurgie-esthetique-masculine-2/blepharoplastie/
[1130/2588] 200 https://www.medicsintegralsalut.com/ru/%d1%8e%d0%bd%d0%b8%d1%82%d0%b0%d1%86/%d0%bc%d1%83%d0%b6%d1%81%d0%ba%d0%b0%d1%8f-%d0%bf%d0%bb%d0%b0%d1%81%d1%82%d0%b8%d1%87%d0%b5%d1%81%d0%ba%d0%b0%d1%8f-%d1%85%d0%b8%d1%80%d1%83%d1%80%d0%b3%d0%b8%d1%8f/%d0%b1%d0%bb%d0%b5%d1%84%d0%b0%d1%80%d0%be%d0%bf%d0%bb%d0%b0%d1%81%d1%82%d0%b8%d0%ba%d0%b0/
[1131/2588] 200 https://www.medicsintegralsalut.com/uk/%d0%be%d0%b4%d0%b8%d0%bd%d0%b8%d1%86%d1%96-2/%d1%87%d0%be%d0%bb%d0%be%d0%b2%d1%96%d1%87%d0%b0-%d0%b5%d1%81%d1%82%d0%b5%d1%82%d0%b8%d1%87%d0%bd%d0%b0-%d1%85%d1%96%d1%80%d1%83%d1%80%d0%b3%d1%96%d1%8f-2/%d0%b1%d0%bb%d0%b5%d1%84%d0%b0%d1%80%d0%be%d0%bf%d0%bb%d0%b0%d1%81%d1%82%d0%b8%d0%ba%d0%b0/
[1132/2588] 200 https://www.medicsintegralsalut.com/ca/unitats/cirurgia-estetica-masculina/blefaroplastia/
[1133/2588] 200 https://www.medicsintegralsalut.com/en/units-2/male-cosmetic-surgery-2/chest-augmentation-2/
[1134/2588] 200 https://www.medicsintegralsalut.com/fr/unites-2/chirurgie-esthetique-masculine-2/augmentation-des-pectoraux/
[1135/2588] 200 https://www.medicsintegralsalut.com/ru/%d1%8e%d0%bd%d0%b8%d1%82%d0%b0%d1%86/%d0%bc%d1%83%d0%b6%d1%81%d0%ba%d0%b0%d1%8f-%d0%bf%d0%bb%d0%b0%d1%81%d1%82%d0%b8%d1%87%d0%b5%d1%81%d0%ba%d0%b0%d1%8f-%d1%85%d0%b8%d1%80%d1%83%d1%80%d0%b3%d0%b8%d1%8f/%d1%83%d0%b2%d0%b5%d0%bb%d0%b8%d1%87%d0%b5%d0%bd%d0%b8%d0%b5-%d0%b3%d1%80%d1%83%d0%b4%d0%bd%d1%8b%d1%85-%d0%bc%d1%8b%d1%88%d1%86/
[1136/2588] 200 https://www.medicsintegralsalut.com/uk/%d0%be%d0%b4%d0%b8%d0%bd%d0%b8%d1%86%d1%96-2/%d1%87%d0%be%d0%bb%d0%be%d0%b2%d1%96%d1%87%d0%b0-%d0%b5%d1%81%d1%82%d0%b5%d1%82%d0%b8%d1%87%d0%bd%d0%b0-%d1%85%d1%96%d1%80%d1%83%d1%80%d0%b3%d1%96%d1%8f-2/%d0%b7%d0%b1%d1%96%d0%bb%d1%8c%d1%88%d0%b5%d0%bd%d0%bd%d1%8f-%d0%b3%d1%80%d1%83%d0%b4%d0%bd%d0%b8%d1%85-%d0%bc%d1%8f%d0%b7%d1%96%d0%b2/
[1137/2588] 200 https://www.medicsintegralsalut.com/ca/unitats/cirurgia-estetica-masculina/augment-de-pectoral/
[1138/2588] 200 https://www.medicsintegralsalut.com/en/units-2/cosmetic-facial-surgery/neck-and-jowl-lift/
[1139/2588] 200 https://www.medicsintegralsalut.com/fr/unites-2/chirurgie-esthetique-du-visage/minilift-du-cou-et-du-menton/
[1140/2588] 200 https://www.medicsintegralsalut.com/ru/%d1%8e%d0%bd%d0%b8%d1%82%d0%b0%d1%86/%d0%bf%d0%bb%d0%b0%d1%81%d1%82%d0%b8%d1%87%d0%b5%d1%81%d0%ba%d0%b0%d1%8f-%d0%be%d0%bf%d0%b5%d1%80%d0%b0%d1%86%d0%b8%d1%8f-%d0%bd%d0%b0-%d0%bb%d0%b8%d1%86%d0%b5/%d0%bc%d0%b8%d0%bd%d0%b8-%d0%bb%d0%b8%d1%84%d1%82%d0%b8%d0%bd%d0%b3-%d1%88%d0%b5%d0%b8-%d0%b8-%d0%bf%d0%be%d0%b4%d0%b1%d0%be%d1%80%d0%be%d0%b4%d0%ba%d0%b0/
[1141/2588] 200 https://www.medicsintegralsalut.com/uk/%d0%be%d0%b4%d0%b8%d0%bd%d0%b8%d1%86%d1%96-2/%d0%b5%d1%81%d1%82%d0%b5%d1%82%d0%b8%d1%87%d0%bd%d0%b0-%d1%85%d1%96%d1%80%d1%83%d1%80%d0%b3%d1%96%d1%8f-%d0%be%d0%b1%d0%bb%d0%b8%d1%87%d1%87%d1%8f/%d0%bc%d1%96%d0%bd%d1%96%d0%bb%d1%96%d1%84%d1%82%d0%b8%d0%bd%d0%b3-%d1%88%d0%b8%d1%97-%d1%82%d0%b0-%d0%bf%d0%be%d0%b4%d0%b2%d1%96%d0%b9%d0%bd%d0%be%d0%b3%d0%be-%d0%bf%d1%96%d0%b4%d0%b1%d0%be%d1%80-2/
[1142/2588] 200 https://www.medicsintegralsalut.com/ca/unitats/cirurgia-estetica-facial/minilifting-de-coll-i-papada/
[1143/2588] 200 https://www.medicsintegralsalut.com/en/units-2/cosmetic-medicine-unit-girona/
[1144/2588] 200 https://www.medicsintegralsalut.com/fr/unites-2/unite-de-medecine-cosmetique-gerone/
[1145/2588] 200 https://www.medicsintegralsalut.com/ru/%d1%8e%d0%bd%d0%b8%d1%82%d0%b0%d1%86/%d0%be%d1%82%d0%b4%d0%b5%d0%bb%d0%b5%d0%bd%d0%b8%d0%b5-%d0%ba%d0%be%d1%81%d0%bc%d0%b5%d1%82%d0%b8%d1%87%d0%b5%d1%81%d0%ba%d0%be%d0%b9-%d0%bc%d0%b5%d0%b4%d0%b8%d1%86%d0%b8%d0%bd%d1%8b-%d0%b6%d0%b8/
[1146/2588] 200 https://www.medicsintegralsalut.com/uk/%d0%be%d0%b4%d0%b8%d0%bd%d0%b8%d1%86%d1%96-2/%d0%b2%d1%96%d0%b4%d0%b4%d1%96%d0%bb%d0%b5%d0%bd%d0%bd%d1%8f-%d0%ba%d0%be%d1%81%d0%bc%d0%b5%d1%82%d0%b8%d1%87%d0%bd%d0%be%d1%97-%d0%bc%d0%b5%d0%b4%d0%b8%d1%86%d0%b8%d0%bd%d0%b8-%d0%b2-%d0%b6%d0%b8/
[1147/2588] 200 https://www.medicsintegralsalut.com/ca/unitats/unitat-de-medicina-cosmetica-girona/
[1148/2588] 200 https://www.medicsintegralsalut.com/en/units-2/overweight-and-obesity/bariatric-surgery/gastrectomia-vertical/
[1149/2588] 200 https://www.medicsintegralsalut.com/fr/unites-2/surpoids-et-obesite/chirurgie-bariatrique/gastrectomie-verticale/
[1150/2588] 200 https://www.medicsintegralsalut.com/ru/%d1%8e%d0%bd%d0%b8%d1%82%d0%b0%d1%86/%d0%b8%d0%b7%d0%b1%d1%8b%d1%82%d0%be%d1%87%d0%bd%d1%8b%d0%b9-%d0%b2%d0%b5%d1%81-%d0%b8-%d0%be%d0%b6%d0%b8%d1%80%d0%b5%d0%bd%d0%b8%d0%b5/%d0%b1%d0%b0%d1%80%d0%b8%d0%b0%d1%82%d1%80%d0%b8%d1%87%d0%b5%d1%81%d0%ba%d0%b0%d1%8f-%d1%85%d0%b8%d1%80%d1%83%d1%80%d0%b3%d0%b8%d1%8f/%d0%b2%d0%b5%d1%80%d1%82%d0%b8%d0%ba%d0%b0%d0%bb%d1%8c%d0%bd%d0%b0%d1%8f-%d0%b3%d0%b0%d1%81%d1%82%d1%80%d1%8d%d0%ba%d1%82%d0%be%d0%bc%d0%b8%d1%8f/
[1151/2588] 200 https://www.medicsintegralsalut.com/uk/%d0%be%d0%b4%d0%b8%d0%bd%d0%b8%d1%86%d1%96-2/%d0%bd%d0%b0%d0%b4%d0%bc%d1%96%d1%80%d0%bd%d0%b0-%d0%b2%d0%b0%d0%b3%d0%b0-%d1%82%d0%b0-%d0%be%d0%b6%d0%b8%d1%80%d1%96%d0%bd%d0%bd%d1%8f/%d0%b1%d0%b0%d1%80%d1%96%d0%b0%d1%82%d1%80%d0%b8%d1%87%d0%bd%d0%b0-%d1%85%d1%96%d1%80%d1%83%d1%80%d0%b3%d1%96%d1%8f/%d0%b2%d0%b5%d1%80%d1%82%d0%b8%d0%ba%d0%b0%d0%bb%d1%8c%d0%bd%d0%b0-%d0%b3%d0%b0%d1%81%d1%82%d1%80%d0%b5%d0%ba%d1%82%d0%be%d0%bc%d1%96%d1%8f/
[1152/2588] 200 https://www.medicsintegralsalut.com/ca/unitats/sobrepes-i-obesitat/cirurgia-bariatrica/gastrectomia-vertical/
[1153/2588] 200 https://www.medicsintegralsalut.com/en/funding/
[1154/2588] 200 https://www.medicsintegralsalut.com/fr/financement-2/
[1155/2588] 200 https://www.medicsintegralsalut.com/ru/%d1%84%d0%b8%d0%bd%d0%b0%d0%bd%d1%81%d0%b8%d1%80%d0%be%d0%b2%d0%b0%d0%bd%d0%b8%d0%b5-2/
[1156/2588] 200 https://www.medicsintegralsalut.com/uk/%d1%84%d1%96%d0%bd%d0%b0%d0%bd%d1%81%d1%83%d0%b2%d0%b0%d0%bd%d0%bd%d1%8f-2/
[1157/2588] 200 https://www.medicsintegralsalut.com/ca/financament/
[1158/2588] 200 https://www.medicsintegralsalut.com/en/beauty-days-blepharoplasty/
[1159/2588] 200 https://www.medicsintegralsalut.com/fr/beauty-days-blepharoplastie/
[1160/2588] 200 https://www.medicsintegralsalut.com/ru/%d0%b4%d0%bd%d0%b8-%d0%ba%d1%80%d0%b0%d1%81%d0%be%d1%82%d1%8b-%d0%b1%d0%bb%d0%b5%d1%84%d0%b0%d1%80%d0%be%d0%bf%d0%bb%d0%b0%d1%81%d1%82%d0%b8%d0%ba%d0%b0/
[1161/2588] 200 https://www.medicsintegralsalut.com/uk/beauty-days-%d0%b1%d0%bb%d0%b5%d1%84%d0%b0%d1%80%d0%be%d0%bf%d0%bb%d0%b0%d1%81%d1%82%d0%b8%d0%ba%d0%b0/
[1162/2588] 200 https://www.medicsintegralsalut.com/ca/dies-de-bellesa-blefaroplastia/
[1163/2588] 200 https://www.medicsintegralsalut.com/en/units-2/aesthetic-cabinet/get-rid-of-cellulite/
[1164/2588] 200 https://www.medicsintegralsalut.com/fr/unites-2/cabinet-desthetique/eliminer-la-cellulite/
[1165/2588] 200 https://www.medicsintegralsalut.com/ru/%d1%8e%d0%bd%d0%b8%d1%82%d0%b0%d1%86/%d0%ba%d0%b0%d0%b1%d0%b8%d0%bd%d0%b5%d1%82-%d1%8d%d1%81%d1%82%d0%b5%d1%82%d0%b8%d0%ba%d0%b8-2/%d1%83%d1%81%d1%82%d1%80%d0%b0%d0%bd%d0%b8%d1%82%d1%8c-%d1%86%d0%b5%d0%bb%d0%bb%d1%8e%d0%bb%d0%b8%d1%82/
[1166/2588] 200 https://www.medicsintegralsalut.com/uk/%d0%be%d0%b4%d0%b8%d0%bd%d0%b8%d1%86%d1%96-2/%d1%81%d0%b0%d0%bb%d0%be%d0%bd-%d0%ba%d1%80%d0%b0%d1%81%d0%b8-2/%d0%bf%d0%be%d0%b7%d0%b1%d1%83%d1%82%d0%b8%d1%81%d1%8f-%d1%86%d0%b5%d0%bb%d1%8e%d0%bb%d1%96%d1%82%d1%83/
[1167/2588] 200 https://www.medicsintegralsalut.com/ca/unitats/gabinet-destetica/eliminar-cel%c2%b7lulitis/
[1168/2588] 200 https://www.medicsintegralsalut.com/en/contact-2/
[1169/2588] 200 https://www.medicsintegralsalut.com/fr/les-gens/
[1170/2588] 200 https://www.medicsintegralsalut.com/ru/%d0%ba%d0%be%d0%bd%d1%82%d0%b0%d0%ba%d1%82%d0%b5/
[1171/2588] 200 https://www.medicsintegralsalut.com/uk/%d0%b7%d0%b2%d1%8f%d0%b6%d1%96%d1%82%d1%8c%d1%81%d1%8f/
[1172/2588] 200 https://www.medicsintegralsalut.com/ca/contacte/
[1173/2588] 200 https://www.medicsintegralsalut.com/en/medical-supplies/
[1174/2588] 200 https://www.medicsintegralsalut.com/fr/medecins-integres-salut/
[1175/2588] 200 https://www.medicsintegralsalut.com/ru/%d0%bc%d0%b5%d0%b4%d0%b8%d1%86%d0%b8%d0%bd%d1%81%d0%ba%d0%b8%d0%b9-%d0%b8%d0%bd%d1%82%d0%b5%d0%b3%d1%80%d0%b0%d0%bb-%d0%bf%d1%80%d0%b8%d0%b2%d0%b5%d1%82/
[1176/2588] 200 https://www.medicsintegralsalut.com/uk/medics-integral-salut/
[1177/2588] 200 https://www.medicsintegralsalut.com/ca/medics-integral-salut/
[1178/2588] 200 https://www.medicsintegralsalut.com/en/medical-unit/
[1179/2588] 200 https://www.medicsintegralsalut.com/fr/equipement-du-cadre-medical/
[1180/2588] 200 https://www.medicsintegralsalut.com/ru/%d1%8d%d0%ba%d0%b8%d0%bf%d0%b8%d1%80%d0%be%d0%b2%d0%b0%d1%82%d1%8c-%d0%ba%d0%b2%d0%b0%d0%b4%d1%80%d0%b5-%d0%bc%d0%b5%d0%b4%d0%b8%d0%ba/
[1181/2588] 200 https://www.medicsintegralsalut.com/uk/%d0%bc%d0%b5%d0%b4%d0%b8%d1%87%d0%bd%d0%b8%d0%b9-%d0%ba%d0%be%d0%bb%d0%b5%d0%ba%d1%82%d0%b8%d0%b2/
[1182/2588] 200 https://www.medicsintegralsalut.com/ca/equip-medic-del-quadre/
[1183/2588] 200 https://www.medicsintegralsalut.com/en/units-2/facial-aesthetic-medicine/
[1184/2588] 200 https://www.medicsintegralsalut.com/fr/unites-2/medecine-esthetique-faciale/
[1185/2588] 200 https://www.medicsintegralsalut.com/ru/%d1%8e%d0%bd%d0%b8%d1%82%d0%b0%d1%86/%d1%8d%d1%81%d1%82%d0%b5%d1%82%d0%b8%d1%87%d0%b5%d1%81%d0%ba%d0%b0%d1%8f-%d0%bc%d0%b5%d0%b4%d0%b8%d1%86%d0%b8%d0%bd%d0%b0-%d0%bb%d0%b8%d1%86%d0%b0/
[1186/2588] 200 https://www.medicsintegralsalut.com/uk/%d0%be%d0%b4%d0%b8%d0%bd%d0%b8%d1%86%d1%96-2/%d0%b5%d1%81%d1%82%d0%b5%d1%82%d0%b8%d1%87%d0%bd%d0%b0-%d0%bc%d0%b5%d0%b4%d0%b8%d1%86%d0%b8%d0%bd%d0%b0-%d0%b4%d0%bb%d1%8f-%d0%be%d0%b1%d0%bb%d0%b8%d1%87%d1%87%d1%8f/
[1187/2588] 200 https://www.medicsintegralsalut.com/ca/unitats/medicina-estetica-facial/
[1188/2588] 200 https://www.medicsintegralsalut.com/en/units-2/cosmetic-body-medicine/cellulite/
[1189/2588] 200 https://www.medicsintegralsalut.com/fr/unites-2/medecine-esthetique-corporelle/cellulite/
[1190/2588] 200 https://www.medicsintegralsalut.com/ru/%d1%8e%d0%bd%d0%b8%d1%82%d0%b0%d1%86/%d1%8d%d1%81%d1%82%d0%b5%d1%82%d0%b8%d1%87%d0%b5%d1%81%d0%ba%d0%b0%d1%8f-%d0%bc%d0%b5%d0%b4%d0%b8%d1%86%d0%b8%d0%bd%d0%b0-%d1%82%d0%b5%d0%bb%d0%b0/%d1%86%d0%b5%d0%bb%d0%bb%d1%8e%d0%bb%d0%b8%d1%82/
[1191/2588] 200 https://www.medicsintegralsalut.com/uk/%d0%be%d0%b4%d0%b8%d0%bd%d0%b8%d1%86%d1%96-2/%d0%b5%d1%81%d1%82%d0%b5%d1%82%d0%b8%d1%87%d0%bd%d0%b0-%d0%bc%d0%b5%d0%b4%d0%b8%d1%86%d0%b8%d0%bd%d0%b0-%d0%b4%d0%bb%d1%8f-%d1%82%d1%96%d0%bb%d0%b0/%d1%86%d0%b5%d0%bb%d1%8e%d0%bb%d1%96%d1%82/
[1192/2588] 200 https://www.medicsintegralsalut.com/ca/unitats/medicina-estetica-corporal/cel%c2%b7lulitis/
[1193/2588] 200 https://www.medicsintegralsalut.com/en/units-2/aesthetic-cabinet/detoxifying-2/
[1194/2588] 200 https://www.medicsintegralsalut.com/fr/unites-2/cabinet-desthetique/detoxifiant/
[1195/2588] 200 https://www.medicsintegralsalut.com/ru/%d1%8e%d0%bd%d0%b8%d1%82%d0%b0%d1%86/%d0%ba%d0%b0%d0%b1%d0%b8%d0%bd%d0%b5%d1%82-%d1%8d%d1%81%d1%82%d0%b5%d1%82%d0%b8%d0%ba%d0%b8-2/%d0%b4%d0%b5%d1%82%d0%be%d0%ba%d1%81%d0%b8%d0%ba%d0%b0%d0%bd%d1%82-2/
[1196/2588] 200 https://www.medicsintegralsalut.com/uk/%d0%be%d0%b4%d0%b8%d0%bd%d0%b8%d1%86%d1%96-2/%d1%81%d0%b0%d0%bb%d0%be%d0%bd-%d0%ba%d1%80%d0%b0%d1%81%d0%b8-2/%d0%b4%d0%b5%d1%82%d0%be%d0%ba%d1%81%d0%b8%d0%ba%d0%b0%d0%bd%d1%82/
[1197/2588] 200 https://www.medicsintegralsalut.com/ca/unitats/gabinet-destetica/desintoxicant/
[1198/2588] 200 https://www.medicsintegralsalut.com/en/units-2/aesthetic-cabinet/clearance/
[1199/2588] 200 https://www.medicsintegralsalut.com/fr/unites-2/cabinet-desthetique/hidreclat/
[1200/2588] 200 https://www.medicsintegralsalut.com/ru/%d1%8e%d0%bd%d0%b8%d1%82%d0%b0%d1%86/%d0%ba%d0%b0%d0%b1%d0%b8%d0%bd%d0%b5%d1%82-%d1%8d%d1%81%d1%82%d0%b5%d1%82%d0%b8%d0%ba%d0%b8-2/%d1%85%d0%b8%d0%b4%d1%80%d0%b5%d0%ba%d0%bb%d0%b0%d1%82/
[1201/2588] 200 https://www.medicsintegralsalut.com/uk/%d0%be%d0%b4%d0%b8%d0%bd%d0%b8%d1%86%d1%96-2/%d1%81%d0%b0%d0%bb%d0%be%d0%bd-%d0%ba%d1%80%d0%b0%d1%81%d0%b8-2/%d0%b3%d1%96%d0%b4%d1%80%d0%b5%d0%ba%d0%bb%d0%b0%d1%82/
[1202/2588] 200 https://www.medicsintegralsalut.com/ca/unitats/gabinet-destetica/hidroclorat/
[1203/2588] 200 https://www.medicsintegralsalut.com/en/units-2/cosmetic-facial-surgery/nasal-septum-piercing-2/
[1204/2588] 200 https://www.medicsintegralsalut.com/fr/unites-2/chirurgie-esthetique-du-visage/perforation-de-la-cloison-nasale-2/
[1205/2588] 200 https://www.medicsintegralsalut.com/ru/%d1%8e%d0%bd%d0%b8%d1%82%d0%b0%d1%86/%d0%bf%d0%bb%d0%b0%d1%81%d1%82%d0%b8%d1%87%d0%b5%d1%81%d0%ba%d0%b0%d1%8f-%d0%be%d0%bf%d0%b5%d1%80%d0%b0%d1%86%d0%b8%d1%8f-%d0%bd%d0%b0-%d0%bb%d0%b8%d1%86%d0%b5/%d0%bf%d0%b5%d1%80%d1%84%d0%be%d1%80%d0%b0%d1%86%d0%b8%d1%8f-%d0%bd%d0%be%d1%81%d0%be%d0%b2%d0%be%d0%b9-%d0%bf%d0%b5%d1%80%d0%b5%d0%b3%d0%be%d1%80%d0%be%d0%b4%d0%ba%d0%b8/
[1206/2588] 200 https://www.medicsintegralsalut.com/uk/%d0%be%d0%b4%d0%b8%d0%bd%d0%b8%d1%86%d1%96-2/%d0%b5%d1%81%d1%82%d0%b5%d1%82%d0%b8%d1%87%d0%bd%d0%b0-%d1%85%d1%96%d1%80%d1%83%d1%80%d0%b3%d1%96%d1%8f-%d0%be%d0%b1%d0%bb%d0%b8%d1%87%d1%87%d1%8f/%d0%bf%d0%b5%d1%80%d1%84%d0%be%d1%80%d0%b0%d1%86%d1%96%d1%8f-%d0%bd%d0%be%d1%81%d0%be%d0%b2%d0%be%d1%97-%d0%bf%d0%b5%d1%80%d0%b5%d0%b3%d0%be%d1%80%d0%be%d0%b4%d0%ba%d0%b8-2/
[1207/2588] 200 https://www.medicsintegralsalut.com/ca/unitats/cirurgia-estetica-facial/perforacio-del-tabic-nasal-2/
[1208/2588] 200 https://www.medicsintegralsalut.com/en/units-2/cosmetic-facial-surgery/otoplasty/
[1209/2588] 200 https://www.medicsintegralsalut.com/fr/unites-2/chirurgie-esthetique-du-visage/otoplastie/
[1210/2588] 200 https://www.medicsintegralsalut.com/ru/%d1%8e%d0%bd%d0%b8%d1%82%d0%b0%d1%86/%d0%bf%d0%bb%d0%b0%d1%81%d1%82%d0%b8%d1%87%d0%b5%d1%81%d0%ba%d0%b0%d1%8f-%d0%be%d0%bf%d0%b5%d1%80%d0%b0%d1%86%d0%b8%d1%8f-%d0%bd%d0%b0-%d0%bb%d0%b8%d1%86%d0%b5/%d0%be%d1%82%d0%be%d0%bf%d0%bb%d0%b0%d1%81%d1%82%d0%b8%d0%ba%d0%b0/
[1211/2588] 200 https://www.medicsintegralsalut.com/uk/%d0%be%d0%b4%d0%b8%d0%bd%d0%b8%d1%86%d1%96-2/%d0%b5%d1%81%d1%82%d0%b5%d1%82%d0%b8%d1%87%d0%bd%d0%b0-%d1%85%d1%96%d1%80%d1%83%d1%80%d0%b3%d1%96%d1%8f-%d0%be%d0%b1%d0%bb%d0%b8%d1%87%d1%87%d1%8f/%d0%be%d1%82%d0%be%d0%bf%d0%bb%d0%b0%d1%81%d1%82%d0%b8%d0%ba%d0%b0/
[1212/2588] 200 https://www.medicsintegralsalut.com/ca/unitats/cirurgia-estetica-facial/otoplastia/
[1213/2588] 200 https://www.medicsintegralsalut.com/en/units-2/body-contouring-surgery/body-fat-transfer/
[1214/2588] 200 https://www.medicsintegralsalut.com/fr/unites-2/chirurgie-esthetique-corporelle/lipofilling-corporel/
[1215/2588] 200 https://www.medicsintegralsalut.com/ru/%d1%8e%d0%bd%d0%b8%d1%82%d0%b0%d1%86/%d1%8d%d1%81%d1%82%d0%b5%d1%82%d0%b8%d1%87%d0%b5%d1%81%d0%ba%d0%b0%d1%8f-%d1%85%d0%b8%d1%80%d1%83%d1%80%d0%b3%d0%b8%d1%8f-%d1%82%d0%b5%d0%bb%d0%b0/%d0%bb%d0%b8%d0%bf%d0%be%d1%84%d0%b8%d0%bb%d0%b8%d0%bd%d0%b3-%d1%82%d0%b5%d0%bb%d0%b0/
[1216/2588] 200 https://www.medicsintegralsalut.com/uk/%d0%be%d0%b4%d0%b8%d0%bd%d0%b8%d1%86%d1%96-2/%d0%b5%d1%81%d1%82%d0%b5%d1%82%d0%b8%d1%87%d0%bd%d0%b0-%d1%85%d1%96%d1%80%d1%83%d1%80%d0%b3%d1%96%d1%8f-%d1%82%d1%96%d0%bb%d0%b0/%d0%bb%d1%96%d0%bf%d0%be%d1%84%d1%96%d0%bb%d1%96%d0%bd%d0%b3-%d1%82%d1%96%d0%bb%d0%b0/
[1217/2588] 200 https://www.medicsintegralsalut.com/ca/unitats/cirurgia-estetica-corporal/lipofilling-corporal/
[1218/2588] 200 https://www.medicsintegralsalut.com/en/units-2/male-cosmetic-surgery-2/neck-and-double-chin-lift-2/
[1219/2588] 200 https://www.medicsintegralsalut.com/fr/unites-2/chirurgie-esthetique-masculine-2/lifting-du-cou-et-du-menton-2/
[1220/2588] 200 https://www.medicsintegralsalut.com/ru/%d1%8e%d0%bd%d0%b8%d1%82%d0%b0%d1%86/%d0%bc%d1%83%d0%b6%d1%81%d0%ba%d0%b0%d1%8f-%d0%bf%d0%bb%d0%b0%d1%81%d1%82%d0%b8%d1%87%d0%b5%d1%81%d0%ba%d0%b0%d1%8f-%d1%85%d0%b8%d1%80%d1%83%d1%80%d0%b3%d0%b8%d1%8f/%d0%bf%d0%be%d0%b4%d1%82%d1%8f%d0%b6%d0%ba%d0%b0-%d1%88%d0%b5%d0%b8-%d0%b8-%d0%bf%d0%be%d0%b4%d0%b1%d0%be%d1%80%d0%be%d0%b4%d0%ba%d0%b0-2/
[1221/2588] 200 https://www.medicsintegralsalut.com/uk/%d0%be%d0%b4%d0%b8%d0%bd%d0%b8%d1%86%d1%96-2/%d1%87%d0%be%d0%bb%d0%be%d0%b2%d1%96%d1%87%d0%b0-%d0%b5%d1%81%d1%82%d0%b5%d1%82%d0%b8%d1%87%d0%bd%d0%b0-%d1%85%d1%96%d1%80%d1%83%d1%80%d0%b3%d1%96%d1%8f-2/%d0%bf%d1%96%d0%b4%d1%82%d1%8f%d0%b6%d0%ba%d0%b0-%d1%88%d0%b8%d1%97-%d1%82%d0%b0-%d0%bf%d0%be%d0%b4%d0%b2%d1%96%d0%b9%d0%bd%d0%be%d0%b3%d0%be-%d0%bf%d1%96%d0%b4%d0%b1%d0%be%d1%80%d1%96%d0%b4%d0%b4/
[1222/2588] 200 https://www.medicsintegralsalut.com/ca/unitats/cirurgia-estetica-masculina/lifting-de-coll-i-papada/
[1223/2588] 200 https://www.medicsintegralsalut.com/en/units-2/facial-aesthetic-medicine/expression-wrinkles/
[1224/2588] 200 https://www.medicsintegralsalut.com/fr/unites-2/medecine-esthetique-faciale/rides-dexpression-2/
[1225/2588] 200 https://www.medicsintegralsalut.com/ru/%d1%8e%d0%bd%d0%b8%d1%82%d0%b0%d1%86/%d1%8d%d1%81%d1%82%d0%b5%d1%82%d0%b8%d1%87%d0%b5%d1%81%d0%ba%d0%b0%d1%8f-%d0%bc%d0%b5%d0%b4%d0%b8%d1%86%d0%b8%d0%bd%d0%b0-%d0%bb%d0%b8%d1%86%d0%b0/%d0%bc%d0%be%d1%80%d1%89%d0%b8%d0%bd%d1%8b-%d0%be%d1%82-%d1%83%d0%bb%d1%8b%d0%b1%d0%ba%d0%b8/
[1226/2588] 200 https://www.medicsintegralsalut.com/uk/%d0%be%d0%b4%d0%b8%d0%bd%d0%b8%d1%86%d1%96-2/%d0%b5%d1%81%d1%82%d0%b5%d1%82%d0%b8%d1%87%d0%bd%d0%b0-%d0%bc%d0%b5%d0%b4%d0%b8%d1%86%d0%b8%d0%bd%d0%b0-%d0%b4%d0%bb%d1%8f-%d0%be%d0%b1%d0%bb%d0%b8%d1%87%d1%87%d1%8f/%d0%bc%d1%96%d0%bc%d1%96%d1%87%d0%bd%d1%96-%d0%b7%d0%bc%d0%be%d1%80%d1%88%d0%ba%d0%b8-2/
[1227/2588] 200 https://www.medicsintegralsalut.com/ca/unitats/medicina-estetica-facial/arrugues-dexpressio/
[1228/2588] 200 https://www.medicsintegralsalut.com/en/units-2/overweight-and-obesity/inedible-balloon-ellipse/
[1229/2588] 200 https://www.medicsintegralsalut.com/fr/unites-2/surpoids-et-obesite/balle-ingerable-ellipse/
[1230/2588] 200 https://www.medicsintegralsalut.com/ru/%d1%8e%d0%bd%d0%b8%d1%82%d0%b0%d1%86/%d0%b8%d0%b7%d0%b1%d1%8b%d1%82%d0%be%d1%87%d0%bd%d1%8b%d0%b9-%d0%b2%d0%b5%d1%81-%d0%b8-%d0%be%d0%b6%d0%b8%d1%80%d0%b5%d0%bd%d0%b8%d0%b5/%d0%b1%d0%b0%d0%bb%d0%be-%d0%bd%d0%b5%d1%81%d1%8a%d0%b5%d0%b4%d0%be%d0%b1%d0%bd%d1%8b%d0%b9-%d1%8d%d0%bb%d0%bb%d0%b8%d0%bf%d1%81/
[1231/2588] 200 https://www.medicsintegralsalut.com/uk/%d0%be%d0%b4%d0%b8%d0%bd%d0%b8%d1%86%d1%96-2/%d0%bd%d0%b0%d0%b4%d0%bc%d1%96%d1%80%d0%bd%d0%b0-%d0%b2%d0%b0%d0%b3%d0%b0-%d1%82%d0%b0-%d0%be%d0%b6%d0%b8%d1%80%d1%96%d0%bd%d0%bd%d1%8f/%d0%ba%d0%be%d0%b2%d1%82%d0%b0%d0%bb%d1%8c%d0%bd%d0%b0-%d0%ba%d0%b0%d0%bf%d1%81%d1%83%d0%bb%d0%b0-%d1%83-%d1%84%d0%be%d1%80%d0%bc%d1%96-%d0%b5%d0%bb%d1%96%d0%bf%d1%81%d0%b0/
[1232/2588] 200 https://www.medicsintegralsalut.com/ca/unitats/sobrepes-i-obesitat/balo-ingerible-el%c2%b7lipse/
[1233/2588] 200 https://www.medicsintegralsalut.com/en/units-2/overweight-and-obesity/six-months-old/
[1234/2588] 200 https://www.medicsintegralsalut.com/fr/unites-2/surpoids-et-obesite/balo-6-mois/
[1235/2588] 200 https://www.medicsintegralsalut.com/ru/%d1%8e%d0%bd%d0%b8%d1%82%d0%b0%d1%86/%d0%b8%d0%b7%d0%b1%d1%8b%d1%82%d0%be%d1%87%d0%bd%d1%8b%d0%b9-%d0%b2%d0%b5%d1%81-%d0%b8-%d0%be%d0%b6%d0%b8%d1%80%d0%b5%d0%bd%d0%b8%d0%b5/%d0%b1%d0%b0%d0%bb%d0%be-6-%d0%bc%d0%b5%d1%81%d0%be%d1%81/
[1236/2588] 200 https://www.medicsintegralsalut.com/uk/%d0%be%d0%b4%d0%b8%d0%bd%d0%b8%d1%86%d1%96-2/%d0%bd%d0%b0%d0%b4%d0%bc%d1%96%d1%80%d0%bd%d0%b0-%d0%b2%d0%b0%d0%b3%d0%b0-%d1%82%d0%b0-%d0%be%d0%b6%d0%b8%d1%80%d1%96%d0%bd%d0%bd%d1%8f/6-%d0%bc%d1%96%d1%81%d1%8f%d1%86%d1%96%d0%b2/
[1237/2588] 200 https://www.medicsintegralsalut.com/ca/unitats/sobrepes-i-obesitat/6-mesos/
[1238/2588] 200 https://www.medicsintegralsalut.com/en/units-2/overweight-and-obesity/12-month-adjustable-backpack/
[1239/2588] 200 https://www.medicsintegralsalut.com/fr/unites-2/surpoids-et-obesite/12-mois-reajustables/
[1240/2588] 200 https://www.medicsintegralsalut.com/ru/%d1%8e%d0%bd%d0%b8%d1%82%d0%b0%d1%86/%d0%b8%d0%b7%d0%b1%d1%8b%d1%82%d0%be%d1%87%d0%bd%d1%8b%d0%b9-%d0%b2%d0%b5%d1%81-%d0%b8-%d0%be%d0%b6%d0%b8%d1%80%d0%b5%d0%bd%d0%b8%d0%b5/%d0%b1%d0%b0%d0%bb%d0%be-12-%d0%bc%d0%b5%d1%81%d1%8f%d1%86%d0%b5%d0%b2-%d1%80%d0%b5%d0%b3%d1%83%d0%bb%d0%b8%d1%80%d1%83%d0%b5%d0%bc%d0%be%d0%b5/
[1241/2588] 200 https://www.medicsintegralsalut.com/uk/%d0%be%d0%b4%d0%b8%d0%bd%d0%b8%d1%86%d1%96-2/%d0%bd%d0%b0%d0%b4%d0%bc%d1%96%d1%80%d0%bd%d0%b0-%d0%b2%d0%b0%d0%b3%d0%b0-%d1%82%d0%b0-%d0%be%d0%b6%d0%b8%d1%80%d1%96%d0%bd%d0%bd%d1%8f/12-%d0%bc%d1%96%d1%81%d1%8f%d1%86%d1%96%d0%b2-%d0%b7-%d0%bc%d0%be%d0%b6%d0%bb%d0%b8%d0%b2%d1%96%d1%81%d1%82%d1%8e-%d0%bf%d0%b5%d1%80%d0%b5%d0%b3%d0%bb%d1%8f%d0%b4%d1%83/
[1242/2588] 200 https://www.medicsintegralsalut.com/ca/unitats/sobrepes-i-obesitat/12-mesos-reajustable/
[1243/2588] 200 https://www.medicsintegralsalut.com/en/units-2/overweight-and-obesity/endomanga/
[1244/2588] 200 https://www.medicsintegralsalut.com/fr/unites-2/surpoids-et-obesite/endomanga/
[1245/2588] 200 https://www.medicsintegralsalut.com/ru/%d1%8e%d0%bd%d0%b8%d1%82%d0%b0%d1%86/%d0%b8%d0%b7%d0%b1%d1%8b%d1%82%d0%be%d1%87%d0%bd%d1%8b%d0%b9-%d0%b2%d0%b5%d1%81-%d0%b8-%d0%be%d0%b6%d0%b8%d1%80%d0%b5%d0%bd%d0%b8%d0%b5/%d1%8d%d0%bd%d0%b4%d0%be%d0%bc%d0%b0%d0%bd%d0%b3%d0%b0/
[1246/2588] 200 https://www.medicsintegralsalut.com/uk/%d0%be%d0%b4%d0%b8%d0%bd%d0%b8%d1%86%d1%96-2/%d0%bd%d0%b0%d0%b4%d0%bc%d1%96%d1%80%d0%bd%d0%b0-%d0%b2%d0%b0%d0%b3%d0%b0-%d1%82%d0%b0-%d0%be%d0%b6%d0%b8%d1%80%d1%96%d0%bd%d0%bd%d1%8f/%d0%b2%d0%bd%d1%83%d1%82%d1%80%d1%96%d1%88%d0%bd%d1%8f-%d1%87%d0%b0%d1%81%d1%82%d0%b8%d0%bd%d0%b0-%d1%80%d1%83%d0%ba%d0%b0%d0%b2%d0%b0/
[1247/2588] 200 https://www.medicsintegralsalut.com/ca/unitats/sobrepes-i-obesitat/endomanga/
[1248/2588] 200 https://www.medicsintegralsalut.com/en/units-2/overweight-and-obesity/
[1249/2588] 200 https://www.medicsintegralsalut.com/fr/unites-2/surpoids-et-obesite/
[1250/2588] 200 https://www.medicsintegralsalut.com/ru/%d1%8e%d0%bd%d0%b8%d1%82%d0%b0%d1%86/%d0%b8%d0%b7%d0%b1%d1%8b%d1%82%d0%be%d1%87%d0%bd%d1%8b%d0%b9-%d0%b2%d0%b5%d1%81-%d0%b8-%d0%be%d0%b6%d0%b8%d1%80%d0%b5%d0%bd%d0%b8%d0%b5/
[1251/2588] 200 https://www.medicsintegralsalut.com/uk/%d0%be%d0%b4%d0%b8%d0%bd%d0%b8%d1%86%d1%96-2/%d0%bd%d0%b0%d0%b4%d0%bc%d1%96%d1%80%d0%bd%d0%b0-%d0%b2%d0%b0%d0%b3%d0%b0-%d1%82%d0%b0-%d0%be%d0%b6%d0%b8%d1%80%d1%96%d0%bd%d0%bd%d1%8f/
[1252/2588] 200 https://www.medicsintegralsalut.com/ca/unitats/sobrepes-i-obesitat/
[1253/2588] 200 https://www.medicsintegralsalut.com/en/units-2/overweight-and-obesity/bariatric-surgery/
[1254/2588] 200 https://www.medicsintegralsalut.com/fr/unites-2/surpoids-et-obesite/chirurgie-bariatrique/
[1255/2588] 200 https://www.medicsintegralsalut.com/ru/%d1%8e%d0%bd%d0%b8%d1%82%d0%b0%d1%86/%d0%b8%d0%b7%d0%b1%d1%8b%d1%82%d0%be%d1%87%d0%bd%d1%8b%d0%b9-%d0%b2%d0%b5%d1%81-%d0%b8-%d0%be%d0%b6%d0%b8%d1%80%d0%b5%d0%bd%d0%b8%d0%b5/%d0%b1%d0%b0%d1%80%d0%b8%d0%b0%d1%82%d1%80%d0%b8%d1%87%d0%b5%d1%81%d0%ba%d0%b0%d1%8f-%d1%85%d0%b8%d1%80%d1%83%d1%80%d0%b3%d0%b8%d1%8f/
[1256/2588] 200 https://www.medicsintegralsalut.com/uk/%d0%be%d0%b4%d0%b8%d0%bd%d0%b8%d1%86%d1%96-2/%d0%bd%d0%b0%d0%b4%d0%bc%d1%96%d1%80%d0%bd%d0%b0-%d0%b2%d0%b0%d0%b3%d0%b0-%d1%82%d0%b0-%d0%be%d0%b6%d0%b8%d1%80%d1%96%d0%bd%d0%bd%d1%8f/%d0%b1%d0%b0%d1%80%d1%96%d0%b0%d1%82%d1%80%d0%b8%d1%87%d0%bd%d0%b0-%d1%85%d1%96%d1%80%d1%83%d1%80%d0%b3%d1%96%d1%8f/
[1257/2588] 200 https://www.medicsintegralsalut.com/ca/unitats/sobrepes-i-obesitat/cirurgia-bariatrica/
[1258/2588] 200 https://www.medicsintegralsalut.com/en/units-2/overweight-and-obesity/dietetics-and-nutrition/
[1259/2588] 200 https://www.medicsintegralsalut.com/fr/unites-2/surpoids-et-obesite/dietetique-et-nutrition-2/
[1260/2588] 200 https://www.medicsintegralsalut.com/ru/%d1%8e%d0%bd%d0%b8%d1%82%d0%b0%d1%86/%d0%b8%d0%b7%d0%b1%d1%8b%d1%82%d0%be%d1%87%d0%bd%d1%8b%d0%b9-%d0%b2%d0%b5%d1%81-%d0%b8-%d0%be%d0%b6%d0%b8%d1%80%d0%b5%d0%bd%d0%b8%d0%b5/%d0%b4%d0%b8%d0%b5%d1%82%d0%be%d0%bb%d0%be%d0%b3%d0%b8%d1%8f-%d0%b8-%d0%bf%d0%b8%d1%82%d0%b0%d0%bd%d0%b8%d0%b5-2/
[1261/2588] 200 https://www.medicsintegralsalut.com/uk/%d0%be%d0%b4%d0%b8%d0%bd%d0%b8%d1%86%d1%96-2/%d0%bd%d0%b0%d0%b4%d0%bc%d1%96%d1%80%d0%bd%d0%b0-%d0%b2%d0%b0%d0%b3%d0%b0-%d1%82%d0%b0-%d0%be%d0%b6%d0%b8%d1%80%d1%96%d0%bd%d0%bd%d1%8f/%d0%b4%d1%96%d1%94%d1%82%d0%be%d0%bb%d0%be%d0%b3%d1%96%d1%8f-%d1%82%d0%b0-%d1%85%d0%b0%d1%80%d1%87%d1%83%d0%b2%d0%b0%d0%bd%d0%bd%d1%8f-2/
[1262/2588] 200 https://www.medicsintegralsalut.com/ca/unitats/sobrepes-i-obesitat/dietetica-i-nutricio/
[1263/2588] 200 https://www.medicsintegralsalut.com/en/w-lp-mamaria/
[1264/2588] 200 https://www.medicsintegralsalut.com/fr/w-lp-mamaria/
[1265/2588] 200 https://www.medicsintegralsalut.com/ru/w-lp-mamaria/
[1266/2588] 200 https://www.medicsintegralsalut.com/uk/w-lp-mamaria/
[1267/2588] 200 https://www.medicsintegralsalut.com/ca/w-lp-mamaria/
[1268/2588] 200 https://www.medicsintegralsalut.com/en/w-lp-ginecomastia/
[1269/2588] 200 https://www.medicsintegralsalut.com/fr/w-lp-ginecomastia/
[1270/2588] 200 https://www.medicsintegralsalut.com/ru/w-lp-ginecomastia/
[1271/2588] 200 https://www.medicsintegralsalut.com/uk/w-lp-ginecomastia/
[1272/2588] 200 https://www.medicsintegralsalut.com/ca/w-lp-ginecomastia/
[1273/2588] 200 https://www.medicsintegralsalut.com/en/units-2/overweight-and-obesity/bariatric-surgery/duodenal-crossing-3/
[1274/2588] 200 https://www.medicsintegralsalut.com/fr/unites-2/surpoids-et-obesite/chirurgie-bariatrique/encreuament-duodenal/
[1275/2588] 200 https://www.medicsintegralsalut.com/ru/%d1%8e%d0%bd%d0%b8%d1%82%d0%b0%d1%86/%d0%b8%d0%b7%d0%b1%d1%8b%d1%82%d0%be%d1%87%d0%bd%d1%8b%d0%b9-%d0%b2%d0%b5%d1%81-%d0%b8-%d0%be%d0%b6%d0%b8%d1%80%d0%b5%d0%bd%d0%b8%d0%b5/%d0%b1%d0%b0%d1%80%d0%b8%d0%b0%d1%82%d1%80%d0%b8%d1%87%d0%b5%d1%81%d0%ba%d0%b0%d1%8f-%d1%85%d0%b8%d1%80%d1%83%d1%80%d0%b3%d0%b8%d1%8f/encreuament-duodenal/
[1276/2588] 200 https://www.medicsintegralsalut.com/uk/%d0%be%d0%b4%d0%b8%d0%bd%d0%b8%d1%86%d1%96-2/%d0%bd%d0%b0%d0%b4%d0%bc%d1%96%d1%80%d0%bd%d0%b0-%d0%b2%d0%b0%d0%b3%d0%b0-%d1%82%d0%b0-%d0%be%d0%b6%d0%b8%d1%80%d1%96%d0%bd%d0%bd%d1%8f/%d0%b1%d0%b0%d1%80%d1%96%d0%b0%d1%82%d1%80%d0%b8%d1%87%d0%bd%d0%b0-%d1%85%d1%96%d1%80%d1%83%d1%80%d0%b3%d1%96%d1%8f/%d0%b4%d1%83%d0%be%d0%b4%d0%b5%d0%bd%d0%b0%d0%bb%d1%8c%d0%bd%d0%b8%d0%b9-%d0%bf%d0%b5%d1%80%d0%b5%d1%85%d1%80%d0%b5%d1%81%d1%82/
[1277/2588] 200 https://www.medicsintegralsalut.com/ca/unitats/sobrepes-i-obesitat/cirurgia-bariatrica/encreuament-duodenal/
[1278/2588] 200 https://www.medicsintegralsalut.com/en/units-2/cosmetic-facial-surgery/rhinoplasty/
[1279/2588] 200 https://www.medicsintegralsalut.com/fr/unites-2/chirurgie-esthetique-du-visage/rhinoplastie/
[1280/2588] 200 https://www.medicsintegralsalut.com/ru/%d1%8e%d0%bd%d0%b8%d1%82%d0%b0%d1%86/%d0%bf%d0%bb%d0%b0%d1%81%d1%82%d0%b8%d1%87%d0%b5%d1%81%d0%ba%d0%b0%d1%8f-%d0%be%d0%bf%d0%b5%d1%80%d0%b0%d1%86%d0%b8%d1%8f-%d0%bd%d0%b0-%d0%bb%d0%b8%d1%86%d0%b5/%d1%80%d0%b8%d0%bd%d0%be%d0%bf%d0%bb%d0%b0%d1%81%d1%82%d0%b8%d0%ba%d0%b0/
[1281/2588] 200 https://www.medicsintegralsalut.com/uk/%d0%be%d0%b4%d0%b8%d0%bd%d0%b8%d1%86%d1%96-2/%d0%b5%d1%81%d1%82%d0%b5%d1%82%d0%b8%d1%87%d0%bd%d0%b0-%d1%85%d1%96%d1%80%d1%83%d1%80%d0%b3%d1%96%d1%8f-%d0%be%d0%b1%d0%bb%d0%b8%d1%87%d1%87%d1%8f/%d1%80%d0%b8%d0%bd%d0%be%d0%bf%d0%bb%d0%b0%d1%81%d1%82%d0%b8%d0%ba%d0%b0-2/
[1282/2588] 200 https://www.medicsintegralsalut.com/ca/unitats/cirurgia-estetica-facial/rinoplastia/
[1283/2588] 200 https://www.medicsintegralsalut.com/en/units-2/facial-aesthetic-medicine/ulleres/
[1284/2588] 200 https://www.medicsintegralsalut.com/fr/unites-2/medecine-esthetique-faciale/ulleres/
[1285/2588] 200 https://www.medicsintegralsalut.com/ru/%d1%8e%d0%bd%d0%b8%d1%82%d0%b0%d1%86/%d1%8d%d1%81%d1%82%d0%b5%d1%82%d0%b8%d1%87%d0%b5%d1%81%d0%ba%d0%b0%d1%8f-%d0%bc%d0%b5%d0%b4%d0%b8%d1%86%d0%b8%d0%bd%d0%b0-%d0%bb%d0%b8%d1%86%d0%b0/ulleres/
[1286/2588] 200 https://www.medicsintegralsalut.com/uk/%d0%be%d0%b4%d0%b8%d0%bd%d0%b8%d1%86%d1%96-2/%d0%b5%d1%81%d1%82%d0%b5%d1%82%d0%b8%d1%87%d0%bd%d0%b0-%d0%bc%d0%b5%d0%b4%d0%b8%d1%86%d0%b8%d0%bd%d0%b0-%d0%b4%d0%bb%d1%8f-%d0%be%d0%b1%d0%bb%d0%b8%d1%87%d1%87%d1%8f/ulleres/
[1287/2588] 200 https://www.medicsintegralsalut.com/ca/unitats/medicina-estetica-facial/ulleres/
[1288/2588] 200 https://www.medicsintegralsalut.com/en/aesthetic-medicine/
[1289/2588] 200 https://www.medicsintegralsalut.com/fr/medecine-esthetique/
[1290/2588] 200 https://www.medicsintegralsalut.com/ru/%d1%8d%d1%81%d1%82%d0%b5%d1%82%d0%b8%d1%87%d0%b5%d1%81%d0%ba%d0%b0%d1%8f-%d0%bc%d0%b5%d0%b4%d0%b8%d1%86%d0%b8%d0%bd%d0%b0/
[1291/2588] 200 https://www.medicsintegralsalut.com/uk/%d0%b5%d1%81%d1%82%d0%b5%d1%82%d0%b8%d1%87%d0%bd%d0%b0-%d0%bc%d0%b5%d0%b4%d0%b8%d1%86%d0%b8%d0%bd%d0%b0/
[1292/2588] 200 https://www.medicsintegralsalut.com/ca/medicina-estetica/
[1293/2588] 200 https://www.medicsintegralsalut.com/en/units/overweight-and-obesity-2/cirugia-postbariatrica/
[1294/2588] 200 https://www.medicsintegralsalut.com/fr/unites/surpoids-et-obesite-2/cirugia-postbariatrica/
[1295/2588] 200 https://www.medicsintegralsalut.com/ru/%d0%b5%d0%b4%d0%b8%d0%bd%d0%b8%d1%86%d1%8b/%d0%b8%d0%b7%d0%b1%d1%8b%d1%82%d0%be%d1%87%d0%bd%d1%8b%d0%b9-%d0%b2%d0%b5%d1%81-%d0%b8-%d0%be%d0%b6%d0%b8%d1%80%d0%b5%d0%bd%d0%b8%d0%b5-2/cirugia-postbariatrica/
[1296/2588] 200 https://www.medicsintegralsalut.com/uk/%d0%be%d0%b4%d0%b8%d0%bd%d0%b8%d1%86%d1%96/%d0%bd%d0%b0%d0%b4%d0%bc%d1%96%d1%80%d0%bd%d0%b0-%d0%b2%d0%b0%d0%b3%d0%b0-%d1%82%d0%b0-%d0%be%d0%b6%d0%b8%d1%80%d1%96%d0%bd%d0%bd%d1%8f-2/cirugia-postbariatrica/
[1297/2588] 200 https://www.medicsintegralsalut.com/ca/unitats-2/sobrepes-i-obesitat-2/cirurgia-postbariatrica/
[1298/2588] 200 https://www.medicsintegralsalut.com/en/units-2/cosmetic-breast-surgery/augment-of-pit/
[1299/2588] 200 https://www.medicsintegralsalut.com/fr/unites-2/chirurgie-esthetique-des-seins/augmenter-de-pit/
[1300/2588] 200 https://www.medicsintegralsalut.com/ru/%d1%8e%d0%bd%d0%b8%d1%82%d0%b0%d1%86/%d1%8d%d1%81%d1%82%d0%b5%d1%82%d0%b8%d1%87%d0%b5%d1%81%d0%ba%d0%b0%d1%8f-%d1%85%d0%b8%d1%80%d1%83%d1%80%d0%b3%d0%b8%d1%8f-%d0%b3%d1%80%d1%83%d0%b4%d0%b8/%d1%83%d0%b2%d0%b5%d0%bb%d0%b8%d1%87%d0%b8%d1%82%d1%8c-%d1%8f%d0%bc%d1%83/
[1301/2588] 200 https://www.medicsintegralsalut.com/uk/%d0%be%d0%b4%d0%b8%d0%bd%d0%b8%d1%86%d1%96-2/%d0%b5%d1%81%d1%82%d0%b5%d1%82%d0%b8%d1%87%d0%bd%d0%b0-%d1%85%d1%96%d1%80%d1%83%d1%80%d0%b3%d1%96%d1%8f-%d0%b3%d1%80%d1%83%d0%b4%d0%b5%d0%b9/%d0%b7%d0%b1%d1%96%d0%bb%d1%8c%d1%88%d0%b5%d0%bd%d0%bd%d1%8f-%d0%bf%d1%96%d1%82%d1%83/
[1302/2588] 200 https://www.medicsintegralsalut.com/ca/unitats/cirurgia-estetica-pits/augment-de-pit/
[1303/2588] 200 https://www.medicsintegralsalut.com/en/units/
[1304/2588] 200 https://www.medicsintegralsalut.com/fr/unites/
[1305/2588] 200 https://www.medicsintegralsalut.com/ru/%d0%b5%d0%b4%d0%b8%d0%bd%d0%b8%d1%86%d1%8b/
[1306/2588] 200 https://www.medicsintegralsalut.com/uk/%d0%be%d0%b4%d0%b8%d0%bd%d0%b8%d1%86%d1%96/
[1307/2588] 200 https://www.medicsintegralsalut.com/ca/unitats-2/
[1308/2588] 200 https://www.medicsintegralsalut.com/en/units/facial-aesthetic-medicine/
[1309/2588] 200 https://www.medicsintegralsalut.com/fr/unites/medecine-esthetique-faciale/
[1310/2588] 200 https://www.medicsintegralsalut.com/ru/%d0%b5%d0%b4%d0%b8%d0%bd%d0%b8%d1%86%d1%8b/%d1%8d%d1%81%d1%82%d0%b5%d1%82%d0%b8%d1%87%d0%b5%d1%81%d0%ba%d0%b0%d1%8f-%d0%bc%d0%b5%d0%b4%d0%b8%d1%86%d0%b8%d0%bd%d0%b0-%d0%bb%d0%b8%d1%86%d0%b0/
[1311/2588] 200 https://www.medicsintegralsalut.com/uk/%d0%be%d0%b4%d0%b8%d0%bd%d0%b8%d1%86%d1%96/%d0%b5%d1%81%d1%82%d0%b5%d1%82%d0%b8%d1%87%d0%bd%d0%b0-%d0%bc%d0%b5%d0%b4%d0%b8%d1%86%d0%b8%d0%bd%d0%b0-%d0%b4%d0%bb%d1%8f-%d0%be%d0%b1%d0%bb%d0%b8%d1%87%d1%87%d1%8f/
[1312/2588] 200 https://www.medicsintegralsalut.com/ca/unitats-2/medicina-estetica-facial/
[1313/2588] 200 https://www.medicsintegralsalut.com/en/units/cosmetic-body-medicine/
[1314/2588] 200 https://www.medicsintegralsalut.com/fr/unites/medecine-esthetique-corporelle/
[1315/2588] 200 https://www.medicsintegralsalut.com/ru/%d0%b5%d0%b4%d0%b8%d0%bd%d0%b8%d1%86%d1%8b/%d1%8d%d1%81%d1%82%d0%b5%d1%82%d0%b8%d1%87%d0%b5%d1%81%d0%ba%d0%b0%d1%8f-%d0%bc%d0%b5%d0%b4%d0%b8%d1%86%d0%b8%d0%bd%d0%b0-%d1%82%d0%b5%d0%bb%d0%b0/
[1316/2588] 200 https://www.medicsintegralsalut.com/uk/%d0%be%d0%b4%d0%b8%d0%bd%d0%b8%d1%86%d1%96/%d0%b5%d1%81%d1%82%d0%b5%d1%82%d0%b8%d1%87%d0%bd%d0%b0-%d0%bc%d0%b5%d0%b4%d0%b8%d1%86%d0%b8%d0%bd%d0%b0-%d0%b4%d0%bb%d1%8f-%d1%82%d1%96%d0%bb%d0%b0/
[1317/2588] 200 https://www.medicsintegralsalut.com/ca/unitats-2/medicina-estetica-corporal/
[1318/2588] 200 https://www.medicsintegralsalut.com/en/units/cosmetic-surgery-3/
[1319/2588] 200 https://www.medicsintegralsalut.com/fr/unites/chirurgie-esthetique-corporelle-2/
[1320/2588] 200 https://www.medicsintegralsalut.com/ru/%d0%b5%d0%b4%d0%b8%d0%bd%d0%b8%d1%86%d1%8b/%d1%8d%d1%81%d1%82%d0%b5%d1%82%d0%b8%d1%87%d0%b5%d1%81%d0%ba%d0%b0%d1%8f-%d0%be%d0%bf%d0%b5%d1%80%d0%b0%d1%86%d0%b8%d1%8f-%d1%82%d0%b5%d0%bb%d0%b0/
[1321/2588] 200 https://www.medicsintegralsalut.com/uk/%d0%be%d0%b4%d0%b8%d0%bd%d0%b8%d1%86%d1%96/%d0%b5%d1%81%d1%82%d0%b5%d1%82%d0%b8%d1%87%d0%bd%d0%b0-%d1%85%d1%96%d1%80%d1%83%d1%80%d0%b3%d1%96%d1%8f-%d1%82%d1%96%d0%bb%d0%b0-2/
[1322/2588] 200 https://www.medicsintegralsalut.com/ca/unitats-2/cirurgia-estetica-corporal-2/
[1323/2588] 200 https://www.medicsintegralsalut.com/en/units/male-cosmetic-surgery/
[1324/2588] 200 https://www.medicsintegralsalut.com/fr/unites/chirurgie-esthetique-masculine/
[1325/2588] 200 https://www.medicsintegralsalut.com/ru/%d0%b5%d0%b4%d0%b8%d0%bd%d0%b8%d1%86%d1%8b/%d0%bc%d1%83%d0%b6%d1%81%d0%ba%d0%b0%d1%8f-%d0%ba%d0%be%d1%81%d0%bc%d0%b5%d1%82%d0%b8%d1%87%d0%b5%d1%81%d0%ba%d0%b0%d1%8f-%d1%85%d0%b8%d1%80%d1%83%d1%80%d0%b3%d0%b8%d1%8f/
[1326/2588] 200 https://www.medicsintegralsalut.com/uk/%d0%be%d0%b4%d0%b8%d0%bd%d0%b8%d1%86%d1%96/%d1%87%d0%be%d0%bb%d0%be%d0%b2%d1%96%d1%87%d0%b0-%d0%b5%d1%81%d1%82%d0%b5%d1%82%d0%b8%d1%87%d0%bd%d0%b0-%d1%85%d1%96%d1%80%d1%83%d1%80%d0%b3%d1%96%d1%8f/
[1327/2588] 200 https://www.medicsintegralsalut.com/ca/unitats-2/cirurgia-estetica-masculina-2/
[1328/2588] 200 https://www.medicsintegralsalut.com/en/units-2/cosmetic-breast-surgery/reduccio-de-pit/
[1329/2588] 200 https://www.medicsintegralsalut.com/fr/unites-2/chirurgie-esthetique-des-seins/reduction-mammaire-2/
[1330/2588] 200 https://www.medicsintegralsalut.com/ru/%d1%8e%d0%bd%d0%b8%d1%82%d0%b0%d1%86/%d1%8d%d1%81%d1%82%d0%b5%d1%82%d0%b8%d1%87%d0%b5%d1%81%d0%ba%d0%b0%d1%8f-%d1%85%d0%b8%d1%80%d1%83%d1%80%d0%b3%d0%b8%d1%8f-%d0%b3%d1%80%d1%83%d0%b4%d0%b8/reduccio-de-pit/
[1331/2588] 200 https://www.medicsintegralsalut.com/uk/%d0%be%d0%b4%d0%b8%d0%bd%d0%b8%d1%86%d1%96-2/%d0%b5%d1%81%d1%82%d0%b5%d1%82%d0%b8%d1%87%d0%bd%d0%b0-%d1%85%d1%96%d1%80%d1%83%d1%80%d0%b3%d1%96%d1%8f-%d0%b3%d1%80%d1%83%d0%b4%d0%b5%d0%b9/%d1%80%d0%b5%d0%b4%d1%83%d0%ba%d1%86%d1%96%d1%8f-%d0%bf%d1%96%d1%82%d0%b0/
[1332/2588] 200 https://www.medicsintegralsalut.com/ca/unitats/cirurgia-estetica-pits/reduccio-de-pit/
[1333/2588] 200 https://www.medicsintegralsalut.com/en/units-2/cosmetic-breast-surgery/elevacio-de-pit-pexia/
[1334/2588] 200 https://www.medicsintegralsalut.com/fr/unites-2/chirurgie-esthetique-des-seins/elevacio-de-pit-pexia/
[1335/2588] 200 https://www.medicsintegralsalut.com/ru/%d1%8e%d0%bd%d0%b8%d1%82%d0%b0%d1%86/%d1%8d%d1%81%d1%82%d0%b5%d1%82%d0%b8%d1%87%d0%b5%d1%81%d0%ba%d0%b0%d1%8f-%d1%85%d0%b8%d1%80%d1%83%d1%80%d0%b3%d0%b8%d1%8f-%d0%b3%d1%80%d1%83%d0%b4%d0%b8/elevacio-de-pit-pexia/
[1336/2588] 200 https://www.medicsintegralsalut.com/uk/%d0%be%d0%b4%d0%b8%d0%bd%d0%b8%d1%86%d1%96-2/%d0%b5%d1%81%d1%82%d0%b5%d1%82%d0%b8%d1%87%d0%bd%d0%b0-%d1%85%d1%96%d1%80%d1%83%d1%80%d0%b3%d1%96%d1%8f-%d0%b3%d1%80%d1%83%d0%b4%d0%b5%d0%b9/elevacio-de-pit-pexia/
[1337/2588] 200 https://www.medicsintegralsalut.com/ca/unitats/cirurgia-estetica-pits/elevacio-de-pit-i-pexia/
[1338/2588] 200 https://www.medicsintegralsalut.com/en/units/overweight-and-obesity-2/balon-12-meses-reajustable/
[1339/2588] 200 https://www.medicsintegralsalut.com/fr/unites/surpoids-et-obesite-2/boule-12-mois-ajustable/
[1340/2588] 200 https://www.medicsintegralsalut.com/ru/%d0%b5%d0%b4%d0%b8%d0%bd%d0%b8%d1%86%d1%8b/%d0%b8%d0%b7%d0%b1%d1%8b%d1%82%d0%be%d1%87%d0%bd%d1%8b%d0%b9-%d0%b2%d0%b5%d1%81-%d0%b8-%d0%be%d0%b6%d0%b8%d1%80%d0%b5%d0%bd%d0%b8%d0%b5-2/%d0%b1%d0%b0%d0%bb%d0%be%d0%bd-12-%d0%bc%d0%b5%d1%81%d1%8f%d1%86%d0%b5%d0%b2-%d1%80%d0%b5%d0%b3%d1%83%d0%bb%d0%b8%d1%80%d1%83%d0%b5%d0%bc%d1%8b%d0%b9/
[1341/2588] 200 https://www.medicsintegralsalut.com/uk/%d0%be%d0%b4%d0%b8%d0%bd%d0%b8%d1%86%d1%96/%d0%bd%d0%b0%d0%b4%d0%bc%d1%96%d1%80%d0%bd%d0%b0-%d0%b2%d0%b0%d0%b3%d0%b0-%d1%82%d0%b0-%d0%be%d0%b6%d0%b8%d1%80%d1%96%d0%bd%d0%bd%d1%8f-2/balon-12-meses-reajustable/
[1342/2588] 200 https://www.medicsintegralsalut.com/ca/unitats-2/sobrepes-i-obesitat-2/balo-12-mesos-reajustable-2/
[1343/2588] 200 https://www.medicsintegralsalut.com/en/units/cosmetic-facial-surgery-2/otoplasty/
[1344/2588] 200 https://www.medicsintegralsalut.com/fr/unites/chirurgie-esthetique-faciale/otoplastie/
[1345/2588] 200 https://www.medicsintegralsalut.com/ru/%d0%b5%d0%b4%d0%b8%d0%bd%d0%b8%d1%86%d1%8b/%d0%bf%d0%bb%d0%b0%d1%81%d1%82%d0%b8%d1%87%d0%b5%d1%81%d0%ba%d0%b0%d1%8f-%d1%85%d0%b8%d1%80%d1%83%d1%80%d0%b3%d0%b8%d1%8f-%d0%bb%d0%b8%d1%86%d0%b0/%d0%be%d1%82%d0%be%d0%bf%d0%bb%d0%b0%d1%81%d1%82%d0%b8%d0%ba%d0%b0/
[1346/2588] 200 https://www.medicsintegralsalut.com/uk/%d0%be%d0%b4%d0%b8%d0%bd%d0%b8%d1%86%d1%96/%d0%b5%d1%81%d1%82%d0%b5%d1%82%d0%b8%d1%87%d0%bd%d0%b0-%d1%85%d1%96%d1%80%d1%83%d1%80%d0%b3%d1%96%d1%8f-%d0%be%d0%b1%d0%bb%d0%b8%d1%87%d1%87%d1%8f-2/%d0%be%d1%82%d0%be%d0%bf%d0%bb%d0%b0%d1%81%d1%82%d0%b8%d0%ba%d0%b0/
[1347/2588] 200 https://www.medicsintegralsalut.com/ca/unitats-2/cirurgia-estetica-facial-2/otoplastia/
[1348/2588] 200 https://www.medicsintegralsalut.com/en/units/cosmetic-breast-surgery-2/breast-augmentation/
[1349/2588] 200 https://www.medicsintegralsalut.com/fr/unites/chirurgie-esthetique-des-seins-2/augmentation-mammaire/
[1350/2588] 200 https://www.medicsintegralsalut.com/ru/%d0%b5%d0%b4%d0%b8%d0%bd%d0%b8%d1%86%d1%8b/%d0%bf%d0%bb%d0%b0%d1%81%d1%82%d0%b8%d1%87%d0%b5%d1%81%d0%ba%d0%b0%d1%8f-%d1%85%d0%b8%d1%80%d1%83%d1%80%d0%b3%d0%b8%d1%8f-%d0%b3%d1%80%d1%83%d0%b4%d0%b8/%d1%83%d0%b2%d0%b5%d0%bb%d0%b8%d1%87%d0%b5%d0%bd%d0%b8%d0%b5-%d0%b3%d1%80%d1%83%d0%b4%d0%b8/
[1351/2588] 200 https://www.medicsintegralsalut.com/uk/%d0%be%d0%b4%d0%b8%d0%bd%d0%b8%d1%86%d1%96/%d0%b5%d1%81%d1%82%d0%b5%d1%82%d0%b8%d1%87%d0%bd%d0%b0-%d1%85%d1%96%d1%80%d1%83%d1%80%d0%b3%d1%96%d1%8f-%d0%b3%d1%80%d1%83%d0%b4%d0%b5%d0%b9-2/%d0%b7%d0%b1%d1%96%d0%bb%d1%8c%d1%88%d0%b5%d0%bd%d0%bd%d1%8f-%d0%b3%d1%80%d1%83%d0%b4%d0%b5%d0%b9/
[1352/2588] 200 https://www.medicsintegralsalut.com/ca/unitats-2/cirurgia-estetica-de-mames/augmentacio-mamaria/
[1353/2588] 200 https://www.medicsintegralsalut.com/en/units/cosmetic-facial-surgery-2/rhinoplasty/
[1354/2588] 200 https://www.medicsintegralsalut.com/fr/unites/chirurgie-esthetique-faciale/rhinoplastie/
[1355/2588] 200 https://www.medicsintegralsalut.com/ru/%d0%b5%d0%b4%d0%b8%d0%bd%d0%b8%d1%86%d1%8b/%d0%bf%d0%bb%d0%b0%d1%81%d1%82%d0%b8%d1%87%d0%b5%d1%81%d0%ba%d0%b0%d1%8f-%d1%85%d0%b8%d1%80%d1%83%d1%80%d0%b3%d0%b8%d1%8f-%d0%bb%d0%b8%d1%86%d0%b0/%d1%80%d0%b8%d0%bd%d0%be%d0%bf%d0%bb%d0%b0%d1%81%d1%82%d0%b8%d0%ba%d0%b0/
[1356/2588] 200 https://www.medicsintegralsalut.com/uk/%d0%be%d0%b4%d0%b8%d0%bd%d0%b8%d1%86%d1%96/%d0%b5%d1%81%d1%82%d0%b5%d1%82%d0%b8%d1%87%d0%bd%d0%b0-%d1%85%d1%96%d1%80%d1%83%d1%80%d0%b3%d1%96%d1%8f-%d0%be%d0%b1%d0%bb%d0%b8%d1%87%d1%87%d1%8f-2/%d1%80%d0%b8%d0%bd%d0%be%d0%bf%d0%bb%d0%b0%d1%81%d1%82%d0%b8%d0%ba%d0%b0-2/
[1357/2588] 200 https://www.medicsintegralsalut.com/ca/unitats-2/cirurgia-estetica-facial-2/rinoplastia/
[1358/2588] 200 https://www.medicsintegralsalut.com/en/contact/
[1359/2588] 200 https://www.medicsintegralsalut.com/fr/contact/
[1360/2588] 200 https://www.medicsintegralsalut.com/ru/%d0%ba%d0%be%d0%bd%d1%82%d0%b0%d0%ba%d1%82%d0%be/
[1361/2588] 200 https://www.medicsintegralsalut.com/uk/%d0%ba%d0%be%d0%bd%d1%82%d0%b0%d0%ba%d1%82/
[1362/2588] 200 https://www.medicsintegralsalut.com/ca/contacte-2/
[1363/2588] 200 https://www.medicsintegralsalut.com/en/home/
[1364/2588] 200 https://www.medicsintegralsalut.com/fr/maison/
[1365/2588] 200 https://www.medicsintegralsalut.com/ru/home/
[1366/2588] 200 https://www.medicsintegralsalut.com/uk/home/
[1367/2588] 200 https://www.medicsintegralsalut.com/ca/home/
[1368/2588] 200 https://www.medicsintegralsalut.com/en/home/
[1369/2588] 200 https://www.medicsintegralsalut.com/fr/maison/
[1370/2588] 200 https://www.medicsintegralsalut.com/ru/home/
[1371/2588] 200 https://www.medicsintegralsalut.com/uk/home/
[1372/2588] 200 https://www.medicsintegralsalut.com/ca/home/
[1373/2588] 200 https://www.medicsintegralsalut.com/en/units/overweight-and-obesity-2/
[1374/2588] 200 https://www.medicsintegralsalut.com/fr/unites/surpoids-et-obesite-2/
[1375/2588] 200 https://www.medicsintegralsalut.com/ru/%d0%b5%d0%b4%d0%b8%d0%bd%d0%b8%d1%86%d1%8b/%d0%b8%d0%b7%d0%b1%d1%8b%d1%82%d0%be%d1%87%d0%bd%d1%8b%d0%b9-%d0%b2%d0%b5%d1%81-%d0%b8-%d0%be%d0%b6%d0%b8%d1%80%d0%b5%d0%bd%d0%b8%d0%b5-2/
[1376/2588] 200 https://www.medicsintegralsalut.com/uk/%d0%be%d0%b4%d0%b8%d0%bd%d0%b8%d1%86%d1%96/%d0%bd%d0%b0%d0%b4%d0%bc%d1%96%d1%80%d0%bd%d0%b0-%d0%b2%d0%b0%d0%b3%d0%b0-%d1%82%d0%b0-%d0%be%d0%b6%d0%b8%d1%80%d1%96%d0%bd%d0%bd%d1%8f-2/
[1377/2588] 200 https://www.medicsintegralsalut.com/ca/unitats-2/sobrepes-i-obesitat-2/
[1378/2588] 200 https://www.medicsintegralsalut.com/en/units/cosmetic-facial-surgery-2/eyelid-surgery/
[1379/2588] 200 https://www.medicsintegralsalut.com/fr/unites/chirurgie-esthetique-faciale/blepharoplastie/
[1380/2588] 200 https://www.medicsintegralsalut.com/ru/%d0%b5%d0%b4%d0%b8%d0%bd%d0%b8%d1%86%d1%8b/%d0%bf%d0%bb%d0%b0%d1%81%d1%82%d0%b8%d1%87%d0%b5%d1%81%d0%ba%d0%b0%d1%8f-%d1%85%d0%b8%d1%80%d1%83%d1%80%d0%b3%d0%b8%d1%8f-%d0%bb%d0%b8%d1%86%d0%b0/%d0%b1%d0%bb%d0%b5%d1%84%d0%b0%d1%80%d0%be%d0%bf%d0%bb%d0%b0%d1%81%d1%82%d0%b8%d0%ba%d0%b0/
[1381/2588] 200 https://www.medicsintegralsalut.com/uk/%d0%be%d0%b4%d0%b8%d0%bd%d0%b8%d1%86%d1%96/%d0%b5%d1%81%d1%82%d0%b5%d1%82%d0%b8%d1%87%d0%bd%d0%b0-%d1%85%d1%96%d1%80%d1%83%d1%80%d0%b3%d1%96%d1%8f-%d0%be%d0%b1%d0%bb%d0%b8%d1%87%d1%87%d1%8f-2/%d0%b1%d0%bb%d0%b5%d1%84%d0%b0%d1%80%d0%be%d0%bf%d0%bb%d0%b0%d1%81%d1%82%d0%b8%d0%ba%d0%b0/
[1382/2588] 200 https://www.medicsintegralsalut.com/ca/unitats-2/cirurgia-estetica-facial-2/blefaroplastia/
[1383/2588] 200 https://www.medicsintegralsalut.com/en/plastic-surgery-girona-medical-team/
[1384/2588] 200 https://www.medicsintegralsalut.com/fr/chirurgie-plastique-gerone-equipe-medicale/
[1385/2588] 200 https://www.medicsintegralsalut.com/ru/%d0%bf%d0%bb%d0%b0%d1%81%d1%82%d0%b8%d1%87%d0%b5%d1%81%d0%ba%d0%b0%d1%8f-%d1%85%d0%b8%d1%80%d1%83%d1%80%d0%b3%d0%b8%d1%8f-%d0%b6%d0%b8%d1%80%d0%be%d0%bd%d0%b0-%d0%bc%d0%b5%d0%b4%d0%b8%d1%86%d0%b8/
[1386/2588] 200 https://www.medicsintegralsalut.com/uk/%d0%bf%d0%bb%d0%b0%d1%81%d1%82%d0%b8%d1%87%d0%bd%d0%b0-%d1%85%d1%96%d1%80%d1%83%d1%80%d0%b3%d1%96%d1%8f-%d0%b2-%d0%b6%d0%b8%d1%80%d0%be%d0%bd%d1%96-%d0%bc%d0%b5%d0%b4%d0%b8%d1%87%d0%bd%d0%b8%d0%b9/
[1387/2588] 200 https://www.medicsintegralsalut.com/ca/cirurgia-plastica-girona-equip-medic/
[1388/2588] 200 https://www.medicsintegralsalut.com/en/units/cosmetic-facial-surgery-2/
[1389/2588] 200 https://www.medicsintegralsalut.com/fr/unites/chirurgie-esthetique-faciale/
[1390/2588] 200 https://www.medicsintegralsalut.com/ru/%d0%b5%d0%b4%d0%b8%d0%bd%d0%b8%d1%86%d1%8b/%d0%bf%d0%bb%d0%b0%d1%81%d1%82%d0%b8%d1%87%d0%b5%d1%81%d0%ba%d0%b0%d1%8f-%d1%85%d0%b8%d1%80%d1%83%d1%80%d0%b3%d0%b8%d1%8f-%d0%bb%d0%b8%d1%86%d0%b0/
[1391/2588] 200 https://www.medicsintegralsalut.com/uk/%d0%be%d0%b4%d0%b8%d0%bd%d0%b8%d1%86%d1%96/%d0%b5%d1%81%d1%82%d0%b5%d1%82%d0%b8%d1%87%d0%bd%d0%b0-%d1%85%d1%96%d1%80%d1%83%d1%80%d0%b3%d1%96%d1%8f-%d0%be%d0%b1%d0%bb%d0%b8%d1%87%d1%87%d1%8f-2/
[1392/2588] 200 https://www.medicsintegralsalut.com/ca/unitats-2/cirurgia-estetica-facial-2/
[1393/2588] 200 https://www.medicsintegralsalut.com/en/blog-2/
[1394/2588] 200 https://www.medicsintegralsalut.com/fr/blog-2/
[1395/2588] 200 https://www.medicsintegralsalut.com/ru/%d0%b1%d0%bb%d0%be%d0%b3-2/
[1396/2588] 200 https://www.medicsintegralsalut.com/uk/%d0%b1%d0%bb%d0%be%d0%b3-2/
[1397/2588] 200 https://www.medicsintegralsalut.com/ca/blog-2/
[1398/2588] 200 https://www.medicsintegralsalut.com/en/blog/
[1399/2588] 200 https://www.medicsintegralsalut.com/fr/blog/
[1400/2588] 200 https://www.medicsintegralsalut.com/ru/%d0%b1%d0%bb%d0%be%d0%b3/
[1401/2588] 200 https://www.medicsintegralsalut.com/uk/%d0%b1%d0%bb%d0%be%d0%b3/
[1402/2588] 200 https://www.medicsintegralsalut.com/ca/bloc/
[1403/2588] 200 https://www.medicsintegralsalut.com/en/units-2/facial-aesthetic-medicine/shedding/
[1404/2588] 200 https://www.medicsintegralsalut.com/fr/unites-2/medecine-esthetique-faciale/epluchage/
[1405/2588] 200 https://www.medicsintegralsalut.com/ru/%d1%8e%d0%bd%d0%b8%d1%82%d0%b0%d1%86/%d1%8d%d1%81%d1%82%d0%b5%d1%82%d0%b8%d1%87%d0%b5%d1%81%d0%ba%d0%b0%d1%8f-%d0%bc%d0%b5%d0%b4%d0%b8%d1%86%d0%b8%d0%bd%d0%b0-%d0%bb%d0%b8%d1%86%d0%b0/%d0%bf%d0%b8%d0%bb%d0%b8%d0%bd%d0%b3/
[1406/2588] 200 https://www.medicsintegralsalut.com/uk/%d0%be%d0%b4%d0%b8%d0%bd%d0%b8%d1%86%d1%96-2/%d0%b5%d1%81%d1%82%d0%b5%d1%82%d0%b8%d1%87%d0%bd%d0%b0-%d0%bc%d0%b5%d0%b4%d0%b8%d1%86%d0%b8%d0%bd%d0%b0-%d0%b4%d0%bb%d1%8f-%d0%be%d0%b1%d0%bb%d0%b8%d1%87%d1%87%d1%8f/%d0%bf%d1%96%d0%bb%d1%96%d0%bd%d0%b3/
[1407/2588] 200 https://www.medicsintegralsalut.com/ca/unitats/medicina-estetica-facial/pela/
[1408/2588] 200 https://www.medicsintegralsalut.com/en/units-2/cosmetic-facial-surgery/facial-lift/
[1409/2588] 200 https://www.medicsintegralsalut.com/fr/unites-2/chirurgie-esthetique-du-visage/lifting-du-visage/
[1410/2588] 200 https://www.medicsintegralsalut.com/ru/%d1%8e%d0%bd%d0%b8%d1%82%d0%b0%d1%86/%d0%bf%d0%bb%d0%b0%d1%81%d1%82%d0%b8%d1%87%d0%b5%d1%81%d0%ba%d0%b0%d1%8f-%d0%be%d0%bf%d0%b5%d1%80%d0%b0%d1%86%d0%b8%d1%8f-%d0%bd%d0%b0-%d0%bb%d0%b8%d1%86%d0%b5/%d0%bf%d0%be%d0%b4%d1%82%d1%8f%d0%b6%d0%ba%d0%b0-%d0%bb%d0%b8%d1%86%d0%b0/
[1411/2588] 200 https://www.medicsintegralsalut.com/uk/%d0%be%d0%b4%d0%b8%d0%bd%d0%b8%d1%86%d1%96-2/%d0%b5%d1%81%d1%82%d0%b5%d1%82%d0%b8%d1%87%d0%bd%d0%b0-%d1%85%d1%96%d1%80%d1%83%d1%80%d0%b3%d1%96%d1%8f-%d0%be%d0%b1%d0%bb%d0%b8%d1%87%d1%87%d1%8f/%d0%bf%d1%96%d0%b4%d1%82%d1%8f%d0%b6%d0%ba%d0%b0-%d0%be%d0%b1%d0%bb%d0%b8%d1%87%d1%87%d1%8f/
[1412/2588] 200 https://www.medicsintegralsalut.com/ca/unitats/cirurgia-estetica-facial/lifting-facial/
[1413/2588] 200 https://www.medicsintegralsalut.com/en/units/facial-aesthetic-medicine/lip-filler/
[1414/2588] 200 https://www.medicsintegralsalut.com/fr/unites/medecine-esthetique-faciale/augmentation-des-levres/
[1415/2588] 200 https://www.medicsintegralsalut.com/ru/%d0%b5%d0%b4%d0%b8%d0%bd%d0%b8%d1%86%d1%8b/%d1%8d%d1%81%d1%82%d0%b5%d1%82%d0%b8%d1%87%d0%b5%d1%81%d0%ba%d0%b0%d1%8f-%d0%bc%d0%b5%d0%b4%d0%b8%d1%86%d0%b8%d0%bd%d0%b0-%d0%bb%d0%b8%d1%86%d0%b0/%d1%83%d0%b2%d0%b5%d0%bb%d0%b8%d1%87%d0%b5%d0%bd%d0%b8%d0%b5-%d0%b3%d1%83%d0%b1/
[1416/2588] 200 https://www.medicsintegralsalut.com/uk/%d0%be%d0%b4%d0%b8%d0%bd%d0%b8%d1%86%d1%96/%d0%b5%d1%81%d1%82%d0%b5%d1%82%d0%b8%d1%87%d0%bd%d0%b0-%d0%bc%d0%b5%d0%b4%d0%b8%d1%86%d0%b8%d0%bd%d0%b0-%d0%b4%d0%bb%d1%8f-%d0%be%d0%b1%d0%bb%d0%b8%d1%87%d1%87%d1%8f/%d0%b7%d0%b1%d1%96%d0%bb%d1%8c%d1%88%d0%b5%d0%bd%d0%bd%d1%8f-%d0%b3%d1%83%d0%b1/
[1417/2588] 200 https://www.medicsintegralsalut.com/ca/unitats-2/medicina-estetica-facial/augmentacio-de-llavis/
[1418/2588] 200 https://www.medicsintegralsalut.com/en/units/beauty-salon/detoxifying/
[1419/2588] 200 https://www.medicsintegralsalut.com/fr/unites/institut-de-beaute/detoxifiante/
[1420/2588] 200 https://www.medicsintegralsalut.com/ru/%d0%b5%d0%b4%d0%b8%d0%bd%d0%b8%d1%86%d1%8b/%d0%ba%d0%b0%d0%b1%d0%b8%d0%bd%d0%b5%d1%82-%d1%8d%d1%81%d1%82%d0%b5%d1%82%d0%b8%d0%ba%d0%b8/%d0%b4%d0%b5%d1%82%d0%be%d0%ba%d1%81%d0%b8%d0%ba%d0%b0%d0%bd%d1%82/
[1421/2588] 200 https://www.medicsintegralsalut.com/uk/%d0%be%d0%b4%d0%b8%d0%bd%d0%b8%d1%86%d1%96/%d1%81%d0%b0%d0%bb%d0%be%d0%bd-%d0%ba%d1%80%d0%b0%d1%81%d0%b8/desintoxicante/
[1422/2588] 200 https://www.medicsintegralsalut.com/ca/unitats-2/gabinet-destetica-2/desintoxicant-2/
[1423/2588] 200 https://www.medicsintegralsalut.com/en/units/beauty-salon/clearance/
[1424/2588] 200 https://www.medicsintegralsalut.com/fr/unites/institut-de-beaute/hidreclat/
[1425/2588] 200 https://www.medicsintegralsalut.com/ru/%d0%b5%d0%b4%d0%b8%d0%bd%d0%b8%d1%86%d1%8b/%d0%ba%d0%b0%d0%b1%d0%b8%d0%bd%d0%b5%d1%82-%d1%8d%d1%81%d1%82%d0%b5%d1%82%d0%b8%d0%ba%d0%b8/%d1%85%d0%b8%d0%b4%d1%80%d0%b5%d0%ba%d0%bb%d0%b0%d1%82/
[1426/2588] 200 https://www.medicsintegralsalut.com/uk/%d0%be%d0%b4%d0%b8%d0%bd%d0%b8%d1%86%d1%96/%d1%81%d0%b0%d0%bb%d0%be%d0%bd-%d0%ba%d1%80%d0%b0%d1%81%d0%b8/%d0%b3%d1%96%d0%b4%d1%80%d0%b5%d0%ba%d0%bb%d0%b0%d1%82/
[1427/2588] 200 https://www.medicsintegralsalut.com/ca/unitats-2/gabinet-destetica-2/hidroclorat/
[1428/2588] 200 https://www.medicsintegralsalut.com/en/units/beauty-salon/recoverer/
[1429/2588] 200 https://www.medicsintegralsalut.com/fr/unites/institut-de-beaute/recuperateur/
[1430/2588] 200 https://www.medicsintegralsalut.com/ru/%d0%b5%d0%b4%d0%b8%d0%bd%d0%b8%d1%86%d1%8b/%d0%ba%d0%b0%d0%b1%d0%b8%d0%bd%d0%b5%d1%82-%d1%8d%d1%81%d1%82%d0%b5%d1%82%d0%b8%d0%ba%d0%b8/%d1%80%d0%b5%d0%ba%d1%83%d0%bf%d0%b5%d1%80%d0%b0%d1%82%d0%be%d1%80/
[1431/2588] 200 https://www.medicsintegralsalut.com/uk/%d0%be%d0%b4%d0%b8%d0%bd%d0%b8%d1%86%d1%96/%d1%81%d0%b0%d0%bb%d0%be%d0%bd-%d0%ba%d1%80%d0%b0%d1%81%d0%b8/%d1%80%d0%b5%d0%ba%d1%83%d0%bf%d0%b5%d1%80%d0%b0%d1%82%d0%be%d1%80/
[1432/2588] 200 https://www.medicsintegralsalut.com/ca/unitats-2/gabinet-destetica-2/recuperador/
[1433/2588] 200 https://www.medicsintegralsalut.com/en/units/beauty-salon/anti-ageing-mc-110/
[1434/2588] 200 https://www.medicsintegralsalut.com/fr/unites/institut-de-beaute/anti-age-mc-110/
[1435/2588] 200 https://www.medicsintegralsalut.com/ru/%d0%b5%d0%b4%d0%b8%d0%bd%d0%b8%d1%86%d1%8b/%d0%ba%d0%b0%d0%b1%d0%b8%d0%bd%d0%b5%d1%82-%d1%8d%d1%81%d1%82%d0%b5%d1%82%d0%b8%d0%ba%d0%b8/antiedad-mc-110/
[1436/2588] 200 https://www.medicsintegralsalut.com/uk/%d0%be%d0%b4%d0%b8%d0%bd%d0%b8%d1%86%d1%96/%d1%81%d0%b0%d0%bb%d0%be%d0%bd-%d0%ba%d1%80%d0%b0%d1%81%d0%b8/antiedad-mc-110/
[1437/2588] 200 https://www.medicsintegralsalut.com/ca/unitats-2/gabinet-destetica-2/anti-edat-mc-110/
[1438/2588] 200 https://www.medicsintegralsalut.com/en/units/beauty-salon/fruit-acid-2/
[1439/2588] 200 https://www.medicsintegralsalut.com/fr/unites/institut-de-beaute/acide-de-fruits/
[1440/2588] 200 https://www.medicsintegralsalut.com/ru/%d0%b5%d0%b4%d0%b8%d0%bd%d0%b8%d1%86%d1%8b/%d0%ba%d0%b0%d0%b1%d0%b8%d0%bd%d0%b5%d1%82-%d1%8d%d1%81%d1%82%d0%b5%d1%82%d0%b8%d0%ba%d0%b8/acido-de-frutas/
[1441/2588] 200 https://www.medicsintegralsalut.com/uk/%d0%be%d0%b4%d0%b8%d0%bd%d0%b8%d1%86%d1%96/%d1%81%d0%b0%d0%bb%d0%be%d0%bd-%d0%ba%d1%80%d0%b0%d1%81%d0%b8/%d1%84%d1%80%d1%83%d0%ba%d1%82%d0%be%d0%b2%d0%b0-%d0%ba%d0%b8%d1%81%d0%bb%d0%be%d1%82%d0%b0/
[1442/2588] 200 https://www.medicsintegralsalut.com/ca/unitats-2/gabinet-destetica-2/acido-de-frutas/
[1443/2588] 200 https://www.medicsintegralsalut.com/en/units/beauty-salon/p50-face/
[1444/2588] 200 https://www.medicsintegralsalut.com/fr/unites/institut-de-beaute/visage-plie/
[1445/2588] 200 https://www.medicsintegralsalut.com/ru/%d0%b5%d0%b4%d0%b8%d0%bd%d0%b8%d1%86%d1%8b/%d0%ba%d0%b0%d0%b1%d0%b8%d0%bd%d0%b5%d1%82-%d1%8d%d1%81%d1%82%d0%b5%d1%82%d0%b8%d0%ba%d0%b8/p50-%d0%b2%d0%b8%d0%b7%d0%b0%d0%b6/
[1446/2588] 200 https://www.medicsintegralsalut.com/uk/%d0%be%d0%b4%d0%b8%d0%bd%d0%b8%d1%86%d1%96/%d1%81%d0%b0%d0%bb%d0%be%d0%bd-%d0%ba%d1%80%d0%b0%d1%81%d0%b8/p50-%d0%b4%d0%bb%d1%8f-%d0%be%d0%b1%d0%bb%d0%b8%d1%87%d1%87%d1%8f/
[1447/2588] 200 https://www.medicsintegralsalut.com/ca/unitats-2/gabinet-destetica-2/p50-rostre/
[1448/2588] 200 https://www.medicsintegralsalut.com/en/units/beauty-salon/get-rid-of-cellulite/
[1449/2588] 200 https://www.medicsintegralsalut.com/fr/unites/institut-de-beaute/eliminer-la-cellulite/
[1450/2588] 200 https://www.medicsintegralsalut.com/ru/%d0%b5%d0%b4%d0%b8%d0%bd%d0%b8%d1%86%d1%8b/%d0%ba%d0%b0%d0%b1%d0%b8%d0%bd%d0%b5%d1%82-%d1%8d%d1%81%d1%82%d0%b5%d1%82%d0%b8%d0%ba%d0%b8/%d1%83%d1%81%d1%82%d1%80%d0%b0%d0%bd%d0%b8%d1%82%d1%8c-%d1%86%d0%b5%d0%bb%d0%bb%d1%8e%d0%bb%d0%b8%d1%82/
[1451/2588] 200 https://www.medicsintegralsalut.com/uk/%d0%be%d0%b4%d0%b8%d0%bd%d0%b8%d1%86%d1%96/%d1%81%d0%b0%d0%bb%d0%be%d0%bd-%d0%ba%d1%80%d0%b0%d1%81%d0%b8/%d0%bf%d0%be%d0%b7%d0%b1%d1%83%d1%82%d0%b8%d1%81%d1%8f-%d1%86%d0%b5%d0%bb%d1%8e%d0%bb%d1%96%d1%82%d1%83/
[1452/2588] 200 https://www.medicsintegralsalut.com/ca/unitats-2/gabinet-destetica-2/eliminar-cel%c2%b7lulitis/
[1453/2588] 200 https://www.medicsintegralsalut.com/en/units/beauty-salon/volume-reduction-girona-2/
[1454/2588] 200 https://www.medicsintegralsalut.com/fr/unites/institut-de-beaute/reduccion-de-volumen-girona/
[1455/2588] 200 https://www.medicsintegralsalut.com/ru/%d0%b5%d0%b4%d0%b8%d0%bd%d0%b8%d1%86%d1%8b/%d0%ba%d0%b0%d0%b1%d0%b8%d0%bd%d0%b5%d1%82-%d1%8d%d1%81%d1%82%d0%b5%d1%82%d0%b8%d0%ba%d0%b8/reduccion-de-volumen-girona/
[1456/2588] 200 https://www.medicsintegralsalut.com/uk/%d0%be%d0%b4%d0%b8%d0%bd%d0%b8%d1%86%d1%96/%d1%81%d0%b0%d0%bb%d0%be%d0%bd-%d0%ba%d1%80%d0%b0%d1%81%d0%b8/%d0%b7%d0%bc%d0%b5%d0%bd%d1%88%d0%b5%d0%bd%d0%bd%d1%8f-%d0%be%d0%b1%d1%94%d0%bc%d1%83-%d0%b6%d0%b8%d1%80%d0%be%d0%bd%d0%b0-2/
[1457/2588] 200 https://www.medicsintegralsalut.com/ca/unitats-2/gabinet-destetica-2/reduccio-de-volum-girona-2/
[1458/2588] 200 https://www.medicsintegralsalut.com/en/units/cosmetic-surgery-3/vaser-liposuction-2/
[1459/2588] 200 https://www.medicsintegralsalut.com/fr/unites/chirurgie-esthetique-corporelle-2/liposuccion-vaser/
[1460/2588] 200 https://www.medicsintegralsalut.com/ru/%d0%b5%d0%b4%d0%b8%d0%bd%d0%b8%d1%86%d1%8b/%d1%8d%d1%81%d1%82%d0%b5%d1%82%d0%b8%d1%87%d0%b5%d1%81%d0%ba%d0%b0%d1%8f-%d0%be%d0%bf%d0%b5%d1%80%d0%b0%d1%86%d0%b8%d1%8f-%d1%82%d0%b5%d0%bb%d0%b0/%d0%bb%d0%b8%d0%bf%d0%be%d1%81%d0%b0%d0%ba%d1%86%d0%b8%d1%8f-vaser/
[1461/2588] 200 https://www.medicsintegralsalut.com/uk/%d0%be%d0%b4%d0%b8%d0%bd%d0%b8%d1%86%d1%96/%d0%b5%d1%81%d1%82%d0%b5%d1%82%d0%b8%d1%87%d0%bd%d0%b0-%d1%85%d1%96%d1%80%d1%83%d1%80%d0%b3%d1%96%d1%8f-%d1%82%d1%96%d0%bb%d0%b0-2/%d0%bb%d1%96%d0%bf%d0%be%d1%81%d0%b0%d0%ba%d1%86%d1%96%d1%8f-%d0%bc%d0%b5%d1%82%d0%be%d0%b4%d0%be%d0%bc-vaser-2/
[1462/2588] 200 https://www.medicsintegralsalut.com/ca/unitats-2/cirurgia-estetica-corporal-2/liposuccio-vaser-2/
[1463/2588] 200 https://www.medicsintegralsalut.com/en/units/cosmetic-facial-surgery-2/nasal-septum-piercing/
[1464/2588] 200 https://www.medicsintegralsalut.com/fr/unites/chirurgie-esthetique-faciale/perforation-de-la-cloison-nasale/
[1465/2588] 200 https://www.medicsintegralsalut.com/ru/%d0%b5%d0%b4%d0%b8%d0%bd%d0%b8%d1%86%d1%8b/%d0%bf%d0%bb%d0%b0%d1%81%d1%82%d0%b8%d1%87%d0%b5%d1%81%d0%ba%d0%b0%d1%8f-%d1%85%d0%b8%d1%80%d1%83%d1%80%d0%b3%d0%b8%d1%8f-%d0%bb%d0%b8%d1%86%d0%b0/%d0%bf%d1%80%d0%be%d0%ba%d0%be%d0%bb-%d0%bd%d0%be%d1%81%d0%be%d0%b2%d0%be%d0%b9-%d0%bf%d0%b5%d1%80%d0%b5%d0%b3%d0%be%d1%80%d0%be%d0%b4%d0%ba%d0%b8/
[1466/2588] 200 https://www.medicsintegralsalut.com/uk/%d0%be%d0%b4%d0%b8%d0%bd%d0%b8%d1%86%d1%96/%d0%b5%d1%81%d1%82%d0%b5%d1%82%d0%b8%d1%87%d0%bd%d0%b0-%d1%85%d1%96%d1%80%d1%83%d1%80%d0%b3%d1%96%d1%8f-%d0%be%d0%b1%d0%bb%d0%b8%d1%87%d1%87%d1%8f-2/%d0%bf%d0%b5%d1%80%d1%84%d0%be%d1%80%d0%b0%d1%86%d1%96%d1%8f-%d0%bd%d0%be%d1%81%d0%be%d0%b2%d0%be%d1%97-%d0%bf%d0%b5%d1%80%d0%b5%d0%b3%d0%be%d1%80%d0%be%d0%b4%d0%ba%d0%b8/
[1467/2588] 200 https://www.medicsintegralsalut.com/ca/unitats-2/cirurgia-estetica-facial-2/perforacio-del-tabic-nasal/
[1468/2588] 200 https://www.medicsintegralsalut.com/en/units/facial-aesthetic-medicine/dark-circles/
[1469/2588] 200 https://www.medicsintegralsalut.com/fr/unites/medecine-esthetique-faciale/cernes/
[1470/2588] 200 https://www.medicsintegralsalut.com/ru/%d0%b5%d0%b4%d0%b8%d0%bd%d0%b8%d1%86%d1%8b/%d1%8d%d1%81%d1%82%d0%b5%d1%82%d0%b8%d1%87%d0%b5%d1%81%d0%ba%d0%b0%d1%8f-%d0%bc%d0%b5%d0%b4%d0%b8%d1%86%d0%b8%d0%bd%d0%b0-%d0%bb%d0%b8%d1%86%d0%b0/%d1%82%d0%b5%d0%bc%d0%bd%d1%8b%d0%b5-%d0%ba%d1%80%d1%83%d0%b3%d0%b8-%d0%bf%d0%be%d0%b4-%d0%b3%d0%bb%d0%b0%d0%b7%d0%b0%d0%bc%d0%b8/
[1471/2588] 200 https://www.medicsintegralsalut.com/uk/%d0%be%d0%b4%d0%b8%d0%bd%d0%b8%d1%86%d1%96/%d0%b5%d1%81%d1%82%d0%b5%d1%82%d0%b8%d1%87%d0%bd%d0%b0-%d0%bc%d0%b5%d0%b4%d0%b8%d1%86%d0%b8%d0%bd%d0%b0-%d0%b4%d0%bb%d1%8f-%d0%be%d0%b1%d0%bb%d0%b8%d1%87%d1%87%d1%8f/%d1%82%d0%b5%d0%bc%d0%bd%d1%96-%d0%ba%d0%be%d0%bb%d0%b0-%d0%bf%d1%96%d0%b4-%d0%be%d1%87%d0%b8%d0%bc%d0%b0/
[1472/2588] 200 https://www.medicsintegralsalut.com/ca/unitats-2/medicina-estetica-facial/ulleres-fosques/
[1473/2588] 200 https://www.medicsintegralsalut.com/en/units/facial-aesthetic-medicine/expression-lines/
[1474/2588] 200 https://www.medicsintegralsalut.com/fr/unites/medecine-esthetique-faciale/rides-dexpression/
[1475/2588] 200 https://www.medicsintegralsalut.com/ru/%d0%b5%d0%b4%d0%b8%d0%bd%d0%b8%d1%86%d1%8b/%d1%8d%d1%81%d1%82%d0%b5%d1%82%d0%b8%d1%87%d0%b5%d1%81%d0%ba%d0%b0%d1%8f-%d0%bc%d0%b5%d0%b4%d0%b8%d1%86%d0%b8%d0%bd%d0%b0-%d0%bb%d0%b8%d1%86%d0%b0/%d0%bc%d0%be%d1%80%d1%89%d0%b8%d0%bd%d1%8b-%d0%be%d1%82-%d0%bc%d0%b8%d0%bc%d0%b8%d0%ba%d0%b8/
[1476/2588] 200 https://www.medicsintegralsalut.com/uk/%d0%be%d0%b4%d0%b8%d0%bd%d0%b8%d1%86%d1%96/%d0%b5%d1%81%d1%82%d0%b5%d1%82%d0%b8%d1%87%d0%bd%d0%b0-%d0%bc%d0%b5%d0%b4%d0%b8%d1%86%d0%b8%d0%bd%d0%b0-%d0%b4%d0%bb%d1%8f-%d0%be%d0%b1%d0%bb%d0%b8%d1%87%d1%87%d1%8f/%d0%bc%d1%96%d0%bc%d1%96%d1%87%d0%bd%d1%96-%d0%b7%d0%bc%d0%be%d1%80%d1%88%d0%ba%d0%b8/
[1477/2588] 200 https://www.medicsintegralsalut.com/ca/unitats-2/medicina-estetica-facial/arrugues-dexpressio-2/
[1478/2588] 200 https://www.medicsintegralsalut.com/en/units/facial-aesthetic-medicine/sagging-and-thread-lifts/
[1479/2588] 200 https://www.medicsintegralsalut.com/fr/unites/medecine-esthetique-faciale/flaccidite-fils-tenseurs/
[1480/2588] 200 https://www.medicsintegralsalut.com/ru/%d0%b5%d0%b4%d0%b8%d0%bd%d0%b8%d1%86%d1%8b/%d1%8d%d1%81%d1%82%d0%b5%d1%82%d0%b8%d1%87%d0%b5%d1%81%d0%ba%d0%b0%d1%8f-%d0%bc%d0%b5%d0%b4%d0%b8%d1%86%d0%b8%d0%bd%d0%b0-%d0%bb%d0%b8%d1%86%d0%b0/%d0%b4%d1%80%d1%8f%d0%b1%d0%bb%d0%be%d1%81%d1%82%d1%8c-%d0%bf%d0%be%d0%b4%d1%82%d1%8f%d0%b3%d0%b8%d0%b2%d0%b0%d1%8e%d1%89%d0%b8%d0%b5-%d0%bd%d0%b8%d1%82%d0%b8/
[1481/2588] 200 https://www.medicsintegralsalut.com/uk/%d0%be%d0%b4%d0%b8%d0%bd%d0%b8%d1%86%d1%96/%d0%b5%d1%81%d1%82%d0%b5%d1%82%d0%b8%d1%87%d0%bd%d0%b0-%d0%bc%d0%b5%d0%b4%d0%b8%d1%86%d0%b8%d0%bd%d0%b0-%d0%b4%d0%bb%d1%8f-%d0%be%d0%b1%d0%bb%d0%b8%d1%87%d1%87%d1%8f/%d0%b2%d1%8f%d0%bb%d1%96%d1%81%d1%82%d1%8c-%d1%88%d0%ba%d1%96%d1%80%d0%b8-%d0%bf%d1%96%d0%b4%d1%82%d1%8f%d0%b3%d1%83%d0%b2%d0%b0%d0%bb%d1%8c%d0%bd%d1%96-%d0%bd%d0%b8%d1%82%d0%ba%d0%b8/
[1482/2588] 200 https://www.medicsintegralsalut.com/ca/unitats-2/medicina-estetica-facial/flacidesa-fils-tensors/
[1483/2588] 200 https://www.medicsintegralsalut.com/en/units/facial-aesthetic-medicine/hydration-and-nutrition-2/
[1484/2588] 200 https://www.medicsintegralsalut.com/fr/unites/medecine-esthetique-faciale/hydratation-et-nutrition-2/
[1485/2588] 200 https://www.medicsintegralsalut.com/ru/%d0%b5%d0%b4%d0%b8%d0%bd%d0%b8%d1%86%d1%8b/%d1%8d%d1%81%d1%82%d0%b5%d1%82%d0%b8%d1%87%d0%b5%d1%81%d0%ba%d0%b0%d1%8f-%d0%bc%d0%b5%d0%b4%d0%b8%d1%86%d0%b8%d0%bd%d0%b0-%d0%bb%d0%b8%d1%86%d0%b0/%d0%b3%d0%b8%d0%b4%d1%80%d0%b0%d1%82%d0%b0%d1%86%d0%b8%d1%8f-%d0%b8-%d0%bf%d0%b8%d1%82%d0%b0%d0%bd%d0%b8%d0%b5-2/
[1486/2588] 200 https://www.medicsintegralsalut.com/uk/%d0%be%d0%b4%d0%b8%d0%bd%d0%b8%d1%86%d1%96/%d0%b5%d1%81%d1%82%d0%b5%d1%82%d0%b8%d1%87%d0%bd%d0%b0-%d0%bc%d0%b5%d0%b4%d0%b8%d1%86%d0%b8%d0%bd%d0%b0-%d0%b4%d0%bb%d1%8f-%d0%be%d0%b1%d0%bb%d0%b8%d1%87%d1%87%d1%8f/%d0%b7%d0%b2%d0%be%d0%bb%d0%be%d0%b6%d0%b5%d0%bd%d0%bd%d1%8f-%d1%82%d0%b0-%d0%b6%d0%b8%d0%b2%d0%bb%d0%b5%d0%bd%d0%bd%d1%8f/
[1487/2588] 200 https://www.medicsintegralsalut.com/ca/unitats-2/medicina-estetica-facial/hidratacio-i-nutricio-2/
[1488/2588] 200 https://www.medicsintegralsalut.com/en/units/facial-aesthetic-medicine/shedding/
[1489/2588] 200 https://www.medicsintegralsalut.com/fr/unites/medecine-esthetique-faciale/epluchage/
[1490/2588] 200 https://www.medicsintegralsalut.com/ru/%d0%b5%d0%b4%d0%b8%d0%bd%d0%b8%d1%86%d1%8b/%d1%8d%d1%81%d1%82%d0%b5%d1%82%d0%b8%d1%87%d0%b5%d1%81%d0%ba%d0%b0%d1%8f-%d0%bc%d0%b5%d0%b4%d0%b8%d1%86%d0%b8%d0%bd%d0%b0-%d0%bb%d0%b8%d1%86%d0%b0/%d0%bf%d0%b8%d0%bb%d0%b8%d0%bd%d0%b3/
[1491/2588] 200 https://www.medicsintegralsalut.com/uk/%d0%be%d0%b4%d0%b8%d0%bd%d0%b8%d1%86%d1%96/%d0%b5%d1%81%d1%82%d0%b5%d1%82%d0%b8%d1%87%d0%bd%d0%b0-%d0%bc%d0%b5%d0%b4%d0%b8%d1%86%d0%b8%d0%bd%d0%b0-%d0%b4%d0%bb%d1%8f-%d0%be%d0%b1%d0%bb%d0%b8%d1%87%d1%87%d1%8f/%d0%bf%d1%96%d0%bb%d1%96%d0%bd%d0%b3/
[1492/2588] 200 https://www.medicsintegralsalut.com/ca/unitats-2/medicina-estetica-facial/pela/
[1493/2588] 200 https://www.medicsintegralsalut.com/en/units/cosmetic-facial-surgery-2/wrinkle-fillers/
[1494/2588] 200 https://www.medicsintegralsalut.com/fr/unites/chirurgie-esthetique-faciale/remplissage-de-rides/
[1495/2588] 200 https://www.medicsintegralsalut.com/ru/%d0%b5%d0%b4%d0%b8%d0%bd%d0%b8%d1%86%d1%8b/%d0%bf%d0%bb%d0%b0%d1%81%d1%82%d0%b8%d1%87%d0%b5%d1%81%d0%ba%d0%b0%d1%8f-%d1%85%d0%b8%d1%80%d1%83%d1%80%d0%b3%d0%b8%d1%8f-%d0%bb%d0%b8%d1%86%d0%b0/%d1%84%d0%b8%d0%bb%d0%bb%d0%b5%d1%80-%d0%bf%d1%80%d0%be%d1%82%d0%b8%d0%b2-%d0%bc%d0%be%d1%80%d1%89%d0%b8%d0%bd/
[1496/2588] 200 https://www.medicsintegralsalut.com/uk/%d0%be%d0%b4%d0%b8%d0%bd%d0%b8%d1%86%d1%96/%d0%b5%d1%81%d1%82%d0%b5%d1%82%d0%b8%d1%87%d0%bd%d0%b0-%d1%85%d1%96%d1%80%d1%83%d1%80%d0%b3%d1%96%d1%8f-%d0%be%d0%b1%d0%bb%d0%b8%d1%87%d1%87%d1%8f-2/%d0%b7%d0%b0%d0%bf%d0%be%d0%b2%d0%bd%d0%b5%d0%bd%d0%bd%d1%8f-%d0%b7%d0%bc%d0%be%d1%80%d1%88%d0%be%d0%ba/
[1497/2588] 200 https://www.medicsintegralsalut.com/ca/unitats-2/cirurgia-estetica-facial-2/farciment-darrugues-2/
[1498/2588] 200 https://www.medicsintegralsalut.com/en/units/cosmetic-body-medicine/non-surgical-liposuction/
[1499/2588] 200 https://www.medicsintegralsalut.com/fr/unites/medecine-esthetique-corporelle/liposuccion-sans-chirurgie/
[1500/2588] 200 https://www.medicsintegralsalut.com/ru/%d0%b5%d0%b4%d0%b8%d0%bd%d0%b8%d1%86%d1%8b/%d1%8d%d1%81%d1%82%d0%b5%d1%82%d0%b8%d1%87%d0%b5%d1%81%d0%ba%d0%b0%d1%8f-%d0%bc%d0%b5%d0%b4%d0%b8%d1%86%d0%b8%d0%bd%d0%b0-%d1%82%d0%b5%d0%bb%d0%b0/%d0%bb%d0%b8%d0%bf%d0%be%d1%81%d0%b0%d0%ba%d1%86%d0%b8%d1%8f-%d0%b1%d0%b5%d0%b7-%d0%be%d0%bf%d0%b5%d1%80%d0%b0%d1%86%d0%b8%d0%b8-2/
[1501/2588] 200 https://www.medicsintegralsalut.com/uk/%d0%be%d0%b4%d0%b8%d0%bd%d0%b8%d1%86%d1%96/%d0%b5%d1%81%d1%82%d0%b5%d1%82%d0%b8%d1%87%d0%bd%d0%b0-%d0%bc%d0%b5%d0%b4%d0%b8%d1%86%d0%b8%d0%bd%d0%b0-%d0%b4%d0%bb%d1%8f-%d1%82%d1%96%d0%bb%d0%b0/%d0%bb%d1%96%d0%bf%d0%be%d1%81%d0%b0%d0%ba%d1%86%d1%96%d1%8f-%d0%b1%d0%b5%d0%b7-%d1%85%d1%96%d1%80%d1%83%d1%80%d0%b3%d1%96%d1%87%d0%bd%d0%be%d0%b3%d0%be-%d0%b2%d1%82%d1%80%d1%83%d1%87%d0%b0%d0%bd-2/
[1502/2588] 200 https://www.medicsintegralsalut.com/ca/unitats-2/medicina-estetica-corporal/liposuccio-sense-cirurgia-2/
[1503/2588] 200 https://www.medicsintegralsalut.com/en/units/cosmetic-body-medicine/cellulite/
[1504/2588] 200 https://www.medicsintegralsalut.com/fr/unites/medecine-esthetique-corporelle/cellulite/
[1505/2588] 200 https://www.medicsintegralsalut.com/ru/%d0%b5%d0%b4%d0%b8%d0%bd%d0%b8%d1%86%d1%8b/%d1%8d%d1%81%d1%82%d0%b5%d1%82%d0%b8%d1%87%d0%b5%d1%81%d0%ba%d0%b0%d1%8f-%d0%bc%d0%b5%d0%b4%d0%b8%d1%86%d0%b8%d0%bd%d0%b0-%d1%82%d0%b5%d0%bb%d0%b0/%d1%86%d0%b5%d0%bb%d0%bb%d1%8e%d0%bb%d0%b8%d1%82/
[1506/2588] 200 https://www.medicsintegralsalut.com/uk/%d0%be%d0%b4%d0%b8%d0%bd%d0%b8%d1%86%d1%96/%d0%b5%d1%81%d1%82%d0%b5%d1%82%d0%b8%d1%87%d0%bd%d0%b0-%d0%bc%d0%b5%d0%b4%d0%b8%d1%86%d0%b8%d0%bd%d0%b0-%d0%b4%d0%bb%d1%8f-%d1%82%d1%96%d0%bb%d0%b0/%d1%86%d0%b5%d0%bb%d1%8e%d0%bb%d1%96%d1%82/
[1507/2588] 200 https://www.medicsintegralsalut.com/ca/unitats-2/medicina-estetica-corporal/cel%c2%b7lulitis/
[1508/2588] 200 https://www.medicsintegralsalut.com/en/units/overweight-and-obesity-2/ingestible-balloon-elipse/
[1509/2588] 200 https://www.medicsintegralsalut.com/fr/unites/surpoids-et-obesite-2/balle-comestible-ellipse/
[1510/2588] 200 https://www.medicsintegralsalut.com/ru/%d0%b5%d0%b4%d0%b8%d0%bd%d0%b8%d1%86%d1%8b/%d0%b8%d0%b7%d0%b1%d1%8b%d1%82%d0%be%d1%87%d0%bd%d1%8b%d0%b9-%d0%b2%d0%b5%d1%81-%d0%b8-%d0%be%d0%b6%d0%b8%d1%80%d0%b5%d0%bd%d0%b8%d0%b5-2/%d0%bd%d0%b0%d0%b4%d1%83%d0%b2%d0%bd%d0%be%d0%b9-%d1%8d%d0%bb%d0%bb%d0%b8%d0%bf%d1%82%d0%b8%d1%87%d0%b5%d1%81%d0%ba%d0%b8%d0%b9-%d1%88%d0%b0%d1%80/
[1511/2588] 200 https://www.medicsintegralsalut.com/uk/%d0%be%d0%b4%d0%b8%d0%bd%d0%b8%d1%86%d1%96/%d0%bd%d0%b0%d0%b4%d0%bc%d1%96%d1%80%d0%bd%d0%b0-%d0%b2%d0%b0%d0%b3%d0%b0-%d1%82%d0%b0-%d0%be%d0%b6%d0%b8%d1%80%d1%96%d0%bd%d0%bd%d1%8f-2/balon-ingerible-elipse/
[1512/2588] 200 https://www.medicsintegralsalut.com/ca/unitats-2/sobrepes-i-obesitat-2/pilota-ingerible-el%c2%b7lipse/
[1513/2588] 200 https://www.medicsintegralsalut.com/en/units/overweight-and-obesity-2/balloon-6-months/
[1514/2588] 200 https://www.medicsintegralsalut.com/fr/unites/surpoids-et-obesite-2/ballon-6-mois/
[1515/2588] 200 https://www.medicsintegralsalut.com/ru/%d0%b5%d0%b4%d0%b8%d0%bd%d0%b8%d1%86%d1%8b/%d0%b8%d0%b7%d0%b1%d1%8b%d1%82%d0%be%d1%87%d0%bd%d1%8b%d0%b9-%d0%b2%d0%b5%d1%81-%d0%b8-%d0%be%d0%b6%d0%b8%d1%80%d0%b5%d0%bd%d0%b8%d0%b5-2/balon-6-%d0%bc%d0%b5%d1%81%d1%8f%d1%86%d0%b5%d0%b2/
[1516/2588] 200 https://www.medicsintegralsalut.com/uk/%d0%be%d0%b4%d0%b8%d0%bd%d0%b8%d1%86%d1%96/%d0%bd%d0%b0%d0%b4%d0%bc%d1%96%d1%80%d0%bd%d0%b0-%d0%b2%d0%b0%d0%b3%d0%b0-%d1%82%d0%b0-%d0%be%d0%b6%d0%b8%d1%80%d1%96%d0%bd%d0%bd%d1%8f-2/%d0%bc%d1%8f%d1%87-6-%d0%bc%d1%96%d1%81%d1%8f%d1%86%d1%96%d0%b2/
[1517/2588] 200 https://www.medicsintegralsalut.com/ca/unitats-2/sobrepes-i-obesitat-2/bota-6-mesos/
[1518/2588] 200 https://www.medicsintegralsalut.com/en/units/overweight-and-obesity-2/endomanga/
[1519/2588] 200 https://www.medicsintegralsalut.com/fr/unites/surpoids-et-obesite-2/endomanga/
[1520/2588] 200 https://www.medicsintegralsalut.com/ru/%d0%b5%d0%b4%d0%b8%d0%bd%d0%b8%d1%86%d1%8b/%d0%b8%d0%b7%d0%b1%d1%8b%d1%82%d0%be%d1%87%d0%bd%d1%8b%d0%b9-%d0%b2%d0%b5%d1%81-%d0%b8-%d0%be%d0%b6%d0%b8%d1%80%d0%b5%d0%bd%d0%b8%d0%b5-2/%d1%8d%d0%bd%d0%b4%d0%be%d0%bc%d0%b0%d0%bd%d0%b3%d0%b0/
[1521/2588] 200 https://www.medicsintegralsalut.com/uk/%d0%be%d0%b4%d0%b8%d0%bd%d0%b8%d1%86%d1%96/%d0%bd%d0%b0%d0%b4%d0%bc%d1%96%d1%80%d0%bd%d0%b0-%d0%b2%d0%b0%d0%b3%d0%b0-%d1%82%d0%b0-%d0%be%d0%b6%d0%b8%d1%80%d1%96%d0%bd%d0%bd%d1%8f-2/%d0%b2%d0%bd%d1%83%d1%82%d1%80%d1%96%d1%88%d0%bd%d1%8f-%d1%87%d0%b0%d1%81%d1%82%d0%b8%d0%bd%d0%b0-%d1%80%d1%83%d0%ba%d0%b0%d0%b2%d0%b0/
[1522/2588] 200 https://www.medicsintegralsalut.com/ca/unitats-2/sobrepes-i-obesitat-2/endomanga/
[1523/2588] 200 https://www.medicsintegralsalut.com/en/units/overweight-and-obesity-2/dietetics-and-nutrition-2/
[1524/2588] 200 https://www.medicsintegralsalut.com/fr/unites/surpoids-et-obesite-2/dietetique-et-nutrition/
[1525/2588] 200 https://www.medicsintegralsalut.com/ru/%d0%b5%d0%b4%d0%b8%d0%bd%d0%b8%d1%86%d1%8b/%d0%b8%d0%b7%d0%b1%d1%8b%d1%82%d0%be%d1%87%d0%bd%d1%8b%d0%b9-%d0%b2%d0%b5%d1%81-%d0%b8-%d0%be%d0%b6%d0%b8%d1%80%d0%b5%d0%bd%d0%b8%d0%b5-2/%d0%b4%d0%b8%d0%b5%d1%82%d0%be%d0%bb%d0%be%d0%b3%d0%b8%d1%8f-%d0%b8-%d0%bf%d0%b8%d1%82%d0%b0%d0%bd%d0%b8%d0%b5/
[1526/2588] 200 https://www.medicsintegralsalut.com/uk/%d0%be%d0%b4%d0%b8%d0%bd%d0%b8%d1%86%d1%96/%d0%bd%d0%b0%d0%b4%d0%bc%d1%96%d1%80%d0%bd%d0%b0-%d0%b2%d0%b0%d0%b3%d0%b0-%d1%82%d0%b0-%d0%be%d0%b6%d0%b8%d1%80%d1%96%d0%bd%d0%bd%d1%8f-2/%d0%b4%d1%96%d1%94%d1%82%d0%be%d0%bb%d0%be%d0%b3%d1%96%d1%8f-%d1%82%d0%b0-%d1%85%d0%b0%d1%80%d1%87%d1%83%d0%b2%d0%b0%d0%bd%d0%bd%d1%8f/
[1527/2588] 200 https://www.medicsintegralsalut.com/ca/unitats-2/sobrepes-i-obesitat-2/dietetica-i-nutricio-2/
[1528/2588] 200 https://www.medicsintegralsalut.com/en/units/overweight-and-obesity-2/bariatric-surgery-2/
[1529/2588] 200 https://www.medicsintegralsalut.com/fr/unites/surpoids-et-obesite-2/chirurgie-bariatrique-2/
[1530/2588] 200 https://www.medicsintegralsalut.com/ru/%d0%b5%d0%b4%d0%b8%d0%bd%d0%b8%d1%86%d1%8b/%d0%b8%d0%b7%d0%b1%d1%8b%d1%82%d0%be%d1%87%d0%bd%d1%8b%d0%b9-%d0%b2%d0%b5%d1%81-%d0%b8-%d0%be%d0%b6%d0%b8%d1%80%d0%b5%d0%bd%d0%b8%d0%b5-2/%d0%b1%d0%b0%d1%80%d0%b8%d0%b0%d1%82%d1%80%d0%b8%d1%87%d0%b5%d1%81%d0%ba%d0%b0%d1%8f-%d1%85%d0%b8%d1%80%d1%83%d1%80%d0%b3%d0%b8%d1%8f-2/
[1531/2588] 200 https://www.medicsintegralsalut.com/uk/%d0%be%d0%b4%d0%b8%d0%bd%d0%b8%d1%86%d1%96/%d0%bd%d0%b0%d0%b4%d0%bc%d1%96%d1%80%d0%bd%d0%b0-%d0%b2%d0%b0%d0%b3%d0%b0-%d1%82%d0%b0-%d0%be%d0%b6%d0%b8%d1%80%d1%96%d0%bd%d0%bd%d1%8f-2/%d0%b1%d0%b0%d1%80%d1%96%d0%b0%d1%82%d1%80%d0%b8%d1%87%d0%bd%d0%b0-%d1%85%d1%96%d1%80%d1%83%d1%80%d0%b3%d1%96%d1%8f-2/
[1532/2588] 200 https://www.medicsintegralsalut.com/ca/unitats-2/sobrepes-i-obesitat-2/cirurgia-bariatrica-2/
[1533/2588] 200 https://www.medicsintegralsalut.com/en/units/cosmetic-breast-surgery-2/breast-lift/
[1534/2588] 200 https://www.medicsintegralsalut.com/fr/unites/chirurgie-esthetique-des-seins-2/lifting-des-seins-pexie-mammaire/
[1535/2588] 200 https://www.medicsintegralsalut.com/ru/%d0%b5%d0%b4%d0%b8%d0%bd%d0%b8%d1%86%d1%8b/%d0%bf%d0%bb%d0%b0%d1%81%d1%82%d0%b8%d1%87%d0%b5%d1%81%d0%ba%d0%b0%d1%8f-%d1%85%d0%b8%d1%80%d1%83%d1%80%d0%b3%d0%b8%d1%8f-%d0%b3%d1%80%d1%83%d0%b4%d0%b8/%d0%bc%d0%b0%d0%bc%d0%bc%d0%be%d0%bf%d0%bb%d0%b0%d1%81%d1%82%d0%b8%d0%ba%d0%b0/
[1536/2588] 200 https://www.medicsintegralsalut.com/uk/%d0%be%d0%b4%d0%b8%d0%bd%d0%b8%d1%86%d1%96/%d0%b5%d1%81%d1%82%d0%b5%d1%82%d0%b8%d1%87%d0%bd%d0%b0-%d1%85%d1%96%d1%80%d1%83%d1%80%d0%b3%d1%96%d1%8f-%d0%b3%d1%80%d1%83%d0%b4%d0%b5%d0%b9-2/%d0%bf%d1%96%d0%b4%d1%82%d1%8f%d0%b6%d0%ba%d0%b0-%d0%b3%d1%80%d1%83%d0%b4%d0%b5%d0%b9-%d0%bf%d0%b5%d0%ba%d1%81%d1%96%d1%8f/
[1537/2588] 200 https://www.medicsintegralsalut.com/ca/unitats-2/cirurgia-estetica-de-mames/elevacio-de-pit-pexia-2/
[1538/2588] 200 https://www.medicsintegralsalut.com/en/units/cosmetic-breast-surgery-2/breast-reduction/
[1539/2588] 200 https://www.medicsintegralsalut.com/fr/unites/chirurgie-esthetique-des-seins-2/reduction-mammaire/
[1540/2588] 200 https://www.medicsintegralsalut.com/ru/%d0%b5%d0%b4%d0%b8%d0%bd%d0%b8%d1%86%d1%8b/%d0%bf%d0%bb%d0%b0%d1%81%d1%82%d0%b8%d1%87%d0%b5%d1%81%d0%ba%d0%b0%d1%8f-%d1%85%d0%b8%d1%80%d1%83%d1%80%d0%b3%d0%b8%d1%8f-%d0%b3%d1%80%d1%83%d0%b4%d0%b8/%d1%80%d0%b5%d0%b4%d1%83%d0%ba%d1%86%d0%b8%d1%8f-%d0%b3%d1%80%d1%83%d0%b4%d0%b8/
[1541/2588] 200 https://www.medicsintegralsalut.com/uk/%d0%be%d0%b4%d0%b8%d0%bd%d0%b8%d1%86%d1%96/%d0%b5%d1%81%d1%82%d0%b5%d1%82%d0%b8%d1%87%d0%bd%d0%b0-%d1%85%d1%96%d1%80%d1%83%d1%80%d0%b3%d1%96%d1%8f-%d0%b3%d1%80%d1%83%d0%b4%d0%b5%d0%b9-2/%d0%b7%d0%bc%d0%b5%d0%bd%d1%88%d0%b5%d0%bd%d0%bd%d1%8f-%d0%b3%d1%80%d1%83%d0%b4%d0%b5%d0%b9/
[1542/2588] 200 https://www.medicsintegralsalut.com/ca/unitats-2/cirurgia-estetica-de-mames/reduccio-de-pits/
[1543/2588] 200 https://www.medicsintegralsalut.com/en/units/cosmetic-facial-surgery-2/neck-and-double-chin-mini-lift/
[1544/2588] 200 https://www.medicsintegralsalut.com/fr/unites/chirurgie-esthetique-faciale/mini-lifting-du-cou-et-du-double-menton/
[1545/2588] 200 https://www.medicsintegralsalut.com/ru/%d0%b5%d0%b4%d0%b8%d0%bd%d0%b8%d1%86%d1%8b/%d0%bf%d0%bb%d0%b0%d1%81%d1%82%d0%b8%d1%87%d0%b5%d1%81%d0%ba%d0%b0%d1%8f-%d1%85%d0%b8%d1%80%d1%83%d1%80%d0%b3%d0%b8%d1%8f-%d0%bb%d0%b8%d1%86%d0%b0/%d0%bf%d0%be%d0%b4%d1%82%d1%8f%d0%b6%d0%ba%d0%b0-%d1%88%d0%b5%d0%b8-%d0%b8-%d0%bf%d0%be%d0%b4%d0%b1%d0%be%d1%80%d0%be%d0%b4%d0%ba%d0%b0/
[1546/2588] 200 https://www.medicsintegralsalut.com/uk/%d0%be%d0%b4%d0%b8%d0%bd%d0%b8%d1%86%d1%96/%d0%b5%d1%81%d1%82%d0%b5%d1%82%d0%b8%d1%87%d0%bd%d0%b0-%d1%85%d1%96%d1%80%d1%83%d1%80%d0%b3%d1%96%d1%8f-%d0%be%d0%b1%d0%bb%d0%b8%d1%87%d1%87%d1%8f-2/%d0%bc%d1%96%d0%bd%d1%96%d0%bb%d1%96%d1%84%d1%82%d0%b8%d0%bd%d0%b3-%d1%88%d0%b8%d1%97-%d1%82%d0%b0-%d0%bf%d0%be%d0%b4%d0%b2%d1%96%d0%b9%d0%bd%d0%be%d0%b3%d0%be-%d0%bf%d1%96%d0%b4%d0%b1%d0%be%d1%80/
[1547/2588] 200 https://www.medicsintegralsalut.com/ca/unitats-2/cirurgia-estetica-facial-2/minilifting-de-coll-i-papada-2/
[1548/2588] 200 https://www.medicsintegralsalut.com/en/units/cosmetic-facial-surgery-2/facial-lift/
[1549/2588] 200 https://www.medicsintegralsalut.com/fr/unites/chirurgie-esthetique-faciale/lifting-du-visage/
[1550/2588] 200 https://www.medicsintegralsalut.com/ru/%d0%b5%d0%b4%d0%b8%d0%bd%d0%b8%d1%86%d1%8b/%d0%bf%d0%bb%d0%b0%d1%81%d1%82%d0%b8%d1%87%d0%b5%d1%81%d0%ba%d0%b0%d1%8f-%d1%85%d0%b8%d1%80%d1%83%d1%80%d0%b3%d0%b8%d1%8f-%d0%bb%d0%b8%d1%86%d0%b0/%d0%bf%d0%be%d0%b4%d1%82%d1%8f%d0%b6%d0%ba%d0%b0-%d0%bb%d0%b8%d1%86%d0%b0/
[1551/2588] 200 https://www.medicsintegralsalut.com/uk/%d0%be%d0%b4%d0%b8%d0%bd%d0%b8%d1%86%d1%96/%d0%b5%d1%81%d1%82%d0%b5%d1%82%d0%b8%d1%87%d0%bd%d0%b0-%d1%85%d1%96%d1%80%d1%83%d1%80%d0%b3%d1%96%d1%8f-%d0%be%d0%b1%d0%bb%d0%b8%d1%87%d1%87%d1%8f-2/%d0%bf%d1%96%d0%b4%d1%82%d1%8f%d0%b6%d0%ba%d0%b0-%d0%be%d0%b1%d0%bb%d0%b8%d1%87%d1%87%d1%8f/
[1552/2588] 200 https://www.medicsintegralsalut.com/ca/unitats-2/cirurgia-estetica-facial-2/lifting-facial/
[1553/2588] 200 https://www.medicsintegralsalut.com/en/units/cosmetic-facial-surgery-2/chin-and-cheek-surgery/
[1554/2588] 200 https://www.medicsintegralsalut.com/fr/unites/chirurgie-esthetique-faciale/chirurgie-du-menton-et-des-pommettes-2/
[1555/2588] 200 https://www.medicsintegralsalut.com/ru/%d0%b5%d0%b4%d0%b8%d0%bd%d0%b8%d1%86%d1%8b/%d0%bf%d0%bb%d0%b0%d1%81%d1%82%d0%b8%d1%87%d0%b5%d1%81%d0%ba%d0%b0%d1%8f-%d1%85%d0%b8%d1%80%d1%83%d1%80%d0%b3%d0%b8%d1%8f-%d0%bb%d0%b8%d1%86%d0%b0/%d0%be%d0%bf%d0%b5%d1%80%d0%b0%d1%86%d0%b8%d1%8f-%d0%bd%d0%b0-%d0%bf%d0%be%d0%b4%d0%b1%d0%be%d1%80%d0%be%d0%b4%d0%ba%d0%b5-%d0%b8-%d1%81%d0%ba%d1%83%d0%bb%d0%b0%d1%85/
[1556/2588] 200 https://www.medicsintegralsalut.com/uk/%d0%be%d0%b4%d0%b8%d0%bd%d0%b8%d1%86%d1%96/%d0%b5%d1%81%d1%82%d0%b5%d1%82%d0%b8%d1%87%d0%bd%d0%b0-%d1%85%d1%96%d1%80%d1%83%d1%80%d0%b3%d1%96%d1%8f-%d0%be%d0%b1%d0%bb%d0%b8%d1%87%d1%87%d1%8f-2/%d1%85%d1%96%d1%80%d1%83%d1%80%d0%b3%d1%96%d1%8f-%d0%bf%d1%96%d0%b4%d0%b1%d0%be%d1%80%d1%96%d0%b4%d0%b4%d1%8f-%d1%82%d0%b0-%d0%b2%d0%b8%d0%bb%d0%b8%d1%86%d1%8c/
[1557/2588] 200 https://www.medicsintegralsalut.com/ca/unitats-2/cirurgia-estetica-facial-2/cirurgia-de-barbeta-i-pomuls/
[1558/2588] 200 https://www.medicsintegralsalut.com/en/units/cosmetic-surgery-3/buttock-augmentation/
[1559/2588] 200 https://www.medicsintegralsalut.com/fr/unites/chirurgie-esthetique-corporelle-2/augmentation-des-fessiers/
[1560/2588] 200 https://www.medicsintegralsalut.com/ru/%d0%b5%d0%b4%d0%b8%d0%bd%d0%b8%d1%86%d1%8b/%d1%8d%d1%81%d1%82%d0%b5%d1%82%d0%b8%d1%87%d0%b5%d1%81%d0%ba%d0%b0%d1%8f-%d0%be%d0%bf%d0%b5%d1%80%d0%b0%d1%86%d0%b8%d1%8f-%d1%82%d0%b5%d0%bb%d0%b0/%d1%83%d0%b2%d0%b5%d0%bb%d0%b8%d1%87%d0%b5%d0%bd%d0%b8%d0%b5-%d1%8f%d0%b3%d0%be%d0%b4%d0%b8%d1%86-2/
[1561/2588] 200 https://www.medicsintegralsalut.com/uk/%d0%be%d0%b4%d0%b8%d0%bd%d0%b8%d1%86%d1%96/%d0%b5%d1%81%d1%82%d0%b5%d1%82%d0%b8%d1%87%d0%bd%d0%b0-%d1%85%d1%96%d1%80%d1%83%d1%80%d0%b3%d1%96%d1%8f-%d1%82%d1%96%d0%bb%d0%b0-2/%d0%b7%d0%b1%d1%96%d0%bb%d1%8c%d1%88%d0%b5%d0%bd%d0%bd%d1%8f-%d1%81%d1%96%d0%b4%d0%bd%d0%b8%d1%86%d1%8c-2/
[1562/2588] 200 https://www.medicsintegralsalut.com/ca/unitats-2/cirurgia-estetica-corporal-2/augment-de-glutis-2/
[1563/2588] 200 https://www.medicsintegralsalut.com/en/units/cosmetic-surgery-3/female-genital-surgery-2/
[1564/2588] 200 https://www.medicsintegralsalut.com/fr/unites/chirurgie-esthetique-corporelle-2/chirurgie-genitale-feminine-2/
[1565/2588] 200 https://www.medicsintegralsalut.com/ru/%d0%b5%d0%b4%d0%b8%d0%bd%d0%b8%d1%86%d1%8b/%d1%8d%d1%81%d1%82%d0%b5%d1%82%d0%b8%d1%87%d0%b5%d1%81%d0%ba%d0%b0%d1%8f-%d0%be%d0%bf%d0%b5%d1%80%d0%b0%d1%86%d0%b8%d1%8f-%d1%82%d0%b5%d0%bb%d0%b0/%d0%b6%d0%b5%d0%bd%d1%81%d0%ba%d0%b0%d1%8f-%d0%b3%d0%b5%d0%bd%d0%b8%d1%82%d0%b0%d0%bb%d1%8c%d0%bd%d0%b0%d1%8f-%d1%85%d0%b8%d1%80%d1%83%d1%80%d0%b3%d0%b8%d1%8f-2/
[1566/2588] 200 https://www.medicsintegralsalut.com/uk/%d0%be%d0%b4%d0%b8%d0%bd%d0%b8%d1%86%d1%96/%d0%b5%d1%81%d1%82%d0%b5%d1%82%d0%b8%d1%87%d0%bd%d0%b0-%d1%85%d1%96%d1%80%d1%83%d1%80%d0%b3%d1%96%d1%8f-%d1%82%d1%96%d0%bb%d0%b0-2/%d1%85%d1%96%d1%80%d1%83%d1%80%d0%b3%d1%96%d1%8f-%d0%b6%d1%96%d0%bd%d0%be%d1%87%d0%b8%d1%85-%d1%81%d1%82%d0%b0%d1%82%d0%b5%d0%b2%d0%b8%d1%85-%d0%be%d1%80%d0%b3%d0%b0%d0%bd%d1%96%d0%b2-2/
[1567/2588] 200 https://www.medicsintegralsalut.com/ca/unitats-2/cirurgia-estetica-corporal-2/cirurgia-genital-femenina-2/
[1568/2588] 200 https://www.medicsintegralsalut.com/en/units/cosmetic-surgery-3/lifting-arms-and-legs-2/
[1569/2588] 200 https://www.medicsintegralsalut.com/fr/unites/chirurgie-esthetique-corporelle-2/soulever-les-bras-et-les-jambes/
[1570/2588] 200 https://www.medicsintegralsalut.com/ru/%d0%b5%d0%b4%d0%b8%d0%bd%d0%b8%d1%86%d1%8b/%d1%8d%d1%81%d1%82%d0%b5%d1%82%d0%b8%d1%87%d0%b5%d1%81%d0%ba%d0%b0%d1%8f-%d0%be%d0%bf%d0%b5%d1%80%d0%b0%d1%86%d0%b8%d1%8f-%d1%82%d0%b5%d0%bb%d0%b0/%d0%bf%d0%be%d0%b4%d0%bd%d1%8f%d1%82%d0%b8%d0%b5-%d1%80%d1%83%d0%ba-%d0%b8-%d0%bd%d0%be%d0%b3/
[1571/2588] 200 https://www.medicsintegralsalut.com/uk/%d0%be%d0%b4%d0%b8%d0%bd%d0%b8%d1%86%d1%96/%d0%b5%d1%81%d1%82%d0%b5%d1%82%d0%b8%d1%87%d0%bd%d0%b0-%d1%85%d1%96%d1%80%d1%83%d1%80%d0%b3%d1%96%d1%8f-%d1%82%d1%96%d0%bb%d0%b0-2/%d0%bf%d1%96%d0%b4%d1%82%d1%8f%d0%b6%d0%ba%d0%b0-%d1%80%d1%83%d0%ba-%d1%96-%d0%bd%d1%96%d0%b3-2/
[1572/2588] 200 https://www.medicsintegralsalut.com/ca/unitats-2/cirurgia-estetica-corporal-2/aixecament-de-bracos-i-cames-2/
[1573/2588] 200 https://www.medicsintegralsalut.com/en/units/cosmetic-surgery-3/body-fat-transfer/
[1574/2588] 200 https://www.medicsintegralsalut.com/fr/unites/chirurgie-esthetique-corporelle-2/lipofilling-corporel/
[1575/2588] 200 https://www.medicsintegralsalut.com/ru/%d0%b5%d0%b4%d0%b8%d0%bd%d0%b8%d1%86%d1%8b/%d1%8d%d1%81%d1%82%d0%b5%d1%82%d0%b8%d1%87%d0%b5%d1%81%d0%ba%d0%b0%d1%8f-%d0%be%d0%bf%d0%b5%d1%80%d0%b0%d1%86%d0%b8%d1%8f-%d1%82%d0%b5%d0%bb%d0%b0/%d0%bb%d0%b8%d0%bf%d0%be%d1%84%d0%b8%d0%bb%d0%b8%d0%bd%d0%b3-%d1%82%d0%b5%d0%bb%d0%b0/
[1576/2588] 200 https://www.medicsintegralsalut.com/uk/%d0%be%d0%b4%d0%b8%d0%bd%d0%b8%d1%86%d1%96/%d0%b5%d1%81%d1%82%d0%b5%d1%82%d0%b8%d1%87%d0%bd%d0%b0-%d1%85%d1%96%d1%80%d1%83%d1%80%d0%b3%d1%96%d1%8f-%d1%82%d1%96%d0%bb%d0%b0-2/%d0%bb%d1%96%d0%bf%d0%be%d1%84%d1%96%d0%bb%d1%96%d0%bd%d0%b3-%d1%82%d1%96%d0%bb%d0%b0/
[1577/2588] 200 https://www.medicsintegralsalut.com/ca/unitats-2/cirurgia-estetica-corporal-2/lipofilling-corporal/
[1578/2588] 200 https://www.medicsintegralsalut.com/en/units/cosmetic-surgery-3/abdominoplasty/
[1579/2588] 200 https://www.medicsintegralsalut.com/fr/unites/chirurgie-esthetique-corporelle-2/abdominoplastie/
[1580/2588] 200 https://www.medicsintegralsalut.com/ru/%d0%b5%d0%b4%d0%b8%d0%bd%d0%b8%d1%86%d1%8b/%d1%8d%d1%81%d1%82%d0%b5%d1%82%d0%b8%d1%87%d0%b5%d1%81%d0%ba%d0%b0%d1%8f-%d0%be%d0%bf%d0%b5%d1%80%d0%b0%d1%86%d0%b8%d1%8f-%d1%82%d0%b5%d0%bb%d0%b0/%d0%b0%d0%b1%d0%b4%d0%be%d0%bc%d0%b8%d0%bd%d0%be%d0%bf%d0%bb%d0%b0%d1%81%d1%82%d0%b8%d0%ba%d0%b0/
[1581/2588] 200 https://www.medicsintegralsalut.com/uk/%d0%be%d0%b4%d0%b8%d0%bd%d0%b8%d1%86%d1%96/%d0%b5%d1%81%d1%82%d0%b5%d1%82%d0%b8%d1%87%d0%bd%d0%b0-%d1%85%d1%96%d1%80%d1%83%d1%80%d0%b3%d1%96%d1%8f-%d1%82%d1%96%d0%bb%d0%b0-2/%d0%b0%d0%b1%d0%b4%d0%be%d0%bc%d1%96%d0%bd%d0%be%d0%bf%d0%bb%d0%b0%d1%81%d1%82%d0%b8%d0%ba%d0%b0/
[1582/2588] 200 https://www.medicsintegralsalut.com/ca/unitats-2/cirurgia-estetica-corporal-2/abdominoplastia/
[1583/2588] 200 https://www.medicsintegralsalut.com/en/units/male-cosmetic-surgery/gynaecomastia/
[1584/2588] 200 https://www.medicsintegralsalut.com/fr/unites/chirurgie-esthetique-masculine/gynecomastie/
[1585/2588] 200 https://www.medicsintegralsalut.com/ru/%d0%b5%d0%b4%d0%b8%d0%bd%d0%b8%d1%86%d1%8b/%d0%bc%d1%83%d0%b6%d1%81%d0%ba%d0%b0%d1%8f-%d0%ba%d0%be%d1%81%d0%bc%d0%b5%d1%82%d0%b8%d1%87%d0%b5%d1%81%d0%ba%d0%b0%d1%8f-%d1%85%d0%b8%d1%80%d1%83%d1%80%d0%b3%d0%b8%d1%8f/%d0%b3%d0%b8%d0%bd%d0%b5%d0%ba%d0%be%d0%bc%d0%b0%d1%81%d1%82%d0%b8%d1%8f-2/
[1586/2588] 200 https://www.medicsintegralsalut.com/uk/%d0%be%d0%b4%d0%b8%d0%bd%d0%b8%d1%86%d1%96/%d1%87%d0%be%d0%bb%d0%be%d0%b2%d1%96%d1%87%d0%b0-%d0%b5%d1%81%d1%82%d0%b5%d1%82%d0%b8%d1%87%d0%bd%d0%b0-%d1%85%d1%96%d1%80%d1%83%d1%80%d0%b3%d1%96%d1%8f/%d0%b3%d1%96%d0%bd%d0%b5%d0%ba%d0%be%d0%bc%d0%b0%d1%81%d1%82%d1%96%d1%8f/
[1587/2588] 200 https://www.medicsintegralsalut.com/ca/unitats-2/cirurgia-estetica-masculina-2/ginecomastia/
[1588/2588] 200 https://www.medicsintegralsalut.com/en/units/male-cosmetic-surgery/chest-augmentation/
[1589/2588] 200 https://www.medicsintegralsalut.com/fr/unites/chirurgie-esthetique-masculine/aumento-de-pectoral/
[1590/2588] 200 https://www.medicsintegralsalut.com/ru/%d0%b5%d0%b4%d0%b8%d0%bd%d0%b8%d1%86%d1%8b/%d0%bc%d1%83%d0%b6%d1%81%d0%ba%d0%b0%d1%8f-%d0%ba%d0%be%d1%81%d0%bc%d0%b5%d1%82%d0%b8%d1%87%d0%b5%d1%81%d0%ba%d0%b0%d1%8f-%d1%85%d0%b8%d1%80%d1%83%d1%80%d0%b3%d0%b8%d1%8f/aumento-de-pectoral/
[1591/2588] 200 https://www.medicsintegralsalut.com/uk/%d0%be%d0%b4%d0%b8%d0%bd%d0%b8%d1%86%d1%96/%d1%87%d0%be%d0%bb%d0%be%d0%b2%d1%96%d1%87%d0%b0-%d0%b5%d1%81%d1%82%d0%b5%d1%82%d0%b8%d1%87%d0%bd%d0%b0-%d1%85%d1%96%d1%80%d1%83%d1%80%d0%b3%d1%96%d1%8f/aumento-de-pectoral/
[1592/2588] 200 https://www.medicsintegralsalut.com/ca/unitats-2/cirurgia-estetica-masculina-2/augment-de-pectoral-2/
[1593/2588] 200 https://www.medicsintegralsalut.com/en/units/male-cosmetic-surgery/neck-and-double-chin-lift/
[1594/2588] 200 https://www.medicsintegralsalut.com/fr/unites/chirurgie-esthetique-masculine/lifting-du-cou-et-du-menton/
[1595/2588] 200 https://www.medicsintegralsalut.com/ru/%d0%b5%d0%b4%d0%b8%d0%bd%d0%b8%d1%86%d1%8b/%d0%bc%d1%83%d0%b6%d1%81%d0%ba%d0%b0%d1%8f-%d0%ba%d0%be%d1%81%d0%bc%d0%b5%d1%82%d0%b8%d1%87%d0%b5%d1%81%d0%ba%d0%b0%d1%8f-%d1%85%d0%b8%d1%80%d1%83%d1%80%d0%b3%d0%b8%d1%8f/%d0%bf%d0%be%d0%b4%d1%82%d1%8f%d0%b6%d0%ba%d0%b0-%d1%88%d0%b5%d0%b8-%d0%b8-%d0%b2%d1%82%d0%be%d1%80%d0%be%d0%b3%d0%be-%d0%bf%d0%be%d0%b4%d0%b1%d0%be%d1%80%d0%be%d0%b4%d0%ba%d0%b0/
[1596/2588] 200 https://www.medicsintegralsalut.com/uk/%d0%be%d0%b4%d0%b8%d0%bd%d0%b8%d1%86%d1%96/%d1%87%d0%be%d0%bb%d0%be%d0%b2%d1%96%d1%87%d0%b0-%d0%b5%d1%81%d1%82%d0%b5%d1%82%d0%b8%d1%87%d0%bd%d0%b0-%d1%85%d1%96%d1%80%d1%83%d1%80%d0%b3%d1%96%d1%8f/liftting-de-cuello-y-papada/
[1597/2588] 200 https://www.medicsintegralsalut.com/ca/unitats-2/cirurgia-estetica-masculina-2/estirament-de-coll-i-papada/
[1598/2588] 200 https://www.medicsintegralsalut.com/en/units/cosmetic-breast-surgery-2/prosthetic-replacement-2/
[1599/2588] 200 https://www.medicsintegralsalut.com/fr/unites/chirurgie-esthetique-des-seins-2/remplacement-de-prothese/
[1600/2588] 200 https://www.medicsintegralsalut.com/ru/%d0%b5%d0%b4%d0%b8%d0%bd%d0%b8%d1%86%d1%8b/%d0%bf%d0%bb%d0%b0%d1%81%d1%82%d0%b8%d1%87%d0%b5%d1%81%d0%ba%d0%b0%d1%8f-%d1%85%d0%b8%d1%80%d1%83%d1%80%d0%b3%d0%b8%d1%8f-%d0%b3%d1%80%d1%83%d0%b4%d0%b8/%d0%b7%d0%b0%d0%bc%d0%b5%d0%bd%d0%b0-%d0%bf%d1%80%d0%be%d1%82%d0%b5%d0%b7%d0%b0-2/
[1601/2588] 200 https://www.medicsintegralsalut.com/uk/%d0%be%d0%b4%d0%b8%d0%bd%d0%b8%d1%86%d1%96/%d0%b5%d1%81%d1%82%d0%b5%d1%82%d0%b8%d1%87%d0%bd%d0%b0-%d1%85%d1%96%d1%80%d1%83%d1%80%d0%b3%d1%96%d1%8f-%d0%b3%d1%80%d1%83%d0%b4%d0%b5%d0%b9-2/%d0%b7%d0%b0%d0%bc%d1%96%d0%bd%d0%b0-%d0%bf%d1%80%d0%be%d1%82%d0%b5%d0%b7%d0%b0-2/
[1602/2588] 200 https://www.medicsintegralsalut.com/ca/unitats-2/cirurgia-estetica-de-mames/canvi-de-protesi/
[1603/2588] 200 https://www.medicsintegralsalut.com/en/units/facial-aesthetic-medicine/rhinomodelling/
[1604/2588] 200 https://www.medicsintegralsalut.com/fr/unites/medecine-esthetique-faciale/rinomodelisation/
[1605/2588] 200 https://www.medicsintegralsalut.com/ru/%d0%b5%d0%b4%d0%b8%d0%bd%d0%b8%d1%86%d1%8b/%d1%8d%d1%81%d1%82%d0%b5%d1%82%d0%b8%d1%87%d0%b5%d1%81%d0%ba%d0%b0%d1%8f-%d0%bc%d0%b5%d0%b4%d0%b8%d1%86%d0%b8%d0%bd%d0%b0-%d0%bb%d0%b8%d1%86%d0%b0/%d1%80%d0%b8%d0%bd%d0%be%d0%bc%d0%be%d0%b4%d0%b5%d0%bb%d0%b8%d1%80%d0%be%d0%b2%d0%b0%d0%bd%d0%b8%d0%b5/
[1606/2588] 200 https://www.medicsintegralsalut.com/uk/%d0%be%d0%b4%d0%b8%d0%bd%d0%b8%d1%86%d1%96/%d0%b5%d1%81%d1%82%d0%b5%d1%82%d0%b8%d1%87%d0%bd%d0%b0-%d0%bc%d0%b5%d0%b4%d0%b8%d1%86%d0%b8%d0%bd%d0%b0-%d0%b4%d0%bb%d1%8f-%d0%be%d0%b1%d0%bb%d0%b8%d1%87%d1%87%d1%8f/%d1%80%d0%b8%d0%bd%d0%be%d0%bf%d0%bb%d0%b0%d1%81%d1%82%d0%b8%d0%ba%d0%b0/
[1607/2588] 200 https://www.medicsintegralsalut.com/ca/unitats-2/medicina-estetica-facial/rinomodelacio/
[1608/2588] 200 https://www.medicsintegralsalut.com/en/units/cosmetic-breast-surgery-2/breast-augmentation-ami-technique/
[1609/2588] 200 https://www.medicsintegralsalut.com/fr/unites/chirurgie-esthetique-des-seins-2/augmentation-mammaire-technique-ami/
[1610/2588] 200 https://www.medicsintegralsalut.com/ru/%d0%b5%d0%b4%d0%b8%d0%bd%d0%b8%d1%86%d1%8b/%d0%bf%d0%bb%d0%b0%d1%81%d1%82%d0%b8%d1%87%d0%b5%d1%81%d0%ba%d0%b0%d1%8f-%d1%85%d0%b8%d1%80%d1%83%d1%80%d0%b3%d0%b8%d1%8f-%d0%b3%d1%80%d1%83%d0%b4%d0%b8/%d1%83%d0%b2%d0%b5%d0%bb%d0%b8%d1%87%d0%b5%d0%bd%d0%b8%d0%b5-%d0%b3%d1%80%d1%83%d0%b4%d0%b8-%d1%82%d0%b5%d1%85%d0%bd%d0%b8%d0%ba%d0%b0-ami/
[1611/2588] 200 https://www.medicsintegralsalut.com/uk/%d0%be%d0%b4%d0%b8%d0%bd%d0%b8%d1%86%d1%96/%d0%b5%d1%81%d1%82%d0%b5%d1%82%d0%b8%d1%87%d0%bd%d0%b0-%d1%85%d1%96%d1%80%d1%83%d1%80%d0%b3%d1%96%d1%8f-%d0%b3%d1%80%d1%83%d0%b4%d0%b5%d0%b9-2/%d0%b7%d0%b1%d1%96%d0%bb%d1%8c%d1%88%d0%b5%d0%bd%d0%bd%d1%8f-%d0%b3%d1%80%d1%83%d0%b4%d0%b5%d0%b9-%d0%b7%d0%b0-%d0%bc%d0%b5%d1%82%d0%be%d0%b4%d0%be%d0%bc-%d0%b0%d0%bc%d1%96/
[1612/2588] 200 https://www.medicsintegralsalut.com/ca/unitats-2/cirurgia-estetica-de-mames/augment-de-pits-tecnica-ami/
[1613/2588] 200 https://www.medicsintegralsalut.com/en/units/overweight-and-obesity-2/bariatric-surgery-2/gastrectomia-vertical/
[1614/2588] 200 https://www.medicsintegralsalut.com/fr/unites/surpoids-et-obesite-2/chirurgie-bariatrique-2/gastrectomie-verticale/
[1615/2588] 200 https://www.medicsintegralsalut.com/ru/%d0%b5%d0%b4%d0%b8%d0%bd%d0%b8%d1%86%d1%8b/%d0%b8%d0%b7%d0%b1%d1%8b%d1%82%d0%be%d1%87%d0%bd%d1%8b%d0%b9-%d0%b2%d0%b5%d1%81-%d0%b8-%d0%be%d0%b6%d0%b8%d1%80%d0%b5%d0%bd%d0%b8%d0%b5-2/%d0%b1%d0%b0%d1%80%d0%b8%d0%b0%d1%82%d1%80%d0%b8%d1%87%d0%b5%d1%81%d0%ba%d0%b0%d1%8f-%d1%85%d0%b8%d1%80%d1%83%d1%80%d0%b3%d0%b8%d1%8f-2/%d0%b2%d0%b5%d1%80%d1%82%d0%b8%d0%ba%d0%b0%d0%bb%d1%8c%d0%bd%d0%b0%d1%8f-%d0%b3%d0%b0%d1%81%d1%82%d1%80%d1%8d%d0%ba%d1%82%d0%be%d0%bc%d0%b8%d1%8f/
[1616/2588] 200 https://www.medicsintegralsalut.com/uk/%d0%be%d0%b4%d0%b8%d0%bd%d0%b8%d1%86%d1%96/%d0%bd%d0%b0%d0%b4%d0%bc%d1%96%d1%80%d0%bd%d0%b0-%d0%b2%d0%b0%d0%b3%d0%b0-%d1%82%d0%b0-%d0%be%d0%b6%d0%b8%d1%80%d1%96%d0%bd%d0%bd%d1%8f-2/%d0%b1%d0%b0%d1%80%d1%96%d0%b0%d1%82%d1%80%d0%b8%d1%87%d0%bd%d0%b0-%d1%85%d1%96%d1%80%d1%83%d1%80%d0%b3%d1%96%d1%8f-2/%d0%b2%d0%b5%d1%80%d1%82%d0%b8%d0%ba%d0%b0%d0%bb%d1%8c%d0%bd%d0%b0-%d0%b3%d0%b0%d1%81%d1%82%d1%80%d0%b5%d0%ba%d1%82%d0%be%d0%bc%d1%96%d1%8f/
[1617/2588] 200 https://www.medicsintegralsalut.com/ca/unitats-2/sobrepes-i-obesitat-2/cirurgia-bariatrica-2/gastrectomia-vertical/
[1618/2588] 200 https://www.medicsintegralsalut.com/en/units/overweight-and-obesity-2/bariatric-surgery-2/bypass-gastrico/
[1619/2588] 200 https://www.medicsintegralsalut.com/fr/unites/surpoids-et-obesite-2/chirurgie-bariatrique-2/bypass-gastrico/
[1620/2588] 200 https://www.medicsintegralsalut.com/ru/%d0%b5%d0%b4%d0%b8%d0%bd%d0%b8%d1%86%d1%8b/%d0%b8%d0%b7%d0%b1%d1%8b%d1%82%d0%be%d1%87%d0%bd%d1%8b%d0%b9-%d0%b2%d0%b5%d1%81-%d0%b8-%d0%be%d0%b6%d0%b8%d1%80%d0%b5%d0%bd%d0%b8%d0%b5-2/%d0%b1%d0%b0%d1%80%d0%b8%d0%b0%d1%82%d1%80%d0%b8%d1%87%d0%b5%d1%81%d0%ba%d0%b0%d1%8f-%d1%85%d0%b8%d1%80%d1%83%d1%80%d0%b3%d0%b8%d1%8f-2/bypass-gastrico/
[1621/2588] 200 https://www.medicsintegralsalut.com/uk/%d0%be%d0%b4%d0%b8%d0%bd%d0%b8%d1%86%d1%96/%d0%bd%d0%b0%d0%b4%d0%bc%d1%96%d1%80%d0%bd%d0%b0-%d0%b2%d0%b0%d0%b3%d0%b0-%d1%82%d0%b0-%d0%be%d0%b6%d0%b8%d1%80%d1%96%d0%bd%d0%bd%d1%8f-2/%d0%b1%d0%b0%d1%80%d1%96%d0%b0%d1%82%d1%80%d0%b8%d1%87%d0%bd%d0%b0-%d1%85%d1%96%d1%80%d1%83%d1%80%d0%b3%d1%96%d1%8f-2/%d1%88%d0%bb%d1%83%d0%bd%d0%ba%d0%be%d0%b2%d0%b8%d0%b9-%d1%88%d1%83%d0%bd%d1%82/
[1622/2588] 200 https://www.medicsintegralsalut.com/ca/unitats-2/sobrepes-i-obesitat-2/cirurgia-bariatrica-2/bypass-gastrico/
[1623/2588] 200 https://www.medicsintegralsalut.com/en/units/overweight-and-obesity-2/bariatric-surgery-2/duodenal-crossing/
[1624/2588] 200 https://www.medicsintegralsalut.com/fr/unites/surpoids-et-obesite-2/chirurgie-bariatrique-2/croisure-duodenale/
[1625/2588] 200 https://www.medicsintegralsalut.com/ru/%d0%b5%d0%b4%d0%b8%d0%bd%d0%b8%d1%86%d1%8b/%d0%b8%d0%b7%d0%b1%d1%8b%d1%82%d0%be%d1%87%d0%bd%d1%8b%d0%b9-%d0%b2%d0%b5%d1%81-%d0%b8-%d0%be%d0%b6%d0%b8%d1%80%d0%b5%d0%bd%d0%b8%d0%b5-2/%d0%b1%d0%b0%d1%80%d0%b8%d0%b0%d1%82%d1%80%d0%b8%d1%87%d0%b5%d1%81%d0%ba%d0%b0%d1%8f-%d1%85%d0%b8%d1%80%d1%83%d1%80%d0%b3%d0%b8%d1%8f-2/%d1%8f%d0%b7%d0%b2%d0%b5%d0%bd%d0%bd%d0%b0%d1%8f-%d0%b1%d0%be%d0%bb%d0%b5%d0%b7%d0%bd%d1%8c-%d0%b4%d0%b2%d0%b5%d0%bd%d0%b0%d0%b4%d1%86%d0%b0%d1%82%d0%b8%d0%bf%d0%b5%d1%80%d1%81%d1%82%d0%bd%d0%be%d0%b9/
[1626/2588] 200 https://www.medicsintegralsalut.com/uk/%d0%be%d0%b4%d0%b8%d0%bd%d0%b8%d1%86%d1%96/%d0%bd%d0%b0%d0%b4%d0%bc%d1%96%d1%80%d0%bd%d0%b0-%d0%b2%d0%b0%d0%b3%d0%b0-%d1%82%d0%b0-%d0%be%d0%b6%d0%b8%d1%80%d1%96%d0%bd%d0%bd%d1%8f-2/%d0%b1%d0%b0%d1%80%d1%96%d0%b0%d1%82%d1%80%d0%b8%d1%87%d0%bd%d0%b0-%d1%85%d1%96%d1%80%d1%83%d1%80%d0%b3%d1%96%d1%8f-2/%d0%b4%d1%83%d0%be%d0%b4%d0%b5%d0%bd%d0%b0%d0%bb%d1%8c%d0%bd%d0%b8%d0%b9-%d0%bf%d0%b5%d1%80%d0%b5%d1%85%d1%80%d0%b5%d1%81%d1%82-3/
[1627/2588] 200 https://www.medicsintegralsalut.com/ca/unitats-2/sobrepes-i-obesitat-2/cirurgia-bariatrica-2/cruilla-duodenal/
[1628/2588] 200 https://www.medicsintegralsalut.com/en/units/cosmetic-medicine-girona/
[1629/2588] 200 https://www.medicsintegralsalut.com/fr/unites/medecine-esthetique-gerone/
[1630/2588] 200 https://www.medicsintegralsalut.com/ru/%d0%b5%d0%b4%d0%b8%d0%bd%d0%b8%d1%86%d1%8b/medicina-cosmetica-girona/
[1631/2588] 200 https://www.medicsintegralsalut.com/uk/%d0%be%d0%b4%d0%b8%d0%bd%d0%b8%d1%86%d1%96/medicina-cosmetica-girona/
[1632/2588] 200 https://www.medicsintegralsalut.com/ca/unitats-2/medicina-estetica-girona/
[1633/2588] 200 https://www.medicsintegralsalut.com/en/units/cosmetic-surgery-3/liposuction-2/
[1634/2588] 200 https://www.medicsintegralsalut.com/fr/unites/chirurgie-esthetique-corporelle-2/liposuccion/
[1635/2588] 200 https://www.medicsintegralsalut.com/ru/%d0%b5%d0%b4%d0%b8%d0%bd%d0%b8%d1%86%d1%8b/%d1%8d%d1%81%d1%82%d0%b5%d1%82%d0%b8%d1%87%d0%b5%d1%81%d0%ba%d0%b0%d1%8f-%d0%be%d0%bf%d0%b5%d1%80%d0%b0%d1%86%d0%b8%d1%8f-%d1%82%d0%b5%d0%bb%d0%b0/%d0%bb%d0%b8%d0%bf%d0%be%d1%81%d0%b0%d0%ba%d1%86%d0%b8%d1%8f-2/
[1636/2588] 200 https://www.medicsintegralsalut.com/uk/%d0%be%d0%b4%d0%b8%d0%bd%d0%b8%d1%86%d1%96/%d0%b5%d1%81%d1%82%d0%b5%d1%82%d0%b8%d1%87%d0%bd%d0%b0-%d1%85%d1%96%d1%80%d1%83%d1%80%d0%b3%d1%96%d1%8f-%d1%82%d1%96%d0%bb%d0%b0-2/%d0%bb%d1%96%d0%bf%d0%be%d1%81%d0%b0%d0%ba%d1%86%d1%96%d1%8f-2/
[1637/2588] 200 https://www.medicsintegralsalut.com/ca/unitats-2/cirurgia-estetica-corporal-2/liposuccio-2/
[1638/2588] 200 https://www.medicsintegralsalut.com/en/units/cosmetic-facial-surgery-2/rhinoplasty-girona/
[1639/2588] 200 https://www.medicsintegralsalut.com/fr/unites/chirurgie-esthetique-faciale/rhinoplastie-gerone/
[1640/2588] 200 https://www.medicsintegralsalut.com/ru/%d0%b5%d0%b4%d0%b8%d0%bd%d0%b8%d1%86%d1%8b/%d0%bf%d0%bb%d0%b0%d1%81%d1%82%d0%b8%d1%87%d0%b5%d1%81%d0%ba%d0%b0%d1%8f-%d1%85%d0%b8%d1%80%d1%83%d1%80%d0%b3%d0%b8%d1%8f-%d0%bb%d0%b8%d1%86%d0%b0/%d1%80%d0%b8%d0%bd%d0%be%d0%bf%d0%bb%d0%b0%d1%81%d1%82%d0%b8%d0%ba%d0%b0-%d0%b6%d0%b8%d1%80%d0%be%d0%bd%d0%b0/
[1641/2588] 200 https://www.medicsintegralsalut.com/uk/%d0%be%d0%b4%d0%b8%d0%bd%d0%b8%d1%86%d1%96/%d0%b5%d1%81%d1%82%d0%b5%d1%82%d0%b8%d1%87%d0%bd%d0%b0-%d1%85%d1%96%d1%80%d1%83%d1%80%d0%b3%d1%96%d1%8f-%d0%be%d0%b1%d0%bb%d0%b8%d1%87%d1%87%d1%8f-2/%d1%80%d0%b8%d0%bd%d0%be%d0%bf%d0%bb%d0%b0%d1%81%d1%82%d0%b8%d0%ba%d0%b0-%d0%b2-%d0%b6%d0%b8%d1%80%d0%be%d0%bd%d1%96/
[1642/2588] 200 https://www.medicsintegralsalut.com/ca/unitats-2/cirurgia-estetica-facial-2/rinoplastia-girona/
[1643/2588] 200 https://www.medicsintegralsalut.com/en/units/cosmetic-facial-surgery-2/eyelid-surgery-girona/
[1644/2588] 200 https://www.medicsintegralsalut.com/fr/unites/chirurgie-esthetique-faciale/blepharoplastie-gerone/
[1645/2588] 200 https://www.medicsintegralsalut.com/ru/%d0%b5%d0%b4%d0%b8%d0%bd%d0%b8%d1%86%d1%8b/%d0%bf%d0%bb%d0%b0%d1%81%d1%82%d0%b8%d1%87%d0%b5%d1%81%d0%ba%d0%b0%d1%8f-%d1%85%d0%b8%d1%80%d1%83%d1%80%d0%b3%d0%b8%d1%8f-%d0%bb%d0%b8%d1%86%d0%b0/%d0%b1%d0%bb%d0%b5%d1%84%d0%b0%d1%80%d0%be%d0%bf%d0%bb%d0%b0%d1%81%d1%82%d0%b8%d0%ba%d0%b0-%d0%b6%d0%b8%d1%80%d0%be%d0%bd%d0%b0/
[1646/2588] 200 https://www.medicsintegralsalut.com/uk/%d0%be%d0%b4%d0%b8%d0%bd%d0%b8%d1%86%d1%96/%d0%b5%d1%81%d1%82%d0%b5%d1%82%d0%b8%d1%87%d0%bd%d0%b0-%d1%85%d1%96%d1%80%d1%83%d1%80%d0%b3%d1%96%d1%8f-%d0%be%d0%b1%d0%bb%d0%b8%d1%87%d1%87%d1%8f-2/%d0%b1%d0%bb%d0%b5%d1%84%d0%b0%d1%80%d0%be%d0%bf%d0%bb%d0%b0%d1%81%d1%82%d0%b8%d0%ba%d0%b0-%d0%b2-%d0%b6%d0%b8%d1%80%d0%be%d0%bd%d1%96/
[1647/2588] 200 https://www.medicsintegralsalut.com/ca/unitats-2/cirurgia-estetica-facial-2/blefaroplastia-girona/
[1648/2588] 200 https://www.medicsintegralsalut.com/en/units/cosmetic-facial-surgery-2/ear-surgery-girona/
[1649/2588] 200 https://www.medicsintegralsalut.com/fr/unites/chirurgie-esthetique-faciale/otoplastie-gerone/
[1650/2588] 200 https://www.medicsintegralsalut.com/ru/%d0%b5%d0%b4%d0%b8%d0%bd%d0%b8%d1%86%d1%8b/%d0%bf%d0%bb%d0%b0%d1%81%d1%82%d0%b8%d1%87%d0%b5%d1%81%d0%ba%d0%b0%d1%8f-%d1%85%d0%b8%d1%80%d1%83%d1%80%d0%b3%d0%b8%d1%8f-%d0%bb%d0%b8%d1%86%d0%b0/%d0%be%d1%82%d0%be%d0%bf%d0%bb%d0%b0%d1%81%d1%82%d0%b8%d0%ba%d0%b0-%d0%b6%d0%b8%d1%80%d0%be%d0%bd%d0%b0/
[1651/2588] 200 https://www.medicsintegralsalut.com/uk/%d0%be%d0%b4%d0%b8%d0%bd%d0%b8%d1%86%d1%96/%d0%b5%d1%81%d1%82%d0%b5%d1%82%d0%b8%d1%87%d0%bd%d0%b0-%d1%85%d1%96%d1%80%d1%83%d1%80%d0%b3%d1%96%d1%8f-%d0%be%d0%b1%d0%bb%d0%b8%d1%87%d1%87%d1%8f-2/%d0%be%d1%82%d0%be%d0%bf%d0%bb%d0%b0%d1%81%d1%82%d0%b8%d0%ba%d0%b0-%d0%b2-%d0%b6%d0%b8%d1%80%d0%be%d0%bd%d1%96/
[1652/2588] 200 https://www.medicsintegralsalut.com/ca/unitats-2/cirurgia-estetica-facial-2/otoplastia-girona/
[1653/2588] 200 https://www.medicsintegralsalut.com/en/units/cosmetic-breast-surgery-2/breast-augmentation-girona-3/
[1654/2588] 200 https://www.medicsintegralsalut.com/fr/unites/chirurgie-esthetique-des-seins-2/augmentation-mammaire-gerone/
[1655/2588] 200 https://www.medicsintegralsalut.com/ru/%d0%b5%d0%b4%d0%b8%d0%bd%d0%b8%d1%86%d1%8b/%d0%bf%d0%bb%d0%b0%d1%81%d1%82%d0%b8%d1%87%d0%b5%d1%81%d0%ba%d0%b0%d1%8f-%d1%85%d0%b8%d1%80%d1%83%d1%80%d0%b3%d0%b8%d1%8f-%d0%b3%d1%80%d1%83%d0%b4%d0%b8/%d1%83%d0%b2%d0%b5%d0%bb%d0%b8%d1%87%d0%b5%d0%bd%d0%b8%d0%b5-%d0%b3%d1%80%d1%83%d0%b4%d0%b8-%d0%b6%d0%b8%d1%80%d0%be%d0%bd%d0%b0-2/
[1656/2588] 200 https://www.medicsintegralsalut.com/uk/%d0%be%d0%b4%d0%b8%d0%bd%d0%b8%d1%86%d1%96/%d0%b5%d1%81%d1%82%d0%b5%d1%82%d0%b8%d1%87%d0%bd%d0%b0-%d1%85%d1%96%d1%80%d1%83%d1%80%d0%b3%d1%96%d1%8f-%d0%b3%d1%80%d1%83%d0%b4%d0%b5%d0%b9-2/%d0%b7%d0%b1%d1%96%d0%bb%d1%8c%d1%88%d0%b5%d0%bd%d0%bd%d1%8f-%d0%b3%d1%80%d1%83%d0%b4%d0%b5%d0%b9-%d1%83-%d0%b6%d0%b8%d1%80%d0%be%d0%bd%d1%96-2/
[1657/2588] 200 https://www.medicsintegralsalut.com/ca/unitats-2/cirurgia-estetica-de-mames/augment-de-pit-girona-2/
[1658/2588] 200 https://www.medicsintegralsalut.com/en/units/overweight-and-obesity-2/gastric-balloon-girona/
[1659/2588] 200 https://www.medicsintegralsalut.com/fr/unites/surpoids-et-obesite-2/ballon-gastrique-gerone/
[1660/2588] 200 https://www.medicsintegralsalut.com/ru/%d0%b5%d0%b4%d0%b8%d0%bd%d0%b8%d1%86%d1%8b/%d0%b8%d0%b7%d0%b1%d1%8b%d1%82%d0%be%d1%87%d0%bd%d1%8b%d0%b9-%d0%b2%d0%b5%d1%81-%d0%b8-%d0%be%d0%b6%d0%b8%d1%80%d0%b5%d0%bd%d0%b8%d0%b5-2/%d0%b3%d0%b0%d1%81%d1%82%d1%80%d0%be%d0%b1%d0%b0%d0%bb%d0%bb%d0%be%d0%bd-%d0%b6%d0%b8%d1%80%d0%be%d0%bd%d0%b0/
[1661/2588] 200 https://www.medicsintegralsalut.com/uk/%d0%be%d0%b4%d0%b8%d0%bd%d0%b8%d1%86%d1%96/%d0%bd%d0%b0%d0%b4%d0%bc%d1%96%d1%80%d0%bd%d0%b0-%d0%b2%d0%b0%d0%b3%d0%b0-%d1%82%d0%b0-%d0%be%d0%b6%d0%b8%d1%80%d1%96%d0%bd%d0%bd%d1%8f-2/%d1%88%d0%bb%d1%83%d0%bd%d0%ba%d0%be%d0%b2%d0%b8%d0%b9-%d0%b1%d0%b0%d0%bb%d0%be%d0%bd-%d0%b6%d0%b8%d1%80%d0%be%d0%bd%d0%b0/
[1662/2588] 200 https://www.medicsintegralsalut.com/ca/unitats-2/sobrepes-i-obesitat-2/bandol-gastric-girona/
[1663/2588] 200 https://www.medicsintegralsalut.com/portfolio_page/
[1664/2588] 200 https://www.medicsintegralsalut.com/en/portfolio_page/
[1665/2588] 200 https://www.medicsintegralsalut.com/fr/page_de_portfolio/
[1666/2588] 200 https://www.medicsintegralsalut.com/ru/%d0%bf%d0%be%d1%80%d1%82%d1%84%d0%be%d0%bb%d0%b8%d0%be/
[1667/2588] 200 https://www.medicsintegralsalut.com/uk/portfolio_page/
[1668/2588] 200 https://www.medicsintegralsalut.com/ca/portfoli_pagina/
[1669/2588] 200 https://www.medicsintegralsalut.com/team/dr-cristobal-langdon-montero/
[1670/2588] 200 https://www.medicsintegralsalut.com/en/team/dr-cristobal-langdon-montero/
[1671/2588] 200 https://www.medicsintegralsalut.com/fr/equipe/dr-cristobal-langdon-montero/
[1672/2588] 200 https://www.medicsintegralsalut.com/ru/team/dr-cristobal-langdon-montero/
[1673/2588] 200 https://www.medicsintegralsalut.com/uk/%d0%ba%d0%be%d0%bc%d0%b0%d0%bd%d0%b4%d0%b0/dr-cristobal-langdon-montero/
[1674/2588] 200 https://www.medicsintegralsalut.com/ca/equip/dr-cristobal-langdon-montero/
[1675/2588] 200 https://www.medicsintegralsalut.com/team/dr-mike-dewever-3/
[1676/2588] 200 https://www.medicsintegralsalut.com/en/team/dr-mike-dewever-3/
[1677/2588] 200 https://www.medicsintegralsalut.com/fr/equipe/dr-mike-dewever-3/
[1678/2588] 200 https://www.medicsintegralsalut.com/ru/team/dr-mike-dewever-3/
[1679/2588] 200 https://www.medicsintegralsalut.com/uk/%d0%ba%d0%be%d0%bc%d0%b0%d0%bd%d0%b4%d0%b0/dr-mike-dewever-3/
[1680/2588] 200 https://www.medicsintegralsalut.com/ca/equip/dr-mike-dewever-3/
[1681/2588] 200 https://www.medicsintegralsalut.com/team/dra-ainitze-ibarzabal/
[1682/2588] 200 https://www.medicsintegralsalut.com/en/team/dra-ainitze-ibarzabal/
[1683/2588] 200 https://www.medicsintegralsalut.com/fr/equipe/dra-ainitze-ibarzabal/
[1684/2588] 200 https://www.medicsintegralsalut.com/ru/team/dra-ainitze-ibarzabal/
[1685/2588] 200 https://www.medicsintegralsalut.com/uk/%d0%ba%d0%be%d0%bc%d0%b0%d0%bd%d0%b4%d0%b0/%d0%b4%d0%be%d0%ba%d1%82%d0%be%d1%80-%d0%b0%d0%b9%d0%bd%d1%96%d1%86%d0%b5-%d1%96%d0%b1%d0%b0%d1%80%d1%81%d0%b0%d0%b1%d0%b0%d0%bb%d1%8c/
[1686/2588] 200 https://www.medicsintegralsalut.com/ca/equip/dra-ainitze-ibarzabal/
[1687/2588] 200 https://www.medicsintegralsalut.com/team/dr-david-perez-asensio/
[1688/2588] 200 https://www.medicsintegralsalut.com/en/team/dr-david-perez-asensio/
[1689/2588] 200 https://www.medicsintegralsalut.com/fr/equipe/dr-david-perez-asensio/
[1690/2588] 200 https://www.medicsintegralsalut.com/ru/team/dr-david-perez-asensio/
[1691/2588] 200 https://www.medicsintegralsalut.com/uk/%d0%ba%d0%be%d0%bc%d0%b0%d0%bd%d0%b4%d0%b0/dr-david-perez-asensio/
[1692/2588] 200 https://www.medicsintegralsalut.com/ca/equip/dr-david-perez-asensio/
[1693/2588] 200 https://www.medicsintegralsalut.com/team/dr-david-perez-asensio/
[1694/2588] 200 https://www.medicsintegralsalut.com/en/team/dr-david-perez-asensio/
[1695/2588] 200 https://www.medicsintegralsalut.com/fr/equipe/dr-david-perez-asensio/
[1696/2588] 200 https://www.medicsintegralsalut.com/ru/team/dr-david-perez-asensio/
[1697/2588] 200 https://www.medicsintegralsalut.com/uk/%d0%ba%d0%be%d0%bc%d0%b0%d0%bd%d0%b4%d0%b0/dr-david-perez-asensio/
[1698/2588] 200 https://www.medicsintegralsalut.com/ca/equip/dr-david-perez-asensio/
[1699/2588] 404 https://www.medicsintegralsalut.com/team/emma-brugue-i-pascual/
[1700/2588] 404 https://www.medicsintegralsalut.com/en/team/emma-brugue-i-pascual/
[1701/2588] 404 https://www.medicsintegralsalut.com/fr/equipe/emma-brugue-i-pascual/
[1702/2588] 404 https://www.medicsintegralsalut.com/ru/team/emma-brugue-i-pascual/
[1703/2588] 404 https://www.medicsintegralsalut.com/uk/%d0%ba%d0%be%d0%bc%d0%b0%d0%bd%d0%b4%d0%b0/emma-brugue-i-pascual/
[1704/2588] 404 https://www.medicsintegralsalut.com/ca/equip/emma-brugue-i-pascual/
[1705/2588] 200 https://www.medicsintegralsalut.com/team/dra-ainitze-ibarzabal/
[1706/2588] 200 https://www.medicsintegralsalut.com/en/team/dra-ainitze-ibarzabal/
[1707/2588] 200 https://www.medicsintegralsalut.com/fr/equipe/dra-ainitze-ibarzabal/
[1708/2588] 200 https://www.medicsintegralsalut.com/ru/team/dra-ainitze-ibarzabal/
[1709/2588] 200 https://www.medicsintegralsalut.com/uk/%d0%ba%d0%be%d0%bc%d0%b0%d0%bd%d0%b4%d0%b0/%d0%b4%d0%be%d0%ba%d1%82%d0%be%d1%80-%d0%b0%d0%b9%d0%bd%d1%96%d1%86%d0%b5-%d1%96%d0%b1%d0%b0%d1%80%d1%81%d0%b0%d0%b1%d0%b0%d0%bb%d1%8c/
[1710/2588] 200 https://www.medicsintegralsalut.com/ca/equip/dra-ainitze-ibarzabal/
[1711/2588] 200 https://www.medicsintegralsalut.com/team/dr-sergio-angeles-montanez/
[1712/2588] 200 https://www.medicsintegralsalut.com/en/team/dr-sergio-angeles-montanez/
[1713/2588] 200 https://www.medicsintegralsalut.com/fr/equipe/dr-sergio-angeles-montanez/
[1714/2588] 200 https://www.medicsintegralsalut.com/ru/team/dr-sergio-angeles-montanez/
[1715/2588] 200 https://www.medicsintegralsalut.com/uk/%d0%ba%d0%be%d0%bc%d0%b0%d0%bd%d0%b4%d0%b0/dr-sergio-angeles-montanez/
[1716/2588] 200 https://www.medicsintegralsalut.com/ca/equip/dr-sergio-angeles-montanez/
[1717/2588] 200 https://www.medicsintegralsalut.com/team/dr-cristobal-langdon-montero/
[1718/2588] 200 https://www.medicsintegralsalut.com/en/team/dr-cristobal-langdon-montero/
[1719/2588] 200 https://www.medicsintegralsalut.com/fr/equipe/dr-cristobal-langdon-montero/
[1720/2588] 200 https://www.medicsintegralsalut.com/ru/team/dr-cristobal-langdon-montero/
[1721/2588] 200 https://www.medicsintegralsalut.com/uk/%d0%ba%d0%be%d0%bc%d0%b0%d0%bd%d0%b4%d0%b0/dr-cristobal-langdon-montero/
[1722/2588] 200 https://www.medicsintegralsalut.com/ca/equip/dr-cristobal-langdon-montero/
[1723/2588] 200 https://www.medicsintegralsalut.com/team/dr-amador-garcia-ruiz-de-gordejuela/
[1724/2588] 200 https://www.medicsintegralsalut.com/en/team/dr-amador-garcia-ruiz-de-gordejuela/
[1725/2588] 200 https://www.medicsintegralsalut.com/fr/equipe/dr-amador-garcia-ruiz-de-gordejuela/
[1726/2588] 200 https://www.medicsintegralsalut.com/ru/team/dr-amador-garcia-ruiz-de-gordejuela/
[1727/2588] 200 https://www.medicsintegralsalut.com/uk/%d0%ba%d0%be%d0%bc%d0%b0%d0%bd%d0%b4%d0%b0/dr-amador-garcia-ruiz-de-gordejuela/
[1728/2588] 200 https://www.medicsintegralsalut.com/ca/equip/dr-amador-garcia-ruiz-de-gordejuela/
[1729/2588] 200 https://www.medicsintegralsalut.com/team/dr-mike-dewever/
[1730/2588] 200 https://www.medicsintegralsalut.com/en/team/dr-mike-dewever/
[1731/2588] 200 https://www.medicsintegralsalut.com/fr/equipe/dr-mike-dewever/
[1732/2588] 200 https://www.medicsintegralsalut.com/ru/team/dr-mike-dewever/
[1733/2588] 200 https://www.medicsintegralsalut.com/uk/%d0%ba%d0%be%d0%bc%d0%b0%d0%bd%d0%b4%d0%b0/%d0%b4%d0%be%d0%ba%d1%82%d0%be%d1%80-%d0%bc%d0%b0%d0%b9%d0%ba-%d0%b4%d0%b5%d0%b2%d0%b5%d0%b2%d0%b5%d1%80/
[1734/2588] 200 https://www.medicsintegralsalut.com/ca/equip/dr-mike-dewever/
[1735/2588] 200 https://www.medicsintegralsalut.com/team/dra-cristina-vera/
[1736/2588] 200 https://www.medicsintegralsalut.com/en/team/dra-cristina-vera/
[1737/2588] 200 https://www.medicsintegralsalut.com/fr/equipe/dra-cristina-vera/
[1738/2588] 200 https://www.medicsintegralsalut.com/ru/team/dra-cristina-vera/
[1739/2588] 200 https://www.medicsintegralsalut.com/uk/%d0%ba%d0%be%d0%bc%d0%b0%d0%bd%d0%b4%d0%b0/dra-cristina-vera/
[1740/2588] 200 https://www.medicsintegralsalut.com/ca/equip/dra-cristina-vera/
[1741/2588] 200 https://www.medicsintegralsalut.com/team/dra-claudia-vera/
[1742/2588] 200 https://www.medicsintegralsalut.com/en/team/dra-claudia-vera/
[1743/2588] 200 https://www.medicsintegralsalut.com/fr/equipe/dra-claudia-vera/
[1744/2588] 200 https://www.medicsintegralsalut.com/ru/team/dra-claudia-vera/
[1745/2588] 200 https://www.medicsintegralsalut.com/uk/%d0%ba%d0%be%d0%bc%d0%b0%d0%bd%d0%b4%d0%b0/dra-claudia-vera/
[1746/2588] 200 https://www.medicsintegralsalut.com/ca/equip/dra-claudia-vera/
[1747/2588] 200 https://www.medicsintegralsalut.com/team/dr-valenti-puig-divi/
[1748/2588] 200 https://www.medicsintegralsalut.com/en/team/dr-valenti-puig-divi/
[1749/2588] 200 https://www.medicsintegralsalut.com/fr/equipe/dr-valenti-puig-divi/
[1750/2588] 200 https://www.medicsintegralsalut.com/ru/team/dr-valenti-puig-divi/
[1751/2588] 200 https://www.medicsintegralsalut.com/uk/%d0%ba%d0%be%d0%bc%d0%b0%d0%bd%d0%b4%d0%b0/dr-valenti-puig-divi/
[1752/2588] 200 https://www.medicsintegralsalut.com/ca/equip/dr-valenti-puig-divi/
[1753/2588] 200 https://www.medicsintegralsalut.com/team/dr-mike-dewever/
[1754/2588] 200 https://www.medicsintegralsalut.com/en/team/dr-mike-dewever/
[1755/2588] 200 https://www.medicsintegralsalut.com/fr/equipe/dr-mike-dewever/
[1756/2588] 200 https://www.medicsintegralsalut.com/ru/team/dr-mike-dewever/
[1757/2588] 200 https://www.medicsintegralsalut.com/uk/%d0%ba%d0%be%d0%bc%d0%b0%d0%bd%d0%b4%d0%b0/%d0%b4%d0%be%d0%ba%d1%82%d0%be%d1%80-%d0%bc%d0%b0%d0%b9%d0%ba-%d0%b4%d0%b5%d0%b2%d0%b5%d0%b2%d0%b5%d1%80/
[1758/2588] 200 https://www.medicsintegralsalut.com/ca/equip/dr-mike-dewever/
[1759/2588] 200 https://www.medicsintegralsalut.com/category/cirugia-estetica-corporal/
[1760/2588] 200 https://www.medicsintegralsalut.com/en/category/cosmetic-surgery-3/
[1761/2588] 200 https://www.medicsintegralsalut.com/fr/categorie/chirurgie-esthetique-corporelle-2/
[1762/2588] 200 https://www.medicsintegralsalut.com/ru/%d0%ba%d0%b0%d1%82%d0%b5%d0%b3%d0%be%d1%80%d0%b8%d1%8f/%d1%8d%d1%81%d1%82%d0%b5%d1%82%d0%b8%d1%87%d0%b5%d1%81%d0%ba%d0%b0%d1%8f-%d0%be%d0%bf%d0%b5%d1%80%d0%b0%d1%86%d0%b8%d1%8f-%d1%82%d0%b5%d0%bb%d0%b0/
[1763/2588] 200 https://www.medicsintegralsalut.com/uk/%d0%ba%d0%b0%d1%82%d0%b5%d0%b3%d0%be%d1%80%d1%96%d1%8f/%d0%b5%d1%81%d1%82%d0%b5%d1%82%d0%b8%d1%87%d0%bd%d0%b0-%d1%85%d1%96%d1%80%d1%83%d1%80%d0%b3%d1%96%d1%8f-%d1%82%d1%96%d0%bb%d0%b0-2/
[1764/2588] 200 https://www.medicsintegralsalut.com/ca/categoria/cirurgia-estetica-corporal-2/
[1765/2588] 200 https://www.medicsintegralsalut.com/category/cirugia-estetica-facial/
[1766/2588] 200 https://www.medicsintegralsalut.com/en/category/cosmetic-facial-surgery-2/
[1767/2588] 200 https://www.medicsintegralsalut.com/fr/categorie/chirurgie-esthetique-faciale/
[1768/2588] 200 https://www.medicsintegralsalut.com/ru/%d0%ba%d0%b0%d1%82%d0%b5%d0%b3%d0%be%d1%80%d0%b8%d1%8f/%d0%bf%d0%bb%d0%b0%d1%81%d1%82%d0%b8%d1%87%d0%b5%d1%81%d0%ba%d0%b0%d1%8f-%d1%85%d0%b8%d1%80%d1%83%d1%80%d0%b3%d0%b8%d1%8f-%d0%bb%d0%b8%d1%86%d0%b0/
[1769/2588] 200 https://www.medicsintegralsalut.com/uk/%d0%ba%d0%b0%d1%82%d0%b5%d0%b3%d0%be%d1%80%d1%96%d1%8f/%d0%b5%d1%81%d1%82%d0%b5%d1%82%d0%b8%d1%87%d0%bd%d0%b0-%d1%85%d1%96%d1%80%d1%83%d1%80%d0%b3%d1%96%d1%8f-%d0%be%d0%b1%d0%bb%d0%b8%d1%87%d1%87%d1%8f-2/
[1770/2588] 200 https://www.medicsintegralsalut.com/ca/categoria/cirurgia-estetica-facial-2/
[1771/2588] 200 https://www.medicsintegralsalut.com/category/cirugia-estetica-mamas/
[1772/2588] 200 https://www.medicsintegralsalut.com/en/category/cosmetic-breast-surgery-2/
[1773/2588] 200 https://www.medicsintegralsalut.com/fr/categorie/chirurgie-esthetique-des-seins-2/
[1774/2588] 200 https://www.medicsintegralsalut.com/ru/%d0%ba%d0%b0%d1%82%d0%b5%d0%b3%d0%be%d1%80%d0%b8%d1%8f/%d0%bf%d0%bb%d0%b0%d1%81%d1%82%d0%b8%d1%87%d0%b5%d1%81%d0%ba%d0%b0%d1%8f-%d1%85%d0%b8%d1%80%d1%83%d1%80%d0%b3%d0%b8%d1%8f-%d0%b3%d1%80%d1%83%d0%b4%d0%b8/
[1775/2588] 200 https://www.medicsintegralsalut.com/uk/%d0%ba%d0%b0%d1%82%d0%b5%d0%b3%d0%be%d1%80%d1%96%d1%8f/%d0%b5%d1%81%d1%82%d0%b5%d1%82%d0%b8%d1%87%d0%bd%d0%b0-%d1%85%d1%96%d1%80%d1%83%d1%80%d0%b3%d1%96%d1%8f-%d0%b3%d1%80%d1%83%d0%b4%d0%b5%d0%b9-2/
[1776/2588] 200 https://www.medicsintegralsalut.com/ca/categoria/cirurgia-estetica-de-mames/
[1777/2588] 200 https://www.medicsintegralsalut.com/category/cirugia-estetica-masculina/
[1778/2588] 200 https://www.medicsintegralsalut.com/en/category/male-cosmetic-surgery/
[1779/2588] 200 https://www.medicsintegralsalut.com/fr/categorie/chirurgie-esthetique-masculine/
[1780/2588] 200 https://www.medicsintegralsalut.com/ru/%d0%ba%d0%b0%d1%82%d0%b5%d0%b3%d0%be%d1%80%d0%b8%d1%8f/%d0%bc%d1%83%d0%b6%d1%81%d0%ba%d0%b0%d1%8f-%d0%ba%d0%be%d1%81%d0%bc%d0%b5%d1%82%d0%b8%d1%87%d0%b5%d1%81%d0%ba%d0%b0%d1%8f-%d1%85%d0%b8%d1%80%d1%83%d1%80%d0%b3%d0%b8%d1%8f/
[1781/2588] 200 https://www.medicsintegralsalut.com/uk/%d0%ba%d0%b0%d1%82%d0%b5%d0%b3%d0%be%d1%80%d1%96%d1%8f/%d1%87%d0%be%d0%bb%d0%be%d0%b2%d1%96%d1%87%d0%b0-%d0%b5%d1%81%d1%82%d0%b5%d1%82%d0%b8%d1%87%d0%bd%d0%b0-%d1%85%d1%96%d1%80%d1%83%d1%80%d0%b3%d1%96%d1%8f/
[1782/2588] 200 https://www.medicsintegralsalut.com/ca/categoria/cirurgia-estetica-masculina-2/
[1783/2588] 200 https://www.medicsintegralsalut.com/category/cirurgia-estetica-corporal/
[1784/2588] 200 https://www.medicsintegralsalut.com/en/category/body-contouring-surgery/
[1785/2588] 200 https://www.medicsintegralsalut.com/fr/categorie/chirurgie-esthetique-corporelle/
[1786/2588] 200 https://www.medicsintegralsalut.com/ru/%d0%ba%d0%b0%d1%82%d0%b5%d0%b3%d0%be%d1%80%d0%b8%d1%8f/%d1%8d%d1%81%d1%82%d0%b5%d1%82%d0%b8%d1%87%d0%b5%d1%81%d0%ba%d0%b0%d1%8f-%d1%85%d0%b8%d1%80%d1%83%d1%80%d0%b3%d0%b8%d1%8f-%d1%82%d0%b5%d0%bb%d0%b0/
[1787/2588] 200 https://www.medicsintegralsalut.com/uk/%d0%ba%d0%b0%d1%82%d0%b5%d0%b3%d0%be%d1%80%d1%96%d1%8f/%d0%b5%d1%81%d1%82%d0%b5%d1%82%d0%b8%d1%87%d0%bd%d0%b0-%d1%85%d1%96%d1%80%d1%83%d1%80%d0%b3%d1%96%d1%8f-%d1%82%d1%96%d0%bb%d0%b0/
[1788/2588] 200 https://www.medicsintegralsalut.com/ca/categoria/cirurgia-estetica-corporal/
[1789/2588] 200 https://www.medicsintegralsalut.com/category/cirurgia-estetica-facial/
[1790/2588] 200 https://www.medicsintegralsalut.com/en/category/cosmetic-facial-surgery/
[1791/2588] 200 https://www.medicsintegralsalut.com/fr/categorie/chirurgie-esthetique-du-visage/
[1792/2588] 200 https://www.medicsintegralsalut.com/ru/%d0%ba%d0%b0%d1%82%d0%b5%d0%b3%d0%be%d1%80%d0%b8%d1%8f/%d0%bf%d0%bb%d0%b0%d1%81%d1%82%d0%b8%d1%87%d0%b5%d1%81%d0%ba%d0%b0%d1%8f-%d0%be%d0%bf%d0%b5%d1%80%d0%b0%d1%86%d0%b8%d1%8f-%d0%bd%d0%b0-%d0%bb%d0%b8%d1%86%d0%b5/
[1793/2588] 200 https://www.medicsintegralsalut.com/uk/%d0%ba%d0%b0%d1%82%d0%b5%d0%b3%d0%be%d1%80%d1%96%d1%8f/%d0%b5%d1%81%d1%82%d0%b5%d1%82%d0%b8%d1%87%d0%bd%d0%b0-%d1%85%d1%96%d1%80%d1%83%d1%80%d0%b3%d1%96%d1%8f-%d0%be%d0%b1%d0%bb%d0%b8%d1%87%d1%87%d1%8f/
[1794/2588] 200 https://www.medicsintegralsalut.com/ca/categoria/cirurgia-estetica-facial/
[1795/2588] 200 https://www.medicsintegralsalut.com/category/cirurgia-estetica-mames/
[1796/2588] 200 https://www.medicsintegralsalut.com/en/category/cosmetic-breast-surgery/
[1797/2588] 200 https://www.medicsintegralsalut.com/fr/categorie/chirurgie-esthetique-des-seins/
[1798/2588] 200 https://www.medicsintegralsalut.com/ru/%d0%ba%d0%b0%d1%82%d0%b5%d0%b3%d0%be%d1%80%d0%b8%d1%8f/%d1%8d%d1%81%d1%82%d0%b5%d1%82%d0%b8%d1%87%d0%b5%d1%81%d0%ba%d0%b0%d1%8f-%d1%85%d0%b8%d1%80%d1%83%d1%80%d0%b3%d0%b8%d1%8f-%d0%b3%d1%80%d1%83%d0%b4%d0%b8/
[1799/2588] 200 https://www.medicsintegralsalut.com/uk/%d0%ba%d0%b0%d1%82%d0%b5%d0%b3%d0%be%d1%80%d1%96%d1%8f/%d0%b5%d1%81%d1%82%d0%b5%d1%82%d0%b8%d1%87%d0%bd%d0%b0-%d1%85%d1%96%d1%80%d1%83%d1%80%d0%b3%d1%96%d1%8f-%d0%b3%d1%80%d1%83%d0%b4%d0%b5%d0%b9/
[1800/2588] 200 https://www.medicsintegralsalut.com/ca/categoria/cirurgia-estetica-pits/
[1801/2588] 200 https://www.medicsintegralsalut.com/category/cirurgia-estetica-masculina/
[1802/2588] 200 https://www.medicsintegralsalut.com/en/category/male-cosmetic-surgery-2/
[1803/2588] 200 https://www.medicsintegralsalut.com/fr/categorie/chirurgie-esthetique-masculine-2/
[1804/2588] 200 https://www.medicsintegralsalut.com/ru/%d0%ba%d0%b0%d1%82%d0%b5%d0%b3%d0%be%d1%80%d0%b8%d1%8f/%d0%bc%d1%83%d0%b6%d1%81%d0%ba%d0%b0%d1%8f-%d0%bf%d0%bb%d0%b0%d1%81%d1%82%d0%b8%d1%87%d0%b5%d1%81%d0%ba%d0%b0%d1%8f-%d1%85%d0%b8%d1%80%d1%83%d1%80%d0%b3%d0%b8%d1%8f/
[1805/2588] 200 https://www.medicsintegralsalut.com/uk/%d0%ba%d0%b0%d1%82%d0%b5%d0%b3%d0%be%d1%80%d1%96%d1%8f/%d1%87%d0%be%d0%bb%d0%be%d0%b2%d1%96%d1%87%d0%b0-%d0%b5%d1%81%d1%82%d0%b5%d1%82%d0%b8%d1%87%d0%bd%d0%b0-%d1%85%d1%96%d1%80%d1%83%d1%80%d0%b3%d1%96%d1%8f-2/
[1806/2588] 200 https://www.medicsintegralsalut.com/ca/categoria/cirurgia-estetica-masculina/
[1807/2588] 200 https://www.medicsintegralsalut.com/category/gabinet-destetica/
[1808/2588] 200 https://www.medicsintegralsalut.com/en/category/aesthetic-cabinet/
[1809/2588] 200 https://www.medicsintegralsalut.com/fr/categorie/cabinet-desthetique/
[1810/2588] 200 https://www.medicsintegralsalut.com/ru/%d0%ba%d0%b0%d1%82%d0%b5%d0%b3%d0%be%d1%80%d0%b8%d1%8f/%d0%ba%d0%b0%d0%b1%d0%b8%d0%bd%d0%b5%d1%82-%d1%8d%d1%81%d1%82%d0%b5%d1%82%d0%b8%d0%ba%d0%b8-2/
[1811/2588] 200 https://www.medicsintegralsalut.com/uk/%d0%ba%d0%b0%d1%82%d0%b5%d0%b3%d0%be%d1%80%d1%96%d1%8f/%d1%81%d0%b0%d0%bb%d0%be%d0%bd-%d0%ba%d1%80%d0%b0%d1%81%d0%b8-2/
[1812/2588] 200 https://www.medicsintegralsalut.com/ca/categoria/gabinet-destetica/
[1813/2588] 200 https://www.medicsintegralsalut.com/category/gabinete-de-estetica/
[1814/2588] 200 https://www.medicsintegralsalut.com/en/category/beauty-salon/
[1815/2588] 200 https://www.medicsintegralsalut.com/fr/categorie/institut-de-beaute/
[1816/2588] 200 https://www.medicsintegralsalut.com/ru/%d0%ba%d0%b0%d1%82%d0%b5%d0%b3%d0%be%d1%80%d0%b8%d1%8f/%d0%ba%d0%b0%d0%b1%d0%b8%d0%bd%d0%b5%d1%82-%d1%8d%d1%81%d1%82%d0%b5%d1%82%d0%b8%d0%ba%d0%b8/
[1817/2588] 200 https://www.medicsintegralsalut.com/uk/%d0%ba%d0%b0%d1%82%d0%b5%d0%b3%d0%be%d1%80%d1%96%d1%8f/%d1%81%d0%b0%d0%bb%d0%be%d0%bd-%d0%ba%d1%80%d0%b0%d1%81%d0%b8/
[1818/2588] 200 https://www.medicsintegralsalut.com/ca/categoria/gabinet-destetica-2/
[1819/2588] 200 https://www.medicsintegralsalut.com/category/medicina-estetica-corporal-ca/
[1820/2588] 200 https://www.medicsintegralsalut.com/en/category/medicina-estetica-corporal-ca/
[1821/2588] 200 https://www.medicsintegralsalut.com/fr/categorie/medicina-estetica-corporal-ca/
[1822/2588] 200 https://www.medicsintegralsalut.com/ru/%d0%ba%d0%b0%d1%82%d0%b5%d0%b3%d0%be%d1%80%d0%b8%d1%8f/%d1%8d%d1%81%d1%82%d0%b5%d1%82%d0%b8%d1%87%d0%b5%d1%81%d0%ba%d0%b0%d1%8f-%d0%bc%d0%b5%d0%b4%d0%b8%d1%86%d0%b8%d0%bd%d0%b0-%d1%82%d0%b5%d0%bb%d0%b0-2/
[1823/2588] 200 https://www.medicsintegralsalut.com/uk/%d0%ba%d0%b0%d1%82%d0%b5%d0%b3%d0%be%d1%80%d1%96%d1%8f/%d0%b5%d1%81%d1%82%d0%b5%d1%82%d0%b8%d1%87%d0%bd%d0%b0-%d0%bc%d0%b5%d0%b4%d0%b8%d1%86%d0%b8%d0%bd%d0%b0-%d0%b4%d0%bb%d1%8f-%d1%82%d1%96%d0%bb%d0%b0-ca/
[1824/2588] 200 https://www.medicsintegralsalut.com/ca/categoria/medicina-estetica-corporal-ca/
[1825/2588] 200 https://www.medicsintegralsalut.com/category/medicina-estetica-corporal/
[1826/2588] 200 https://www.medicsintegralsalut.com/en/category/cosmetic-body-medicine/
[1827/2588] 200 https://www.medicsintegralsalut.com/fr/categorie/medecine-esthetique-corporelle/
[1828/2588] 200 https://www.medicsintegralsalut.com/ru/%d0%ba%d0%b0%d1%82%d0%b5%d0%b3%d0%be%d1%80%d0%b8%d1%8f/%d1%8d%d1%81%d1%82%d0%b5%d1%82%d0%b8%d1%87%d0%b5%d1%81%d0%ba%d0%b0%d1%8f-%d0%bc%d0%b5%d0%b4%d0%b8%d1%86%d0%b8%d0%bd%d0%b0-%d1%82%d0%b5%d0%bb%d0%b0/
[1829/2588] 200 https://www.medicsintegralsalut.com/uk/%d0%ba%d0%b0%d1%82%d0%b5%d0%b3%d0%be%d1%80%d1%96%d1%8f/%d0%b5%d1%81%d1%82%d0%b5%d1%82%d0%b8%d1%87%d0%bd%d0%b0-%d0%bc%d0%b5%d0%b4%d0%b8%d1%86%d0%b8%d0%bd%d0%b0-%d0%b4%d0%bb%d1%8f-%d1%82%d1%96%d0%bb%d0%b0/
[1830/2588] 200 https://www.medicsintegralsalut.com/ca/categoria/medicina-estetica-corporal/
[1831/2588] 200 https://www.medicsintegralsalut.com/category/medicina-estetica-facial/
[1832/2588] 200 https://www.medicsintegralsalut.com/en/category/facial-aesthetic-medicine/
[1833/2588] 200 https://www.medicsintegralsalut.com/fr/categorie/medecine-esthetique-faciale/
[1834/2588] 200 https://www.medicsintegralsalut.com/ru/%d0%ba%d0%b0%d1%82%d0%b5%d0%b3%d0%be%d1%80%d0%b8%d1%8f/%d1%8d%d1%81%d1%82%d0%b5%d1%82%d0%b8%d1%87%d0%b5%d1%81%d0%ba%d0%b0%d1%8f-%d0%bc%d0%b5%d0%b4%d0%b8%d1%86%d0%b8%d0%bd%d0%b0-%d0%bb%d0%b8%d1%86%d0%b0/
[1835/2588] 200 https://www.medicsintegralsalut.com/uk/%d0%ba%d0%b0%d1%82%d0%b5%d0%b3%d0%be%d1%80%d1%96%d1%8f/%d0%b5%d1%81%d1%82%d0%b5%d1%82%d0%b8%d1%87%d0%bd%d0%b0-%d0%bc%d0%b5%d0%b4%d0%b8%d1%86%d0%b8%d0%bd%d0%b0-%d0%b4%d0%bb%d1%8f-%d0%be%d0%b1%d0%bb%d0%b8%d1%87%d1%87%d1%8f/
[1836/2588] 200 https://www.medicsintegralsalut.com/ca/categoria/medicina-estetica-facial/
[1837/2588] 200 https://www.medicsintegralsalut.com/category/medicina-estetica-facial-ca/
[1838/2588] 200 https://www.medicsintegralsalut.com/en/category/medicina-estetica-facial-ca/
[1839/2588] 200 https://www.medicsintegralsalut.com/fr/categorie/medicina-estetica-facial-ca/
[1840/2588] 200 https://www.medicsintegralsalut.com/ru/%d0%ba%d0%b0%d1%82%d0%b5%d0%b3%d0%be%d1%80%d0%b8%d1%8f/medicina-estetica-facial-ca/
[1841/2588] 200 https://www.medicsintegralsalut.com/uk/%d0%ba%d0%b0%d1%82%d0%b5%d0%b3%d0%be%d1%80%d1%96%d1%8f/medicina-estetica-facial-ca/
[1842/2588] 200 https://www.medicsintegralsalut.com/ca/categoria/medicina-estetica-facial-ca/
[1843/2588] 200 https://www.medicsintegralsalut.com/category/sobrepes-i-obesitat/
[1844/2588] 200 https://www.medicsintegralsalut.com/en/category/overweight-and-obesity/
[1845/2588] 200 https://www.medicsintegralsalut.com/fr/categorie/surpoids-et-obesite/
[1846/2588] 200 https://www.medicsintegralsalut.com/ru/%d0%ba%d0%b0%d1%82%d0%b5%d0%b3%d0%be%d1%80%d0%b8%d1%8f/%d0%b8%d0%b7%d0%b1%d1%8b%d1%82%d0%be%d1%87%d0%bd%d1%8b%d0%b9-%d0%b2%d0%b5%d1%81-%d0%b8-%d0%be%d0%b6%d0%b8%d1%80%d0%b5%d0%bd%d0%b8%d0%b5/
[1847/2588] 200 https://www.medicsintegralsalut.com/uk/%d0%ba%d0%b0%d1%82%d0%b5%d0%b3%d0%be%d1%80%d1%96%d1%8f/%d0%bd%d0%b0%d0%b4%d0%bc%d1%96%d1%80%d0%bd%d0%b0-%d0%b2%d0%b0%d0%b3%d0%b0-%d1%82%d0%b0-%d0%be%d0%b6%d0%b8%d1%80%d1%96%d0%bd%d0%bd%d1%8f/
[1848/2588] 200 https://www.medicsintegralsalut.com/ca/categoria/sobrepes-i-obesitat/
[1849/2588] 200 https://www.medicsintegralsalut.com/category/sobrepeso-obesidad/
[1850/2588] 200 https://www.medicsintegralsalut.com/en/category/sobrepeso-obesidad/
[1851/2588] 200 https://www.medicsintegralsalut.com/fr/categorie/sobrepeso-obesidad/
[1852/2588] 200 https://www.medicsintegralsalut.com/ru/%d0%ba%d0%b0%d1%82%d0%b5%d0%b3%d0%be%d1%80%d0%b8%d1%8f/%d0%b8%d0%b7%d0%b1%d1%8b%d1%82%d0%be%d1%87%d0%bd%d1%8b%d0%b9-%d0%b2%d0%b5%d1%81-%d0%be%d0%b6%d0%b8%d1%80%d0%b5%d0%bd%d0%b8%d0%b5/
[1853/2588] 200 https://www.medicsintegralsalut.com/uk/%d0%ba%d0%b0%d1%82%d0%b5%d0%b3%d0%be%d1%80%d1%96%d1%8f/%d0%bd%d0%b0%d0%b4%d0%bc%d1%96%d1%80%d0%bd%d0%b0-%d0%b2%d0%b0%d0%b3%d0%b0-%d0%be%d0%b6%d0%b8%d1%80%d1%96%d0%bd%d0%bd%d1%8f/
[1854/2588] 200 https://www.medicsintegralsalut.com/ca/categoria/sobrepeso-obesidad/
[1855/2588] 200 https://www.medicsintegralsalut.com/portfolio-category/serveis/
[1856/2588] 200 https://www.medicsintegralsalut.com/en/portfolio-category/serveis/
[1857/2588] 200 https://www.medicsintegralsalut.com/fr/portfolio-category/serveis/
[1858/2588] 200 https://www.medicsintegralsalut.com/ru/portfolio-category/serveis/
[1859/2588] 200 https://www.medicsintegralsalut.com/uk/portfolio-category/serveis/
[1860/2588] 200 https://www.medicsintegralsalut.com/ca/portfolio-category/serveis/
[1861/2588] 200 https://www.medicsintegralsalut.com/portfolio-category/videos-ca/
[1862/2588] 200 https://www.medicsintegralsalut.com/en/portfolio-category/videos-ca/
[1863/2588] 200 https://www.medicsintegralsalut.com/fr/portfolio-category/videos-ca/
[1864/2588] 200 https://www.medicsintegralsalut.com/ru/portfolio-category/videos-ca/
[1865/2588] 200 https://www.medicsintegralsalut.com/uk/portfolio-category/videos-ca/
[1866/2588] 200 https://www.medicsintegralsalut.com/ca/portfolio-category/videos-ca/
[1867/2588] 200 https://www.medicsintegralsalut.com/carousels-category/personal/
[1868/2588] 200 https://www.medicsintegralsalut.com/en/carousels-category/personal/
[1869/2588] 200 https://www.medicsintegralsalut.com/fr/carousels-category/personal/
[1870/2588] 200 https://www.medicsintegralsalut.com/ru/carousels-category/personal/
[1871/2588] 200 https://www.medicsintegralsalut.com/uk/carousels-category/personal/
[1872/2588] 200 https://www.medicsintegralsalut.com/ca/carousels-category/personal/
[1873/2588] 200 https://www.medicsintegralsalut.com/author/nicols/
[1874/2588] 200 https://www.medicsintegralsalut.com/en/author/nicols/
[1875/2588] 200 https://www.medicsintegralsalut.com/fr/auteur/nicols/
[1876/2588] 200 https://www.medicsintegralsalut.com/ru/%d0%b0%d0%b2%d1%82%d0%be%d1%80/nicols/
[1877/2588] 200 https://www.medicsintegralsalut.com/uk/%d0%b0%d0%b2%d1%82%d0%be%d1%80/nicols/
[1878/2588] 200 https://www.medicsintegralsalut.com/ca/autor/nicols/
[1879/2588] 200 https://www.medicsintegralsalut.com/author/infomedicstetics/
[1880/2588] 200 https://www.medicsintegralsalut.com/en/author/infomedicstetics/
[1881/2588] 200 https://www.medicsintegralsalut.com/fr/auteur/infomedicestetique/
[1882/2588] 200 https://www.medicsintegralsalut.com/ru/%d0%b0%d0%b2%d1%82%d0%be%d1%80/%d0%b8%d0%bd%d1%84%d0%be%d0%bc%d0%b5%d0%b4%d0%b8%d0%ba%d1%8d%d1%81%d1%82%d0%b5%d1%82%d0%b8%d0%ba%d1%81/
[1883/2588] 200 https://www.medicsintegralsalut.com/uk/%d0%b0%d0%b2%d1%82%d0%be%d1%80/infomedicstetics/
[1884/2588] 200 https://www.medicsintegralsalut.com/ca/autor/infomedicsestetics/
[1885/2588] 200 https://www.medicsintegralsalut.com/unidades/medicina-estetica-facial/relleno-de-arrugas/
[1886/2588] 200 https://www.medicsintegralsalut.com/portfolio_page/video-prueba-1/
[1887/2588] 200 https://www.medicsintegralsalut.com/portfolio_page/video-prueba-2/
[1888/2588] 200 https://www.medicsintegralsalut.com/portfolio_page/video-prueba-3/
[1889/2588] 200 https://www.medicsintegralsalut.com/portfolio_page/video-prueba-4/
[1890/2588] 200 https://www.medicsintegralsalut.com/financiacion
[1891/2588] 200 https://www.medicsintegralsalut.com/wp-content/uploads/2022/10/slider_MedicsIntegralSalut5.jpg
[1892/2588] 200 https://www.medicsintegralsalut.com/wp-content/uploads/2022/10/slider_MedicsIntegralSalut4.jpg
[1893/2588] 200 https://www.medicsintegralsalut.com/wp-content/uploads/2022/10/slider_MedicsIntegralSalut3.jpg
[1894/2588] 200 https://www.medicsintegralsalut.com/wp-content/uploads/2022/10/slider_MedicsIntegralSalut2.jpg
[1895/2588] 200 https://www.medicsintegralsalut.com/wp-content/uploads/2022/10/slider_MedicsIntegralSalut1.jpg
[1896/2588] 200 https://www.medicsintegralsalut.com/wp-content/uploads/2022/10/slider_MedicsIntegralSalut0.jpg
[1897/2588] 200 https://www.medicsintegralsalut.com/wp-content/uploads/2022/10/slider_MedicsIntegralSalut6.jpg
[1898/2588] 200 https://www.medicsintegralsalut.com/contacto
[1899/2588] 200 https://www.medicsintegralsalut.com/medicina-estetica-corporal/liposuccion-sin-cirugia/
[1900/2588] 200 https://www.medicsintegralsalut.com/unidades/reduccion-de-volumen-girona/
[1901/2588] 404 https://www.medicsintegralsalut.com/unidades/sobrepeso-y-obesidad/cirugia-bariatrica/bypass-gastrico-2/
[1902/2588] 404 https://www.medicsintegralsalut.com/unidades/sobrepeso-y-obesidad/cirugia-bariatrica/cruce-duodenal-2/
[1903/2588] 200 https://www.medicsintegralsalut.com/en/units/cosmetic-breast-surgery-2/
[1904/2588] 200 https://www.medicsintegralsalut.com/fr/unites/chirurgie-esthetique-des-seins-2/
[1905/2588] 200 https://www.medicsintegralsalut.com/ru/%d0%b5%d0%b4%d0%b8%d0%bd%d0%b8%d1%86%d1%8b/%d0%bf%d0%bb%d0%b0%d1%81%d1%82%d0%b8%d1%87%d0%b5%d1%81%d0%ba%d0%b0%d1%8f-%d1%85%d0%b8%d1%80%d1%83%d1%80%d0%b3%d0%b8%d1%8f-%d0%b3%d1%80%d1%83%d0%b4%d0%b8/
[1906/2588] 200 https://www.medicsintegralsalut.com/uk/%d0%be%d0%b4%d0%b8%d0%bd%d0%b8%d1%86%d1%96/%d0%b5%d1%81%d1%82%d0%b5%d1%82%d0%b8%d1%87%d0%bd%d0%b0-%d1%85%d1%96%d1%80%d1%83%d1%80%d0%b3%d1%96%d1%8f-%d0%b3%d1%80%d1%83%d0%b4%d0%b5%d0%b9-2/
[1907/2588] 200 https://www.medicsintegralsalut.com/ca/unitats-2/cirurgia-estetica-de-mames/
[1908/2588] 200 https://www.medicsintegralsalut.com?utm_source=chatgpt.com
[1909/2588] 200 https://www.medicsintegralsalut.com/category/sin-categorizar/
[1910/2588] 200 https://www.medicsintegralsalut.com/tag/abans-i-despres-otoplastia/
[1911/2588] 200 https://www.medicsintegralsalut.com/tag/alimentacio/
[1912/2588] 200 https://www.medicsintegralsalut.com/tag/alimentacion/
[1913/2588] 200 https://www.medicsintegralsalut.com/tag/antes-y-despues-otoplastia/
[1914/2588] 200 https://www.medicsintegralsalut.com/tag/augment-de-pit/
[1915/2588] 200 https://www.medicsintegralsalut.com/tag/aumento-de-pecho/
[1916/2588] 200 https://www.medicsintegralsalut.com/tag/bellesa/
[1917/2588] 200 https://www.medicsintegralsalut.com/tag/belleza/
[1918/2588] 200 https://www.medicsintegralsalut.com/tag/cirurgia-bariatrica/
[1919/2588] 200 https://www.medicsintegralsalut.com/tag/cures-per-la-pell/
[1920/2588] 200 https://www.medicsintegralsalut.com/tag/estetica-ca/
[1921/2588] 200 https://www.medicsintegralsalut.com/tag/estetica/
[1922/2588] 200 https://www.medicsintegralsalut.com/tag/evaluacio/
[1923/2588] 200 https://www.medicsintegralsalut.com/tag/flacidez/
[1924/2588] 200 https://www.medicsintegralsalut.com/tag/glutis/
[1925/2588] 200 https://www.medicsintegralsalut.com/tag/greix/
[1926/2588] 200 https://www.medicsintegralsalut.com/tag/implantes-mamarios/
[1927/2588] 200 https://www.medicsintegralsalut.com/tag/lifting-ca/
[1928/2588] 200 https://www.medicsintegralsalut.com/tag/lipofilling-ca/
[1929/2588] 200 https://www.medicsintegralsalut.com/tag/liposuccion/
[1930/2588] 200 https://www.medicsintegralsalut.com/tag/liposuccion-vaser/
[1931/2588] 200 https://www.medicsintegralsalut.com/tag/lipovaser/
[1932/2588] 200 https://www.medicsintegralsalut.com/tag/mamas-tuberosas/
[1933/2588] 200 https://www.medicsintegralsalut.com/tag/mames-tuberoses/
[1934/2588] 200 https://www.medicsintegralsalut.com/tag/mida-de-protesi/
[1935/2588] 200 https://www.medicsintegralsalut.com/tag/mounjaro/
[1936/2588] 200 https://www.medicsintegralsalut.com/tag/obesidad/
[1937/2588] 200 https://www.medicsintegralsalut.com/tag/obesitat/
[1938/2588] 200 https://www.medicsintegralsalut.com/tag/ozempic/
[1939/2588] 200 https://www.medicsintegralsalut.com/tag/pell/
[1940/2588] 200 https://www.medicsintegralsalut.com/tag/piel/
[1941/2588] 200 https://www.medicsintegralsalut.com/tag/postoperatorio-rinoplastia/
[1942/2588] 200 https://www.medicsintegralsalut.com/tag/protesis-ergonomicas/
[1943/2588] 200 https://www.medicsintegralsalut.com/tag/protesis-redondas-vs-protesis-ergonomicas/
[1944/2588] 200 https://www.medicsintegralsalut.com/tag/radiofrecuencia/
[1945/2588] 200 https://www.medicsintegralsalut.com/tag/reduccion-de-pecho/
[1946/2588] 200 https://www.medicsintegralsalut.com/tag/resultats/
[1947/2588] 200 https://www.medicsintegralsalut.com/tag/rostre/
[1948/2588] 200 https://www.medicsintegralsalut.com/tag/tractaments/
[1949/2588] 200 https://www.medicsintegralsalut.com/tag/tecnica-quirurgica-ca/
[1950/2588] 200 https://www.medicsintegralsalut.com/tag/tecniques/
[1951/2588] 200 https://www.medicsintegralsalut.com/tag/tecnica-quirurgica/
[1952/2588] 200 https://www.medicsintegralsalut.com/tag/tecnicas/
[1953/2588] 200 https://www.medicsintegralsalut.com/tag/ulls/
[1954/2588] 200 https://www.medicsintegralsalut.com/tag/vida-saludable-ca/
[1955/2588] 200 https://www.medicsintegralsalut.com/politica-de-privacidad
[1956/2588] 200 https://www.medicsintegralsalut.com/portfolio_page/obesitat/
[1957/2588] 200 https://www.medicsintegralsalut.com/en/portfolio_page/video-prueba-1/
[1958/2588] 200 https://www.medicsintegralsalut.com/fr/page_de_portfolio/video-de-test-1/
[1959/2588] 200 https://www.medicsintegralsalut.com/ru/%d0%bf%d0%be%d1%80%d1%82%d1%84%d0%be%d0%bb%d0%b8%d0%be/video-prueba-1/
[1960/2588] 200 https://www.medicsintegralsalut.com/uk/portfolio_page/%d1%82%d0%b5%d1%81%d1%82%d0%be%d0%b2%d0%b5-%d0%b2%d1%96%d0%b4%d0%b5%d0%be-1/
[1961/2588] 200 https://www.medicsintegralsalut.com/ca/portfoli_pagina/video-prueba-1/
[1962/2588] 200 https://www.medicsintegralsalut.com/portfolio_page/bypass-gastric-amador-emili/
[1963/2588] 200 https://www.medicsintegralsalut.com/en/portfolio_page/video-prueba-2/
[1964/2588] 200 https://www.medicsintegralsalut.com/fr/page_de_portfolio/video-test-2/
[1965/2588] 200 https://www.medicsintegralsalut.com/ru/%d0%bf%d0%be%d1%80%d1%82%d1%84%d0%be%d0%bb%d0%b8%d0%be/video-prueba-2/
[1966/2588] 200 https://www.medicsintegralsalut.com/uk/portfolio_page/video-prueba-2/
[1967/2588] 200 https://www.medicsintegralsalut.com/ca/portfoli_pagina/video-prueba-2/
[1968/2588] 200 https://www.medicsintegralsalut.com/portfolio_page/augment-pit-mike-eli/
[1969/2588] 200 https://www.medicsintegralsalut.com/en/portfolio_page/video-prueba-3/
[1970/2588] 200 https://www.medicsintegralsalut.com/fr/page_de_portfolio/video-prueba-3/
[1971/2588] 200 https://www.medicsintegralsalut.com/ru/%d0%bf%d0%be%d1%80%d1%82%d1%84%d0%be%d0%bb%d0%b8%d0%be/video-prueba-3/
[1972/2588] 200 https://www.medicsintegralsalut.com/uk/portfolio_page/video-prueba-3/
[1973/2588] 200 https://www.medicsintegralsalut.com/ca/portfoli_pagina/video-prueba-3/
[1974/2588] 200 https://www.medicsintegralsalut.com/portfolio_page/rinoplastia-sergio-judith/
[1975/2588] 200 https://www.medicsintegralsalut.com/en/portfolio_page/video-prueba-4/
[1976/2588] 200 https://www.medicsintegralsalut.com/fr/page_de_portfolio/video-prueba-4/
[1977/2588] 200 https://www.medicsintegralsalut.com/ru/%d0%bf%d0%be%d1%80%d1%82%d1%84%d0%be%d0%bb%d0%b8%d0%be/%d0%b2%d0%b8%d0%b4%d0%b5%d0%be-%d1%82%d0%b5%d1%81%d1%82-4/
[1978/2588] 200 https://www.medicsintegralsalut.com/uk/portfolio_page/video-prueba-4/
[1979/2588] 200 https://www.medicsintegralsalut.com/ca/portfoli_pagina/video-prueba-4/
[1980/2588] 404 https://www.medicsintegralsalut.com/en/units/facial-aesthetic-medicine/wrinkle-fillers/
[1981/2588] 404 https://www.medicsintegralsalut.com/fr/unites/medecine-esthetique-faciale/remplissage-de-rides/
[1982/2588] 404 https://www.medicsintegralsalut.com/ru/%d0%b5%d0%b4%d0%b8%d0%bd%d0%b8%d1%86%d1%8b/%d1%8d%d1%81%d1%82%d0%b5%d1%82%d0%b8%d1%87%d0%b5%d1%81%d0%ba%d0%b0%d1%8f-%d0%bc%d0%b5%d0%b4%d0%b8%d1%86%d0%b8%d0%bd%d0%b0-%d0%bb%d0%b8%d1%86%d0%b0/%d1%84%d0%b8%d0%bb%d0%bb%d0%b5%d1%80-%d0%bf%d1%80%d0%be%d1%82%d0%b8%d0%b2-%d0%bc%d0%be%d1%80%d1%89%d0%b8%d0%bd/
[1983/2588] 404 https://www.medicsintegralsalut.com/uk/%d0%be%d0%b4%d0%b8%d0%bd%d0%b8%d1%86%d1%96/%d0%b5%d1%81%d1%82%d0%b5%d1%82%d0%b8%d1%87%d0%bd%d0%b0-%d0%bc%d0%b5%d0%b4%d0%b8%d1%86%d0%b8%d0%bd%d0%b0-%d0%b4%d0%bb%d1%8f-%d0%be%d0%b1%d0%bb%d0%b8%d1%87%d1%87%d1%8f/%d0%b7%d0%b0%d0%bf%d0%be%d0%b2%d0%bd%d0%b5%d0%bd%d0%bd%d1%8f-%d0%b7%d0%bc%d0%be%d1%80%d1%88%d0%be%d0%ba/
[1984/2588] 404 https://www.medicsintegralsalut.com/ca/unitats-2/medicina-estetica-facial/farciment-darrugues-2/
[1985/2588] 200 https://www.medicsintegralsalut.com/en/cosmetic-body-medicine/non-surgical-liposuction/
[1986/2588] 200 https://www.medicsintegralsalut.com/en/units/volume-reduction-girona-2/
[1987/2588] 404 https://www.medicsintegralsalut.com/en/units/overweight-and-obesity-2/bariatric-surgery-2/gastric-bypass-2/
[1988/2588] 404 https://www.medicsintegralsalut.com/en/units/overweight-and-obesity-2/bariatric-surgery-2/duodenal-crossing-2/
[1989/2588] 200 https://www.medicsintegralsalut.com/en/?utm_source=chatgpt.com
[1990/2588] 200 https://www.medicsintegralsalut.com/tag/rinoplastia-sin-cirugia/
[1991/2588] 200 https://www.medicsintegralsalut.com/ca/unitats/cirurgia-estetica-mames/augment-de-pit/
[1992/2588] 200 https://www.medicsintegralsalut.com/wp-content/uploads/2022/02/Cirugia-Bariatrica-BYPASS.mp4
[1993/2588] 200 https://www.medicsintegralsalut.com/tag/rinoplastia-ca/
[1994/2588] 200 https://www.medicsintegralsalut.com/tag/rinoplastia/
[1995/2588] 200 https://www.medicsintegralsalut.com/tag/cirugia-bariatrica/
[1996/2588] 200 https://www.medicsintegralsalut.com/tag/rostro/
[1997/2588] 200 https://www.medicsintegralsalut.com/tag/resultados/
[1998/2588] 200 https://www.medicsintegralsalut.com/tag/tratamientos/
[1999/2588] 200 https://www.medicsintegralsalut.com/tag/grasa/
[2000/2588] 200 https://www.medicsintegralsalut.com/tag/lipofilling/
[2001/2588] 200 https://www.medicsintegralsalut.com/en/tag/before-and-after-otoplasty/
[2002/2588] 200 https://www.medicsintegralsalut.com/fr/etiquette/avant-et-apres-otoplastie/
[2003/2588] 200 https://www.medicsintegralsalut.com/ru/%d1%82%d0%b5%d0%b3/%d0%b4%d0%be-%d0%b8-%d0%bf%d0%be%d1%81%d0%bb%d0%b5-%d0%be%d1%82%d0%be%d0%bf%d0%bb%d0%b0%d1%81%d1%82%d0%b8%d0%ba%d0%b8-2/
[2004/2588] 200 https://www.medicsintegralsalut.com/uk/%d1%82%d0%b5%d0%b3/%d0%b4%d0%be-%d1%82%d0%b0-%d0%bf%d1%96%d1%81%d0%bb%d1%8f-%d0%be%d1%82%d0%be%d0%bf%d0%bb%d0%b0%d1%81%d1%82%d0%b8%d0%ba%d0%b8/
[2005/2588] 200 https://www.medicsintegralsalut.com/ca/etiqueta/abans-i-despres-otoplastia/
[2006/2588] 200 https://www.medicsintegralsalut.com/en/tag/alimentacio/
[2007/2588] 200 https://www.medicsintegralsalut.com/fr/etiquette/alimentation/
[2008/2588] 200 https://www.medicsintegralsalut.com/ru/%d1%82%d0%b5%d0%b3/alimentacio/
[2009/2588] 200 https://www.medicsintegralsalut.com/uk/%d1%82%d0%b5%d0%b3/%d1%85%d0%b0%d1%80%d1%87%d1%83%d0%b2%d0%b0%d0%bd%d0%bd%d1%8f/
[2010/2588] 200 https://www.medicsintegralsalut.com/ca/etiqueta/alimentacio/
[2011/2588] 200 https://www.medicsintegralsalut.com/en/tag/feeding/
[2012/2588] 200 https://www.medicsintegralsalut.com/fr/etiquette/alimentacion/
[2013/2588] 200 https://www.medicsintegralsalut.com/ru/%d1%82%d0%b5%d0%b3/%d0%bf%d0%b8%d1%82%d0%b0%d0%bd%d0%b8%d0%b5/
[2014/2588] 200 https://www.medicsintegralsalut.com/uk/%d1%82%d0%b5%d0%b3/%d1%85%d0%b0%d1%80%d1%87%d1%83%d0%b2%d0%b0%d0%bd%d0%bd%d1%8f-2/
[2015/2588] 200 https://www.medicsintegralsalut.com/ca/etiqueta/alimentacion/
[2016/2588] 200 https://www.medicsintegralsalut.com/en/tag/antes-y-despues-otoplastia/
[2017/2588] 200 https://www.medicsintegralsalut.com/fr/etiquette/avant-et-apres-otoplastie-2/
[2018/2588] 200 https://www.medicsintegralsalut.com/ru/%d1%82%d0%b5%d0%b3/%d0%b4%d0%be-%d0%b8-%d0%bf%d0%be%d1%81%d0%bb%d0%b5-%d0%be%d1%82%d0%be%d0%bf%d0%bb%d0%b0%d1%81%d1%82%d0%b8%d0%ba%d0%b8/
[2019/2588] 200 https://www.medicsintegralsalut.com/uk/%d1%82%d0%b5%d0%b3/antes-y-despues-otoplastia/
[2020/2588] 200 https://www.medicsintegralsalut.com/ca/etiqueta/antes-y-despues-otoplastia/
[2021/2588] 200 https://www.medicsintegralsalut.com/en/portfolio_page/obesity-2/
[2022/2588] 200 https://www.medicsintegralsalut.com/en/portfolio_page/gastric-bypass-3/
[2023/2588] 200 https://www.medicsintegralsalut.com/en/portfolio_page/augment-pit-mike-eli/
[2024/2588] 200 https://www.medicsintegralsalut.com/en/portfolio_page/rinoplastia-sergio-judith/
[2025/2588] 200 https://www.medicsintegralsalut.com/wp-content/uploads/2019/10/blefaroplastia.jpg
[2026/2588] 200 https://www.medicsintegralsalut.com/wp-content/uploads/2019/10/1-1.jpg
[2027/2588] 200 https://www.medicsintegralsalut.com/wp-content/uploads/2019/10/Blefaroplastia-3.jpg
[2028/2588] 200 https://www.medicsintegralsalut.com/wp-content/uploads/2019/10/Operacion-pecho1.jpg
[2029/2588] 200 https://www.medicsintegralsalut.com/wp-content/uploads/2019/10/Operacion-pecho8.jpg
[2030/2588] 200 https://www.medicsintegralsalut.com/wp-content/uploads/2019/10/Operacion-pecho4.jpg
[2031/2588] 200 https://www.medicsintegralsalut.com/wp-content/uploads/2019/10/Operacion-pecho5.jpg
[2032/2588] 200 https://www.medicsintegralsalut.com/wp-content/uploads/2019/10/Operacion-pecho6.jpg
[2033/2588] 200 https://www.medicsintegralsalut.com/wp-content/uploads/2019/10/Operacion-pecho7.jpg
[2034/2588] 200 https://www.medicsintegralsalut.com/?utm_source=chatgpt.com
[2035/2588] 200 https://www.medicsintegralsalut.com/fr/?utm_source=chatgpt.com
[2036/2588] 200 https://www.medicsintegralsalut.com/ru/?utm_source=chatgpt.com
[2037/2588] 200 https://www.medicsintegralsalut.com/uk/?utm_source=chatgpt.com
[2038/2588] 200 https://www.medicsintegralsalut.com/ca/?utm_source=chatgpt.com
[2039/2588] 200 https://www.medicsintegralsalut.com/wp-content/uploads/2019/10/antes-despues-rinoplastia.jpg
[2040/2588] 200 https://www.medicsintegralsalut.com/wp-content/uploads/2019/10/antes-despues-rinoplastia-2.jpg
[2041/2588] 200 https://www.medicsintegralsalut.com/wp-content/uploads/2019/10/antes-despues-rinoplastia-3.jpg
[2042/2588] 404 https://www.medicsintegralsalut.com/ca/politica-de-privacitat/
[2043/2588] 200 https://www.medicsintegralsalut.com/en/tag/non-surgical-rhinoplasty/
[2044/2588] 200 https://www.medicsintegralsalut.com/fr/etiquette/rhinoplastie-sans-chirurgie/
[2045/2588] 200 https://www.medicsintegralsalut.com/ru/%d1%82%d0%b5%d0%b3/%d1%80%d0%b8%d0%bd%d0%be%d0%bf%d0%bb%d0%b0%d1%81%d1%82%d0%b8%d0%ba%d0%b0-%d0%b1%d0%b5%d0%b7-%d0%be%d0%bf%d0%b5%d1%80%d0%b0%d1%86%d0%b8%d0%b8/
[2046/2588] 200 https://www.medicsintegralsalut.com/uk/%d1%82%d0%b5%d0%b3/rinoplastia-sin-cirugia/
[2047/2588] 200 https://www.medicsintegralsalut.com/ca/etiqueta/rinoplastia-sin-cirugia/
[2048/2588] 200 https://www.medicsintegralsalut.com/ca/unitats/medicina-estetica-facial/arrugues-expressio/
[2049/2588] 200 https://www.medicsintegralsalut.com/en/tag/rinoplastia-ca/
[2050/2588] 200 https://www.medicsintegralsalut.com/fr/etiquette/rinoplastia-ca/
[2051/2588] 200 https://www.medicsintegralsalut.com/ru/%d1%82%d0%b5%d0%b3/rinoplastia-ca/
[2052/2588] 200 https://www.medicsintegralsalut.com/uk/%d1%82%d0%b5%d0%b3/rinoplastia-ca/
[2053/2588] 200 https://www.medicsintegralsalut.com/ca/etiqueta/rinoplastia-ca/
[2054/2588] 200 https://www.medicsintegralsalut.com/en/tag/rhinoplasty/
[2055/2588] 200 https://www.medicsintegralsalut.com/fr/etiquette/rhinoplastie/
[2056/2588] 200 https://www.medicsintegralsalut.com/ru/%d1%82%d0%b5%d0%b3/%d1%80%d0%b8%d0%bd%d0%be%d0%bf%d0%bb%d0%b0%d1%81%d1%82%d0%b8%d0%ba%d0%b0/
[2057/2588] 200 https://www.medicsintegralsalut.com/uk/%d1%82%d0%b5%d0%b3/%d1%80%d0%b8%d0%bd%d0%be%d0%bf%d0%bb%d0%b0%d1%81%d1%82%d0%b8%d0%ba%d0%b0-2/
[2058/2588] 200 https://www.medicsintegralsalut.com/ca/etiqueta/rinoplastia/
[2059/2588] 200 https://www.medicsintegralsalut.com/en/tag/bariatric-surgery-2/
[2060/2588] 200 https://www.medicsintegralsalut.com/fr/etiquette/chirurgie-bariatrique-2/
[2061/2588] 200 https://www.medicsintegralsalut.com/ru/%d1%82%d0%b5%d0%b3/%d0%b1%d0%b0%d1%80%d0%b8%d0%b0%d1%82%d1%80%d0%b8%d1%87%d0%b5%d1%81%d0%ba%d0%b0%d1%8f-%d1%85%d0%b8%d1%80%d1%83%d1%80%d0%b3%d0%b8%d1%8f-2/
[2062/2588] 200 https://www.medicsintegralsalut.com/uk/%d1%82%d0%b5%d0%b3/%d0%b1%d0%b0%d1%80%d1%96%d0%b0%d1%82%d1%80%d0%b8%d1%87%d0%bd%d0%b0-%d1%85%d1%96%d1%80%d1%83%d1%80%d0%b3%d1%96%d1%8f-2/
[2063/2588] 200 https://www.medicsintegralsalut.com/ca/etiqueta/cirurgia-bariatrica-2/
[2064/2588] 200 https://www.medicsintegralsalut.com/en/tag/face/
[2065/2588] 200 https://www.medicsintegralsalut.com/fr/etiquette/rostro/
[2066/2588] 200 https://www.medicsintegralsalut.com/ru/%d1%82%d0%b5%d0%b3/rostro/
[2067/2588] 200 https://www.medicsintegralsalut.com/uk/%d1%82%d0%b5%d0%b3/%d0%be%d0%b1%d0%bb%d0%b8%d1%87%d1%87%d1%8f/
[2068/2588] 200 https://www.medicsintegralsalut.com/ca/etiqueta/rostro/
[2069/2588] 200 https://www.medicsintegralsalut.com/en/tag/resultados/
[2070/2588] 200 https://www.medicsintegralsalut.com/fr/etiquette/resultados/
[2071/2588] 200 https://www.medicsintegralsalut.com/ru/%d1%82%d0%b5%d0%b3/resultados/
[2072/2588] 200 https://www.medicsintegralsalut.com/uk/%d1%82%d0%b5%d0%b3/resultados/
[2073/2588] 200 https://www.medicsintegralsalut.com/ca/etiqueta/resultats-2/
[2074/2588] 200 https://www.medicsintegralsalut.com/en/tag/tratamientos/
[2075/2588] 200 https://www.medicsintegralsalut.com/fr/etiquette/tratamientos/
[2076/2588] 200 https://www.medicsintegralsalut.com/ru/%d1%82%d0%b5%d0%b3/tratamientos/
[2077/2588] 200 https://www.medicsintegralsalut.com/uk/%d1%82%d0%b5%d0%b3/tratamientos/
[2078/2588] 200 https://www.medicsintegralsalut.com/ca/etiqueta/tractaments-2/
[2079/2588] 200 https://www.medicsintegralsalut.com/en/tag/grease/
[2080/2588] 200 https://www.medicsintegralsalut.com/fr/etiquette/graisse-2/
[2081/2588] 200 https://www.medicsintegralsalut.com/ru/%d1%82%d0%b5%d0%b3/%d0%b6%d0%b8%d1%80/
[2082/2588] 200 https://www.medicsintegralsalut.com/uk/%d1%82%d0%b5%d0%b3/%d0%b6%d0%b8%d1%80/
[2083/2588] 200 https://www.medicsintegralsalut.com/ca/etiqueta/greix-2/
[2084/2588] 200 https://www.medicsintegralsalut.com/en/tag/lipofilling/
[2085/2588] 200 https://www.medicsintegralsalut.com/fr/etiquette/lipofilling/
[2086/2588] 200 https://www.medicsintegralsalut.com/ru/%d1%82%d0%b5%d0%b3/%d0%bb%d0%b8%d0%bf%d0%be%d1%84%d0%b8%d0%bb%d0%b8%d0%bd%d0%b3/
[2087/2588] 200 https://www.medicsintegralsalut.com/uk/%d1%82%d0%b5%d0%b3/%d0%bb%d1%96%d0%bf%d0%be%d1%84%d1%96%d0%bb%d1%96%d0%bd%d0%b3/
[2088/2588] 200 https://www.medicsintegralsalut.com/ca/etiqueta/lipofilling/
[2089/2588] 200 https://www.medicsintegralsalut.com/en/category/uncategorised/
[2090/2588] 200 https://www.medicsintegralsalut.com/en/tag/augment-of-pit/
[2091/2588] 200 https://www.medicsintegralsalut.com/en/tag/breast-augmentation/
[2092/2588] 200 https://www.medicsintegralsalut.com/en/tag/beauty/
[2093/2588] 200 https://www.medicsintegralsalut.com/en/tag/beauty-2/
[2094/2588] 200 https://www.medicsintegralsalut.com/en/tag/bariatric-surgery/
[2095/2588] 200 https://www.medicsintegralsalut.com/en/tag/skin-cures/
[2096/2588] 200 https://www.medicsintegralsalut.com/en/tag/estetica-ca/
[2097/2588] 200 https://www.medicsintegralsalut.com/en/tag/estetica/
[2098/2588] 200 https://www.medicsintegralsalut.com/en/tag/evaluation/
[2099/2588] 200 https://www.medicsintegralsalut.com/en/tag/slackness/
[2100/2588] 200 https://www.medicsintegralsalut.com/en/tag/gluteus/
[2101/2588] 200 https://www.medicsintegralsalut.com/en/tag/grease-2/
[2102/2588] 200 https://www.medicsintegralsalut.com/en/tag/breast-implants/
[2103/2588] 200 https://www.medicsintegralsalut.com/en/tag/lifting-ca/
[2104/2588] 200 https://www.medicsintegralsalut.com/en/tag/lipofilling-ca/
[2105/2588] 200 https://www.medicsintegralsalut.com/en/tag/liposuction-2/
[2106/2588] 200 https://www.medicsintegralsalut.com/en/tag/vaser-liposuction-2/
[2107/2588] 200 https://www.medicsintegralsalut.com/en/tag/lipo-laser/
[2108/2588] 200 https://www.medicsintegralsalut.com/en/tag/tubular-breasts/
[2109/2588] 200 https://www.medicsintegralsalut.com/en/tag/tuberous-mame/
[2110/2588] 200 https://www.medicsintegralsalut.com/en/tag/mida-de-protesi/
[2111/2588] 200 https://www.medicsintegralsalut.com/en/tag/mounjaro/
[2112/2588] 200 https://www.medicsintegralsalut.com/en/tag/obesity/
[2113/2588] 200 https://www.medicsintegralsalut.com/en/tag/obesity-2/
[2114/2588] 200 https://www.medicsintegralsalut.com/en/tag/ozempic/
[2115/2588] 200 https://www.medicsintegralsalut.com/en/tag/pell/
[2116/2588] 200 https://www.medicsintegralsalut.com/en/tag/skin/
[2117/2588] 200 https://www.medicsintegralsalut.com/en/tag/rhinoplasty-post-operative/
[2118/2588] 200 https://www.medicsintegralsalut.com/en/tag/protesis-ergonomicas/
[2119/2588] 200 https://www.medicsintegralsalut.com/en/tag/round-prostheses-vs-ergonomic-prostheses/
[2120/2588] 200 https://www.medicsintegralsalut.com/en/tag/radiofrequency/
[2121/2588] 200 https://www.medicsintegralsalut.com/en/tag/breast-reduction/
[2122/2588] 200 https://www.medicsintegralsalut.com/en/tag/results/
[2123/2588] 200 https://www.medicsintegralsalut.com/en/tag/beak/
[2124/2588] 200 https://www.medicsintegralsalut.com/en/tag/treatments/
[2125/2588] 200 https://www.medicsintegralsalut.com/en/tag/tecnica-quirurgica-ca/
[2126/2588] 200 https://www.medicsintegralsalut.com/en/tag/tecniques/
[2127/2588] 200 https://www.medicsintegralsalut.com/en/tag/tecnica-quirurgica/
[2128/2588] 200 https://www.medicsintegralsalut.com/en/tag/tecnicas/
[2129/2588] 200 https://www.medicsintegralsalut.com/en/tag/bulls/
[2130/2588] 200 https://www.medicsintegralsalut.com/en/tag/healthy-lifestyle/
[2131/2588] 200 https://www.medicsintegralsalut.com/en/bichectomia-que-es/
[2132/2588] 200 https://www.medicsintegralsalut.com/en/category/cosmetic-facial-surgery/page/2/
[2133/2588] 200 https://www.medicsintegralsalut.com/wp-content/uploads/2019/10/Otoplastica-steticsmedic1.jpg
[2134/2588] 200 https://www.medicsintegralsalut.com/wp-content/uploads/2019/10/Otoplastia-steticsmedic2.jpg
[2135/2588] 200 https://www.medicsintegralsalut.com/en/portfolio_page/augmentation-pit/
[2136/2588] 200 https://www.medicsintegralsalut.com/fr/page_de_portfolio/obesite/
[2137/2588] 200 https://www.medicsintegralsalut.com/ru/%d0%bf%d0%be%d1%80%d1%82%d1%84%d0%be%d0%bb%d0%b8%d0%be/%d0%be%d0%b6%d0%b8%d1%80%d0%b5%d0%bd%d0%b8%d0%b5/
[2138/2588] 200 https://www.medicsintegralsalut.com/uk/portfolio_page/%d0%be%d0%b6%d0%b8%d1%80%d1%96%d0%bd%d0%bd%d1%8f-2/
[2139/2588] 200 https://www.medicsintegralsalut.com/ca/portfoli_pagina/obesitat/
[2140/2588] 200 https://www.medicsintegralsalut.com/fr/page_de_portfolio/bypass-gastric-amador-emili/
[2141/2588] 200 https://www.medicsintegralsalut.com/ru/%d0%bf%d0%be%d1%80%d1%82%d1%84%d0%be%d0%bb%d0%b8%d0%be/%d0%be%d0%b1%d1%85%d0%be%d0%b4-%d0%b6%d0%b5%d0%bb%d1%83%d0%b4%d0%ba%d0%b0-%d0%b0%d0%bc%d0%b0%d0%b4%d0%be%d1%80-%d1%8d%d0%bc%d0%b8%d0%bb%d0%b8/
[2142/2588] 200 https://www.medicsintegralsalut.com/uk/portfolio_page/%d1%88%d1%83%d0%bd%d1%82%d1%83%d0%b2%d0%b0%d0%bd%d0%bd%d1%8f-%d1%88%d0%bb%d1%83%d0%bd%d0%ba%d0%b0-%d0%b5%d0%bc%d1%96%d0%bb%d1%96-%d0%b0%d0%bc%d0%b0%d0%b4%d0%be%d1%80/
[2143/2588] 200 https://www.medicsintegralsalut.com/ca/portfoli_pagina/bypass-gastric-amador-emili/
[2144/2588] 200 https://www.medicsintegralsalut.com/fr/page_de_portfolio/augment-pit-mike-eli/
[2145/2588] 200 https://www.medicsintegralsalut.com/ru/%d0%bf%d0%be%d1%80%d1%82%d1%84%d0%be%d0%bb%d0%b8%d0%be/augment-pit-mike-eli/
[2146/2588] 200 https://www.medicsintegralsalut.com/uk/portfolio_page/augment-pit-mike-eli/
[2147/2588] 200 https://www.medicsintegralsalut.com/ca/portfoli_pagina/augment-pit-mike-eli/
[2148/2588] 200 https://www.medicsintegralsalut.com/fr/page_de_portfolio/rinoplastia-sergio-judith/
[2149/2588] 200 https://www.medicsintegralsalut.com/ru/%d0%bf%d0%be%d1%80%d1%82%d1%84%d0%be%d0%bb%d0%b8%d0%be/rinoplastia-sergio-judith/
[2150/2588] 200 https://www.medicsintegralsalut.com/uk/portfolio_page/rinoplastia-sergio-judith/
[2151/2588] 200 https://www.medicsintegralsalut.com/ca/portfoli_pagina/rinoplastia-sergio-judith/
[2152/2588] 200 https://www.medicsintegralsalut.com/politica-de-privacitat
[2153/2588] 404 https://www.medicsintegralsalut.com/en/politica-de-privacitat/
[2154/2588] 404 https://www.medicsintegralsalut.com/fr/politica-de-privacitat/
[2155/2588] 404 https://www.medicsintegralsalut.com/ru/politica-de-privacitat/
[2156/2588] 404 https://www.medicsintegralsalut.com/uk/politica-de-privacitat/
[2157/2588] 200 https://www.medicsintegralsalut.com/ca/unidtats/cirurgia-estetica-masculina/blefaroplastia/
[2158/2588] 200 https://www.medicsintegralsalut.com/wp-content/uploads/2019/10/arrugas-expresion-tratamiento2.jpg
[2159/2588] 200 https://www.medicsintegralsalut.com/wp-content/uploads/2019/10/arrugas-expresion-tratamiento1.jpg
[2160/2588] 200 https://www.medicsintegralsalut.com/fr/author/infomedicstetics/
[2161/2588] 200 https://www.medicsintegralsalut.com/fr/etiquette/technique-chirurgicale-ca/
[2162/2588] 200 https://www.medicsintegralsalut.com/fr/categorie/sans-categorie/
[2163/2588] 200 https://www.medicsintegralsalut.com/fr/etiquette/augmenter-de-pit/
[2164/2588] 200 https://www.medicsintegralsalut.com/fr/etiquette/augmentation-mammaire/
[2165/2588] 200 https://www.medicsintegralsalut.com/fr/etiquette/beaute/
[2166/2588] 200 https://www.medicsintegralsalut.com/fr/etiquette/beaute-2/
[2167/2588] 200 https://www.medicsintegralsalut.com/fr/etiquette/chirurgie-bariatrique/
[2168/2588] 200 https://www.medicsintegralsalut.com/fr/etiquette/soins-pour-la-peau/
[2169/2588] 200 https://www.medicsintegralsalut.com/fr/etiquette/estetica-ca/
[2170/2588] 200 https://www.medicsintegralsalut.com/fr/etiquette/estetica/
[2171/2588] 200 https://www.medicsintegralsalut.com/fr/etiquette/evaluacio/
[2172/2588] 200 https://www.medicsintegralsalut.com/fr/etiquette/flaccidite/
[2173/2588] 200 https://www.medicsintegralsalut.com/fr/etiquette/fessier/
[2174/2588] 200 https://www.medicsintegralsalut.com/fr/etiquette/graisse/
[2175/2588] 200 https://www.medicsintegralsalut.com/fr/etiquette/implants-mammaires/
[2176/2588] 200 https://www.medicsintegralsalut.com/fr/etiquette/levage-ca/
[2177/2588] 200 https://www.medicsintegralsalut.com/fr/etiquette/lipofilling-ca/
[2178/2588] 200 https://www.medicsintegralsalut.com/fr/etiquette/liposuccion/
[2179/2588] 200 https://www.medicsintegralsalut.com/fr/etiquette/liposuccion-vaser/
[2180/2588] 200 https://www.medicsintegralsalut.com/fr/etiquette/lipovaser/
[2181/2588] 200 https://www.medicsintegralsalut.com/fr/etiquette/mammans-tubereuses/
[2182/2588] 200 https://www.medicsintegralsalut.com/fr/etiquette/mames-tubereuses/
[2183/2588] 200 https://www.medicsintegralsalut.com/fr/etiquette/mida-de-protesi/
[2184/2588] 200 https://www.medicsintegralsalut.com/fr/etiquette/mounjaro/
[2185/2588] 200 https://www.medicsintegralsalut.com/fr/etiquette/obesite-2/
[2186/2588] 200 https://www.medicsintegralsalut.com/fr/etiquette/obesite/
[2187/2588] 200 https://www.medicsintegralsalut.com/fr/etiquette/ozempic/
[2188/2588] 200 https://www.medicsintegralsalut.com/fr/etiquette/pel/
[2189/2588] 200 https://www.medicsintegralsalut.com/fr/etiquette/peau/
[2190/2588] 200 https://www.medicsintegralsalut.com/fr/etiquette/postoperatoire-rhinoplastie/
[2191/2588] 200 https://www.medicsintegralsalut.com/fr/etiquette/protheses-ergonomiques/
[2192/2588] 200 https://www.medicsintegralsalut.com/fr/etiquette/protesis-redondas-vs-protesis-ergonomicas/
[2193/2588] 200 https://www.medicsintegralsalut.com/fr/etiquette/radiofrequence/
[2194/2588] 200 https://www.medicsintegralsalut.com/fr/etiquette/reduction-mammaire/
[2195/2588] 200 https://www.medicsintegralsalut.com/fr/etiquette/resultats/
[2196/2588] 200 https://www.medicsintegralsalut.com/fr/etiquette/rostre/
[2197/2588] 200 https://www.medicsintegralsalut.com/fr/etiquette/traitements/
[2198/2588] 200 https://www.medicsintegralsalut.com/fr/etiquette/tecniques/
[2199/2588] 200 https://www.medicsintegralsalut.com/fr/etiquette/technique-chirurgicale/
[2200/2588] 200 https://www.medicsintegralsalut.com/fr/etiquette/techniques/
[2201/2588] 200 https://www.medicsintegralsalut.com/fr/etiquette/taureaux/
[2202/2588] 200 https://www.medicsintegralsalut.com/fr/etiquette/vie-saine/
[2203/2588] 200 https://www.medicsintegralsalut.com/ru/author/infomedicstetics/
[2204/2588] 200 https://www.medicsintegralsalut.com/ru/%d1%82%d0%b5%d0%b3/%d1%85%d0%b8%d1%80%d1%83%d1%80%d0%b3%d0%b8%d1%87%d0%b5%d1%81%d0%ba%d0%b0%d1%8f-%d1%82%d0%b5%d1%85%d0%bd%d0%b8%d0%ba%d0%b0-2/
[2205/2588] 200 https://www.medicsintegralsalut.com/ru/%d0%ba%d0%b0%d1%82%d0%b5%d0%b3%d0%be%d1%80%d0%b8%d1%8f/%d0%bd%d0%b5-%d0%ba%d0%b0%d1%82%d0%b5%d0%b3%d0%be%d1%80%d0%b8%d0%b7%d0%b8%d1%80%d0%be%d0%b2%d0%b0%d0%bd%d0%bd%d1%8b%d0%b9/
[2206/2588] 200 https://www.medicsintegralsalut.com/ru/%d1%82%d0%b5%d0%b3/%d1%83%d0%b2%d0%b5%d0%bb%d0%b8%d1%87%d0%b8%d1%82%d1%8c-%d1%8f%d0%bc%d1%83/
[2207/2588] 200 https://www.medicsintegralsalut.com/ru/%d1%82%d0%b5%d0%b3/%d1%83%d0%b2%d0%b5%d0%bb%d0%b8%d1%87%d0%b5%d0%bd%d0%b8%d0%b5-%d0%b3%d1%80%d1%83%d0%b4%d0%b8/
[2208/2588] 200 https://www.medicsintegralsalut.com/ru/%d1%82%d0%b5%d0%b3/%d0%ba%d1%80%d0%b0%d1%81%d0%be%d1%82%d0%b0-2/
[2209/2588] 200 https://www.medicsintegralsalut.com/ru/%d1%82%d0%b5%d0%b3/%d0%ba%d1%80%d0%b0%d1%81%d0%be%d1%82%d0%b0/
[2210/2588] 200 https://www.medicsintegralsalut.com/ru/%d1%82%d0%b5%d0%b3/%d0%b1%d0%b0%d1%80%d0%b8%d0%b0%d1%82%d1%80%d0%b8%d1%87%d0%b5%d1%81%d0%ba%d0%b0%d1%8f-%d1%85%d0%b8%d1%80%d1%83%d1%80%d0%b3%d0%b8%d1%8f/
[2211/2588] 200 https://www.medicsintegralsalut.com/ru/%d1%82%d0%b5%d0%b3/%d1%81%d1%80%d0%b5%d0%b4%d1%81%d1%82%d0%b2%d0%b0-%d0%b4%d0%bb%d1%8f-%d0%ba%d0%be%d0%b6%d0%b8/
[2212/2588] 200 https://www.medicsintegralsalut.com/ru/%d1%82%d0%b5%d0%b3/estetica-ca/
[2213/2588] 200 https://www.medicsintegralsalut.com/ru/%d1%82%d0%b5%d0%b3/%d1%8d%d1%81%d1%82%d0%b5%d1%82%d0%b8%d0%ba%d0%b0/
[2214/2588] 200 https://www.medicsintegralsalut.com/ru/%d1%82%d0%b5%d0%b3/%d0%be%d1%86%d0%b5%d0%bd%d0%ba%d0%b0/
[2215/2588] 200 https://www.medicsintegralsalut.com/ru/%d1%82%d0%b5%d0%b3/%d0%b4%d1%80%d1%8f%d0%b1%d0%bb%d0%be%d1%81%d1%82%d1%8c/
[2216/2588] 200 https://www.medicsintegralsalut.com/ru/%d1%82%d0%b5%d0%b3/%d0%b3%d0%bb%d1%8e%d1%82%d0%b8%d1%81/
[2217/2588] 200 https://www.medicsintegralsalut.com/ru/%d1%82%d0%b5%d0%b3/%d0%b3%d1%80%d0%b5%d0%b9%d0%ba%d1%81/
[2218/2588] 200 https://www.medicsintegralsalut.com/ru/%d1%82%d0%b5%d0%b3/%d0%b8%d0%bc%d0%bf%d0%bb%d0%b0%d0%bd%d1%82%d0%b0%d1%82%d1%8b-%d0%bc%d0%be%d0%bb%d0%be%d1%87%d0%bd%d0%be%d0%b9-%d0%b6%d0%b5%d0%bb%d0%b5%d0%b7%d1%8b/
[2219/2588] 200 https://www.medicsintegralsalut.com/ru/%d1%82%d0%b5%d0%b3/%d0%bb%d0%b8%d1%84%d1%82%d0%b8%d0%bd%d0%b3-%d0%ba%d0%b0/
[2220/2588] 200 https://www.medicsintegralsalut.com/ru/%d1%82%d0%b5%d0%b3/%d0%bb%d0%b8%d0%bf%d0%be%d1%84%d0%b8%d0%bb%d0%b8%d0%bd%d0%b3-%d1%80%d0%b0%d0%ba/
[2221/2588] 200 https://www.medicsintegralsalut.com/ru/%d1%82%d0%b5%d0%b3/%d0%bb%d0%b8%d0%bf%d0%be%d1%81%d0%b0%d0%ba%d1%86%d0%b8%d1%8f-2/
[2222/2588] 200 https://www.medicsintegralsalut.com/ru/%d1%82%d0%b5%d0%b3/%d0%bb%d0%b8%d0%bf%d0%be%d1%81%d0%b0%d0%ba%d1%86%d0%b8%d1%8f-vaser/
[2223/2588] 200 https://www.medicsintegralsalut.com/ru/%d1%82%d0%b5%d0%b3/%d0%bb%d0%b8%d0%bf%d0%be%d0%b2%d0%b0%d1%81%d0%b5%d1%80/
[2224/2588] 200 https://www.medicsintegralsalut.com/ru/%d1%82%d0%b5%d0%b3/%d1%81%d0%ba%d0%bb%d0%be%d0%bd%d0%bd%d1%8b%d0%b5-%d0%ba-%d1%82%d1%83%d0%b1%d0%b5%d1%80%d0%be%d0%b7%d0%bd%d0%be%d1%81%d1%82%d0%b8-%d0%bc%d0%be%d0%bb%d0%be%d1%87%d0%bd%d1%8b%d0%b5-%d0%b6%d0%b5%d0%bb/
[2225/2588] 200 https://www.medicsintegralsalut.com/ru/%d1%82%d0%b5%d0%b3/%d0%bd%d0%b0%d0%b7%d0%b2%d0%b0%d0%bd%d0%b8%d1%8f-%d1%82%d1%83%d0%b1%d0%b5%d1%80%d0%be%d0%b7/
[2226/2588] 200 https://www.medicsintegralsalut.com/ru/%d1%82%d0%b5%d0%b3/mida-de-protesi/
[2227/2588] 200 https://www.medicsintegralsalut.com/ru/%d1%82%d0%b5%d0%b3/%d0%bc%d1%83%d0%bd%d0%b4%d0%b6%d0%b0%d1%80%d0%be/
[2228/2588] 200 https://www.medicsintegralsalut.com/ru/%d1%82%d0%b5%d0%b3/%d0%be%d0%b6%d0%b8%d1%80%d0%b5%d0%bd%d0%b8%d0%b5-2/
[2229/2588] 200 https://www.medicsintegralsalut.com/ru/%d1%82%d0%b5%d0%b3/%d0%be%d0%b6%d0%b8%d1%80%d0%b5%d0%bd%d0%b8%d0%b5/
[2230/2588] 200 https://www.medicsintegralsalut.com/ru/%d1%82%d0%b5%d0%b3/%d0%be%d0%b7%d0%b5%d0%bc%d0%bf%d0%b8%d0%ba/
[2231/2588] 200 https://www.medicsintegralsalut.com/ru/%d1%82%d0%b5%d0%b3/%d0%bf%d0%b5%d0%bb%d0%bb/
[2232/2588] 200 https://www.medicsintegralsalut.com/ru/%d1%82%d0%b5%d0%b3/%d0%ba%d0%be%d0%b6%d0%b0/
[2233/2588] 200 https://www.medicsintegralsalut.com/ru/%d1%82%d0%b5%d0%b3/%d0%bf%d0%be%d1%81%d0%bb%d0%b5%d0%be%d0%bf%d0%b5%d1%80%d0%b0%d1%86%d0%b8%d0%be%d0%bd%d0%bd%d1%8b%d0%b9-%d0%bf%d0%b5%d1%80%d0%b8%d0%be%d0%b4-%d1%80%d0%b8%d0%bd%d0%be%d0%bf%d0%bb%d0%b0%d1%81%d1%82%d0%b8/
[2234/2588] 200 https://www.medicsintegralsalut.com/ru/%d1%82%d0%b5%d0%b3/%d1%8d%d1%80%d0%b3%d0%be%d0%bd%d0%be%d0%bc%d0%b8%d1%87%d0%bd%d1%8b%d0%b5-%d0%bf%d1%80%d0%be%d1%82%d0%b5%d0%b7%d1%8b/
[2235/2588] 200 https://www.medicsintegralsalut.com/ru/%d1%82%d0%b5%d0%b3/%d0%ba%d1%80%d1%83%d0%b3%d0%bb%d1%8b%d0%b5-%d0%bf%d1%80%d0%be%d1%82%d0%b5%d0%b7%d1%8b-%d0%bf%d1%80%d0%be%d1%82%d0%b8%d0%b2-%d1%8d%d1%80%d0%b3%d0%be%d0%bd%d0%be%d0%bc%d0%b8%d1%87%d0%bd%d1%8b%d1%85/
[2236/2588] 200 https://www.medicsintegralsalut.com/ru/%d1%82%d0%b5%d0%b3/%d1%80%d0%b0%d0%b4%d0%b8%d0%be%d1%87%d0%b0%d1%81%d1%82%d0%be%d1%82%d0%b0/
[2237/2588] 200 https://www.medicsintegralsalut.com/ru/%d1%82%d0%b5%d0%b3/%d1%80%d0%b5%d0%b4%d1%83%d0%ba%d1%86%d0%b8%d1%8f-%d0%b3%d1%80%d1%83%d0%b4%d0%b8/
[2238/2588] 200 https://www.medicsintegralsalut.com/ru/%d1%82%d0%b5%d0%b3/%d1%80%d0%b5%d0%b7%d1%83%d0%bb%d1%8c%d1%82%d0%b0%d1%82%d1%8b/
[2239/2588] 200 https://www.medicsintegralsalut.com/ru/%d1%82%d0%b5%d0%b3/%d0%be%d1%80%d0%be%d1%81%d1%82%d1%80%d0%b5/
[2240/2588] 200 https://www.medicsintegralsalut.com/ru/%d1%82%d0%b5%d0%b3/%d1%82%d1%80%d0%b0%d0%ba%d1%82%d0%b0%d0%bc%d0%b5%d0%bd%d1%82%d1%8b/
[2241/2588] 200 https://www.medicsintegralsalut.com/ru/%d1%82%d0%b5%d0%b3/tecniques/
[2242/2588] 200 https://www.medicsintegralsalut.com/ru/%d1%82%d0%b5%d0%b3/%d1%85%d0%b8%d1%80%d1%83%d1%80%d0%b3%d0%b8%d1%87%d0%b5%d1%81%d0%ba%d0%b0%d1%8f-%d1%82%d0%b5%d1%85%d0%bd%d0%b8%d0%ba%d0%b0/
[2243/2588] 200 https://www.medicsintegralsalut.com/ru/%d1%82%d0%b5%d0%b3/tecnicas/
[2244/2588] 200 https://www.medicsintegralsalut.com/ru/%d1%82%d0%b5%d0%b3/%d1%83%d0%bb%d0%bb%d1%81/
[2245/2588] 200 https://www.medicsintegralsalut.com/ru/%d1%82%d0%b5%d0%b3/vida-saludable-ca/
[2246/2588] 200 https://www.medicsintegralsalut.com/uk/author/infomedicstetics/
[2247/2588] 200 https://www.medicsintegralsalut.com/uk/%d1%82%d0%b5%d0%b3/%d1%85%d1%96%d1%80%d1%83%d1%80%d0%b3%d1%96%d1%87%d0%bd%d0%b0-%d1%82%d0%b5%d1%85%d0%bd%d1%96%d0%ba%d0%b0-ca/
[2248/2588] 200 https://www.medicsintegralsalut.com/uk/%d0%ba%d0%b0%d1%82%d0%b5%d0%b3%d0%be%d1%80%d1%96%d1%8f/%d0%b1%d0%b5%d0%b7-%d0%ba%d0%b0%d1%82%d0%b5%d0%b3%d0%be%d1%80%d1%96%d1%97/
[2249/2588] 200 https://www.medicsintegralsalut.com/uk/%d1%82%d0%b5%d0%b3/%d0%b7%d0%b1%d1%96%d0%bb%d1%8c%d1%88%d0%b5%d0%bd%d0%bd%d1%8f-%d0%bf%d1%96%d1%82%d1%83/
[2250/2588] 200 https://www.medicsintegralsalut.com/uk/%d1%82%d0%b5%d0%b3/%d0%b7%d0%b1%d1%96%d0%bb%d1%8c%d1%88%d0%b5%d0%bd%d0%bd%d1%8f-%d0%b3%d1%80%d1%83%d0%b4%d0%b5%d0%b9/
[2251/2588] 200 https://www.medicsintegralsalut.com/uk/%d1%82%d0%b5%d0%b3/%d0%ba%d1%80%d0%b0%d1%81%d0%b0/
[2252/2588] 200 https://www.medicsintegralsalut.com/uk/%d1%82%d0%b5%d0%b3/%d0%ba%d1%80%d0%b0%d1%81%d0%b0-2/
[2253/2588] 200 https://www.medicsintegralsalut.com/uk/%d1%82%d0%b5%d0%b3/%d0%b1%d0%b0%d1%80%d1%96%d0%b0%d1%82%d1%80%d0%b8%d1%87%d0%bd%d0%b0-%d1%85%d1%96%d1%80%d1%83%d1%80%d0%b3%d1%96%d1%8f/
[2254/2588] 200 https://www.medicsintegralsalut.com/uk/%d1%82%d0%b5%d0%b3/%d0%b7%d0%b0%d1%81%d0%be%d0%b1%d0%b8-%d0%b4%d0%bb%d1%8f-%d0%b4%d0%be%d0%b3%d0%bb%d1%8f%d0%b4%d1%83-%d0%b7%d0%b0-%d1%88%d0%ba%d1%96%d1%80%d0%be%d1%8e/
[2255/2588] 200 https://www.medicsintegralsalut.com/uk/%d1%82%d0%b5%d0%b3/%d0%b5%d1%81%d1%82%d0%b5%d1%82%d0%b8%d0%ba%d0%b0-ca/
[2256/2588] 200 https://www.medicsintegralsalut.com/uk/%d1%82%d0%b5%d0%b3/%d0%b5%d1%81%d1%82%d0%b5%d1%82%d0%b8%d0%ba%d0%b0/
[2257/2588] 200 https://www.medicsintegralsalut.com/uk/%d1%82%d0%b5%d0%b3/%d0%be%d1%86%d1%96%d0%bd%d0%ba%d0%b0-2/
[2258/2588] 200 https://www.medicsintegralsalut.com/uk/%d1%82%d0%b5%d0%b3/%d0%b2%d1%8f%d0%bb%d1%96%d1%81%d1%82%d1%8c/
[2259/2588] 200 https://www.medicsintegralsalut.com/uk/%d1%82%d0%b5%d0%b3/%d1%81%d1%96%d0%b4%d0%bd%d0%b8%d1%87%d0%bd%d1%96-%d0%bc%d1%8f%d0%b7%d0%b8/
[2260/2588] 200 https://www.medicsintegralsalut.com/uk/%d1%82%d0%b5%d0%b3/%d0%b3%d1%80%d0%b5%d0%b9%d0%ba%d1%81/
[2261/2588] 200 https://www.medicsintegralsalut.com/uk/%d1%82%d0%b5%d0%b3/%d0%b3%d1%80%d1%83%d0%b4%d0%bd%d1%96-%d1%96%d0%bc%d0%bf%d0%bb%d0%b0%d0%bd%d1%82%d0%b0%d1%82%d0%b8/
[2262/2588] 200 https://www.medicsintegralsalut.com/uk/%d1%82%d0%b5%d0%b3/%d0%bb%d1%96%d1%84%d1%82%d0%b8%d0%bd%d0%b3-%d0%ba%d0%b0/
[2263/2588] 200 https://www.medicsintegralsalut.com/uk/%d1%82%d0%b5%d0%b3/%d0%bb%d1%96%d0%bf%d0%be%d1%84%d1%96%d0%bb%d1%96%d0%bd%d0%b3-ca/
[2264/2588] 200 https://www.medicsintegralsalut.com/uk/%d1%82%d0%b5%d0%b3/%d0%bb%d1%96%d0%bf%d0%be%d1%81%d0%b0%d0%ba%d1%86%d1%96%d1%8f-2/
[2265/2588] 200 https://www.medicsintegralsalut.com/uk/%d1%82%d0%b5%d0%b3/%d0%bb%d1%96%d0%bf%d0%be%d1%81%d0%b0%d0%ba%d1%86%d1%96%d1%8f-%d0%bc%d0%b5%d1%82%d0%be%d0%b4%d0%be%d0%bc-vaser-2/
[2266/2588] 200 https://www.medicsintegralsalut.com/uk/%d1%82%d0%b5%d0%b3/%d0%bb%d1%96%d0%bf%d0%be%d0%b2%d0%b0%d0%b7%d0%b5%d1%80/
[2267/2588] 200 https://www.medicsintegralsalut.com/uk/%d1%82%d0%b5%d0%b3/%d0%b1%d1%83%d0%bb%d1%8c%d0%b1%d0%be%d0%bf%d0%be%d0%b4%d1%96%d0%b1%d0%bd%d1%96-%d0%b3%d1%80%d1%83%d0%b4%d0%b8/
[2268/2588] 200 https://www.medicsintegralsalut.com/uk/%d1%82%d0%b5%d0%b3/%d0%b1%d1%83%d0%bb%d1%8c%d0%b1%d0%be%d0%b2%d1%96-%d0%bc%d0%b0%d0%bc%d0%b8/
[2269/2588] 200 https://www.medicsintegralsalut.com/uk/%d1%82%d0%b5%d0%b3/%d1%80%d0%be%d0%b7%d0%bc%d1%96%d1%80-%d0%bf%d1%80%d0%be%d1%82%d0%b5%d0%b7%d0%b0-2/
[2270/2588] 200 https://www.medicsintegralsalut.com/uk/%d1%82%d0%b5%d0%b3/mounjaro/
[2271/2588] 200 https://www.medicsintegralsalut.com/uk/%d1%82%d0%b5%d0%b3/%d0%be%d0%b6%d0%b8%d1%80%d1%96%d0%bd%d0%bd%d1%8f/
[2272/2588] 200 https://www.medicsintegralsalut.com/uk/%d1%82%d0%b5%d0%b3/%d0%be%d0%b6%d0%b8%d1%80%d1%96%d0%bd%d0%bd%d1%8f-2/
[2273/2588] 200 https://www.medicsintegralsalut.com/uk/%d1%82%d0%b5%d0%b3/%d0%be%d0%b7%d0%b5%d0%bc%d0%bf%d1%96%d0%ba/
[2274/2588] 200 https://www.medicsintegralsalut.com/uk/%d1%82%d0%b5%d0%b3/pell/
[2275/2588] 200 https://www.medicsintegralsalut.com/uk/%d1%82%d0%b5%d0%b3/%d1%88%d0%ba%d1%96%d1%80%d0%b0/
[2276/2588] 200 https://www.medicsintegralsalut.com/uk/%d1%82%d0%b5%d0%b3/%d0%bf%d1%96%d1%81%d0%bb%d1%8f%d0%be%d0%bf%d0%b5%d1%80%d0%b0%d1%86%d1%96%d0%b9%d0%bd%d0%b8%d0%b9-%d0%bf%d0%b5%d1%80%d1%96%d0%be%d0%b4-%d0%bf%d1%96%d1%81%d0%bb%d1%8f-%d1%80%d0%b8%d0%bd%d0%be%d0%bf/
[2277/2588] 200 https://www.medicsintegralsalut.com/uk/%d1%82%d0%b5%d0%b3/%d0%b5%d1%80%d0%b3%d0%be%d0%bd%d0%be%d0%bc%d1%96%d1%87%d0%bd%d1%96-%d0%bf%d1%80%d0%be%d1%82%d0%b5%d0%b7%d0%b8/
[2278/2588] 200 https://www.medicsintegralsalut.com/uk/%d1%82%d0%b5%d0%b3/%d0%ba%d1%80%d1%83%d0%b3%d0%bb%d1%96-%d0%bf%d1%80%d0%be%d1%82%d0%b5%d0%b7%d0%b8-%d0%bf%d1%80%d0%be%d1%82%d0%b8-%d0%b5%d1%80%d0%b3%d0%be%d0%bd%d0%be%d0%bc%d1%96%d1%87%d0%bd%d0%b8%d1%85-%d0%bf%d1%80/
[2279/2588] 200 https://www.medicsintegralsalut.com/uk/%d1%82%d0%b5%d0%b3/%d1%80%d0%b0%d0%b4%d1%96%d0%be%d1%87%d0%b0%d1%81%d1%82%d0%be%d1%82%d0%b0/
[2280/2588] 200 https://www.medicsintegralsalut.com/uk/%d1%82%d0%b5%d0%b3/%d0%b7%d0%bc%d0%b5%d0%bd%d1%88%d0%b5%d0%bd%d0%bd%d1%8f-%d0%b3%d1%80%d1%83%d0%b4%d0%b5%d0%b9/
[2281/2588] 200 https://www.medicsintegralsalut.com/uk/%d1%82%d0%b5%d0%b3/%d1%80%d0%b5%d0%b7%d1%83%d0%bb%d1%8c%d1%82%d0%b0%d1%82%d0%b8/
[2282/2588] 200 https://www.medicsintegralsalut.com/uk/%d1%82%d0%b5%d0%b3/%d1%80%d0%be%d1%81%d1%82%d1%80/
[2283/2588] 200 https://www.medicsintegralsalut.com/uk/%d1%82%d0%b5%d0%b3/%d0%bf%d1%80%d0%be%d1%86%d0%b5%d0%b4%d1%83%d1%80%d0%b8/
[2284/2588] 200 https://www.medicsintegralsalut.com/uk/%d1%82%d0%b5%d0%b3/%d1%82%d0%b5%d1%85%d0%bd%d1%96%d0%ba%d0%b8-2/
[2285/2588] 200 https://www.medicsintegralsalut.com/uk/%d1%82%d0%b5%d0%b3/%d1%85%d1%96%d1%80%d1%83%d1%80%d0%b3%d1%96%d1%87%d0%bd%d0%b0-%d1%82%d0%b5%d1%85%d0%bd%d1%96%d0%ba%d0%b0/
[2286/2588] 200 https://www.medicsintegralsalut.com/uk/%d1%82%d0%b5%d0%b3/%d1%82%d0%b5%d1%85%d0%bd%d1%96%d0%ba%d0%b8/
[2287/2588] 200 https://www.medicsintegralsalut.com/uk/%d1%82%d0%b5%d0%b3/ulls/
[2288/2588] 200 https://www.medicsintegralsalut.com/uk/%d1%82%d0%b5%d0%b3/%d0%b7%d0%b4%d0%be%d1%80%d0%be%d0%b2%d0%b8%d0%b9-%d1%81%d0%bf%d0%be%d1%81%d1%96%d0%b1-%d0%b6%d0%b8%d1%82%d1%82%d1%8f-ca/
[2289/2588] 200 https://www.medicsintegralsalut.com/ca/author/infomedicstetics/
[2290/2588] 200 https://www.medicsintegralsalut.com/ca/etiqueta/tecnica-quirurgica-ca/
[2291/2588] 200 https://www.medicsintegralsalut.com/ca/categoria/sense-categoritzar/
[2292/2588] 200 https://www.medicsintegralsalut.com/ca/etiqueta/augment-de-pit/
[2293/2588] 200 https://www.medicsintegralsalut.com/ca/etiqueta/augmentacio-mamaria/
[2294/2588] 200 https://www.medicsintegralsalut.com/ca/etiqueta/bellesa/
[2295/2588] 200 https://www.medicsintegralsalut.com/ca/etiqueta/cirurgia-bariatrica/
[2296/2588] 200 https://www.medicsintegralsalut.com/ca/etiqueta/cures-per-a-la-pell/
[2297/2588] 200 https://www.medicsintegralsalut.com/ca/etiqueta/estetica-ca/
[2298/2588] 200 https://www.medicsintegralsalut.com/ca/etiqueta/estetica/
[2299/2588] 200 https://www.medicsintegralsalut.com/ca/etiqueta/avaluacio/
[2300/2588] 200 https://www.medicsintegralsalut.com/ca/etiqueta/flacciditat/
[2301/2588] 200 https://www.medicsintegralsalut.com/ca/etiqueta/glutis/
[2302/2588] 200 https://www.medicsintegralsalut.com/ca/etiqueta/greix/
[2303/2588] 200 https://www.medicsintegralsalut.com/ca/etiqueta/implants-mamaris/
[2304/2588] 200 https://www.medicsintegralsalut.com/ca/etiqueta/lifting-ca/
[2305/2588] 200 https://www.medicsintegralsalut.com/ca/etiqueta/lipofilling-de-calci/
[2306/2588] 200 https://www.medicsintegralsalut.com/ca/etiqueta/liposuccio-2/
[2307/2588] 200 https://www.medicsintegralsalut.com/ca/etiqueta/liposuccio-vaser-2/
[2308/2588] 200 https://www.medicsintegralsalut.com/ca/etiqueta/lipovaser/
[2309/2588] 200 https://www.medicsintegralsalut.com/ca/etiqueta/mames-tuberoses-2/
[2310/2588] 200 https://www.medicsintegralsalut.com/ca/etiqueta/mamelles-tuberoses/
[2311/2588] 200 https://www.medicsintegralsalut.com/ca/etiqueta/mida-de-protesi/
[2312/2588] 200 https://www.medicsintegralsalut.com/ca/etiqueta/mounjaro/
[2313/2588] 200 https://www.medicsintegralsalut.com/ca/etiqueta/obesitat-2/
[2314/2588] 200 https://www.medicsintegralsalut.com/ca/etiqueta/obesitat/
[2315/2588] 200 https://www.medicsintegralsalut.com/ca/etiqueta/ozempic/
[2316/2588] 200 https://www.medicsintegralsalut.com/ca/etiqueta/pell/
[2317/2588] 200 https://www.medicsintegralsalut.com/ca/etiqueta/postoperatori-rinoplastia/
[2318/2588] 200 https://www.medicsintegralsalut.com/ca/etiqueta/protesis-ergonomiques/
[2319/2588] 200 https://www.medicsintegralsalut.com/ca/etiqueta/protesis-redondas-vs-protesis-ergonomicas/
[2320/2588] 200 https://www.medicsintegralsalut.com/ca/etiqueta/radiofrequencia/
[2321/2588] 200 https://www.medicsintegralsalut.com/ca/etiqueta/reduccio-de-pits/
[2322/2588] 200 https://www.medicsintegralsalut.com/ca/etiqueta/resultats/
[2323/2588] 200 https://www.medicsintegralsalut.com/ca/etiqueta/cara/
[2324/2588] 200 https://www.medicsintegralsalut.com/ca/etiqueta/tractaments/
[2325/2588] 200 https://www.medicsintegralsalut.com/ca/etiqueta/tecniques/
[2326/2588] 200 https://www.medicsintegralsalut.com/ca/etiqueta/tecnica-quirurgica/
[2327/2588] 200 https://www.medicsintegralsalut.com/ca/etiqueta/tecnicas/
[2328/2588] 200 https://www.medicsintegralsalut.com/ca/etiqueta/ulls/
[2329/2588] 200 https://www.medicsintegralsalut.com/ca/etiqueta/vida-saludable-catala/
[2330/2588] 200 https://www.medicsintegralsalut.com/en/category/cosmetic-facial-surgery-2/page/2/
[2331/2588] 200 https://www.medicsintegralsalut.com/en/category/cosmetic-breast-surgery-2/page/2/
[2332/2588] 200 https://www.medicsintegralsalut.com/en/category/cosmetic-body-medicine/page/2/
[2333/2588] 200 https://www.medicsintegralsalut.com/en/category/medicina-estetica-corporal-ca/page/2/
[2334/2588] 200 https://www.medicsintegralsalut.com/fr/author/nicols/
[2335/2588] 200 https://www.medicsintegralsalut.com/ru/author/nicols/
[2336/2588] 200 https://www.medicsintegralsalut.com/uk/author/nicols/
[2337/2588] 200 https://www.medicsintegralsalut.com/ca/author/nicols/
[2338/2588] 200 https://www.medicsintegralsalut.com/en/tag/rinoplastia-sense-cirurgia/
[2339/2588] 200 https://www.medicsintegralsalut.com/en/tag/rinoplastia-ultrasonica-ca/
[2340/2588] 200 https://www.medicsintegralsalut.com/fr/bichectomia-que-es/
[2341/2588] 200 https://www.medicsintegralsalut.com/ru/bichectomia-que-es/
[2342/2588] 200 https://www.medicsintegralsalut.com/uk/bichectomia-que-es/
[2343/2588] 200 https://www.medicsintegralsalut.com/ca/bichectomia-que-es/
[2344/2588] 200 https://www.medicsintegralsalut.com/category/cirurgia-estetica-facial/page/2/
[2345/2588] 200 https://www.medicsintegralsalut.com/fr/categorie/chirurgie-esthetique-du-visage/page/2/
[2346/2588] 200 https://www.medicsintegralsalut.com/ru/%d0%ba%d0%b0%d1%82%d0%b5%d0%b3%d0%be%d1%80%d0%b8%d1%8f/%d0%bf%d0%bb%d0%b0%d1%81%d1%82%d0%b8%d1%87%d0%b5%d1%81%d0%ba%d0%b0%d1%8f-%d0%be%d0%bf%d0%b5%d1%80%d0%b0%d1%86%d0%b8%d1%8f-%d0%bd%d0%b0-%d0%bb%d0%b8%d1%86%d0%b5/%d1%81%d1%82%d1%80%d0%b0%d0%bd%d0%b8%d1%86%d0%b0/2/
[2347/2588] 200 https://www.medicsintegralsalut.com/uk/%d0%ba%d0%b0%d1%82%d0%b5%d0%b3%d0%be%d1%80%d1%96%d1%8f/%d0%b5%d1%81%d1%82%d0%b5%d1%82%d0%b8%d1%87%d0%bd%d0%b0-%d1%85%d1%96%d1%80%d1%83%d1%80%d0%b3%d1%96%d1%8f-%d0%be%d0%b1%d0%bb%d0%b8%d1%87%d1%87%d1%8f/%d1%81%d1%82%d0%be%d1%80%d1%96%d0%bd%d0%ba%d0%b0/2/
[2348/2588] 200 https://www.medicsintegralsalut.com/ca/categoria/cirurgia-estetica-facial/pagina/2/
[2349/2588] 200 https://www.medicsintegralsalut.com/en/portfolio_page/lip-augmentation/
[2350/2588] 200 https://www.medicsintegralsalut.com/en/portfolio_page/obesity/
[2351/2588] 200 https://www.medicsintegralsalut.com/portfolio_page/augment-pit/
[2352/2588] 200 https://www.medicsintegralsalut.com/fr/page_de_portfolio/augment-pit/
[2353/2588] 200 https://www.medicsintegralsalut.com/ru/%d0%bf%d0%be%d1%80%d1%82%d1%84%d0%be%d0%bb%d0%b8%d0%be/%d1%83%d1%81%d0%b8%d0%bb%d0%b8%d1%82%d1%8c-%d1%8f%d0%bc%d1%83/
[2354/2588] 200 https://www.medicsintegralsalut.com/uk/portfolio_page/%d0%b7%d0%b1%d1%96%d0%bb%d1%8c%d1%88%d0%b8%d1%82%d0%b8-%d1%8f%d0%bc%d1%83/
[2355/2588] 200 https://www.medicsintegralsalut.com/ca/portfoli_pagina/augmentar-forat/
[2356/2588] 200 https://www.medicsintegralsalut.com/en/tag/ultrasonic-rhinoplasty/
[2357/2588] 200 https://www.medicsintegralsalut.com/fr/etiquette/rhinoplastie-ultrasonique/
[2358/2588] 200 https://www.medicsintegralsalut.com/ru/%d1%82%d0%b5%d0%b3/%d1%83%d0%bb%d1%8c%d1%82%d1%80%d0%b0%d0%b7%d0%b2%d1%83%d0%ba%d0%be%d0%b2%d0%b0%d1%8f-%d1%80%d0%b8%d0%bd%d0%be%d0%bf%d0%bb%d0%b0%d1%81%d1%82%d0%b8%d0%ba%d0%b0/
[2359/2588] 200 https://www.medicsintegralsalut.com/uk/%d1%82%d0%b5%d0%b3/%d1%83%d0%bb%d1%8c%d1%82%d1%80%d0%b0%d0%b7%d0%b2%d1%83%d0%ba%d0%be%d0%b2%d0%b0-%d1%80%d0%b8%d0%bd%d0%be%d0%bf%d0%bb%d0%b0%d1%81%d1%82%d0%b8%d0%ba%d0%b0/
[2360/2588] 200 https://www.medicsintegralsalut.com/ca/etiqueta/rinoplastia-ultrasonica/
[2361/2588] 200 https://www.medicsintegralsalut.com/en/author/infomedicstetics/page/2/
[2362/2588] 200 https://www.medicsintegralsalut.com/fr/auteur/infomedicestetique/page/2/
[2363/2588] 200 https://www.medicsintegralsalut.com/fr/categorie/chirurgie-esthetique-faciale/page/2/
[2364/2588] 200 https://www.medicsintegralsalut.com/fr/categorie/chirurgie-esthetique-des-seins-2/page/2/
[2365/2588] 200 https://www.medicsintegralsalut.com/fr/categorie/medecine-esthetique-corporelle/page/2/
[2366/2588] 200 https://www.medicsintegralsalut.com/fr/categorie/medicina-estetica-corporal-ca/page/2/
[2367/2588] 200 https://www.medicsintegralsalut.com/ru/%d0%b0%d0%b2%d1%82%d0%be%d1%80/%d0%b8%d0%bd%d1%84%d0%be%d0%bc%d0%b5%d0%b4%d0%b8%d0%ba%d1%8d%d1%81%d1%82%d0%b5%d1%82%d0%b8%d0%ba%d1%81/%d1%81%d1%82%d1%80%d0%b0%d0%bd%d0%b8%d1%86%d0%b0/2/
[2368/2588] 200 https://www.medicsintegralsalut.com/ru/%d0%ba%d0%b0%d1%82%d0%b5%d0%b3%d0%be%d1%80%d0%b8%d1%8f/%d0%bf%d0%bb%d0%b0%d1%81%d1%82%d0%b8%d1%87%d0%b5%d1%81%d0%ba%d0%b0%d1%8f-%d1%85%d0%b8%d1%80%d1%83%d1%80%d0%b3%d0%b8%d1%8f-%d0%bb%d0%b8%d1%86%d0%b0/%d1%81%d1%82%d1%80%d0%b0%d0%bd%d0%b8%d1%86%d0%b0/2/
[2369/2588] 200 https://www.medicsintegralsalut.com/ru/%d0%ba%d0%b0%d1%82%d0%b5%d0%b3%d0%be%d1%80%d0%b8%d1%8f/%d0%bf%d0%bb%d0%b0%d1%81%d1%82%d0%b8%d1%87%d0%b5%d1%81%d0%ba%d0%b0%d1%8f-%d1%85%d0%b8%d1%80%d1%83%d1%80%d0%b3%d0%b8%d1%8f-%d0%b3%d1%80%d1%83%d0%b4%d0%b8/%d1%81%d1%82%d1%80%d0%b0%d0%bd%d0%b8%d1%86%d0%b0/2/
[2370/2588] 200 https://www.medicsintegralsalut.com/ru/%d0%ba%d0%b0%d1%82%d0%b5%d0%b3%d0%be%d1%80%d0%b8%d1%8f/%d1%8d%d1%81%d1%82%d0%b5%d1%82%d0%b8%d1%87%d0%b5%d1%81%d0%ba%d0%b0%d1%8f-%d0%bc%d0%b5%d0%b4%d0%b8%d1%86%d0%b8%d0%bd%d0%b0-%d1%82%d0%b5%d0%bb%d0%b0/%d1%81%d1%82%d1%80%d0%b0%d0%bd%d0%b8%d1%86%d0%b0/2/
[2371/2588] 200 https://www.medicsintegralsalut.com/ru/%d0%ba%d0%b0%d1%82%d0%b5%d0%b3%d0%be%d1%80%d0%b8%d1%8f/%d1%8d%d1%81%d1%82%d0%b5%d1%82%d0%b8%d1%87%d0%b5%d1%81%d0%ba%d0%b0%d1%8f-%d0%bc%d0%b5%d0%b4%d0%b8%d1%86%d0%b8%d0%bd%d0%b0-%d1%82%d0%b5%d0%bb%d0%b0-2/%d1%81%d1%82%d1%80%d0%b0%d0%bd%d0%b8%d1%86%d0%b0/2/
[2372/2588] 200 https://www.medicsintegralsalut.com/uk/%d0%b0%d0%b2%d1%82%d0%be%d1%80/infomedicstetics/%d1%81%d1%82%d0%be%d1%80%d1%96%d0%bd%d0%ba%d0%b0/2/
[2373/2588] 200 https://www.medicsintegralsalut.com/uk/%d0%ba%d0%b0%d1%82%d0%b5%d0%b3%d0%be%d1%80%d1%96%d1%8f/%d0%b5%d1%81%d1%82%d0%b5%d1%82%d0%b8%d1%87%d0%bd%d0%b0-%d1%85%d1%96%d1%80%d1%83%d1%80%d0%b3%d1%96%d1%8f-%d0%be%d0%b1%d0%bb%d0%b8%d1%87%d1%87%d1%8f-2/%d1%81%d1%82%d0%be%d1%80%d1%96%d0%bd%d0%ba%d0%b0/2/
[2374/2588] 200 https://www.medicsintegralsalut.com/uk/%d0%ba%d0%b0%d1%82%d0%b5%d0%b3%d0%be%d1%80%d1%96%d1%8f/%d0%b5%d1%81%d1%82%d0%b5%d1%82%d0%b8%d1%87%d0%bd%d0%b0-%d1%85%d1%96%d1%80%d1%83%d1%80%d0%b3%d1%96%d1%8f-%d0%b3%d1%80%d1%83%d0%b4%d0%b5%d0%b9-2/%d1%81%d1%82%d0%be%d1%80%d1%96%d0%bd%d0%ba%d0%b0/2/
[2375/2588] 200 https://www.medicsintegralsalut.com/uk/%d0%ba%d0%b0%d1%82%d0%b5%d0%b3%d0%be%d1%80%d1%96%d1%8f/%d0%b5%d1%81%d1%82%d0%b5%d1%82%d0%b8%d1%87%d0%bd%d0%b0-%d0%bc%d0%b5%d0%b4%d0%b8%d1%86%d0%b8%d0%bd%d0%b0-%d0%b4%d0%bb%d1%8f-%d1%82%d1%96%d0%bb%d0%b0/%d1%81%d1%82%d0%be%d1%80%d1%96%d0%bd%d0%ba%d0%b0/2/
[2376/2588] 200 https://www.medicsintegralsalut.com/uk/%d0%ba%d0%b0%d1%82%d0%b5%d0%b3%d0%be%d1%80%d1%96%d1%8f/%d0%b5%d1%81%d1%82%d0%b5%d1%82%d0%b8%d1%87%d0%bd%d0%b0-%d0%bc%d0%b5%d0%b4%d0%b8%d1%86%d0%b8%d0%bd%d0%b0-%d0%b4%d0%bb%d1%8f-%d1%82%d1%96%d0%bb%d0%b0-ca/%d1%81%d1%82%d0%be%d1%80%d1%96%d0%bd%d0%ba%d0%b0/2/
[2377/2588] 200 https://www.medicsintegralsalut.com/ca/autor/infomedicsestetics/pagina/2/
[2378/2588] 200 https://www.medicsintegralsalut.com/ca/categoria/cirurgia-estetica-facial-2/pagina/2/
[2379/2588] 200 https://www.medicsintegralsalut.com/ca/categoria/cirurgia-estetica-de-mames/pagina/2/
[2380/2588] 200 https://www.medicsintegralsalut.com/ca/categoria/medicina-estetica-corporal/pagina/2/
[2381/2588] 200 https://www.medicsintegralsalut.com/ca/categoria/medicina-estetica-corporal-ca/pagina/2/
[2382/2588] 200 https://www.medicsintegralsalut.com/en/category/cosmetic-facial-surgery-2/page/3/
[2383/2588] 200 https://www.medicsintegralsalut.com/category/cirugia-estetica-facial/page/2/
[2384/2588] 200 https://www.medicsintegralsalut.com/en/category/cosmetic-breast-surgery-2/page/3/
[2385/2588] 200 https://www.medicsintegralsalut.com/category/cirugia-estetica-mamas/page/2/
[2386/2588] 200 https://www.medicsintegralsalut.com/en/tag/cuidados-para-la-piel/
[2387/2588] 200 https://www.medicsintegralsalut.com/en/tag/ojos/
[2388/2588] 200 https://www.medicsintegralsalut.com/en/tag/lifting/
[2389/2588] 200 https://www.medicsintegralsalut.com/category/medicina-estetica-corporal/page/2/
[2390/2588] 200 https://www.medicsintegralsalut.com/category/medicina-estetica-corporal-ca/page/2/
[2391/2588] 404 https://www.medicsintegralsalut.com/en/rejuvenecimiento-facial-girona-LANDING/
[2392/2588] 200 https://www.medicsintegralsalut.com/en/tag/healthy-lifestyle-2/
[2393/2588] 200 https://www.medicsintegralsalut.com/ca/unitats/cirurgia-estetica-mames/recanvi-de-protesis/
[2394/2588] 200 https://www.medicsintegralsalut.com/ca/equip-quadre-medic/
[2395/2588] 200 https://www.medicsintegralsalut.com/en/tag/capsular-contracture/
[2396/2588] 200 https://www.medicsintegralsalut.com/en/tag/what-you-need-to-know-about-breast-augmentation/
[2397/2588] 200 https://www.medicsintegralsalut.com/en/tag/tipus-de-protesi/
[2398/2588] 200 https://www.medicsintegralsalut.com/en/tag/contractura-capsular/
[2399/2588] 200 https://www.medicsintegralsalut.com/en/tag/lo-que-debes-saber-sobre-el-aumento-de-pecho/
[2400/2588] 200 https://www.medicsintegralsalut.com/en/tag/tipo-de-protesis/
[2401/2588] 200 https://www.medicsintegralsalut.com/en/tag/prosthetic-size/
[2402/2588] 200 https://www.medicsintegralsalut.com/tag/rinoplastia-sense-cirurgia/
[2403/2588] 200 https://www.medicsintegralsalut.com/fr/etiquette/rinoplastia-sense-cirurgia/
[2404/2588] 200 https://www.medicsintegralsalut.com/ru/%d1%82%d0%b5%d0%b3/rinoplastia-sense-cirurgia/
[2405/2588] 200 https://www.medicsintegralsalut.com/uk/%d1%82%d0%b5%d0%b3/rinoplastia-sense-cirurgia/
[2406/2588] 200 https://www.medicsintegralsalut.com/ca/etiqueta/rinoplastia-sense-cirurgia/
[2407/2588] 200 https://www.medicsintegralsalut.com/tag/rinoplastia-ultrasonica-ca/
[2408/2588] 200 https://www.medicsintegralsalut.com/fr/etiquette/rinoplastia-ultrasonica-ca/
[2409/2588] 200 https://www.medicsintegralsalut.com/ru/%d1%82%d0%b5%d0%b3/rinoplastia-ultrasonica-ca/
[2410/2588] 200 https://www.medicsintegralsalut.com/uk/%d1%82%d0%b5%d0%b3/rinoplastia-ultrasonica-ca/
[2411/2588] 200 https://www.medicsintegralsalut.com/ca/etiqueta/rinoplastia-ultrasonica-ca/
[2412/2588] 200 https://www.medicsintegralsalut.com/en/portfolio_page/liposuction/
[2413/2588] 200 https://www.medicsintegralsalut.com/en/portfolio_page/aumento-pechos/
[2414/2588] 200 https://www.medicsintegralsalut.com/portfolio_page/augment-de-llavis/
[2415/2588] 200 https://www.medicsintegralsalut.com/fr/page_de_portfolio/augmentation-de-lavis/
[2416/2588] 200 https://www.medicsintegralsalut.com/ru/%d0%bf%d0%be%d1%80%d1%82%d1%84%d0%be%d0%bb%d0%b8%d0%be/%d1%83%d0%b2%d0%b5%d0%bb%d0%b8%d1%87%d0%b8%d1%82%d1%8c-%d0%b3%d1%83%d0%b1%d1%8b/
[2417/2588] 200 https://www.medicsintegralsalut.com/uk/portfolio_page/%d0%b7%d0%b1%d1%96%d0%bb%d1%8c%d1%88%d0%b5%d0%bd%d0%bd%d1%8f-%d0%ba%d1%96%d0%bb%d1%8c%d0%ba%d0%be%d1%81%d1%82%d1%96-%d0%ba%d0%bb%d1%8e%d1%87%d1%96%d0%b2/
[2418/2588] 200 https://www.medicsintegralsalut.com/ca/portfoli_pagina/augment-de-llavis/
[2419/2588] 200 https://www.medicsintegralsalut.com/portfolio_page/obesidad/
[2420/2588] 200 https://www.medicsintegralsalut.com/fr/page_de_portfolio/obesite-2/
[2421/2588] 200 https://www.medicsintegralsalut.com/ru/%d0%bf%d0%be%d1%80%d1%82%d1%84%d0%be%d0%bb%d0%b8%d0%be/%d0%be%d0%b6%d0%b8%d1%80%d0%b5%d0%bd%d0%b8%d0%b5-2/
[2422/2588] 200 https://www.medicsintegralsalut.com/uk/portfolio_page/%d0%be%d0%b6%d0%b8%d1%80%d1%96%d0%bd%d0%bd%d1%8f/
[2423/2588] 200 https://www.medicsintegralsalut.com/ca/portfoli_pagina/obesitat-2/
[2424/2588] 200 https://www.medicsintegralsalut.com/tag/rinoplastia-ultrasonica/
[2425/2588] 200 https://www.medicsintegralsalut.com/en/author/infomedicstetics/page/3/
[2426/2588] 200 https://www.medicsintegralsalut.com/fr/auteur/infomedicestetique/page/3/
[2427/2588] 200 https://www.medicsintegralsalut.com/fr/categorie/chirurgie-esthetique-faciale/page/3/
[2428/2588] 200 https://www.medicsintegralsalut.com/fr/categorie/chirurgie-esthetique-des-seins-2/page/3/
[2429/2588] 200 https://www.medicsintegralsalut.com/fr/etiquette/contractura-capsular-ca/
[2430/2588] 200 https://www.medicsintegralsalut.com/fr/etiquette/ce-que-vous-devez-savoir-sur-laugmentation-mammaire/
[2431/2588] 200 https://www.medicsintegralsalut.com/fr/etiquette/types-de-protheses/
[2432/2588] 200 https://www.medicsintegralsalut.com/fr/etiquette/cuidados-para-la-piel/
[2433/2588] 200 https://www.medicsintegralsalut.com/fr/etiquette/yeux/
[2434/2588] 200 https://www.medicsintegralsalut.com/fr/etiquette/levage/
[2435/2588] 404 https://www.medicsintegralsalut.com/fr/rejuvenecimiento-facial-girona-LANDING/
[2436/2588] 200 https://www.medicsintegralsalut.com/fr/etiquette/une-vie-saine/
[2437/2588] 200 https://www.medicsintegralsalut.com/fr/etiquette/contractura-capsular/
[2438/2588] 200 https://www.medicsintegralsalut.com/fr/etiquette/lo-que-debes-saber-sobre-el-aumento-de-pecho/
[2439/2588] 200 https://www.medicsintegralsalut.com/fr/etiquette/tipo-de-protesis/
[2440/2588] 200 https://www.medicsintegralsalut.com/fr/etiquette/tamano-de-protesis/
[2441/2588] 200 https://www.medicsintegralsalut.com/ru/%d0%b0%d0%b2%d1%82%d0%be%d1%80/%d0%b8%d0%bd%d1%84%d0%be%d0%bc%d0%b5%d0%b4%d0%b8%d0%ba%d1%8d%d1%81%d1%82%d0%b5%d1%82%d0%b8%d0%ba%d1%81/%d1%81%d1%82%d1%80%d0%b0%d0%bd%d0%b8%d1%86%d0%b0/3/
[2442/2588] 200 https://www.medicsintegralsalut.com/ru/%d0%ba%d0%b0%d1%82%d0%b5%d0%b3%d0%be%d1%80%d0%b8%d1%8f/%d0%bf%d0%bb%d0%b0%d1%81%d1%82%d0%b8%d1%87%d0%b5%d1%81%d0%ba%d0%b0%d1%8f-%d1%85%d0%b8%d1%80%d1%83%d1%80%d0%b3%d0%b8%d1%8f-%d0%bb%d0%b8%d1%86%d0%b0/%d1%81%d1%82%d1%80%d0%b0%d0%bd%d0%b8%d1%86%d0%b0/3/
[2443/2588] 200 https://www.medicsintegralsalut.com/ru/%d0%ba%d0%b0%d1%82%d0%b5%d0%b3%d0%be%d1%80%d0%b8%d1%8f/%d0%bf%d0%bb%d0%b0%d1%81%d1%82%d0%b8%d1%87%d0%b5%d1%81%d0%ba%d0%b0%d1%8f-%d1%85%d0%b8%d1%80%d1%83%d1%80%d0%b3%d0%b8%d1%8f-%d0%b3%d1%80%d1%83%d0%b4%d0%b8/%d1%81%d1%82%d1%80%d0%b0%d0%bd%d0%b8%d1%86%d0%b0/3/
[2444/2588] 200 https://www.medicsintegralsalut.com/ru/%d1%82%d0%b5%d0%b3/%d0%ba%d0%be%d0%bd%d1%82%d1%80%d0%b0%d0%ba%d1%82%d1%83%d1%80%d0%b0-%d0%ba%d0%b0%d0%bf%d1%81%d1%83%d0%bb%d1%8b/
[2445/2588] 200 https://www.medicsintegralsalut.com/ru/%d1%82%d0%b5%d0%b3/el-que-has-saber-sobre-laugment-de-pit/
[2446/2588] 200 https://www.medicsintegralsalut.com/ru/%d1%82%d0%b5%d0%b3/tipus-de-protesi/
[2447/2588] 200 https://www.medicsintegralsalut.com/ru/%d1%82%d0%b5%d0%b3/cuidados-para-la-piel/
[2448/2588] 200 https://www.medicsintegralsalut.com/ru/%d1%82%d0%b5%d0%b3/%d0%b3%d0%bb%d0%b0%d0%b7%d0%b0/
[2449/2588] 200 https://www.medicsintegralsalut.com/ru/%d1%82%d0%b5%d0%b3/%d0%bf%d0%be%d0%b4%d1%8a%d0%b5%d0%bc/
[2450/2588] 404 https://www.medicsintegralsalut.com/ru/rejuvenecimiento-facial-girona-LANDING/
[2451/2588] 200 https://www.medicsintegralsalut.com/ru/%d1%82%d0%b5%d0%b3/%d0%b7%d0%b4%d0%be%d1%80%d0%be%d0%b2%d1%8b%d0%b9-%d0%be%d0%b1%d1%80%d0%b0%d0%b7-%d0%b6%d0%b8%d0%b7%d0%bd%d0%b8/
[2452/2588] 200 https://www.medicsintegralsalut.com/ru/%d1%82%d0%b5%d0%b3/contractura-capsular/
[2453/2588] 200 https://www.medicsintegralsalut.com/ru/%d1%82%d0%b5%d0%b3/lo-que-debes-saber-sobre-el-aumento-de-pecho/
[2454/2588] 200 https://www.medicsintegralsalut.com/ru/%d1%82%d0%b5%d0%b3/tipo-de-protesis/
[2455/2588] 200 https://www.medicsintegralsalut.com/ru/%d1%82%d0%b5%d0%b3/%d1%80%d0%b0%d0%b7%d0%bc%d0%b5%d1%80-%d0%bf%d1%80%d0%be%d1%82%d0%b5%d0%b7%d0%b0/
[2456/2588] 200 https://www.medicsintegralsalut.com/uk/%d0%b0%d0%b2%d1%82%d0%be%d1%80/infomedicstetics/%d1%81%d1%82%d0%be%d1%80%d1%96%d0%bd%d0%ba%d0%b0/3/
[2457/2588] 200 https://www.medicsintegralsalut.com/uk/%d0%ba%d0%b0%d1%82%d0%b5%d0%b3%d0%be%d1%80%d1%96%d1%8f/%d0%b5%d1%81%d1%82%d0%b5%d1%82%d0%b8%d1%87%d0%bd%d0%b0-%d1%85%d1%96%d1%80%d1%83%d1%80%d0%b3%d1%96%d1%8f-%d0%be%d0%b1%d0%bb%d0%b8%d1%87%d1%87%d1%8f-2/%d1%81%d1%82%d0%be%d1%80%d1%96%d0%bd%d0%ba%d0%b0/3/
[2458/2588] 200 https://www.medicsintegralsalut.com/uk/%d0%ba%d0%b0%d1%82%d0%b5%d0%b3%d0%be%d1%80%d1%96%d1%8f/%d0%b5%d1%81%d1%82%d0%b5%d1%82%d0%b8%d1%87%d0%bd%d0%b0-%d1%85%d1%96%d1%80%d1%83%d1%80%d0%b3%d1%96%d1%8f-%d0%b3%d1%80%d1%83%d0%b4%d0%b5%d0%b9-2/%d1%81%d1%82%d0%be%d1%80%d1%96%d0%bd%d0%ba%d0%b0/3/
[2459/2588] 200 https://www.medicsintegralsalut.com/uk/%d1%82%d0%b5%d0%b3/%d0%ba%d0%b0%d0%bf%d1%81%d1%83%d0%bb%d1%8f%d1%80%d0%bd%d0%b0-%d0%ba%d0%be%d0%bd%d1%82%d1%80%d0%b0%d0%ba%d1%82%d1%83%d1%80%d0%b0/
[2460/2588] 200 https://www.medicsintegralsalut.com/uk/%d1%82%d0%b5%d0%b3/el-que-has-saber-sobre-laugment-de-pit/
[2461/2588] 200 https://www.medicsintegralsalut.com/uk/%d1%82%d0%b5%d0%b3/tipus-de-protesi/
[2462/2588] 200 https://www.medicsintegralsalut.com/uk/%d1%82%d0%b5%d0%b3/%d0%b4%d0%be%d0%b3%d0%bb%d1%8f%d0%b4-%d0%b7%d0%b0-%d1%88%d0%ba%d1%96%d1%80%d0%be%d1%8e/
[2463/2588] 200 https://www.medicsintegralsalut.com/uk/%d1%82%d0%b5%d0%b3/ojos/
[2464/2588] 200 https://www.medicsintegralsalut.com/uk/%d1%82%d0%b5%d0%b3/%d0%bb%d1%96%d1%84%d1%82%d0%b8%d0%bd%d0%b3/
[2465/2588] 404 https://www.medicsintegralsalut.com/uk/rejuvenecimiento-facial-girona-LANDING/
[2466/2588] 200 https://www.medicsintegralsalut.com/uk/%d1%82%d0%b5%d0%b3/%d0%b7%d0%b4%d0%be%d1%80%d0%be%d0%b2%d0%b8%d0%b9-%d1%81%d0%bf%d0%be%d1%81%d1%96%d0%b1-%d0%b6%d0%b8%d1%82%d1%82%d1%8f/
[2467/2588] 200 https://www.medicsintegralsalut.com/uk/%d1%82%d0%b5%d0%b3/%d0%ba%d0%b0%d0%bf%d1%81%d1%83%d0%bb%d1%8f%d1%80%d0%bd%d0%b0-%d0%ba%d0%be%d0%bd%d1%82%d1%80%d0%b0%d0%ba%d1%82%d1%83%d1%80%d0%b0-2/
[2468/2588] 200 https://www.medicsintegralsalut.com/uk/%d1%82%d0%b5%d0%b3/%d1%89%d0%be-%d0%bf%d0%be%d1%82%d1%80%d1%96%d0%b1%d0%bd%d0%be-%d0%b7%d0%bd%d0%b0%d1%82%d0%b8-%d0%bf%d1%80%d0%be-%d0%b7%d0%b1%d1%96%d0%bb%d1%8c%d1%88%d0%b5%d0%bd%d0%bd%d1%8f-%d0%b3%d1%80%d1%83%d0%b4/
[2469/2588] 200 https://www.medicsintegralsalut.com/uk/%d1%82%d0%b5%d0%b3/tipo-de-protesis/
[2470/2588] 200 https://www.medicsintegralsalut.com/uk/%d1%82%d0%b5%d0%b3/%d1%80%d0%be%d0%b7%d0%bc%d1%96%d1%80-%d0%bf%d1%80%d0%be%d1%82%d0%b5%d0%b7%d0%b0/
[2471/2588] 200 https://www.medicsintegralsalut.com/ca/autor/infomedicsestetics/pagina/3/
[2472/2588] 200 https://www.medicsintegralsalut.com/ca/categoria/cirurgia-estetica-facial-2/pagina/3/
[2473/2588] 200 https://www.medicsintegralsalut.com/ca/categoria/cirurgia-estetica-de-mames/pagina/3/
[2474/2588] 200 https://www.medicsintegralsalut.com/ca/etiqueta/contractura-capsular-ca/
[2475/2588] 200 https://www.medicsintegralsalut.com/ca/etiqueta/el-que-has-de-saber-sobre-laugment-de-pit/
[2476/2588] 200 https://www.medicsintegralsalut.com/ca/etiqueta/tipus-de-protesi/
[2477/2588] 200 https://www.medicsintegralsalut.com/ca/etiqueta/cura-de-la-pell/
[2478/2588] 200 https://www.medicsintegralsalut.com/ca/etiqueta/ojos/
[2479/2588] 200 https://www.medicsintegralsalut.com/ca/etiqueta/aixecar/
[2480/2588] 404 https://www.medicsintegralsalut.com/ca/rejuvenecimiento-facial-girona-LANDING/
[2481/2588] 200 https://www.medicsintegralsalut.com/ca/etiqueta/vida-saludable/
[2482/2588] 200 https://www.medicsintegralsalut.com/ca/etiqueta/contractura-capsular/
[2483/2588] 200 https://www.medicsintegralsalut.com/ca/etiqueta/lo-que-debes-saber-sobre-el-aumento-de-pecho/
[2484/2588] 200 https://www.medicsintegralsalut.com/ca/etiqueta/tipo-de-protesis/
[2485/2588] 200 https://www.medicsintegralsalut.com/ca/etiqueta/tamano-de-protesis/
[2486/2588] 200 https://www.medicsintegralsalut.com/category/cirugia-estetica-facial/page/3/
[2487/2588] 200 https://www.medicsintegralsalut.com/category/cirugia-estetica-mamas/page/3/
[2488/2588] 200 https://www.medicsintegralsalut.com/tag/cuidados-para-la-piel/
[2489/2588] 200 https://www.medicsintegralsalut.com/en/tag/evaluacion/
[2490/2588] 200 https://www.medicsintegralsalut.com/en/tag/gluteos/
[2491/2588] 200 https://www.medicsintegralsalut.com/tag/ojos/
[2492/2588] 200 https://www.medicsintegralsalut.com/tag/lifting/
[2493/2588] 200 https://www.medicsintegralsalut.com/tag/vida-saludable/
[2494/2588] 200 https://www.medicsintegralsalut.com/tag/contractura-capsular-ca/
[2495/2588] 200 https://www.medicsintegralsalut.com/tag/el-que-has-saber-sobre-laugment-de-pit/
[2496/2588] 200 https://www.medicsintegralsalut.com/tag/tipus-de-protesi/
[2497/2588] 200 https://www.medicsintegralsalut.com/tag/contractura-capsular/
[2498/2588] 200 https://www.medicsintegralsalut.com/tag/lo-que-debes-saber-sobre-el-aumento-de-pecho/
[2499/2588] 200 https://www.medicsintegralsalut.com/tag/tipo-de-protesis/
[2500/2588] 200 https://www.medicsintegralsalut.com/tag/tamano-de-protesis/
[2501/2588] 200 https://www.medicsintegralsalut.com/en/portfolio_page/rhinoplasty/
[2502/2588] 200 https://www.medicsintegralsalut.com/en/portfolio_page/gynaecomastia/
[2503/2588] 200 https://www.medicsintegralsalut.com/portfolio_page/liposuccio/
[2504/2588] 200 https://www.medicsintegralsalut.com/fr/page_de_portfolio/liposuccion-2/
[2505/2588] 200 https://www.medicsintegralsalut.com/ru/%d0%bf%d0%be%d1%80%d1%82%d1%84%d0%be%d0%bb%d0%b8%d0%be/%d0%bb%d0%b8%d0%bf%d0%be%d1%81%d0%b0%d0%ba%d1%86%d0%b8%d1%8f/
[2506/2588] 200 https://www.medicsintegralsalut.com/uk/portfolio_page/%d0%bb%d1%96%d0%bf%d0%be%d1%81%d0%b0%d0%ba%d1%86%d1%96%d1%8f/
[2507/2588] 200 https://www.medicsintegralsalut.com/ca/portfoli_pagina/lipoescultura/
[2508/2588] 200 https://www.medicsintegralsalut.com/portfolio_page/aumento-pechos/
[2509/2588] 200 https://www.medicsintegralsalut.com/fr/page_de_portfolio/aumento-pechos/
[2510/2588] 200 https://www.medicsintegralsalut.com/ru/%d0%bf%d0%be%d1%80%d1%82%d1%84%d0%be%d0%bb%d0%b8%d0%be/aumento-pechos/
[2511/2588] 200 https://www.medicsintegralsalut.com/uk/portfolio_page/aumento-pechos/
[2512/2588] 200 https://www.medicsintegralsalut.com/ca/portfoli_pagina/aumento-pechos/
[2513/2588] 200 https://www.medicsintegralsalut.com/en/author/infomedicstetics/page/4/
[2514/2588] 200 https://www.medicsintegralsalut.com/ca/unitats/cirurgia-estetica-masculina/liftting-de-coll-i-papada/
[2515/2588] 200 https://www.medicsintegralsalut.com/fr/auteur/infomedicestetique/page/4/
[2516/2588] 200 https://www.medicsintegralsalut.com/fr/etiquette/evaluacion/
[2517/2588] 200 https://www.medicsintegralsalut.com/fr/etiquette/fessiers/
[2518/2588] 200 https://www.medicsintegralsalut.com/ru/%d0%b0%d0%b2%d1%82%d0%be%d1%80/%d0%b8%d0%bd%d1%84%d0%be%d0%bc%d0%b5%d0%b4%d0%b8%d0%ba%d1%8d%d1%81%d1%82%d0%b5%d1%82%d0%b8%d0%ba%d1%81/%d1%81%d1%82%d1%80%d0%b0%d0%bd%d0%b8%d1%86%d0%b0/4/
[2519/2588] 200 https://www.medicsintegralsalut.com/ru/%d1%82%d0%b5%d0%b3/evaluacion/
[2520/2588] 200 https://www.medicsintegralsalut.com/ru/%d1%82%d0%b5%d0%b3/%d1%8f%d0%b3%d0%be%d0%b4%d0%b8%d1%86%d1%8b/
[2521/2588] 200 https://www.medicsintegralsalut.com/uk/%d0%b0%d0%b2%d1%82%d0%be%d1%80/infomedicstetics/%d1%81%d1%82%d0%be%d1%80%d1%96%d0%bd%d0%ba%d0%b0/4/
[2522/2588] 200 https://www.medicsintegralsalut.com/uk/%d1%82%d0%b5%d0%b3/%d0%be%d1%86%d1%96%d0%bd%d0%ba%d0%b0/
[2523/2588] 200 https://www.medicsintegralsalut.com/uk/%d1%82%d0%b5%d0%b3/%d1%81%d1%96%d0%b4%d0%bd%d0%b8%d1%86%d1%96/
[2524/2588] 200 https://www.medicsintegralsalut.com/ca/autor/infomedicsestetics/pagina/4/
[2525/2588] 200 https://www.medicsintegralsalut.com/ca/etiqueta/avaluacio-2/
[2526/2588] 200 https://www.medicsintegralsalut.com/ca/etiqueta/glutis-2/
[2527/2588] 200 https://www.medicsintegralsalut.com/tag/evaluacion/
[2528/2588] 200 https://www.medicsintegralsalut.com/tag/gluteos/
[2529/2588] 200 https://www.medicsintegralsalut.com/en/portfolio_page/lipogilling/
[2530/2588] 200 https://www.medicsintegralsalut.com/portfolio_page/rinoplastia/
[2531/2588] 200 https://www.medicsintegralsalut.com/fr/page_de_portfolio/rhinoplastie/
[2532/2588] 200 https://www.medicsintegralsalut.com/ru/%d0%bf%d0%be%d1%80%d1%82%d1%84%d0%be%d0%bb%d0%b8%d0%be/%d1%80%d0%b8%d0%bd%d0%be%d0%bf%d0%bb%d0%b0%d1%81%d1%82%d0%b8%d0%ba%d0%b0/
[2533/2588] 200 https://www.medicsintegralsalut.com/uk/portfolio_page/%d1%80%d0%b8%d0%bd%d0%be%d0%bf%d0%bb%d0%b0%d1%81%d1%82%d0%b8%d0%ba%d0%b0-2/
[2534/2588] 200 https://www.medicsintegralsalut.com/ca/portfoli_pagina/rinoplastia/
[2535/2588] 200 https://www.medicsintegralsalut.com/portfolio_page/ginecomastia/
[2536/2588] 200 https://www.medicsintegralsalut.com/fr/page_de_portfolio/gynecomastie/
[2537/2588] 200 https://www.medicsintegralsalut.com/ru/%d0%bf%d0%be%d1%80%d1%82%d1%84%d0%be%d0%bb%d0%b8%d0%be/%d0%b3%d0%b8%d0%bd%d0%b5%d0%ba%d0%be%d0%bc%d0%b0%d1%81%d1%82%d0%b8%d1%8f-2/
[2538/2588] 200 https://www.medicsintegralsalut.com/uk/portfolio_page/%d0%b3%d1%96%d0%bd%d0%b5%d0%ba%d0%be%d0%bc%d0%b0%d1%81%d1%82%d1%96%d1%8f/
[2539/2588] 200 https://www.medicsintegralsalut.com/ca/portfoli_pagina/ginecomastia/
[2540/2588] 200 https://www.medicsintegralsalut.com/en/author/infomedicstetics/page/5/
[2541/2588] 200 https://www.medicsintegralsalut.com/wp-content/uploads/2019/10/Ginecomastia_1.jpg
[2542/2588] 200 https://www.medicsintegralsalut.com/wp-content/uploads/2019/10/Ginecomastia_2.jpg
[2543/2588] 200 https://www.medicsintegralsalut.com/wp-content/uploads/2019/10/Ginecomastia_3.jpg
[2544/2588] 200 https://www.medicsintegralsalut.com/wp-content/uploads/2019/10/Ginecomastia_4.jpg
[2545/2588] 200 https://www.medicsintegralsalut.com/wp-content/uploads/2019/10/Ginecomastia_5.jpg
[2546/2588] 200 https://www.medicsintegralsalut.com/wp-content/uploads/2019/10/Ginecomastia_6.jpg
[2547/2588] 200 https://www.medicsintegralsalut.com/wp-content/uploads/2019/10/Ginecomastia_7.jpg
[2548/2588] 200 https://www.medicsintegralsalut.com/wp-content/uploads/2019/10/Ginecomastia_8.jpg
[2549/2588] 200 https://www.medicsintegralsalut.com/ca/unitats/medicina-estetica-facial/arrugues-dexpresio/
[2550/2588] 200 https://www.medicsintegralsalut.com/fr/auteur/infomedicestetique/page/5/
[2551/2588] 200 https://www.medicsintegralsalut.com/ru/%d0%b0%d0%b2%d1%82%d0%be%d1%80/%d0%b8%d0%bd%d1%84%d0%be%d0%bc%d0%b5%d0%b4%d0%b8%d0%ba%d1%8d%d1%81%d1%82%d0%b5%d1%82%d0%b8%d0%ba%d1%81/%d1%81%d1%82%d1%80%d0%b0%d0%bd%d0%b8%d1%86%d0%b0/5/
[2552/2588] 200 https://www.medicsintegralsalut.com/uk/%d0%b0%d0%b2%d1%82%d0%be%d1%80/infomedicstetics/%d1%81%d1%82%d0%be%d1%80%d1%96%d0%bd%d0%ba%d0%b0/5/
[2553/2588] 200 https://www.medicsintegralsalut.com/ca/autor/infomedicsestetics/pagina/5/
[2554/2588] 200 https://www.medicsintegralsalut.com/portfolio_page/lipogilling/
[2555/2588] 200 https://www.medicsintegralsalut.com/fr/page_de_portfolio/lipogilling/
[2556/2588] 200 https://www.medicsintegralsalut.com/ru/%d0%bf%d0%be%d1%80%d1%82%d1%84%d0%be%d0%bb%d0%b8%d0%be/lipogilling/
[2557/2588] 200 https://www.medicsintegralsalut.com/uk/portfolio_page/lipogilling/
[2558/2588] 200 https://www.medicsintegralsalut.com/ca/portfoli_pagina/lipogilling/
[2559/2588] 200 https://www.medicsintegralsalut.com/en/author/infomedicstetics/page/6/
[2560/2588] 200 https://www.medicsintegralsalut.com/fr/auteur/infomedicestetique/page/6/
[2561/2588] 200 https://www.medicsintegralsalut.com/ru/%d0%b0%d0%b2%d1%82%d0%be%d1%80/%d0%b8%d0%bd%d1%84%d0%be%d0%bc%d0%b5%d0%b4%d0%b8%d0%ba%d1%8d%d1%81%d1%82%d0%b5%d1%82%d0%b8%d0%ba%d1%81/%d1%81%d1%82%d1%80%d0%b0%d0%bd%d0%b8%d1%86%d0%b0/6/
[2562/2588] 200 https://www.medicsintegralsalut.com/uk/%d0%b0%d0%b2%d1%82%d0%be%d1%80/infomedicstetics/%d1%81%d1%82%d0%be%d1%80%d1%96%d0%bd%d0%ba%d0%b0/6/
[2563/2588] 200 https://www.medicsintegralsalut.com/ca/autor/infomedicsestetics/pagina/6/
[2564/2588] 200 https://www.medicsintegralsalut.com/en/author/infomedicstetics/page/7/
[2565/2588] 200 https://www.medicsintegralsalut.com/fr/auteur/infomedicestetique/page/7/
[2566/2588] 200 https://www.medicsintegralsalut.com/ru/%d0%b0%d0%b2%d1%82%d0%be%d1%80/%d0%b8%d0%bd%d1%84%d0%be%d0%bc%d0%b5%d0%b4%d0%b8%d0%ba%d1%8d%d1%81%d1%82%d0%b5%d1%82%d0%b8%d0%ba%d1%81/%d1%81%d1%82%d1%80%d0%b0%d0%bd%d0%b8%d1%86%d0%b0/7/
[2567/2588] 200 https://www.medicsintegralsalut.com/uk/%d0%b0%d0%b2%d1%82%d0%be%d1%80/infomedicstetics/%d1%81%d1%82%d0%be%d1%80%d1%96%d0%bd%d0%ba%d0%b0/7/
[2568/2588] 200 https://www.medicsintegralsalut.com/ca/autor/infomedicsestetics/pagina/7/
[2569/2588] 200 https://www.medicsintegralsalut.com/en/author/infomedicstetics/page/8/
[2570/2588] 200 https://www.medicsintegralsalut.com/fr/auteur/infomedicestetique/page/8/
[2571/2588] 200 https://www.medicsintegralsalut.com/ru/%d0%b0%d0%b2%d1%82%d0%be%d1%80/%d0%b8%d0%bd%d1%84%d0%be%d0%bc%d0%b5%d0%b4%d0%b8%d0%ba%d1%8d%d1%81%d1%82%d0%b5%d1%82%d0%b8%d0%ba%d1%81/%d1%81%d1%82%d1%80%d0%b0%d0%bd%d0%b8%d1%86%d0%b0/8/
[2572/2588] 200 https://www.medicsintegralsalut.com/uk/%d0%b0%d0%b2%d1%82%d0%be%d1%80/infomedicstetics/%d1%81%d1%82%d0%be%d1%80%d1%96%d0%bd%d0%ba%d0%b0/8/
[2573/2588] 200 https://www.medicsintegralsalut.com/ca/autor/infomedicsestetics/pagina/8/
[2574/2588] 200 https://www.medicsintegralsalut.com/en/author/infomedicstetics/page/9/
[2575/2588] 200 https://www.medicsintegralsalut.com/fr/auteur/infomedicestetique/page/9/
[2576/2588] 200 https://www.medicsintegralsalut.com/ru/%d0%b0%d0%b2%d1%82%d0%be%d1%80/%d0%b8%d0%bd%d1%84%d0%be%d0%bc%d0%b5%d0%b4%d0%b8%d0%ba%d1%8d%d1%81%d1%82%d0%b5%d1%82%d0%b8%d0%ba%d1%81/%d1%81%d1%82%d1%80%d0%b0%d0%bd%d0%b8%d1%86%d0%b0/9/
[2577/2588] 200 https://www.medicsintegralsalut.com/uk/%d0%b0%d0%b2%d1%82%d0%be%d1%80/infomedicstetics/%d1%81%d1%82%d0%be%d1%80%d1%96%d0%bd%d0%ba%d0%b0/9/
[2578/2588] 200 https://www.medicsintegralsalut.com/ca/autor/infomedicsestetics/pagina/9/
[2579/2588] 200 https://www.medicsintegralsalut.com/en/author/infomedicstetics/page/10/
[2580/2588] 200 https://www.medicsintegralsalut.com/fr/auteur/infomedicestetique/page/10/
[2581/2588] 200 https://www.medicsintegralsalut.com/ru/%d0%b0%d0%b2%d1%82%d0%be%d1%80/%d0%b8%d0%bd%d1%84%d0%be%d0%bc%d0%b5%d0%b4%d0%b8%d0%ba%d1%8d%d1%81%d1%82%d0%b5%d1%82%d0%b8%d0%ba%d1%81/%d1%81%d1%82%d1%80%d0%b0%d0%bd%d0%b8%d1%86%d0%b0/10/
[2582/2588] 200 https://www.medicsintegralsalut.com/uk/%d0%b0%d0%b2%d1%82%d0%be%d1%80/infomedicstetics/%d1%81%d1%82%d0%be%d1%80%d1%96%d0%bd%d0%ba%d0%b0/10/
[2583/2588] 200 https://www.medicsintegralsalut.com/ca/autor/infomedicsestetics/pagina/10/
[2584/2588] 200 https://www.medicsintegralsalut.com/en/author/infomedicstetics/page/11/
[2585/2588] 200 https://www.medicsintegralsalut.com/fr/auteur/infomedicestetique/page/11/
[2586/2588] 200 https://www.medicsintegralsalut.com/ru/%d0%b0%d0%b2%d1%82%d0%be%d1%80/%d0%b8%d0%bd%d1%84%d0%be%d0%bc%d0%b5%d0%b4%d0%b8%d0%ba%d1%8d%d1%81%d1%82%d0%b5%d1%82%d0%b8%d0%ba%d1%81/%d1%81%d1%82%d1%80%d0%b0%d0%bd%d0%b8%d1%86%d0%b0/11/
[2587/2588] 200 https://www.medicsintegralsalut.com/uk/%d0%b0%d0%b2%d1%82%d0%be%d1%80/infomedicstetics/%d1%81%d1%82%d0%be%d1%80%d1%96%d0%bd%d0%ba%d0%b0/11/
[2588/2588] 200 https://www.medicsintegralsalut.com/ca/autor/infomedicsestetics/pagina/11/

Listo. Revisa migracion//REPORT.md
