page,clicks,impressions
https://www.medicsintegralsalut.com/,2064,325888
https://www.medicsintegralsalut.com/como-cuidarse-despues-de-una-rinoplastia-los-mejores-consejos-para-un-rapido-postoperatorio/,538,108614
https://www.medicsintegralsalut.com/descubre-la-diferencia-entre-lipo-vaser-y-liposuccion/,471,77222
https://www.medicsintegralsalut.com/unidades/cirugia-estetica-mamas/aumento-de-pecho-girona/,24,69462
https://www.medicsintegralsalut.com/unidades/medicina-estetica-facial/hidratacion-y-nutricion/,18,51013
https://www.medicsintegralsalut.com/cuanto-cuesta-rinoplastia-espana/,13,26811
https://www.medicsintegralsalut.com/unidades/cirugia-estetica-corporal/liposuccion-vaser/,35,22693
https://www.medicsintegralsalut.com/la-belleza-del-rostro-el-triangulo-invertido/,60,22302
https://www.medicsintegralsalut.com/la-importante-ayuda-de-los-farmacos-en-la-perdida-de-peso-ozempic-y-mounjaro-en-nuestra-clinica/,229,18276
https://www.medicsintegralsalut.com/que-es-la-bichectomia/,6,16496
https://www.medicsintegralsalut.com/como-eliminar-la-celulitis/,17,14719
https://www.medicsintegralsalut.com/unidades/medicina-estetica-corporal/liposuccion-sin-cirugia/,77,12408
https://www.medicsintegralsalut.com/cuanto-cuesta-balon-gastrico/,37,10938
https://www.medicsintegralsalut.com/cuanto-cuesta-una-rinoplastia-espana/,13,10303
https://www.medicsintegralsalut.com/unidades/sobrepeso-y-obesidad/dietetica-y-nutricion/,51,9746
https://www.medicsintegralsalut.com/unidades/cirugia-estetica-facial/rinoplastia-girona/,37,9481
https://www.medicsintegralsalut.com/unidades/cirugia-estetica-mamas/elevacion-de-pecho-pexia/,6,9234
https://www.medicsintegralsalut.com/fr/pinko-kazino-oficialnyy-sayt-pinco-casino-vhod-na-zerkalo/,937,9153
https://www.medicsintegralsalut.com/unidades/cirugia-estetica-facial/lifting-facial/,5,8621
https://www.medicsintegralsalut.com/unidades/cirugia-estetica-facial/perforacion-tabique-nasal/,7,8393
https://www.medicsintegralsalut.com/unidades/medicina-estetica-facial/,37,7125
https://www.medicsintegralsalut.com/unidades/sobrepeso-y-obesidad/endomanga/,21,7072
https://www.medicsintegralsalut.com/cirugia-plastica-girona-equipo-medico/,44,6999
https://www.medicsintegralsalut.com/rinoplastia-o-septoplastia/,11,5732
https://www.medicsintegralsalut.com/la-rinoplastia-ultrasonica-es-una-tecnica-de-cirugia-estetica-de-nariz/,0,5523
https://www.medicsintegralsalut.com/sk-10-el-tratamiento-con-una-inyeccion-que-adelgaza/,101,5026
https://www.medicsintegralsalut.com/unidades/medicina-cosmetica-girona/,17,4766
https://www.medicsintegralsalut.com/elevacion-de-gluteos-sin-cirugia-es-posible/,22,4659
https://www.medicsintegralsalut.com/unidades/medicina-estetica-facial/aumento-labios/,33,4349
https://www.medicsintegralsalut.com/medics-integral-salut/,104,4340
https://www.medicsintegralsalut.com/descubre-todo-lo-que-necesitas-saber-sobre-los-diferentes-tipos-de-cirugia-bariatrica/,7,4245
https://www.medicsintegralsalut.com/siente-el-poder-del-bienestar-con-una-cirugia-estetica-para-los-pechos-separados/,2,3960
https://www.medicsintegralsalut.com/unidades/sobrepeso-y-obesidad/,96,3787
https://www.medicsintegralsalut.com/unidades/cirugia-estetica-facial/blefaroplastia-girona/,48,3604
https://www.medicsintegralsalut.com/ca/medics-integral-salut/,85,3501
https://www.medicsintegralsalut.com/unidades/cirugia-estetica-corporal/,21,3471
https://www.medicsintegralsalut.com/cuanto-cuesta-lifting-facial/,14,3408
https://www.medicsintegralsalut.com/contacto/,12,3378
https://www.medicsintegralsalut.com/recuperacion-rinoplastia/,12,3339
https://www.medicsintegralsalut.com/ru/la-gigantomastia-solucion-reduccion-de-mamas/,3,3315
https://www.medicsintegralsalut.com/team/dr-mike-dewever/,56,3224
https://www.medicsintegralsalut.com/cuales-son-los-mejores-implantes-de-protesis-de-pechos/,7,3121
https://www.medicsintegralsalut.com/5268/,5,3114
https://www.medicsintegralsalut.com/unidades/medicina-estetica-facial/flacidez-hilos-tensores/,20,3014
https://www.medicsintegralsalut.com/rinoplastia-sin-cirugia-rinoplastia-ultrasonica/,7,2968
https://www.medicsintegralsalut.com/unidades/cirugia-estetica-facial/otoplastia-girona/,20,2856
https://www.medicsintegralsalut.com/ca/,36,2835
https://www.medicsintegralsalut.com/unidades/cirugia-estetica-masculina/liftting-de-cuello-y-papada/,36,2820
https://www.medicsintegralsalut.com/unidades/sobrepeso-y-obesidad/balon-gastrico-girona/,98,2685
https://www.medicsintegralsalut.com/unidades/cirugia-estetica-mamas/reduccion-de-pecho/,3,2632
https://www.medicsintegralsalut.com/unidades/cirugia-estetica-corporal/liposuccion/,9,2631
https://www.medicsintegralsalut.com/la-gigantomastia-solucion-reduccion-de-mamas/,6,2572
https://www.medicsintegralsalut.com/ca/sk-10-el-tractament-amb-una-injeccio-que-aprima/,91,2569
https://www.medicsintegralsalut.com/protesis-redondas-vs-protesis-ergonomicas/,12,2537
https://www.medicsintegralsalut.com/como-eliminar-ojeras/,7,2295
https://www.medicsintegralsalut.com/bichectomia-que-es/,1,2287
https://www.medicsintegralsalut.com/aumento-mamario-con-protesis-motiva/,19,2278
https://www.medicsintegralsalut.com/unidades/medicina-estetica-corporal/,9,2245
https://www.medicsintegralsalut.com/unidades/sobrepeso-y-obesidad/balon-ingerible-elipse/,12,2152
https://www.medicsintegralsalut.com/transforma-tu-figura-con-la-elevacion-de-pecho-todo-lo-que-necesitas-saber/,0,2046
https://www.medicsintegralsalut.com/unidades/cirugia-estetica-mamas/aumento-de-pecho-tecnica-ami/,3,2012
https://www.medicsintegralsalut.com/la-radiofrecuencia-la-mejor-solucion-a-la-flacidez/,7,1885
https://www.medicsintegralsalut.com/unidades/cirugia-estetica-mamas/,0,1790
https://www.medicsintegralsalut.com/ru/cuanto-cuesta-rinoplastia-espana/,3,1749
https://www.medicsintegralsalut.com/unidades/medicina-estetica-facial/rinomodelacion/,23,1717
https://www.medicsintegralsalut.com/unidades/cirugia-estetica-corporal/cirugia-genital-femenina/,23,1624
https://www.medicsintegralsalut.com/unidades/cirugia-estetica-masculina/ginecomastia/,13,1621
https://www.medicsintegralsalut.com/ru/%D0%B3%D0%B8%D0%B3%D0%B0%D0%BD%D1%82%D0%BE%D0%BC%D0%B0%D1%81%D1%82%D0%B8%D1%8F-%D1%80%D0%B5%D1%88%D0%B5%D0%BD%D0%B8%D0%B5-%D1%80%D0%B5%D0%B4%D1%83%D0%BA%D1%86%D0%B8%D0%BE%D0%BD/,2,1542
https://www.medicsintegralsalut.com/que-son-las-protesis-de-mamas-ergonomicas/,2,1489
https://www.medicsintegralsalut.com/ca/cuanto-cuesta-rinoplastia-espana/,2,1489
https://www.medicsintegralsalut.com/se-pueden-realizar-tratamientos-postparto-de-cirugia-estetica/,0,1471
https://www.medicsintegralsalut.com/medicina-estetica/,1,1459
https://www.medicsintegralsalut.com/hay-solucion-para-la-antiestetica-marca-del-cansancio-bajo-los-ojos/,13,1428
https://www.medicsintegralsalut.com/en/tubular-breast-correction/,1,1394
https://www.medicsintegralsalut.com/otoplastia-orejas-de-soplillo-girona/,1,1373
https://www.medicsintegralsalut.com/fr/unites/chirurgie-esthetique-faciale/perforation-de-la-cloison-nasale/,14,1310
https://www.medicsintegralsalut.com/unidades/cirugia-estetica-corporal/abdominoplastia/,15,1301
https://www.medicsintegralsalut.com/ca/otoplastia-que-es/,0,1262
https://www.medicsintegralsalut.com/fr/unites/surpoids-et-obesite-2/balle-comestible-ellipse/,0,1221
https://www.medicsintegralsalut.com/unidades/cirugia-estetica-masculina/aumento-de-pectoral/,1,1214
https://www.medicsintegralsalut.com/unidades/gabinete-de-estetica/radiofrecuencia-facial-y-corporal/,2,1210
https://www.medicsintegralsalut.com/team/dr-valenti-puig-divi/,9,1196
https://www.medicsintegralsalut.com/unidades/cirugia-estetica-corporal/lipofiling-corporal/,1,1186
https://www.medicsintegralsalut.com/bienvenido-dr-langdon/,11,1097
https://www.medicsintegralsalut.com/unidades/cirugia-estetica-facial/,0,1085
https://www.medicsintegralsalut.com/uk/rinoplastia-recuperacion-fotos/,7,1046
https://www.medicsintegralsalut.com/por-que-envejecemos/,3,1031
https://www.medicsintegralsalut.com/unidades/cirugia-estetica-mamas/recambiodeprotesis/,6,1011
https://www.medicsintegralsalut.com/rinoseptoplastia-que-es/,5,982
https://www.medicsintegralsalut.com/unidades/cirugia-estetica-facial/otoplastia/,2,970
https://www.medicsintegralsalut.com/unidades/medicina-estetica-facial/peeling/,5,964
https://www.medicsintegralsalut.com/unidades/cirugia-estetica-facial/minilifting-de-cuello-y-papada/,20,950
https://www.medicsintegralsalut.com/en/otoplastia-que-es/,1,928
https://www.medicsintegralsalut.com/financiacion/,12,898
https://www.medicsintegralsalut.com/ru/%D1%80%D0%B8%D0%BD%D0%BE%D0%BF%D0%BB%D0%B0%D1%81%D1%82%D0%B8%D0%BA%D0%B0-%D0%B2%D0%BE%D1%81%D1%81%D1%82%D0%B0%D0%BD%D0%BE%D0%B2%D0%BB%D0%B5%D0%BD%D0%B8%D0%B5-%D1%84%D0%BE%D1%82%D0%BE/,15,892
https://www.medicsintegralsalut.com/unidades/medicina-estetica-facial/ojeras/,25,874
https://www.medicsintegralsalut.com/team/dra-ainitze-ibarzabal/,29,863
https://www.medicsintegralsalut.com/team/dr-david-perez-asensio/,74,779
https://www.medicsintegralsalut.com/unidades/sobrepeso-y-obesidad/balon-12-meses-reajustable/,35,772
https://www.medicsintegralsalut.com/dr-mike-dewever/,7,765
https://www.medicsintegralsalut.com/unidades/medicina-estetica-facial/arrugas-de-expresion/,8,757
https://www.medicsintegralsalut.com/ca/unitats/sobrepes-i-obesitat/,14,741
https://www.medicsintegralsalut.com/ca/unitats/unitat-de-medicina-cosmetica-girona/,3,736
https://www.medicsintegralsalut.com/que-es-la-tecnica-minimal-scar-en-aumento-de-pecho/,3,722
https://www.medicsintegralsalut.com/unidades/medicina-estetica-corporal/celulitis/,1,711
https://www.medicsintegralsalut.com/cuando-debemos-poner-protesis-anatomicas/,0,691
https://www.medicsintegralsalut.com/team/dr-cristobal-langdon-montero/,17,651
https://www.medicsintegralsalut.com/unidades/sobrepeso-y-obesidad/cirugia-bariatrica/bypass-gastrico-2/,3,639
https://www.medicsintegralsalut.com/unidades/sobrepeso-y-obesidad/cirugia-bariatrica/gastrectomia-vertical/,3,632
https://www.medicsintegralsalut.com/en/,6,629
https://www.medicsintegralsalut.com/unidades/cirugia-estetica-masculina/,9,626
https://www.medicsintegralsalut.com/unidades/cirugia-estetica-masculina/blefaroplastia/,0,612
https://www.medicsintegralsalut.com/ca/como-cuidarse-despues-de-una-rinoplastia-los-mejores-consejos-para-un-rapido-postoperatorio/,0,610
https://www.medicsintegralsalut.com/fr/,16,609
https://www.medicsintegralsalut.com/en/cuanto-cuesta-balon-gastrico/,2,599
https://www.medicsintegralsalut.com/que-es-mejor-liposuccion-tradicional-o-liposuccion-vaser/,1,563
https://www.medicsintegralsalut.com/home/,1,558
https://www.medicsintegralsalut.com/ru/%D0%B5%D0%B4%D0%B8%D0%BD%D0%B8%D1%86%D1%8B/%D0%BF%D0%BB%D0%B0%D1%81%D1%82%D0%B8%D1%87%D0%B5%D1%81%D0%BA%D0%B0%D1%8F-%D1%85%D0%B8%D1%80%D1%83%D1%80%D0%B3%D0%B8%D1%8F-%D0%BB%D0%B8%D1%86%D0%B0/%D0%BE%D0%BF%D0%B5%D1%80%D0%B0%D1%86%D0%B8%D1%8F-%D0%BD%D0%B0-%D0%BF%D0%BE%D0%B4%D0%B1%D0%BE%D1%80%D0%BE%D0%B4%D0%BA%D0%B5-%D0%B8-%D1%81%D0%BA%D1%83%D0%BB%D0%B0%D1%85/,3,535
https://www.medicsintegralsalut.com/uk/cuanto-cuesta-lifting-facial/,0,535
https://www.medicsintegralsalut.com/rinoplastia-ultrasonica-que-es/,3,534
https://www.medicsintegralsalut.com/ru/%D1%80%D0%B8%D0%BD%D0%BE%D1%81%D0%B5%D0%BF%D1%82%D0%BE%D0%BF%D0%BB%D0%B0%D1%81%D1%82%D0%B8%D0%BA%D0%B0-%D1%87%D1%82%D0%BE-%D1%8D%D1%82%D0%BE/,1,520
https://www.medicsintegralsalut.com/en/units/overweight-and-obesity-2/dietetics-and-nutrition-2/,1,506
https://www.medicsintegralsalut.com/fr/unites/medecine-esthetique-corporelle/liposuccion-sans-chirurgie/,6,505
https://www.medicsintegralsalut.com/unidades/gabinete-de-estetica/reduccion-de-volumen-girona/,3,495
https://www.medicsintegralsalut.com/ca/unitats-2/cirurgia-estetica-masculina-2/aumento-de-pectoral/,1,485
https://www.medicsintegralsalut.com/ru/cuanto-cuesta-balon-gastrico/,1,484
https://www.medicsintegralsalut.com/ru/rinoseptoplastia-que-es/,2,484
https://www.medicsintegralsalut.com/ca/el-que-vols-saber-de-laugment-de-pit-pas-a-pas/,14,480
https://www.medicsintegralsalut.com/unidades/sobrepeso-y-obesidad/cirugia-bariatrica/,1,463
https://www.medicsintegralsalut.com/en/como-cuidarse-despues-de-una-rinoplastia-los-mejores-consejos-para-un-rapido-postoperatorio/,0,460
https://www.medicsintegralsalut.com/ru/%D0%B5%D0%B4%D0%B8%D0%BD%D0%B8%D1%86%D1%8B/%D1%8D%D1%81%D1%82%D0%B5%D1%82%D0%B8%D1%87%D0%B5%D1%81%D0%BA%D0%B0%D1%8F-%D0%BE%D0%BF%D0%B5%D1%80%D0%B0%D1%86%D0%B8%D1%8F-%D1%82%D0%B5%D0%BB%D0%B0/%D1%83%D0%B2%D0%B5%D0%BB%D0%B8%D1%87%D0%B5%D0%BD%D0%B8%D0%B5-%D1%8F%D0%B3%D0%BE%D0%B4%D0%B8%D1%86-2/,3,459
https://www.medicsintegralsalut.com/unidades/cirugia-estetica-corporal/lifting-brazos-y-piernas/,1,451
https://www.medicsintegralsalut.com/ru/%D0%B5%D0%B4%D0%B8%D0%BD%D0%B8%D1%86%D1%8B/%D1%8D%D1%81%D1%82%D0%B5%D1%82%D0%B8%D1%87%D0%B5%D1%81%D0%BA%D0%B0%D1%8F-%D0%BC%D0%B5%D0%B4%D0%B8%D1%86%D0%B8%D0%BD%D0%B0-%D1%82%D0%B5%D0%BB%D0%B0/%D0%BB%D0%B8%D0%BF%D0%BE%D1%81%D0%B0%D0%BA%D1%86%D0%B8%D1%8F-%D0%B1%D0%B5%D0%B7-%D0%BE%D0%BF%D0%B5%D1%80%D0%B0%D1%86%D0%B8%D0%B8-2/,1,436
https://www.medicsintegralsalut.com/ru/como-cuidarse-despues-de-una-rinoplastia-los-mejores-consejos-para-un-rapido-postoperatorio/,0,435
https://www.medicsintegralsalut.com/ca/unitats/medicina-estetica-facial/flacciditat-fils-tensors/,1,432
https://www.medicsintegralsalut.com/unidades/cirugia-estetica-facial/cirugia-menton-y-pomulos/,3,420
https://www.medicsintegralsalut.com/ru/unidades/cirugia-estetica-mamas/,0,416
https://www.medicsintegralsalut.com/unidades/cirugia-estetica-facial/rinoplastia/,4,414
https://www.medicsintegralsalut.com/ca/quant-val-una-rinoplastia-a-espanya/,0,410
https://www.medicsintegralsalut.com/unidades/cirugia-estetica-facial/blefaroplastia/,0,405
https://www.medicsintegralsalut.com/fr/otoplastia-que-es/,0,405
https://www.medicsintegralsalut.com/portfolio_page/video-prueba-4/,1,400
https://www.medicsintegralsalut.com/unidades/cirugia-estetica-corporal/aumento-de-gluteos/,2,395
https://www.medicsintegralsalut.com/ca/home/,1,392
https://www.medicsintegralsalut.com/en/units/cosmetic-breast-surgery-2/prosthetic-replacement-2/,0,386
https://www.medicsintegralsalut.com/ru/%D1%80%D0%B5%D0%B4%D1%83%D0%BA%D1%86%D0%B8%D1%8F-%D0%B3%D1%80%D1%83%D0%B4%D0%B8-%D0%B1%D0%BE%D0%BB%D1%8C%D1%88%D0%B5-%D1%87%D0%B5%D0%BC-%D0%B8%D0%B7%D0%BC%D0%B5%D0%BD%D0%B5%D0%BD%D0%B8%D0%B5-%D0%BE/,0,380
https://www.medicsintegralsalut.com/ca/contacte/,3,374
https://www.medicsintegralsalut.com/bye-bye-barriga/,5,371
https://www.medicsintegralsalut.com/en/units/cosmetic-body-medicine/non-surgical-liposuction/,1,368
https://www.medicsintegralsalut.com/otoplastia-que-es/,1,360
https://www.medicsintegralsalut.com/unidades/gabinete-de-estetica/eliminar-celulitis/,4,338
https://www.medicsintegralsalut.com/unidades/sobrepeso-y-obesidad/balon-6-meses/,1,332
https://www.medicsintegralsalut.com/ca/unitats-2/sobrepes-i-obesitat-2/dietetica-i-nutricio-2/,8,331
https://www.medicsintegralsalut.com/ca/bichectomia-que-es/,0,327
https://www.medicsintegralsalut.com/unidades/sobrepeso-y-obesidad/cirugia-postbariatrica/,1,327
https://www.medicsintegralsalut.com/ru/%D0%B5%D0%B4%D0%B8%D0%BD%D0%B8%D1%86%D1%8B/%D0%BF%D0%BB%D0%B0%D1%81%D1%82%D0%B8%D1%87%D0%B5%D1%81%D0%BA%D0%B0%D1%8F-%D1%85%D0%B8%D1%80%D1%83%D1%80%D0%B3%D0%B8%D1%8F-%D0%B3%D1%80%D1%83%D0%B4%D0%B8/%D1%80%D0%B5%D0%B4%D1%83%D0%BA%D1%86%D0%B8%D1%8F-%D0%B3%D1%80%D1%83%D0%B4%D0%B8/,1,327
https://www.medicsintegralsalut.com/ca/unitats-2/medicina-estetica-girona/,0,327
https://www.medicsintegralsalut.com/ca/unitats-2/cirurgia-estetica-corporal-2/,0,326
https://www.medicsintegralsalut.com/ca/equip-quadre-medic/,5,320
https://www.medicsintegralsalut.com/ru/%D1%8E%D0%BD%D0%B8%D1%82%D0%B0%D1%86/%D0%B8%D0%B7%D0%B1%D1%8B%D1%82%D0%BE%D1%87%D0%BD%D1%8B%D0%B9-%D0%B2%D0%B5%D1%81-%D0%B8-%D0%BE%D0%B6%D0%B8%D1%80%D0%B5%D0%BD%D0%B8%D0%B5/%D0%B1%D0%B0%D1%80%D0%B8%D0%B0%D1%82%D1%80%D0%B8%D1%87%D0%B5%D1%81%D0%BA%D0%B0%D1%8F-%D1%85%D0%B8%D1%80%D1%83%D1%80%D0%B3%D0%B8%D1%8F/%D1%88%D1%83%D0%BD%D1%82%D0%B8%D1%80%D0%BE%D0%B2%D0%B0%D0%BD%D0%B8%D0%B5-%D0%B6%D0%B5%D0%BB%D1%83%D0%B4%D0%BA%D0%B0/,0,311
https://www.medicsintegralsalut.com/cirugia-de-elevacion-de-pecho/,0,310
https://www.medicsintegralsalut.com/ru/%D1%8E%D0%BD%D0%B8%D1%82%D0%B0%D1%86/%D1%8D%D1%81%D1%82%D0%B5%D1%82%D0%B8%D1%87%D0%B5%D1%81%D0%BA%D0%B0%D1%8F-%D0%BC%D0%B5%D0%B4%D0%B8%D1%86%D0%B8%D0%BD%D0%B0-%D1%82%D0%B5%D0%BB%D0%B0/%D0%BB%D0%B8%D0%BF%D0%BE%D1%81%D0%B0%D0%BA%D1%86%D0%B8%D1%8F-%D0%B1%D0%B5%D0%B7-%D0%BE%D0%BF%D0%B5%D1%80%D0%B0%D1%86%D0%B8%D0%B8/,2,310
https://www.medicsintegralsalut.com/ru/%D0%B5%D0%B4%D0%B8%D0%BD%D0%B8%D1%86%D1%8B/%D1%8D%D1%81%D1%82%D0%B5%D1%82%D0%B8%D1%87%D0%B5%D1%81%D0%BA%D0%B0%D1%8F-%D0%BE%D0%BF%D0%B5%D1%80%D0%B0%D1%86%D0%B8%D1%8F-%D1%82%D0%B5%D0%BB%D0%B0/%D0%BB%D0%B8%D0%BF%D0%BE%D1%84%D0%B8%D0%BB%D0%B8%D0%BD%D0%B3-%D1%82%D0%B5%D0%BB%D0%B0/,2,305
https://www.medicsintegralsalut.com/team/dra-cristina-vera/,10,302
https://www.medicsintegralsalut.com/ca/equip/dr-mike-dewever/,5,301
https://www.medicsintegralsalut.com/rinoplastia-recuperacion-fotos/,3,296
https://www.medicsintegralsalut.com/unidades/gabinete-de-estetica/acido-de-frutas/,0,287
https://www.medicsintegralsalut.com/ca/unitats-2/medicina-estetica-facial/flacidesa-fils-tensors/,2,281
https://www.medicsintegralsalut.com/primera-visita-para-aumento-de-pecho/,0,279
https://www.medicsintegralsalut.com/solucion-mamas-tuberosas/,2,279
https://www.medicsintegralsalut.com/ca/sk-10-el-tractament-amb-una-injeccio-que-aprimat/,9,277
https://www.medicsintegralsalut.com/ca/bye-bye-panxa/,0,276
https://www.medicsintegralsalut.com/uk/como-cuidarse-despues-de-una-rinoplastia-los-mejores-consejos-para-un-rapido-postoperatorio/,1,273
https://www.medicsintegralsalut.com/ru/%D0%BA%D0%B0%D0%BA-%D1%83%D1%85%D0%B0%D0%B6%D0%B8%D0%B2%D0%B0%D1%82%D1%8C-%D0%B7%D0%B0-%D1%81%D0%BE%D0%B1%D0%BE%D0%B9-%D0%BF%D0%BE%D1%81%D0%BB%D0%B5-%D1%80%D0%B8%D0%BD%D0%BE%D0%BF%D0%BB%D0%B0%D1%81/,5,271
https://www.medicsintegralsalut.com/unidades/,1,270
https://www.medicsintegralsalut.com/ca/equip/dr-david-perez-asensio/,47,269
https://www.medicsintegralsalut.com/ru/%D0%B5%D0%B4%D0%B8%D0%BD%D0%B8%D1%86%D1%8B/%D0%BF%D0%BB%D0%B0%D1%81%D1%82%D0%B8%D1%87%D0%B5%D1%81%D0%BA%D0%B0%D1%8F-%D1%85%D0%B8%D1%80%D1%83%D1%80%D0%B3%D0%B8%D1%8F-%D0%BB%D0%B8%D1%86%D0%B0/%D0%BF%D0%BE%D0%B4%D1%82%D1%8F%D0%B6%D0%BA%D0%B0-%D1%88%D0%B5%D0%B8-%D0%B8-%D0%BF%D0%BE%D0%B4%D0%B1%D0%BE%D1%80%D0%BE%D0%B4%D0%BA%D0%B0/,1,268
https://www.medicsintegralsalut.com/ca/equip/dra-claudia-vera/,11,261
https://www.medicsintegralsalut.com/ca/unitats-2/medicina-estetica-facial/,1,257
https://www.medicsintegralsalut.com/ru/descubre-la-diferencia-entre-lipo-vaser-y-liposuccion/,0,255
https://www.medicsintegralsalut.com/ru/%D0%B5%D0%B4%D0%B8%D0%BD%D0%B8%D1%86%D1%8B/%D0%BF%D0%BB%D0%B0%D1%81%D1%82%D0%B8%D1%87%D0%B5%D1%81%D0%BA%D0%B0%D1%8F-%D1%85%D0%B8%D1%80%D1%83%D1%80%D0%B3%D0%B8%D1%8F-%D0%BB%D0%B8%D1%86%D0%B0/perforacion-tabique-nasal/,0,248
https://www.medicsintegralsalut.com/ca/novetat-fils-360o-efecte-lifting-2/,0,246
https://www.medicsintegralsalut.com/en/category/cosmetic-breast-surgery-2/page/2/,0,244
https://www.medicsintegralsalut.com/ru/%D0%B5%D0%B4%D0%B8%D0%BD%D0%B8%D1%86%D1%8B/%D0%BF%D0%BB%D0%B0%D1%81%D1%82%D0%B8%D1%87%D0%B5%D1%81%D0%BA%D0%B0%D1%8F-%D1%85%D0%B8%D1%80%D1%83%D1%80%D0%B3%D0%B8%D1%8F-%D0%B3%D1%80%D1%83%D0%B4%D0%B8/%D0%BC%D0%B0%D0%BC%D0%BC%D0%BE%D0%BF%D0%BB%D0%B0%D1%81%D1%82%D0%B8%D0%BA%D0%B0/,0,243
https://www.medicsintegralsalut.com/team/dr-mike-dewever-3/,10,242
https://www.medicsintegralsalut.com/como-mejorar-la-estetica-de-las-cicatrices/,0,239
https://www.medicsintegralsalut.com/ru/%D0%B5%D0%B4%D0%B8%D0%BD%D0%B8%D1%86%D1%8B/%D0%BC%D1%83%D0%B6%D1%81%D0%BA%D0%B0%D1%8F-%D0%BA%D0%BE%D1%81%D0%BC%D0%B5%D1%82%D0%B8%D1%87%D0%B5%D1%81%D0%BA%D0%B0%D1%8F-%D1%85%D0%B8%D1%80%D1%83%D1%80%D0%B3%D0%B8%D1%8F/%D0%B3%D0%B8%D0%BD%D0%B5%D0%BA%D0%BE%D0%BC%D0%B0%D1%81%D1%82%D0%B8%D1%8F-2/,0,238
https://www.medicsintegralsalut.com/nuestra-experiencia-con-la-rinoplastia-ultrasonica/,0,236
https://www.medicsintegralsalut.com/uk/%D0%BE%D0%B4%D0%B8%D0%BD%D0%B8%D1%86%D1%96-2/%D0%B5%D1%81%D1%82%D0%B5%D1%82%D0%B8%D1%87%D0%BD%D0%B0-%D1%85%D1%96%D1%80%D1%83%D1%80%D0%B3%D1%96%D1%8F-%D1%82%D1%96%D0%BB%D0%B0/%D0%B0%D0%B1%D0%B4%D0%BE%D0%BC%D1%96%D0%BD%D0%BE%D0%BF%D0%BB%D0%B0%D1%81%D1%82%D0%B8%D0%BA%D0%B0/,0,236
https://www.medicsintegralsalut.com/portfolio_page/video-prueba-1/,0,235
https://www.medicsintegralsalut.com/ru/%D0%B5%D0%B4%D0%B8%D0%BD%D0%B8%D1%86%D1%8B/%D0%BF%D0%BB%D0%B0%D1%81%D1%82%D0%B8%D1%87%D0%B5%D1%81%D0%BA%D0%B0%D1%8F-%D1%85%D0%B8%D1%80%D1%83%D1%80%D0%B3%D0%B8%D1%8F-%D0%BB%D0%B8%D1%86%D0%B0/cirugia-menton-y-pomulos/,2,232
https://www.medicsintegralsalut.com/unidades/cirugia-estetica-mamas/aumento-de-pecho/,1,230
https://www.medicsintegralsalut.com/ca/unitats-2/cirurgia-estetica-de-mames/augment-de-pit-girona-2/,1,223
https://www.medicsintegralsalut.com/fr/la-rhinoseptoplastie-quest-ce-que-cest/,0,223
https://www.medicsintegralsalut.com/ru/%D1%8E%D0%BD%D0%B8%D1%82%D0%B0%D1%86/%D0%BC%D1%83%D0%B6%D1%81%D0%BA%D0%B0%D1%8F-%D0%BF%D0%BB%D0%B0%D1%81%D1%82%D0%B8%D1%87%D0%B5%D1%81%D0%BA%D0%B0%D1%8F-%D1%85%D0%B8%D1%80%D1%83%D1%80%D0%B3%D0%B8%D1%8F/%D0%BF%D0%BE%D0%B4%D1%82%D1%8F%D0%B6%D0%BA%D0%B0-%D1%88%D0%B5%D0%B8-%D0%B8-%D0%BF%D0%BE%D0%B4%D0%B1%D0%BE%D1%80%D0%BE%D0%B4%D0%BA%D0%B0-2/,1,222
https://www.medicsintegralsalut.com/en/units/cosmetic-body-medicine/liposuccion-sin-cirugia/,0,221
https://www.medicsintegralsalut.com/blog/,1,216
https://www.medicsintegralsalut.com/unitats/unitat-de-medicina-cosmetica-girona/,0,216
https://www.medicsintegralsalut.com/ru/%D0%B5%D0%B4%D0%B8%D0%BD%D0%B8%D1%86%D1%8B/%D0%B8%D0%B7%D0%B1%D1%8B%D1%82%D0%BE%D1%87%D0%BD%D1%8B%D0%B9-%D0%B2%D0%B5%D1%81-%D0%B8-%D0%BE%D0%B6%D0%B8%D1%80%D0%B5%D0%BD%D0%B8%D0%B5-2/%D0%B1%D0%B0%D1%80%D0%B8%D0%B0%D1%82%D1%80%D0%B8%D1%87%D0%B5%D1%81%D0%BA%D0%B0%D1%8F-%D1%85%D0%B8%D1%80%D1%83%D1%80%D0%B3%D0%B8%D1%8F-2/%D0%B2%D0%B5%D1%80%D1%82%D0%B8%D0%BA%D0%B0%D0%BB%D1%8C%D0%BD%D0%B0%D1%8F-%D0%B3%D0%B0%D1%81%D1%82%D1%80%D1%8D%D0%BA%D1%82%D0%BE%D0%BC%D0%B8%D1%8F/,0,215
https://www.medicsintegralsalut.com/ru/%D0%B5%D0%B4%D0%B8%D0%BD%D0%B8%D1%86%D1%8B/%D0%BF%D0%BB%D0%B0%D1%81%D1%82%D0%B8%D1%87%D0%B5%D1%81%D0%BA%D0%B0%D1%8F-%D1%85%D0%B8%D1%80%D1%83%D1%80%D0%B3%D0%B8%D1%8F-%D0%BB%D0%B8%D1%86%D0%B0/%D1%84%D0%B8%D0%BB%D0%BB%D0%B5%D1%80-%D0%BF%D1%80%D0%BE%D1%82%D0%B8%D0%B2-%D0%BC%D0%BE%D1%80%D1%89%D0%B8%D0%BD/,1,214
https://www.medicsintegralsalut.com/ru/%D0%B5%D0%B4%D0%B8%D0%BD%D0%B8%D1%86%D1%8B/%D0%BF%D0%BB%D0%B0%D1%81%D1%82%D0%B8%D1%87%D0%B5%D1%81%D0%BA%D0%B0%D1%8F-%D1%85%D0%B8%D1%80%D1%83%D1%80%D0%B3%D0%B8%D1%8F-%D0%B3%D1%80%D1%83%D0%B4%D0%B8/%D1%83%D0%B2%D0%B5%D0%BB%D0%B8%D1%87%D0%B5%D0%BD%D0%B8%D0%B5-%D0%B3%D1%80%D1%83%D0%B4%D0%B8-%D1%82%D0%B5%D1%85%D0%BD%D0%B8%D0%BA%D0%B0-ami/,2,214
https://www.medicsintegralsalut.com/ca/category/sobrepes-i-obesitat/,0,212
https://www.medicsintegralsalut.com/fr/unites/cirugia-estetica-facial/perforacion-tabique-nasal/,1,210
https://www.medicsintegralsalut.com/fr/unites/institut-de-beaute/reduccion-de-volumen-girona/,0,210
https://www.medicsintegralsalut.com/ca/la-importante-ayuda-de-los-farmacos-en-la-perdida-de-peso-ozempic-y-mounjaro-en-nuestra-clinica/,1,209
https://www.medicsintegralsalut.com/ru/%D0%B5%D0%B4%D0%B8%D0%BD%D0%B8%D1%86%D1%8B/%D0%B8%D0%B7%D0%B1%D1%8B%D1%82%D0%BE%D1%87%D0%BD%D1%8B%D0%B9-%D0%B2%D0%B5%D1%81-%D0%B8-%D0%BE%D0%B6%D0%B8%D1%80%D0%B5%D0%BD%D0%B8%D0%B5-2/%D0%B3%D0%B0%D1%81%D1%82%D1%80%D0%BE%D0%B1%D0%B0%D0%BB%D0%BB%D0%BE%D0%BD-%D0%B6%D0%B8%D1%80%D0%BE%D0%BD%D0%B0/,0,209
https://www.medicsintegralsalut.com/ca/rinoplastia-recuperacion-fotos/,1,208
https://www.medicsintegralsalut.com/ca/unitats-2/cirurgia-estetica-facial-2/blefaroplastia-girona/,3,208
https://www.medicsintegralsalut.com/la-ginecomastia-tiene-solucion-definitiva/,0,207
https://www.medicsintegralsalut.com/como-cuidar-la-piel-a-los-50/,1,206
https://www.medicsintegralsalut.com/en/cuanto-cuesta-rinoplastia-espana/,0,205
https://www.medicsintegralsalut.com/ca/equip/dra-ainitze-ibarzabal/,11,204
https://www.medicsintegralsalut.com/fr/la-belleza-del-rostro-el-triangulo-invertido/,0,204
https://www.medicsintegralsalut.com/en/como-eliminar-ojeras/,0,202
https://www.medicsintegralsalut.com/en/plastic-surgery-girona-medical-team/,1,201
https://www.medicsintegralsalut.com/ca/unitats-2/cirurgia-estetica-de-mames/,0,200
https://www.medicsintegralsalut.com/ru/%D0%BA%D0%B0%D0%BA-%D0%B8%D0%B7%D0%B1%D0%B0%D0%B2%D0%B8%D1%82%D1%8C%D1%81%D1%8F-%D0%BE%D1%82-%D1%86%D0%B5%D0%BB%D0%BB%D1%8E%D0%BB%D0%B8%D1%82%D0%B0/,0,199
https://www.medicsintegralsalut.com/fr/unites/chirurgie-esthetique-masculine/aumento-de-pectoral/,0,198
https://www.medicsintegralsalut.com/ru/%D0%B5%D0%B4%D0%B8%D0%BD%D0%B8%D1%86%D1%8B/%D1%8D%D1%81%D1%82%D0%B5%D1%82%D0%B8%D1%87%D0%B5%D1%81%D0%BA%D0%B0%D1%8F-%D0%BC%D0%B5%D0%B4%D0%B8%D1%86%D0%B8%D0%BD%D0%B0-%D1%82%D0%B5%D0%BB%D0%B0/%D1%86%D0%B5%D0%BB%D0%BB%D1%8E%D0%BB%D0%B8%D1%82/,1,198
https://www.medicsintegralsalut.com/ru/que-es-la-bichectomia/,0,193
https://www.medicsintegralsalut.com/uk/category/gabinet-destetica/,0,191
https://www.medicsintegralsalut.com/ru/%D0%B5%D0%B4%D0%B8%D0%BD%D0%B8%D1%86%D1%8B/%D0%BF%D0%BB%D0%B0%D1%81%D1%82%D0%B8%D1%87%D0%B5%D1%81%D0%BA%D0%B0%D1%8F-%D1%85%D0%B8%D1%80%D1%83%D1%80%D0%B3%D0%B8%D1%8F-%D0%BB%D0%B8%D1%86%D0%B0/%D0%B1%D0%BB%D0%B5%D1%84%D0%B0%D1%80%D0%BE%D0%BF%D0%BB%D0%B0%D1%81%D1%82%D0%B8%D0%BA%D0%B0/,0,191
https://www.medicsintegralsalut.com/ca/unitats/cirurgia-estetica-corporal/liposuccio/,0,189
https://www.medicsintegralsalut.com/portfolio_page/video-prueba-2/,0,189
https://www.medicsintegralsalut.com/ca/unitats-2/cirurgia-estetica-facial-2/lifting-facial/,0,187
https://www.medicsintegralsalut.com/ca/unitats/cirurgia-estetica-corporal/lifting-bracos-i-cames/,0,184
https://www.medicsintegralsalut.com/en/rhinoplasty-or-septoplasty/,0,184
https://www.medicsintegralsalut.com/ca/unitats/cirurgia-estetica-mames/reduccio-de-pit/,3,182
https://www.medicsintegralsalut.com/ca/unitats-2/cirurgia-estetica-facial-2/blefaroplastia/,0,182
https://www.medicsintegralsalut.com/unitats/medicina-estetica-facial/flacciditat-fils-tensors/,0,182
https://www.medicsintegralsalut.com/en/the-beauty-of-the-face-the-inverted-triangle/,0,179
https://www.medicsintegralsalut.com/ca/com-cuidar-la-pell-als-50/,7,178
https://www.medicsintegralsalut.com/ca/unitats-2/cirurgia-estetica-de-mames/elevacio-de-pit-pexia-2/,0,177
https://www.medicsintegralsalut.com/aviso-legal/,2,175
https://www.medicsintegralsalut.com/en/units/overweight-and-obesity-2/bariatric-surgery-2/bypass-gastrico/,0,170
https://www.medicsintegralsalut.com/fr/unites/chirurgie-esthetique-corporelle-2/liposuccion-vaser/,0,168
https://www.medicsintegralsalut.com/en/units/facial-aesthetic-medicine/sagging-and-thread-lifts/,2,167
https://www.medicsintegralsalut.com/ru/%D0%BF%D0%BE%D1%87%D1%83%D0%B2%D1%81%D1%82%D0%B2%D1%83%D0%B9%D1%82%D0%B5-%D1%81%D0%B8%D0%BB%D1%83-%D0%B1%D0%BB%D0%B0%D0%B3%D0%BE%D0%BF%D0%BE%D0%BB%D1%83%D1%87%D0%B8%D1%8F-%D1%81-%D0%BF%D0%BE%D0%BC/,4,167
https://www.medicsintegralsalut.com/novedad-hilos-360o-efecto-lifting/,0,166
https://www.medicsintegralsalut.com/ru/%D0%B5%D0%B4%D0%B8%D0%BD%D0%B8%D1%86%D1%8B/%D0%BF%D0%BB%D0%B0%D1%81%D1%82%D0%B8%D1%87%D0%B5%D1%81%D0%BA%D0%B0%D1%8F-%D1%85%D0%B8%D1%80%D1%83%D1%80%D0%B3%D0%B8%D1%8F-%D0%BB%D0%B8%D1%86%D0%B0/%D0%BF%D1%80%D0%BE%D0%BA%D0%BE%D0%BB-%D0%BD%D0%BE%D1%81%D0%BE%D0%B2%D0%BE%D0%B9-%D0%BF%D0%B5%D1%80%D0%B5%D0%B3%D0%BE%D1%80%D0%BE%D0%B4%D0%BA%D0%B8/,0,165
https://www.medicsintegralsalut.com/ca/unitats-2/cirurgia-estetica-facial-2/rinoplastia/,0,165
https://www.medicsintegralsalut.com/en/units/cirugia-estetica-facial/rinoplastia-girona/,1,164
https://www.medicsintegralsalut.com/ca/unitats-2/cirurgia-estetica-de-mames/reduccio-de-pits/,1,162
https://www.medicsintegralsalut.com/ca/cirurgia-plastica-girona-equip-medic/,0,162
https://www.medicsintegralsalut.com/factores-de-crecimiento-obtenidos-de-las-plaquetas-prp/,1,160
https://www.medicsintegralsalut.com/ca/unitats-2/cirurgia-estetica-facial-2/otoplastia-girona/,0,160
https://www.medicsintegralsalut.com/ru/%D1%8E%D0%BD%D0%B8%D1%82%D0%B0%D1%86/%D0%BC%D1%83%D0%B6%D1%81%D0%BA%D0%B0%D1%8F-%D0%BF%D0%BB%D0%B0%D1%81%D1%82%D0%B8%D1%87%D0%B5%D1%81%D0%BA%D0%B0%D1%8F-%D1%85%D0%B8%D1%80%D1%83%D1%80%D0%B3%D0%B8%D1%8F/%D0%B3%D0%B8%D0%BD%D0%B5%D0%BA%D0%BE%D0%BC%D0%B0%D1%81%D1%82%D0%B8%D1%8F-2/,0,160
https://www.medicsintegralsalut.com/unidades/cirugia-estetica-facial/relleno-de-arrugas/,1,159
https://www.medicsintegralsalut.com/ca/reconstruccio-despres-dun-cancer-de-mama/,2,157
https://www.medicsintegralsalut.com/lo-que-quieres-saber-del-aumento-de-pecho-paso-a-paso/,2,157
https://www.medicsintegralsalut.com/ca/unitats-2/sobrepes-i-obesitat-2/,4,155
https://www.medicsintegralsalut.com/ca/unitats/cirurgia-estetica-mames/elevacio-de-pit-pexia/,1,154
https://www.medicsintegralsalut.com/unidades/sobrepeso-y-obesidad/cirugia-bariatrica/cruce-duodenal-2/,0,153
https://www.medicsintegralsalut.com/en/units/facial-aesthetic-medicine/hydration-and-nutrition-2/,1,150
https://www.medicsintegralsalut.com/fr/unites/cirugia-estetica-facial/blefaroplastia-girona/,0,148
https://www.medicsintegralsalut.com/ru/%D0%B5%D0%B4%D0%B8%D0%BD%D0%B8%D1%86%D1%8B/%D0%BC%D1%83%D0%B6%D1%81%D0%BA%D0%B0%D1%8F-%D0%BA%D0%BE%D1%81%D0%BC%D0%B5%D1%82%D0%B8%D1%87%D0%B5%D1%81%D0%BA%D0%B0%D1%8F-%D1%85%D0%B8%D1%80%D1%83%D1%80%D0%B3%D0%B8%D1%8F/%D0%BF%D0%BE%D0%B4%D1%82%D1%8F%D0%B6%D0%BA%D0%B0-%D1%88%D0%B5%D0%B8-%D0%B8-%D0%B2%D1%82%D0%BE%D1%80%D0%BE%D0%B3%D0%BE-%D0%BF%D0%BE%D0%B4%D0%B1%D0%BE%D1%80%D0%BE%D0%B4%D0%BA%D0%B0/,1,147
https://www.medicsintegralsalut.com/fr/cuanto-cuesta-lifting-facial/,0,146
https://www.medicsintegralsalut.com/para-que-tu-piel-no-cumpla-anos-coctel-de-vitaminas-y-acido-hialuronico/,0,145
https://www.medicsintegralsalut.com/en/units/cosmetic-surgery-3/buttock-augmentation/,1,145
https://www.medicsintegralsalut.com/en/units/facial-aesthetic-medicine/dark-circles/,2,145
https://www.medicsintegralsalut.com/politica-de-privacidad/,2,141
https://www.medicsintegralsalut.com/ca/unitats/cirurgia-estetica-masculina/lifting-de-coll-i-papada/,9,141
https://www.medicsintegralsalut.com/ru/%D1%8E%D0%BD%D0%B8%D1%82%D0%B0%D1%86/%D1%8D%D1%81%D1%82%D0%B5%D1%82%D0%B8%D1%87%D0%B5%D1%81%D0%BA%D0%B0%D1%8F-%D1%85%D0%B8%D1%80%D1%83%D1%80%D0%B3%D0%B8%D1%8F-%D1%82%D0%B5%D0%BB%D0%B0/%D0%BB%D0%B8%D0%BF%D0%BE%D1%84%D0%B8%D0%BB%D0%B8%D0%BD%D0%B3-%D1%82%D0%B5%D0%BB%D0%B0/,0,141
https://www.medicsintegralsalut.com/ru/descubre-todo-lo-que-necesitas-saber-sobre-los-diferentes-tipos-de-cirugia-bariatrica/,0,140
https://www.medicsintegralsalut.com/uk/category/medicina-estetica-facial/,0,139
https://www.medicsintegralsalut.com/fr/unites/cirugia-estetica-facial/blefaroplastia/,0,135
https://www.medicsintegralsalut.com/uk/%D0%B2%D1%96%D0%B4%D0%BD%D0%BE%D0%B2%D0%BB%D0%B5%D0%BD%D0%BD%D1%8F-%D0%BF%D1%96%D1%81%D0%BB%D1%8F-%D1%80%D0%B8%D0%BD%D0%BE%D0%BF%D0%BB%D0%B0%D1%81%D1%82%D0%B8%D0%BA%D0%B8/,1,134
https://www.medicsintegralsalut.com/en/units/cosmetic-facial-surgery-2/neck-and-double-chin-mini-lift/,0,133
https://www.medicsintegralsalut.com/ca/unitats-2/cirurgia-estetica-facial-2/rinoplastia-girona/,2,131
https://www.medicsintegralsalut.com/1583-2/,0,130
https://www.medicsintegralsalut.com/en/units/facial-aesthetic-medicine/lip-filler/,6,130
https://www.medicsintegralsalut.com/ru/category/cirurgia-estetica-mames/,0,128
https://www.medicsintegralsalut.com/ru/la-radiofrecuencia-la-mejor-solucion-a-la-flacidez/,2,127
https://www.medicsintegralsalut.com/uk/%D0%BE%D0%B4%D0%B8%D0%BD%D0%B8%D1%86%D1%96-2/%D0%B5%D1%81%D1%82%D0%B5%D1%82%D0%B8%D1%87%D0%BD%D0%B0-%D1%85%D1%96%D1%80%D1%83%D1%80%D0%B3%D1%96%D1%8F-%D1%82%D1%96%D0%BB%D0%B0/%D0%BB%D1%96%D0%BF%D0%BE%D1%84%D1%96%D0%BB%D1%96%D0%BD%D0%B3-%D1%82%D1%96%D0%BB%D0%B0/,0,127
https://www.medicsintegralsalut.com/unidades/sobrepeso-y-obesidad/cirugia-bariatrica/bypass-gastrico/,2,127
https://www.medicsintegralsalut.com/unidades/sobrepeso-y-obesidad/cirugia-bariatrica/cruce-duodenal/,1,127
https://www.medicsintegralsalut.com/ca/equip/emma-brugue-i-pascual/,8,126
https://www.medicsintegralsalut.com/ru/%D0%B5%D0%B4%D0%B8%D0%BD%D0%B8%D1%86%D1%8B/%D0%BF%D0%BB%D0%B0%D1%81%D1%82%D0%B8%D1%87%D0%B5%D1%81%D0%BA%D0%B0%D1%8F-%D1%85%D0%B8%D1%80%D1%83%D1%80%D0%B3%D0%B8%D1%8F-%D0%BB%D0%B8%D1%86%D0%B0/%D1%80%D0%B8%D0%BD%D0%BE%D0%BF%D0%BB%D0%B0%D1%81%D1%82%D0%B8%D0%BA%D0%B0-%D0%B6%D0%B8%D1%80%D0%BE%D0%BD%D0%B0/,0,126
https://www.medicsintegralsalut.com/en/units/cosmetic-breast-surgery-2/breast-lift/,0,126
https://www.medicsintegralsalut.com/equipo-cuadro-medico/,3,125
https://www.medicsintegralsalut.com/unidades/gabinete-de-estetica/antiedad-mc-110/,1,125
https://www.medicsintegralsalut.com/uk/category/cirugia-estetica-mamas/,0,124
https://www.medicsintegralsalut.com/ca/unitats-2/sobrepeso-y-obesidad/,1,124
https://www.medicsintegralsalut.com/en/units/male-cosmetic-surgery/chest-augmentation/,0,124
https://www.medicsintegralsalut.com/uk/category/cirugia-estetica-corporal/,0,123
https://www.medicsintegralsalut.com/fr/unites-2/chirurgie-esthetique-du-visage/perforation-de-la-cloison-nasale-2/,0,122
https://www.medicsintegralsalut.com/fr/unites/chirurgie-esthetique-faciale/chirurgie-du-menton-et-des-pommettes-2/,0,121
https://www.medicsintegralsalut.com/portfolio_page/video-prueba-3/,0,120
https://www.medicsintegralsalut.com/ru/%D1%8E%D0%BD%D0%B8%D1%82%D0%B0%D1%86/%D1%8D%D1%81%D1%82%D0%B5%D1%82%D0%B8%D1%87%D0%B5%D1%81%D0%BA%D0%B0%D1%8F-%D1%85%D0%B8%D1%80%D1%83%D1%80%D0%B3%D0%B8%D1%8F-%D1%82%D0%B5%D0%BB%D0%B0/%D0%BB%D0%B8%D0%BF%D0%BE%D1%81%D0%B0%D0%BA%D1%86%D0%B8%D1%8F-%D0%B2%D0%B0%D1%81%D0%B5%D1%80/,0,119
https://www.medicsintegralsalut.com/ca/unitats/medicina-estetica-corporal/liposuccio-sense-cirurgia/,1,118
https://www.medicsintegralsalut.com/ca/unitats-2/medicina-estetica-facial/hidratacio-i-nutricio-2/,1,118
https://www.medicsintegralsalut.com/en/lo-que-quieres-saber-del-aumento-de-pecho-paso-a-paso/,0,118
https://www.medicsintegralsalut.com/en/units/beauty-salon/volume-reduction-girona-2/,0,118
https://www.medicsintegralsalut.com/en/units/cosmetic-body-medicine/cellulite/,2,116
https://www.medicsintegralsalut.com/uk/category/cirurgia-estetica-facial/,0,115
https://www.medicsintegralsalut.com/ca/unitats/medicina-estetica-facial/peeling/,0,114
https://www.medicsintegralsalut.com/la-naturalidad-del-resultado-en-un-aumento-de-pecho/,0,114
https://www.medicsintegralsalut.com/fr/la-gigantomastie-solution-reduction-mammaire/,0,114
https://www.medicsintegralsalut.com/cuales-son-las-mejores-protesis-de-mama/,0,113
https://www.medicsintegralsalut.com/en/units/overweight-and-obesity-2/bariatric-surgery-2/,0,113
https://www.medicsintegralsalut.com/ca/equip-medic-del-quadre/,2,113
https://www.medicsintegralsalut.com/ca/blefaroplastia/,0,111
https://www.medicsintegralsalut.com/unidades/gabinete-de-estetica/desintoxicante/,1,110
https://www.medicsintegralsalut.com/en/units/cosmetic-facial-surgery-2/chin-and-cheek-surgery/,0,110
https://www.medicsintegralsalut.com/en/units/cosmetic-breast-surgery-2/breast-reduction/,1,110
https://www.medicsintegralsalut.com/ru/%D0%B5%D0%B4%D0%B8%D0%BD%D0%B8%D1%86%D1%8B/%D0%BF%D0%BB%D0%B0%D1%81%D1%82%D0%B8%D1%87%D0%B5%D1%81%D0%BA%D0%B0%D1%8F-%D1%85%D0%B8%D1%80%D1%83%D1%80%D0%B3%D0%B8%D1%8F-%D0%B3%D1%80%D1%83%D0%B4%D0%B8/aumento-de-pecho-girona/,0,109
https://www.medicsintegralsalut.com/ca/unitats-2/cirugia-estetica-corporal/liposuccion/,0,108
https://www.medicsintegralsalut.com/en/units/cosmetic-surgery-3/body-fat-transfer/,0,108
https://www.medicsintegralsalut.com/uk/%D0%BE%D0%B4%D0%B8%D0%BD%D0%B8%D1%86%D1%96-2/%D0%B5%D1%81%D1%82%D0%B5%D1%82%D0%B8%D1%87%D0%BD%D0%B0-%D1%85%D1%96%D1%80%D1%83%D1%80%D0%B3%D1%96%D1%8F-%D1%82%D1%96%D0%BB%D0%B0/%D0%B7%D0%B1%D1%96%D0%BB%D1%8C%D1%88%D0%B5%D0%BD%D0%BD%D1%8F-%D1%81%D1%96%D0%B4%D0%BD%D0%B8%D1%86%D1%8C/,0,108
https://www.medicsintegralsalut.com/ru/%D0%B5%D0%B4%D0%B8%D0%BD%D0%B8%D1%86%D1%8B/%D1%8D%D1%81%D1%82%D0%B5%D1%82%D0%B8%D1%87%D0%B5%D1%81%D0%BA%D0%B0%D1%8F-%D0%BC%D0%B5%D0%B4%D0%B8%D1%86%D0%B8%D0%BD%D0%B0-%D0%BB%D0%B8%D1%86%D0%B0/%D1%82%D0%B5%D0%BC%D0%BD%D1%8B%D0%B5-%D0%BA%D1%80%D1%83%D0%B3%D0%B8-%D0%BF%D0%BE%D0%B4-%D0%B3%D0%BB%D0%B0%D0%B7%D0%B0%D0%BC%D0%B8/,1,107
https://www.medicsintegralsalut.com/ca/unitats-2/medicina-estetica-facial/ulleres-fosques/,1,107
https://www.medicsintegralsalut.com/en/units/cosmetic-facial-surgery-2/nasal-septum-piercing/,0,107
https://www.medicsintegralsalut.com/ru/%D0%B5%D0%B4%D0%B8%D0%BD%D0%B8%D1%86%D1%8B/%D0%BF%D0%BB%D0%B0%D1%81%D1%82%D0%B8%D1%87%D0%B5%D1%81%D0%BA%D0%B0%D1%8F-%D1%85%D0%B8%D1%80%D1%83%D1%80%D0%B3%D0%B8%D1%8F-%D0%BB%D0%B8%D1%86%D0%B0/otoplastia-girona/,0,107
https://www.medicsintegralsalut.com/uk/%D0%BE%D0%BF%D0%B5%D1%80%D0%B0%D1%86%D1%96%D1%8F-%D0%B7-%D0%BF%D1%96%D0%B4%D1%82%D1%8F%D0%B6%D0%BA%D0%B8-%D0%B3%D1%80%D1%83%D0%B4%D0%B5%D0%B9/,1,107
https://www.medicsintegralsalut.com/fr/chirurgie-plastique-gerone-equipe-medicale/,2,106
https://www.medicsintegralsalut.com/ca/unitats-2/cirurgia-estetica-corporal-2/abdominoplastia/,0,106
https://www.medicsintegralsalut.com/ca/recuperacio-rinoplastia/,0,106
https://www.medicsintegralsalut.com/en/units-2/overweight-and-obesity/bariatric-surgery/gastric-bypass/,0,106
https://www.medicsintegralsalut.com/ca/unitats/cirurgia-estetica-facial/rinoplastia/,0,105
https://www.medicsintegralsalut.com/reconstruccio-despres-dun-cancer-de-mama/,0,105
https://www.medicsintegralsalut.com/ca/unitats-2/sobrepes-i-obesitat-2/bandol-gastric-girona/,2,104
https://www.medicsintegralsalut.com/ca/unitats-2/gabinet-destetica-2/drenatge-limfatic-2/,1,103
https://www.medicsintegralsalut.com/ca/como-eliminar-ojeras/,0,103
https://www.medicsintegralsalut.com/ru/%D1%80%D0%B5%D0%BA%D0%BE%D0%BD%D1%81%D1%82%D1%80%D1%83%D0%BA%D1%86%D0%B8%D1%8F-%D0%BF%D0%BE%D1%81%D0%BB%D0%B5-%D1%80%D0%B0%D0%BA%D0%B0-%D0%BC%D0%BE%D0%BB%D0%BE%D1%87%D0%BD%D0%BE%D0%B9-%D0%B6%D0%B5/,0,103
https://www.medicsintegralsalut.com/category/sobrepeso-obesidad/,2,102
https://www.medicsintegralsalut.com/ru/category/cirugia-estetica-mamas/,0,102
https://www.medicsintegralsalut.com/uk/category/medicina-estetica-corporal/,0,102
https://www.medicsintegralsalut.com/ca/contacte-2/,1,101
https://www.medicsintegralsalut.com/en/units/beauty-salon/recoverer/,0,101
https://www.medicsintegralsalut.com/en/home/,1,101
https://www.medicsintegralsalut.com/ca/unitats/sobrepes-i-obesitat/cirurgia-bariatrica/bypass-gastric/,1,100
https://www.medicsintegralsalut.com/fr/unites/cirugia-estetica-facial/rinoplastia-girona/,0,100
https://www.medicsintegralsalut.com/en/units/male-cosmetic-surgery/neck-and-double-chin-lift/,0,100
https://www.medicsintegralsalut.com/ru/%D0%B5%D0%B4%D0%B8%D0%BD%D0%B8%D1%86%D1%8B/%D1%8D%D1%81%D1%82%D0%B5%D1%82%D0%B8%D1%87%D0%B5%D1%81%D0%BA%D0%B0%D1%8F-%D0%BC%D0%B5%D0%B4%D0%B8%D1%86%D0%B8%D0%BD%D0%B0-%D0%BB%D0%B8%D1%86%D0%B0/%D1%83%D0%B2%D0%B5%D0%BB%D0%B8%D1%87%D0%B5%D0%BD%D0%B8%D0%B5-%D0%B3%D1%83%D0%B1/,1,99
https://www.medicsintegralsalut.com/unidades/gabinete-de-estetica/recuperador/,0,98
https://www.medicsintegralsalut.com/ca/unitats-2/cirurgia-estetica-corporal-2/lipofilling-corporal/,0,98
https://www.medicsintegralsalut.com/politica-de-cookies/,0,97
https://www.medicsintegralsalut.com/uk/category/cirurgia-estetica-mames/,0,97
https://www.medicsintegralsalut.com/en/rhinoseptoplasty/,0,97
https://www.medicsintegralsalut.com/ca/hauria-de-reduir-el-meu-pit/,4,95
https://www.medicsintegralsalut.com/ca/unitats/cirurgia-estetica-mames/augment-de-pit/,0,94
https://www.medicsintegralsalut.com/ca/unitats-2/,1,93
https://www.medicsintegralsalut.com/ca/categoria/cirurgia-estetica-pits/,0,92
https://www.medicsintegralsalut.com/ru/,3,92
https://www.medicsintegralsalut.com/ca/categoria/sobrepeso-obesidad/,0,91
https://www.medicsintegralsalut.com/fr/unites/chirurgie-esthetique-corporelle-2/soulever-les-bras-et-les-jambes/,0,91
https://www.medicsintegralsalut.com/ca/unitats-2/cirurgia-estetica-de-mames/canvi-de-protesi/,2,91
https://www.medicsintegralsalut.com/fr/unites-2/medecine-esthetique-corporelle/liposuction-sans-chirurgie/,0,91
https://www.medicsintegralsalut.com/ru/%D1%80%D0%B5%D1%88%D0%B5%D0%BD%D0%B8%D0%B5-%D0%BF%D1%80%D0%BE%D0%B1%D0%BB%D0%B5%D0%BC%D1%8B-%D1%82%D1%83%D0%B1%D1%83%D0%BB%D1%8F%D1%80%D0%BD%D1%8B%D1%85-%D0%BC%D0%BE%D0%BB%D0%BE%D1%87%D0%BD%D1%8B/,1,91
https://www.medicsintegralsalut.com/en/unidades/cirugia-estetica-facial/,0,90
https://www.medicsintegralsalut.com/en/units/cirugia-estetica-mamas/aumento-de-pecho-girona/,0,90
https://www.medicsintegralsalut.com/en/units/overweight-and-obesity-2/ingestible-balloon-elipse/,0,90
https://www.medicsintegralsalut.com/ca/elevacion-de-gluteos-sin-cirugia-es-posible/,0,89
https://www.medicsintegralsalut.com/fr/unites/cirugia-estetica-mamas/reduccion-de-pecho/,0,88
https://www.medicsintegralsalut.com/en/units/facial-aesthetic-medicine/shedding/,2,88
https://www.medicsintegralsalut.com/fr/unites/chirurgie-esthetique-faciale/remplissage-de-rides/,2,88
https://www.medicsintegralsalut.com/en/la-importante-ayuda-de-los-farmacos-en-la-perdida-de-peso-ozempic-y-mounjaro-en-nuestra-clinica/,1,87
https://www.medicsintegralsalut.com/en/units/cirugia-estetica-mamas/aumento-de-pecho-tecnica-ami/,0,87
https://www.medicsintegralsalut.com/uk/%D0%BE%D0%B4%D0%B8%D0%BD%D0%B8%D1%86%D1%96/%D0%B5%D1%81%D1%82%D0%B5%D1%82%D0%B8%D1%87%D0%BD%D0%B0-%D0%BC%D0%B5%D0%B4%D0%B8%D1%86%D0%B8%D0%BD%D0%B0-%D0%B4%D0%BB%D1%8F-%D0%BE%D0%B1%D0%BB%D0%B8%D1%87%D1%87%D1%8F/hidratacion-y-nutricion/,1,87
https://www.medicsintegralsalut.com/uk/%D0%BE%D0%B4%D0%B8%D0%BD%D0%B8%D1%86%D1%96/%D0%BD%D0%B0%D0%B4%D0%BC%D1%96%D1%80%D0%BD%D0%B0-%D0%B2%D0%B0%D0%B3%D0%B0-%D1%82%D0%B0-%D0%BE%D0%B6%D0%B8%D1%80%D1%96%D0%BD%D0%BD%D1%8F-2/%D0%BC%D1%8F%D1%87-6-%D0%BC%D1%96%D1%81%D1%8F%D1%86%D1%96%D0%B2/,2,87
https://www.medicsintegralsalut.com/ca/unitats-2/cirurgia-estetica-corporal-2/liposuccio-2/,0,86
https://www.medicsintegralsalut.com/fr/unites/chirurgie-esthetique-corporelle-2/augmentation-des-fessiers/,1,86
https://www.medicsintegralsalut.com/ca/categoria/cirurgia-estetica-de-mames/,0,86
https://www.medicsintegralsalut.com/fr/cuanto-cuesta-balon-gastrico/,0,86
https://www.medicsintegralsalut.com/fr/unites/medicina-estetica-facial/peeling/,0,85
https://www.medicsintegralsalut.com/fr/unites/surpoids-et-obesite-2/chirurgie-bariatrique-2/gastrectomie-verticale/,1,85
https://www.medicsintegralsalut.com/en/units/facial-aesthetic-medicine/expression-lines/,3,85
https://www.medicsintegralsalut.com/ca/categoria/sobrepes-i-obesitat/,0,85
https://www.medicsintegralsalut.com/ca/augment-mamari-amb-protesi-motiva/,0,84
https://www.medicsintegralsalut.com/ca/unitats-2/sobrepeso-y-obesidad/endomanga/,1,84
https://www.medicsintegralsalut.com/en/beauty-days-blefaroplastia/,0,84
https://www.medicsintegralsalut.com/ru/%D0%B5%D0%B4%D0%B8%D0%BD%D0%B8%D1%86%D1%8B/cirugia-estetica-facial/rinoplastia-girona/,0,84
https://www.medicsintegralsalut.com/fr/descubre-la-diferencia-entre-lipo-vaser-y-liposuccion/,0,84
https://www.medicsintegralsalut.com/fr/unites/chirurgie-esthetique-des-seins-2/elevacion-de-pecho-pexia/,0,84
https://www.medicsintegralsalut.com/fr/unites/medecine-esthetique-faciale/cernes/,2,83
https://www.medicsintegralsalut.com/ca/la-reduccio-de-pits-mes-que-un-canvi-de-volum-un-canvi-de-vida/,1,83
https://www.medicsintegralsalut.com/la-importancia-de-seleccionar-el-tratamiento-adecuado-para-la-perdida-de-peso/,1,82
https://www.medicsintegralsalut.com/ru/la-belleza-del-rostro-el-triangulo-invertido/,0,82
https://www.medicsintegralsalut.com/en/units/cosmetic-facial-surgery-2/facial-lift/,0,82
https://www.medicsintegralsalut.com/en/units/overweight-and-obesity-2/bariatric-surgery-2/duodenal-crossing/,0,82
https://www.medicsintegralsalut.com/en/units/cosmetic-breast-surgery-2/breast-augmentation-girona-3/,0,82
https://www.medicsintegralsalut.com/en/units/overweight-and-obesity-2/bariatric-surgery-2/gastrectomia-vertical/,0,82
https://www.medicsintegralsalut.com/ru/%D0%B5%D0%B4%D0%B8%D0%BD%D0%B8%D1%86%D1%8B/cirugia-estetica-facial/rinoplastia/,0,81
https://www.medicsintegralsalut.com/en/tecnicas-de-medicina-estetica-que-ens-fan-rejovenir/,0,81
https://www.medicsintegralsalut.com/en/units-2/overweight-and-obesity/bariatric-surgery/,0,81
https://www.medicsintegralsalut.com/en/units/cosmetic-surgery-3/abdominoplasty/,2,80
https://www.medicsintegralsalut.com/fr/unites/medecine-esthetique-faciale/rides-dexpression/,4,80
https://www.medicsintegralsalut.com/fr/cuales-son-las-mejores-protesis-de-mama/,1,79
https://www.medicsintegralsalut.com/ca/unitats/gabinet-destetica/drenatge-limfatic/,2,78
https://www.medicsintegralsalut.com/unidades/gabinete-de-estetica/p50-visage/,0,78
https://www.medicsintegralsalut.com/ca/unitats/gabinet-destetica/reduccio-de-volum-girona/,2,77
https://www.medicsintegralsalut.com/ca/unitats-2/cirugia-estetica-facial/otoplastia-girona/,0,77
https://www.medicsintegralsalut.com/fr/unites/chirurgie-esthetique-des-seins-2/remplacement-de-prothese/,0,77
https://www.medicsintegralsalut.com/en/tecnicas-de-medicina-estetica-que-nos-rejuvenecen/,0,77
https://www.medicsintegralsalut.com/ca/unitats-2/medicina-estetica-facial/pela/,0,76
https://www.medicsintegralsalut.com/ru/%D0%B5%D0%B4%D0%B8%D0%BD%D0%B8%D1%86%D1%8B/%D1%8D%D1%81%D1%82%D0%B5%D1%82%D0%B8%D1%87%D0%B5%D1%81%D0%BA%D0%B0%D1%8F-%D0%BC%D0%B5%D0%B4%D0%B8%D1%86%D0%B8%D0%BD%D0%B0-%D0%BB%D0%B8%D1%86%D0%B0/%D0%B3%D0%B8%D0%B4%D1%80%D0%B0%D1%82%D0%B0%D1%86%D0%B8%D1%8F-%D0%B8-%D0%BF%D0%B8%D1%82%D0%B0%D0%BD%D0%B8%D0%B5-2/,1,76
https://www.medicsintegralsalut.com/ca/unitats-2/cirurgia-estetica-facial-2/,0,75
https://www.medicsintegralsalut.com/ca/perque-envellim/,3,74
https://www.medicsintegralsalut.com/en/units-2/aesthetic-cabinet/lymphatic-drainage-2/,0,74
https://www.medicsintegralsalut.com/en/units/cosmetic-surgery-3/liposuction-2/,0,74
https://www.medicsintegralsalut.com/en/units/cosmetic-facial-surgery-2/ear-surgery-girona/,0,74
https://www.medicsintegralsalut.com/ca/unitats/sobrepes-i-obesitat/cirurgia-bariatrica/,0,73
https://www.medicsintegralsalut.com/ca/unitats/cirurgia-estetica-facial/perforacio-de-lenva-nasal/,2,73
https://www.medicsintegralsalut.com/ca/unitats/sobrepes-i-obesitat/cirurgia-bariatrica/gastrectomia-vertical/,0,72
https://www.medicsintegralsalut.com/ca/hi-ha-solucio-per-a-lantiestetica-marca-del-cansament-sota-els-ulls/,2,72
https://www.medicsintegralsalut.com/ru/transforma-tu-figura-con-la-elevacion-de-pecho-todo-lo-que-necesitas-saber/,0,72
https://www.medicsintegralsalut.com/fr/unites/medecine-esthetique-faciale/hydratation-et-nutrition-2/,2,72
https://www.medicsintegralsalut.com/unidades/gabinete-de-estetica/,0,71
https://www.medicsintegralsalut.com/ru/%D0%B5%D0%B4%D0%B8%D0%BD%D0%B8%D1%86%D1%8B/%D0%BA%D0%B0%D0%B1%D0%B8%D0%BD%D0%B5%D1%82-%D1%8D%D1%81%D1%82%D0%B5%D1%82%D0%B8%D0%BA%D0%B8/%D0%BB%D0%B8%D0%BC%D1%84%D0%BE%D0%B4%D1%80%D0%B5%D0%BD%D0%B0%D0%B6/,0,71
https://www.medicsintegralsalut.com/ca/equip/dr-sergio-angeles-montanez/,4,70
https://www.medicsintegralsalut.com/ru/politica-de-cookies/,0,70
https://www.medicsintegralsalut.com/ca/unitats-2/medicina-estetica-corporal/,0,70
https://www.medicsintegralsalut.com/fr/como-cuidarse-despues-de-una-rinoplastia-los-mejores-consejos-para-un-rapido-postoperatorio/,0,70
https://www.medicsintegralsalut.com/en/units-2/facial-aesthetic-medicine/flacciditas-filum-tensors/,0,70
https://www.medicsintegralsalut.com/fr/unites/chirurgie-esthetique-faciale/lifting-du-visage/,0,70
https://www.medicsintegralsalut.com/fr/unites/medecine-esthetique-faciale/flaccidite-fils-tenseurs/,2,70
https://www.medicsintegralsalut.com/en/units-2/unitat-de-medicina-cosmetica-girona/,0,70
https://www.medicsintegralsalut.com/ca/unitats-2/cirurgia-estetica-de-mames/augmentacio-mamaria/,0,70
https://www.medicsintegralsalut.com/fr/aumento-mamario-con-protesis-motiva/,0,70
https://www.medicsintegralsalut.com/lipofilling-resultados-permanentes-solo-con-grasa/,2,69
https://www.medicsintegralsalut.com/fr/unites/cirugia-estetica-mamas/,0,69
https://www.medicsintegralsalut.com/uk/category/medicina-estetica-corporal-ca/,0,69
https://www.medicsintegralsalut.com/ca/unitats-2/cirugia-estetica-facial/blefaroplastia-girona/,0,69
https://www.medicsintegralsalut.com/ru/protesis-redondas-vs-protesis-ergonomicas/,1,69
https://www.medicsintegralsalut.com/fr/unites/chirurgie-esthetique-corporelle-2/abdominoplastie/,0,69
https://www.medicsintegralsalut.com/ca/unitats-2/gabinet-destetica-2/acido-de-frutas/,0,69
https://www.medicsintegralsalut.com/ca/unitats-2/medicina-estetica-facial/arrugues-dexpressio-2/,0,69
https://www.medicsintegralsalut.com/en/factores-de-crecimiento-obtenidos-de-las-plaquetas-prp/,0,68
https://www.medicsintegralsalut.com/ru/%D0%B5%D0%B4%D0%B8%D0%BD%D0%B8%D1%86%D1%8B/%D0%B8%D0%B7%D0%B1%D1%8B%D1%82%D0%BE%D1%87%D0%BD%D1%8B%D0%B9-%D0%B2%D0%B5%D1%81-%D0%B8-%D0%BE%D0%B6%D0%B8%D1%80%D0%B5%D0%BD%D0%B8%D0%B5-2/balon-6-%D0%BC%D0%B5%D1%81%D1%8F%D1%86%D0%B5%D0%B2/,0,68
https://www.medicsintegralsalut.com/fr/unites/chirurgie-esthetique-des-seins-2/augmentation-mammaire-gerone/,0,67
https://www.medicsintegralsalut.com/uk/cuales-son-las-mejores-protesis-de-mama/,1,67
https://www.medicsintegralsalut.com/ca/la-belleza-del-rostro-el-triangulo-invertido/,1,67
https://www.medicsintegralsalut.com/ca/unitats-2/cirurgia-estetica-masculina-2/liftting-de-cuello-y-papada/,0,67
https://www.medicsintegralsalut.com/ca/unitats/medicina-estetica-corporal/llipoescultura-no-invasiva/,0,67
https://www.medicsintegralsalut.com/como-elegir-los-implantes-mamarios-adecuados/,0,66
https://www.medicsintegralsalut.com/category/cirugia-estetica-mamas/page/2/,0,66
https://www.medicsintegralsalut.com/ca/unitats-2/medicina-estetica-corporal/liposuccio-sense-cirurgia-2/,0,66
https://www.medicsintegralsalut.com/ru/%D0%B5%D0%B4%D0%B8%D0%BD%D0%B8%D1%86%D1%8B/%D0%B8%D0%B7%D0%B1%D1%8B%D1%82%D0%BE%D1%87%D0%BD%D1%8B%D0%B9-%D0%B2%D0%B5%D1%81-%D0%B8-%D0%BE%D0%B6%D0%B8%D1%80%D0%B5%D0%BD%D0%B8%D0%B5-2/%D0%B1%D0%B0%D1%80%D0%B8%D0%B0%D1%82%D1%80%D0%B8%D1%87%D0%B5%D1%81%D0%BA%D0%B0%D1%8F-%D1%85%D0%B8%D1%80%D1%83%D1%80%D0%B3%D0%B8%D1%8F-2/%D1%8F%D0%B7%D0%B2%D0%B5%D0%BD%D0%BD%D0%B0%D1%8F-%D0%B1%D0%BE%D0%BB%D0%B5%D0%B7%D0%BD%D1%8C-%D0%B4%D0%B2%D0%B5%D0%BD%D0%B0%D0%B4%D1%86%D0%B0%D1%82%D0%B8%D0%BF%D0%B5%D1%80%D1%81%D1%82%D0%BD%D0%BE%D0%B9/,0,66
https://www.medicsintegralsalut.com/en/units/cosmetic-medicine-girona/,0,66
https://www.medicsintegralsalut.com/fr/recuperation-rhinoplastie/,0,66
https://www.medicsintegralsalut.com/uk/%D1%94%D0%B4%D0%B8%D0%BD%D0%B8%D0%B9-%D0%B1%D0%B0%D0%BB%D0%BE%D0%BD-%D1%8F%D0%BA%D0%B8%D0%B9-%D0%BC%D0%BE%D0%B6%D0%BD%D0%B0-%D1%96%D0%BC%D0%BF%D0%BB%D0%B0%D0%BD%D1%82%D1%83%D0%B2%D0%B0%D1%82%D0%B8/,0,66
https://www.medicsintegralsalut.com/ru/%D1%8E%D0%BD%D0%B8%D1%82%D0%B0%D1%86/%D0%BA%D0%B0%D0%B1%D0%B8%D0%BD%D0%B5%D1%82-%D1%8D%D1%81%D1%82%D0%B5%D1%82%D0%B8%D0%BA%D0%B8-2/%D0%B4%D0%B5%D1%82%D0%BE%D0%BA%D1%81%D0%B8%D0%BA%D0%B0%D0%BD%D1%82-2/,0,66
https://www.medicsintegralsalut.com/category/medicina-estetica-facial/,0,65
https://www.medicsintegralsalut.com/uk/category/sobrepeso-obesidad/,0,65
https://www.medicsintegralsalut.com/ru/%D1%80%D0%B8%D0%BD%D0%BE%D0%BF%D0%BB%D0%B0%D1%81%D1%82%D0%B8%D0%BA%D0%B0-%D0%B1%D0%B5%D0%B7-%D1%85%D0%B8%D1%80%D1%83%D1%80%D0%B3%D0%B8%D0%B8-%D1%83%D0%BB%D1%8C%D1%82%D1%80%D0%B0%D0%B7%D0%B2%D1%83/,0,65
https://www.medicsintegralsalut.com/ca/cuanto-cuesta-lifting-facial/,0,65
https://www.medicsintegralsalut.com/en/units/cosmetic-breast-surgery-2/,0,64
https://www.medicsintegralsalut.com/uk/%D0%BE%D0%B4%D0%B8%D0%BD%D0%B8%D1%86%D1%96-2/,0,64
https://www.medicsintegralsalut.com/fr/unites/surpoids-et-obesite-2/chirurgie-bariatrique-2/bypass-gastrico/,0,64
https://www.medicsintegralsalut.com/unitats/medicina-estetica-corporal/liposuccio-sense-cirurgia/,0,64
https://www.medicsintegralsalut.com/ca/portfolio_page/rinoplastia/,0,63
https://www.medicsintegralsalut.com/fr/unites/sobrepeso-y-obesidad/endomanga/,0,63
https://www.medicsintegralsalut.com/en/que-es-la-bichectomia/,0,63
https://www.medicsintegralsalut.com/ca/unitats-2/medicina-estetica-facial/hidratacion-y-nutricion/,0,63
https://www.medicsintegralsalut.com/en/units/cosmetic-surgery-3/,0,63
https://www.medicsintegralsalut.com/en/units/cosmetic-surgery-3/lifting-arms-and-legs-2/,0,63
https://www.medicsintegralsalut.com/ru/%D0%B5%D0%B4%D0%B8%D0%BD%D0%B8%D1%86%D1%8B/%D1%8D%D1%81%D1%82%D0%B5%D1%82%D0%B8%D1%87%D0%B5%D1%81%D0%BA%D0%B0%D1%8F-%D0%BE%D0%BF%D0%B5%D1%80%D0%B0%D1%86%D0%B8%D1%8F-%D1%82%D0%B5%D0%BB%D0%B0/%D0%BF%D0%BE%D0%B4%D0%BD%D1%8F%D1%82%D0%B8%D0%B5-%D1%80%D1%83%D0%BA-%D0%B8-%D0%BD%D0%BE%D0%B3/,0,63
https://www.medicsintegralsalut.com/en/otoplasty-for-prominent-ears-girona/,0,63
https://www.medicsintegralsalut.com/fr/unites/surpoids-et-obesite-2/ballon-gastrique-gerone/,1,62
https://www.medicsintegralsalut.com/en/ultrasonic-rhinoplasty-2/,0,62
https://www.medicsintegralsalut.com/ru/rinoplastia-o-septoplastia/,0,61
https://www.medicsintegralsalut.com/en/units/overweight-and-obesity-2/balloon-6-months/,0,61
https://www.medicsintegralsalut.com/unitats/,0,61
https://www.medicsintegralsalut.com/unidades/gabinete-de-estetica/drenaje-linfatico/,0,60
https://www.medicsintegralsalut.com/uk/,0,60
https://www.medicsintegralsalut.com/ca/unitats-2/cirugia-estetica-facial/otoplastia/,0,60
https://www.medicsintegralsalut.com/ca/unitats-2/cirurgia-estetica-facial-2/otoplastia/,0,60
https://www.medicsintegralsalut.com/ru/%D0%BA%D0%B0%D0%BA%D0%B8%D0%B5-%D0%BB%D1%83%D1%87%D1%88%D0%B8%D0%B5-%D0%B8%D0%BC%D0%BF%D0%BB%D0%B0%D0%BD%D1%82%D1%8B-%D0%B4%D0%BB%D1%8F-%D0%B3%D1%80%D1%83%D0%B4%D0%BD%D1%8B%D1%85-%D0%BF%D1%80%D0%BE/,0,60
https://www.medicsintegralsalut.com/ru/%D0%BE%D1%82%D0%BE%D0%BF%D0%BB%D0%B0%D1%81%D1%82%D0%B8%D0%BA%D0%B0-%D0%BB%D0%BE%D0%BF%D0%BE%D1%83%D1%85%D0%B8%D1%85-%D1%83%D1%88%D0%B5%D0%B9-%D0%B6%D0%B8%D1%80%D0%BE%D0%BD%D0%B0/,0,60
https://www.medicsintegralsalut.com/category/cirugia-estetica-facial/page/2/,1,59
https://www.medicsintegralsalut.com/uk/unidades/cirugia-estetica-mamas/,0,59
https://www.medicsintegralsalut.com/fr/la-importante-ayuda-de-los-farmacos-en-la-perdida-de-peso-ozempic-y-mounjaro-en-nuestra-clinica/,0,59
https://www.medicsintegralsalut.com/ca/unitats-2/cirugia-estetica-facial/lifting-facial/,0,59
https://www.medicsintegralsalut.com/ru/%D0%BD%D0%BE%D0%B2%D0%B8%D0%BD%D0%BA%D0%B0-%D0%BD%D0%B8%D1%82%D0%B8-360-%D0%BB%D0%B8%D1%84%D1%82%D0%B8%D0%BD%D0%B3-%D1%8D%D1%84%D1%84%D0%B5%D0%BA%D1%82/,0,59
https://www.medicsintegralsalut.com/ru/%D0%BF%D1%80%D0%B5%D0%BE%D0%B1%D1%80%D0%B0%D0%B7%D0%B8%D1%82%D0%B5-%D1%81%D0%B2%D0%BE%D1%8E-%D1%84%D0%B8%D0%B3%D1%83%D1%80%D1%83-%D1%81-%D0%BF%D0%BE%D0%BC%D0%BE%D1%89%D1%8C%D1%8E-%D0%BF%D0%BE%D0%B4/,0,59
https://www.medicsintegralsalut.com/fr/lipofilling-resultats-permanents-seulement-avec-de-la-graisse/,0,59
https://www.medicsintegralsalut.com/uk/%D0%B3%D1%96%D0%B3%D0%B0%D0%BD%D1%82%D0%BE%D0%BC%D0%B0%D1%81%D1%82%D1%96%D1%8F-%D1%80%D1%96%D1%88%D0%B5%D0%BD%D0%BD%D1%8F-%D1%89%D0%BE%D0%B4%D0%BE-%D0%B7%D0%BC%D0%B5%D0%BD%D1%88%D0%B5%D0%BD%D0%BD/,0,59
https://www.medicsintegralsalut.com/fr/home/,1,58
https://www.medicsintegralsalut.com/uk/%D0%BE%D0%B4%D0%B8%D0%BD%D0%B8%D1%86%D1%96-2/unitat-de-medicina-cosmetica-girona/,0,58
https://www.medicsintegralsalut.com/en/elevacion-de-gluteos-sin-cirugia-es-posible/,0,58
https://www.medicsintegralsalut.com/tecnicas-de-medicina-estetica-que-nos-rejuvenecen/,0,57
https://www.medicsintegralsalut.com/fr/unites/cirugia-estetica-facial/otoplastia/,0,57
https://www.medicsintegralsalut.com/en/units/cosmetic-facial-surgery-2/eyelid-surgery-girona/,1,57
https://www.medicsintegralsalut.com/fr/rhinoplastie-ultrasonique-quest-ce-que-cest/,0,57
https://www.medicsintegralsalut.com/fr/unites/chirurgie-esthetique-des-seins-2/augmentation-mammaire-technique-ami/,0,57
https://www.medicsintegralsalut.com/deberia-reducirme-el-pecho/,0,55
https://www.medicsintegralsalut.com/uk/tecnicas-de-medicina-estetica-que-nos-rejuvenecen/,0,55
https://www.medicsintegralsalut.com/ca/unitats-2/cirurgia-estetica-de-mames/augment-de-pits-tecnica-ami/,2,55
https://www.medicsintegralsalut.com/fr/unites/surpoids-et-obesite-2/dietetique-et-nutrition/,0,55
https://www.medicsintegralsalut.com/ca/unitats-2/sobrepes-i-obesitat-2/cirurgia-bariatrica-2/bypass-gastrico/,0,55
https://www.medicsintegralsalut.com/ca/benvingut-dr-langdon/,0,54
https://www.medicsintegralsalut.com/ca/unitats/cirurgia-estetica-facial/lifting-facial/,0,54
https://www.medicsintegralsalut.com/que-cambios-positivos-aporta-una-cirugia-de-aumento-de-pecho/,0,54
https://www.medicsintegralsalut.com/fr/unites/sobrepeso-y-obesidad/balon-gastrico-girona/,0,54
https://www.medicsintegralsalut.com/ca/cuales-son-los-mejores-implantes-de-protesis-de-pechos/,0,54
https://www.medicsintegralsalut.com/fr/le-seul-ballonnet-qui-peut-etre-implante-une-annee/,3,54
https://www.medicsintegralsalut.com/ru/%D0%B5%D0%B4%D0%B8%D0%BD%D0%B8%D1%86%D1%8B/%D0%BF%D0%BB%D0%B0%D1%81%D1%82%D0%B8%D1%87%D0%B5%D1%81%D0%BA%D0%B0%D1%8F-%D1%85%D0%B8%D1%80%D1%83%D1%80%D0%B3%D0%B8%D1%8F-%D0%BB%D0%B8%D1%86%D0%B0/%D1%80%D0%B8%D0%BD%D0%BE%D0%BF%D0%BB%D0%B0%D1%81%D1%82%D0%B8%D0%BA%D0%B0/,0,54
https://www.medicsintegralsalut.com/ca/categoria/cirugia-estetica-mamas/pagina/2/,0,54
https://www.medicsintegralsalut.com/ca/cuanto-cuesta-balon-gastrico/,0,54
https://www.medicsintegralsalut.com/ru/%D1%8E%D0%BD%D0%B8%D1%82%D0%B0%D1%86/%D0%BF%D0%BB%D0%B0%D1%81%D1%82%D0%B8%D1%87%D0%B5%D1%81%D0%BA%D0%B0%D1%8F-%D0%BE%D0%BF%D0%B5%D1%80%D0%B0%D1%86%D0%B8%D1%8F-%D0%BD%D0%B0-%D0%BB%D0%B8%D1%86%D0%B5/%D0%BC%D0%B8%D0%BD%D0%B8-%D0%BB%D0%B8%D1%84%D1%82%D0%B8%D0%BD%D0%B3-%D1%88%D0%B5%D0%B8-%D0%B8-%D0%BF%D0%BE%D0%B4%D0%B1%D0%BE%D1%80%D0%BE%D0%B4%D0%BA%D0%B0/,1,54
https://www.medicsintegralsalut.com/ca/?post_type=sptp_member,0,54
https://www.medicsintegralsalut.com/en/cuanto-cuesta-lifting-facial/,0,54
https://www.medicsintegralsalut.com/ca/unitats/gabinet-destetica/eliminar-celulitis/,0,53
https://www.medicsintegralsalut.com/fr/unites/cirugia-estetica-corporal/abdominoplastia/,2,53
https://www.medicsintegralsalut.com/fr/unites/cirugia-estetica-corporal/liposuccion/,0,53
https://www.medicsintegralsalut.com/en/unidades/cirugia-estetica-facial/blefaroplastia/,0,53
https://www.medicsintegralsalut.com/fr/sk-10-el-tratamiento-con-una-inyeccion-que-adelgaza/,0,53
https://www.medicsintegralsalut.com/ru/blog-2/,0,53
https://www.medicsintegralsalut.com/ca/unitats/medicina-estetica-corporal/,0,52
https://www.medicsintegralsalut.com/en/units-2/overweight-and-obesity/bariatric-surgery/gastrectomia-vertical/,0,52
https://www.medicsintegralsalut.com/en/protesis-redondas-vs-protesis-ergonomicas/,0,52
https://www.medicsintegralsalut.com/ru/%D0%B5%D0%B4%D0%B8%D0%BD%D0%B8%D1%86%D1%8B/%D0%BA%D0%B0%D0%B1%D0%B8%D0%BD%D0%B5%D1%82-%D1%8D%D1%81%D1%82%D0%B5%D1%82%D0%B8%D0%BA%D0%B8/%D1%83%D1%81%D1%82%D1%80%D0%B0%D0%BD%D0%B8%D1%82%D1%8C-%D1%86%D0%B5%D0%BB%D0%BB%D1%8E%D0%BB%D0%B8%D1%82/,0,52
https://www.medicsintegralsalut.com/tag/mounjaro/,7,51
https://www.medicsintegralsalut.com/ca/unitats/medicina-estetica-facial/,0,51
https://www.medicsintegralsalut.com/en/units/sobrepeso-y-obesidad/dietetica-y-nutricion/,1,51
https://www.medicsintegralsalut.com/fr/quels-sont-les-meilleurs-implants-de-protheses-mammaires/,0,51
https://www.medicsintegralsalut.com/en/how-to-get-rid-of-cellulite/,0,51
https://www.medicsintegralsalut.com/ru/%D1%8E%D0%BD%D0%B8%D1%82%D0%B0%D1%86/%D1%8D%D1%81%D1%82%D0%B5%D1%82%D0%B8%D1%87%D0%B5%D1%81%D0%BA%D0%B0%D1%8F-%D1%85%D0%B8%D1%80%D1%83%D1%80%D0%B3%D0%B8%D1%8F-%D1%82%D0%B5%D0%BB%D0%B0/lipofiling-corporal/,0,51
https://www.medicsintegralsalut.com/beauty-days-blefaroplastia/,0,50
https://www.medicsintegralsalut.com/ru/%D0%B5%D0%B4%D0%B8%D0%BD%D0%B8%D1%86%D1%8B/%D1%8D%D1%81%D1%82%D0%B5%D1%82%D0%B8%D1%87%D0%B5%D1%81%D0%BA%D0%B0%D1%8F-%D0%BC%D0%B5%D0%B4%D0%B8%D1%86%D0%B8%D0%BD%D0%B0-%D0%BB%D0%B8%D1%86%D0%B0/%D0%B4%D1%80%D1%8F%D0%B1%D0%BB%D0%BE%D1%81%D1%82%D1%8C-%D0%BF%D0%BE%D0%B4%D1%82%D1%8F%D0%B3%D0%B8%D0%B2%D0%B0%D1%8E%D1%89%D0%B8%D0%B5-%D0%BD%D0%B8%D1%82%D0%B8/,0,50
https://www.medicsintegralsalut.com/en/blog-2/,2,50
https://www.medicsintegralsalut.com/fr/unites/surpoids-et-obesite-2/chirurgie-bariatrique-2/,0,50
https://www.medicsintegralsalut.com/fr/unites/chirurgie-esthetique-corporelle-2/liposuccion/,0,49
https://www.medicsintegralsalut.com/en/que-es-mejor-liposuccion-tradicional-o-liposuccion-vaser/,1,49
https://www.medicsintegralsalut.com/uk/%D0%BE%D0%B4%D0%B8%D0%BD%D0%B8%D1%86%D1%96/%D0%BD%D0%B0%D0%B4%D0%BC%D1%96%D1%80%D0%BD%D0%B0-%D0%B2%D0%B0%D0%B3%D0%B0-%D1%82%D0%B0-%D0%BE%D0%B6%D0%B8%D1%80%D1%96%D0%BD%D0%BD%D1%8F-2/%D0%B1%D0%B0%D1%80%D1%96%D0%B0%D1%82%D1%80%D0%B8%D1%87%D0%BD%D0%B0-%D1%85%D1%96%D1%80%D1%83%D1%80%D0%B3%D1%96%D1%8F-2/%D1%88%D0%BB%D1%83%D0%BD%D0%BA%D0%BE%D0%B2%D0%B8%D0%B9-%D1%88%D1%83%D0%BD%D1%82/,0,49
https://www.medicsintegralsalut.com/unitats/cirurgia-estetica-corporal/,0,49
https://www.medicsintegralsalut.com/fr/unites/institut-de-beaute/eliminer-la-cellulite/,0,49
https://www.medicsintegralsalut.com/ca/unitats/cirurgia-estetica-corporal/lipofiling-corporal/,0,48
https://www.medicsintegralsalut.com/ca/solucion-mamas-tuberosas/,0,48
https://www.medicsintegralsalut.com/fr/unites/chirurgie-esthetique-des-seins-2/lifting-des-seins-pexie-mammaire/,0,48
https://www.medicsintegralsalut.com/fr/unites/chirurgie-esthetique-des-seins-2/reduction-mammaire/,0,48
https://www.medicsintegralsalut.com/ca/unitats/medicina-estetica-facial/pela/,0,48
https://www.medicsintegralsalut.com/ca/unitats/sobrepes-i-obesitat/cirurgia-bariatrica/encreuament-duodenal/,0,47
https://www.medicsintegralsalut.com/ca/unitats/cirurgia-estetica-mames/recanvi-de-protesis/,1,47
https://www.medicsintegralsalut.com/ca/team/dr-valenti-puig-divi/,1,47
https://www.medicsintegralsalut.com/en/la-rinoplastia-ultrasonica-es-una-tecnica-de-cirugia-estetica-de-nariz/,0,47
https://www.medicsintegralsalut.com/ca/rinoseptoplastia-que-es/,0,46
https://www.medicsintegralsalut.com/en/feel-the-power-of-well-being-with-cosmetic-surgery-for-separated-breasts/,0,46
https://www.medicsintegralsalut.com/en/units-2/overweight-and-obesity/inedible-balloon-ellipse/,0,46
https://www.medicsintegralsalut.com/unitats/gabinet-destetica/drenatge-limfatic/,0,45
https://www.medicsintegralsalut.com/en/se-pueden-realizar-tratamientos-postparto-de-cirugia-estetica/,0,45
https://www.medicsintegralsalut.com/ca/unitats-2/sobrepes-i-obesitat-2/cirurgia-bariatrica-2/,0,45
https://www.medicsintegralsalut.com/fr/unites/medecine-esthetique-faciale/rinomodelisation/,0,45
https://www.medicsintegralsalut.com/fr/unidades/cirugia-estetica-mamas/,0,45
https://www.medicsintegralsalut.com/ca/unitats/,0,44
https://www.medicsintegralsalut.com/category/cirugia-estetica-mamas/,0,44
https://www.medicsintegralsalut.com/ru/lipofilling-resultados-permanentes-solo-con-grasa/,0,44
https://www.medicsintegralsalut.com/fr/unidades/cirugia-estetica-masculina/blefaroplastia/,0,44
https://www.medicsintegralsalut.com/ca/descubre-todo-lo-que-necesitas-saber-sobre-los-diferentes-tipos-de-cirugia-bariatrica/,1,44
https://www.medicsintegralsalut.com/fr/unites/sobrepeso-y-obesidad/balon-6-meses/,0,44
https://www.medicsintegralsalut.com/ru/%D0%B5%D0%B4%D0%B8%D0%BD%D0%B8%D1%86%D1%8B/%D0%BF%D0%BB%D0%B0%D1%81%D1%82%D0%B8%D1%87%D0%B5%D1%81%D0%BA%D0%B0%D1%8F-%D1%85%D0%B8%D1%80%D1%83%D1%80%D0%B3%D0%B8%D1%8F-%D0%BB%D0%B8%D1%86%D0%B0/%D0%BF%D0%BE%D0%B4%D1%82%D1%8F%D0%B6%D0%BA%D0%B0-%D0%BB%D0%B8%D1%86%D0%B0/,0,44
https://www.medicsintegralsalut.com/en/units/cosmetic-facial-surgery-2/rhinoplasty/,0,44
https://www.medicsintegralsalut.com/fr/unites/medecine-esthetique-corporelle/cellulite/,0,44
https://www.medicsintegralsalut.com/ca/unitats/medicina-estetica-facial/arrugues-dexpressio/,0,43
https://www.medicsintegralsalut.com/ca/unitats/medicina-estetica-facial/augment-de-llavis/,3,43
https://www.medicsintegralsalut.com/ca/medicina-estetica/,0,43
https://www.medicsintegralsalut.com/ca/unitats/cirurgia-estetica-corporal/,0,43
https://www.medicsintegralsalut.com/fr/category/cirugia-estetica-mamas/,0,43
https://www.medicsintegralsalut.com/en/que-cambios-positivos-aporta-una-cirugia-de-aumento-de-pecho/,0,43
https://www.medicsintegralsalut.com/ru/%D0%B5%D0%B4%D0%B8%D0%BD%D0%B8%D1%86%D1%8B/%D0%B8%D0%B7%D0%B1%D1%8B%D1%82%D0%BE%D1%87%D0%BD%D1%8B%D0%B9-%D0%B2%D0%B5%D1%81-%D0%B8-%D0%BE%D0%B6%D0%B8%D1%80%D0%B5%D0%BD%D0%B8%D0%B5-2/%D0%B1%D0%B0%D1%80%D0%B8%D0%B0%D1%82%D1%80%D0%B8%D1%87%D0%B5%D1%81%D0%BA%D0%B0%D1%8F-%D1%85%D0%B8%D1%80%D1%83%D1%80%D0%B3%D0%B8%D1%8F-2/,0,43
https://www.medicsintegralsalut.com/uk/%D0%BE%D0%B4%D0%B8%D0%BD%D0%B8%D1%86%D1%96/%D0%B5%D1%81%D1%82%D0%B5%D1%82%D0%B8%D1%87%D0%BD%D0%B0-%D1%85%D1%96%D1%80%D1%83%D1%80%D0%B3%D1%96%D1%8F-%D1%82%D1%96%D0%BB%D0%B0-2/%D0%B0%D0%B1%D0%B4%D0%BE%D0%BC%D1%96%D0%BD%D0%BE%D0%BF%D0%BB%D0%B0%D1%81%D1%82%D0%B8%D0%BA%D0%B0/,1,43
https://www.medicsintegralsalut.com/ca/unitats-2/medicina-estetica-facial/augmentacio-de-llavis/,0,43
https://www.medicsintegralsalut.com/en/team/dr-mike-dewever/,0,43
https://www.medicsintegralsalut.com/el-unico-balon-que-puede-estar-implantado-un-ano/,0,42
https://www.medicsintegralsalut.com/unitats/cirurgia-estetica-facial/,0,42
https://www.medicsintegralsalut.com/en/reconstruccio-despres-dun-cancer-de-mama/,0,42
https://www.medicsintegralsalut.com/en/units/cirugia-estetica-corporal/liposuction-2/,0,42
https://www.medicsintegralsalut.com/team/dr-amador-garcia-ruiz-de-gordejuela/,2,42
https://www.medicsintegralsalut.com/en/units/beauty-salon/fruit-acid-2/,0,42
https://www.medicsintegralsalut.com/fr/unites-2/chirurgie-esthetique-corporelle/liposuccion-vaser-2/,0,42
https://www.medicsintegralsalut.com/ca/lexit-del-procediment-es-lexit-dels-resultats/,0,41
https://www.medicsintegralsalut.com/reconstruccion-tras-cancer-de-mama/,0,41
https://www.medicsintegralsalut.com/category/medicina-estetica-corporal/,0,41
https://www.medicsintegralsalut.com/ru/factores-de-crecimiento-obtenidos-de-las-plaquetas-prp/,0,41
https://www.medicsintegralsalut.com/ca/cuales-son-las-mejores-protesis-de-mama/,0,41
https://www.medicsintegralsalut.com/en/cuales-son-las-mejores-protesis-de-mama/,2,41
https://www.medicsintegralsalut.com/en/units/sobrepeso-y-obesidad/,0,41
https://www.medicsintegralsalut.com/ca/unitats-2/cirurgia-estetica-corporal-2/liposuccio-vaser-2/,1,41
https://www.medicsintegralsalut.com/fr/unites/chirurgie-esthetique-corporelle-2/chirurgie-genitale-feminine-2/,3,41
https://www.medicsintegralsalut.com/ru/%D0%B5%D0%B4%D0%B8%D0%BD%D0%B8%D1%86%D1%8B/%D1%8D%D1%81%D1%82%D0%B5%D1%82%D0%B8%D1%87%D0%B5%D1%81%D0%BA%D0%B0%D1%8F-%D0%BC%D0%B5%D0%B4%D0%B8%D1%86%D0%B8%D0%BD%D0%B0-%D0%BB%D0%B8%D1%86%D0%B0/%D0%BC%D0%BE%D1%80%D1%89%D0%B8%D0%BD%D1%8B-%D0%BE%D1%82-%D0%BC%D0%B8%D0%BC%D0%B8%D0%BA%D0%B8/,2,41
https://www.medicsintegralsalut.com/ca/com-eliminar-la-cel%C2%B7lulitis/,1,41
https://www.medicsintegralsalut.com/uk/el-unico-balon-que-puede-estar-implantado-un-ano/,2,40
https://www.medicsintegralsalut.com/ca/unitats-2/medicina-estetica-facial/arrugas-de-expresion/,1,40
https://www.medicsintegralsalut.com/unitats/sobrepes-i-obesitat/endomanga/,0,40
https://www.medicsintegralsalut.com/ca/lo-que-quieres-saber-del-aumento-de-pecho-paso-a-paso/,0,40
https://www.medicsintegralsalut.com/en/units/beauty-salon/eliminar-celulitis/,0,40
https://www.medicsintegralsalut.com/fr/unites/chirurgie-esthetique-faciale/blepharoplastie/,0,40
https://www.medicsintegralsalut.com/uk/%D1%80%D0%B8%D0%BD%D0%BE%D0%BF%D0%BB%D0%B0%D1%81%D1%82%D0%B8%D0%BA%D0%B0-%D0%B0%D0%B1%D0%BE-%D1%81%D0%B5%D0%BF%D1%82%D0%BE%D0%BF%D0%BB%D0%B0%D1%81%D1%82%D0%B8%D0%BA%D0%B0/,0,40
https://www.medicsintegralsalut.com/ca/unitats/cirurgia-estetica-facial/otoplastia/,1,39
https://www.medicsintegralsalut.com/ca/unitats/cirurgia-estetica-corporal/liposuccio-vaser/,0,39
https://www.medicsintegralsalut.com/ca/equip/dr-cristobal-langdon-montero/,2,39
https://www.medicsintegralsalut.com/uk/%D0%BE%D0%B4%D0%B8%D0%BD%D0%B8%D1%86%D1%96/%D1%81%D0%B0%D0%BB%D0%BE%D0%BD-%D0%BA%D1%80%D0%B0%D1%81%D0%B8/%D0%BB%D1%96%D0%BC%D1%84%D0%BE%D0%B4%D1%80%D0%B5%D0%BD%D0%B0%D0%B6/,0,39
https://www.medicsintegralsalut.com/ca/cuando-debemos-poner-protesis-anatomicas/,0,39
https://www.medicsintegralsalut.com/ca/team/dr-david-perez-asensio/,1,39
https://www.medicsintegralsalut.com/fr/unites/institut-de-beaute/radiofrequence-faciale-et-corporelle/,0,39
https://www.medicsintegralsalut.com/en/units/cosmetic-facial-surgery-2/rhinoplasty-girona/,1,39
https://www.medicsintegralsalut.com/ca/unitats-2/cirurgia-estetica-facial-2/farciment-darrugues-2/,1,39
https://www.medicsintegralsalut.com/en/nuestra-experiencia-con-la-rinoplastia-ultrasonica/,0,39
https://www.medicsintegralsalut.com/ru/%D1%8E%D0%BD%D0%B8%D1%82%D0%B0%D1%86/%D0%BC%D1%83%D0%B6%D1%81%D0%BA%D0%B0%D1%8F-%D0%BF%D0%BB%D0%B0%D1%81%D1%82%D0%B8%D1%87%D0%B5%D1%81%D0%BA%D0%B0%D1%8F-%D1%85%D0%B8%D1%80%D1%83%D1%80%D0%B3%D0%B8%D1%8F/ginecomastia/,0,39
https://www.medicsintegralsalut.com/ru/%D0%B5%D0%B4%D0%B8%D0%BD%D0%B8%D1%86%D1%8B/%D0%BA%D0%B0%D0%B1%D0%B8%D0%BD%D0%B5%D1%82-%D1%8D%D1%81%D1%82%D0%B5%D1%82%D0%B8%D0%BA%D0%B8/%D1%80%D0%B0%D0%B4%D0%B8%D0%BE%D1%87%D0%B0%D1%81%D1%82%D0%BE%D1%82%D0%BD%D0%B0%D1%8F-%D0%BF%D0%BE%D0%B4%D1%82%D1%8F%D0%B6%D0%BA%D0%B0-%D0%BB%D0%B8%D1%86%D0%B0-%D0%B8-%D1%82%D0%B5%D0%BB%D0%B0/,1,39
https://www.medicsintegralsalut.com/unitats/medicina-estetica-facial/peeling/,0,39
https://www.medicsintegralsalut.com/ru/que-son-las-protesis-de-mamas-ergonomicas/,0,38
https://www.medicsintegralsalut.com/ca/unitats-2/medicina-estetica-corporal/liposuccion-sin-cirugia/,0,38
https://www.medicsintegralsalut.com/en/cosmetic-body-medicine/liposuccion-sin-cirugia/,0,38
https://www.medicsintegralsalut.com/ru/%D0%BA%D0%B0%D1%82%D0%B5%D0%B3%D0%BE%D1%80%D0%B8%D1%8F/%D1%8D%D1%81%D1%82%D0%B5%D1%82%D0%B8%D1%87%D0%B5%D1%81%D0%BA%D0%B0%D1%8F-%D0%BC%D0%B5%D0%B4%D0%B8%D1%86%D0%B8%D0%BD%D0%B0-%D1%82%D0%B5%D0%BB%D0%B0/,0,38
https://www.medicsintegralsalut.com/ca/unitats-2/cirurgia-estetica-facial-2/cirurgia-de-barbeta-i-pomuls/,1,38
https://www.medicsintegralsalut.com/ca/unitats-2/cirurgia-estetica-facial-2/minilifting-de-coll-i-papada-2/,0,38
https://www.medicsintegralsalut.com/en/units/overweight-and-obesity-2/cirugia-postbariatrica/,0,38
https://www.medicsintegralsalut.com/fr/cuales-son-los-mejores-implantes-de-protesis-de-pechos/,0,38
https://www.medicsintegralsalut.com/en/financing/,0,38
https://www.medicsintegralsalut.com/en/units-2/cosmetic-facial-surgery/nasal-septum-piercing-2/,0,38
https://www.medicsintegralsalut.com/fr/unites-2/chirurgie-esthetique-masculine-2/lifting-du-cou-et-du-menton-2/,0,38
https://www.medicsintegralsalut.com/ru/sk-10-el-tratamiento-con-una-inyeccion-que-adelgaza/,0,37
https://www.medicsintegralsalut.com/ca/cirugia-plastica-girona-equipo-medico/,0,37
https://www.medicsintegralsalut.com/uk/%D0%BE%D0%B4%D0%B8%D0%BD%D0%B8%D1%86%D1%96/%D0%B5%D1%81%D1%82%D0%B5%D1%82%D0%B8%D1%87%D0%BD%D0%B0-%D1%85%D1%96%D1%80%D1%83%D1%80%D0%B3%D1%96%D1%8F-%D1%82%D1%96%D0%BB%D0%B0-2/%D0%BB%D1%96%D0%BF%D0%BE%D1%81%D0%B0%D0%BA%D1%86%D1%96%D1%8F-%D0%BC%D0%B5%D1%82%D0%BE%D0%B4%D0%BE%D0%BC-vaser-2/,0,37
https://www.medicsintegralsalut.com/en/la-reduccion-de-mamas-mas-que-un-cambio-de-volumen-un-cambio-de-vida/,0,37
https://www.medicsintegralsalut.com/fr/unites/chirurgie-esthetique-faciale/rhinoplastie/,0,37
https://www.medicsintegralsalut.com/ru/cuanto-cuesta-lifting-facial/,0,37
https://www.medicsintegralsalut.com/tag/ozempic/,2,36
https://www.medicsintegralsalut.com/en/cirugia-plastica-girona-equipo-medico/,0,36
https://www.medicsintegralsalut.com/ca/unitats-2/cirugia-estetica-corporal/,0,36
https://www.medicsintegralsalut.com/ca/unitats-2/gabinet-destetica-2/revitalitzacio-facial-2/,0,36
https://www.medicsintegralsalut.com/ru/%D0%B5%D0%B4%D0%B8%D0%BD%D0%B8%D1%86%D1%8B/%D1%8D%D1%81%D1%82%D0%B5%D1%82%D0%B8%D1%87%D0%B5%D1%81%D0%BA%D0%B0%D1%8F-%D0%BE%D0%BF%D0%B5%D1%80%D0%B0%D1%86%D0%B8%D1%8F-%D1%82%D0%B5%D0%BB%D0%B0/%D0%B0%D0%B1%D0%B4%D0%BE%D0%BC%D0%B8%D0%BD%D0%BE%D0%BF%D0%BB%D0%B0%D1%81%D1%82%D0%B8%D0%BA%D0%B0/,0,36
https://www.medicsintegralsalut.com/ca/como-mejorar-la-estetica-de-las-cicatrices/,0,36
https://www.medicsintegralsalut.com/en/units/facial-aesthetic-medicine/rhinomodelling/,0,36
https://www.medicsintegralsalut.com/uk/%D0%BE%D0%B4%D0%B8%D0%BD%D0%B8%D1%86%D1%96/%D1%87%D0%BE%D0%BB%D0%BE%D0%B2%D1%96%D1%87%D0%B0-%D0%B5%D1%81%D1%82%D0%B5%D1%82%D0%B8%D1%87%D0%BD%D0%B0-%D1%85%D1%96%D1%80%D1%83%D1%80%D0%B3%D1%96%D1%8F/%D0%B3%D1%96%D0%BD%D0%B5%D0%BA%D0%BE%D0%BC%D0%B0%D1%81%D1%82%D1%96%D1%8F/,0,36
https://www.medicsintegralsalut.com/en/units-2/male-cosmetic-surgery-2/ginecomastia/,0,36
https://www.medicsintegralsalut.com/cirurgia-estetica/,0,36
https://www.medicsintegralsalut.com/ca/aliments-que-beneficien-la-teva-pell/,0,35
https://www.medicsintegralsalut.com/ca/category/cirurgia-estetica-mames/,0,35
https://www.medicsintegralsalut.com/ru/tecnicas-de-medicina-estetica-que-ens-fan-rejovenir/,0,35
https://www.medicsintegralsalut.com/ca/unitats-2/medicina-estetica-facial/rinomodelacio/,0,35
https://www.medicsintegralsalut.com/en/contact/,1,35
https://www.medicsintegralsalut.com/consell-a-la-cirurgia-daugment-de-mames/,0,35
https://www.medicsintegralsalut.com/lp-ginecomastia-girona/,0,34
https://www.medicsintegralsalut.com/uk/algunas-razones-por-las-que-no-perdemos-peso/,0,34
https://www.medicsintegralsalut.com/fr/unites/chirurgie-esthetique-masculine/gynecomastie/,1,34
https://www.medicsintegralsalut.com/uk/%D0%BE%D0%B4%D0%B8%D0%BD%D0%B8%D1%86%D1%96/%D0%B5%D1%81%D1%82%D0%B5%D1%82%D0%B8%D1%87%D0%BD%D0%B0-%D0%BC%D0%B5%D0%B4%D0%B8%D1%86%D0%B8%D0%BD%D0%B0-%D0%B4%D0%BB%D1%8F-%D1%82%D1%96%D0%BB%D0%B0/liposuccion-sin-cirugia/,0,34
https://www.medicsintegralsalut.com/uk/%D0%BE%D0%B4%D0%B8%D0%BD%D0%B8%D1%86%D1%96/%D0%B5%D1%81%D1%82%D0%B5%D1%82%D0%B8%D1%87%D0%BD%D0%B0-%D1%85%D1%96%D1%80%D1%83%D1%80%D0%B3%D1%96%D1%8F-%D1%82%D1%96%D0%BB%D0%B0-2/lipofiling-corporal/,0,34
https://www.medicsintegralsalut.com/en/units/cosmetic-breast-surgery-2/breast-augmentation-ami-technique/,0,34
https://www.medicsintegralsalut.com/fr/unites/institut-de-beaute/,0,34
https://www.medicsintegralsalut.com/ru/%D1%8E%D0%BD%D0%B8%D1%82%D0%B0%D1%86/%D1%8D%D1%81%D1%82%D0%B5%D1%82%D0%B8%D1%87%D0%B5%D1%81%D0%BA%D0%B0%D1%8F-%D0%BC%D0%B5%D0%B4%D0%B8%D1%86%D0%B8%D0%BD%D0%B0-%D0%BB%D0%B8%D1%86%D0%B0/%D1%83%D0%B2%D0%B5%D0%BB%D0%B8%D1%87%D0%B8%D1%82%D1%8C-%D0%B3%D1%83%D0%B1%D1%8B/,0,34
https://www.medicsintegralsalut.com/lexit-del-procediment-es-lexit-dels-resultats/,1,33
https://www.medicsintegralsalut.com/tag/mamas-tuberosas/,0,33
https://www.medicsintegralsalut.com/ca/unitats/cirurgia-estetica-masculina/ginecomastia/,0,33
https://www.medicsintegralsalut.com/en/sk-10-el-tratamiento-con-una-inyeccion-que-adelgaza/,0,33
https://www.medicsintegralsalut.com/fr/unites/cirugia-estetica-mamas/aumento-de-pecho-tecnica-ami/,0,33
https://www.medicsintegralsalut.com/ru/category/cirurgia-estetica-corporal/,0,33
https://www.medicsintegralsalut.com/fr/cirugia-plastica-girona-equipo-medico/,0,33
https://www.medicsintegralsalut.com/ca/unitats-2/sobrepes-i-obesitat-2/balon-6-meses/,0,33
https://www.medicsintegralsalut.com/fr/transforme-votre-silhouette-avec-le-lifting-mammaire-tout-ce-que-vous-devez-savoir/,0,33
https://www.medicsintegralsalut.com/fr/unites-2/chirurgie-esthetique-corporelle/chirurgie-genitale-feminine/,0,33
https://www.medicsintegralsalut.com/ca/la-bellesa-del-rostre-el-triangle-invertit/,0,32
https://www.medicsintegralsalut.com/ru/la-rinoplastia-ultrasonica-es-una-tecnica-de-cirugia-estetica-de-nariz/,1,32
https://www.medicsintegralsalut.com/en/units/facial-aesthetic-medicine/,0,32
https://www.medicsintegralsalut.com/uk/%D0%BE%D0%B4%D0%B8%D0%BD%D0%B8%D1%86%D1%96/%D0%B5%D1%81%D1%82%D0%B5%D1%82%D0%B8%D1%87%D0%BD%D0%B0-%D1%85%D1%96%D1%80%D1%83%D1%80%D0%B3%D1%96%D1%8F-%D0%BE%D0%B1%D0%BB%D0%B8%D1%87%D1%87%D1%8F-2/%D0%BF%D0%B5%D1%80%D1%84%D0%BE%D1%80%D0%B0%D1%86%D1%96%D1%8F-%D0%BD%D0%BE%D1%81%D0%BE%D0%B2%D0%BE%D1%97-%D0%BF%D0%B5%D1%80%D0%B5%D0%B3%D0%BE%D1%80%D0%BE%D0%B4%D0%BA%D0%B8/,0,32
https://www.medicsintegralsalut.com/fr/unites/surpoids-et-obesite-2/endomanga/,0,32
https://www.medicsintegralsalut.com/uk/%D0%B0%D0%B2%D1%82%D0%BE%D1%80/infomedicstetics/%D1%81%D1%82%D0%BE%D1%80%D1%96%D0%BD%D0%BA%D0%B0/2/,0,32
https://www.medicsintegralsalut.com/fr/unites/chirurgie-esthetique-faciale/,0,32
https://www.medicsintegralsalut.com/uk/%D1%8F%D0%BA%D1%96-%D0%B3%D1%80%D1%83%D0%B4%D0%BD%D1%96-%D0%BF%D1%80%D0%BE%D1%82%D0%B5%D0%B7%D0%B8-%D0%BD%D0%B0%D0%B9%D0%BA%D1%80%D0%B0%D1%89%D1%96/,0,32
https://www.medicsintegralsalut.com/ca/equip/dr-amador-garcia-ruiz-de-gordejuela/,2,31
https://www.medicsintegralsalut.com/unidades/sobrepeso-y-obesidad/balon-12-meses-reajustable-new/,0,31
https://www.medicsintegralsalut.com/ca/unitats/medicina-estetica-corporal/celulitis/,0,31
https://www.medicsintegralsalut.com/ru/bienvenido-dr-langdon/,0,31
https://www.medicsintegralsalut.com/en/units/sobrepeso-y-obesidad/balon-gastrico-girona/,0,31
https://www.medicsintegralsalut.com/en/units/cosmetic-facial-surgery-2/eyelid-surgery/,2,31
https://www.medicsintegralsalut.com/augment-mamari-amb-protesi-motiva/,0,31
https://www.medicsintegralsalut.com/ca/unitats/cirurgia-estetica-masculina/,1,30
https://www.medicsintegralsalut.com/ca/categoria/cirugia-estetica-mamas/,0,30
https://www.medicsintegralsalut.com/ca/lipofilling-resultados-permanentes-solo-con-grasa/,0,30
https://www.medicsintegralsalut.com/uk/%D0%B3%D1%96%D0%BD%D0%B5%D0%BA%D0%BE%D0%BC%D0%B0%D1%81%D1%82%D1%96%D1%8F-%D0%BC%D0%B0%D1%94-%D0%BE%D1%81%D1%82%D0%B0%D1%82%D0%BE%D1%87%D0%BD%D0%B5-%D1%80%D1%96%D1%88%D0%B5%D0%BD%D0%BD%D1%8F/,0,30
https://www.medicsintegralsalut.com/uk/%D0%BE%D0%B4%D0%B8%D0%BD%D0%B8%D1%86%D1%96/%D0%B5%D1%81%D1%82%D0%B5%D1%82%D0%B8%D1%87%D0%BD%D0%B0-%D1%85%D1%96%D1%80%D1%83%D1%80%D0%B3%D1%96%D1%8F-%D1%82%D1%96%D0%BB%D0%B0-2/%D0%B7%D0%B1%D1%96%D0%BB%D1%8C%D1%88%D0%B5%D0%BD%D0%BD%D1%8F-%D1%81%D1%96%D0%B4%D0%BD%D0%B8%D1%86%D1%8C-2/,0,30
https://www.medicsintegralsalut.com/ca/equip/dra-cristina-vera/,1,30
https://www.medicsintegralsalut.com/fr/unites-2/surpoids-et-obesite/balle-ingerable-ellipse/,0,30
https://www.medicsintegralsalut.com/ru/%D1%8E%D0%BD%D0%B8%D1%82%D0%B0%D1%86/%D1%8D%D1%81%D1%82%D0%B5%D1%82%D0%B8%D1%87%D0%B5%D1%81%D0%BA%D0%B0%D1%8F-%D1%85%D0%B8%D1%80%D1%83%D1%80%D0%B3%D0%B8%D1%8F-%D1%82%D0%B5%D0%BB%D0%B0/%D1%83%D0%B2%D0%B5%D0%BB%D0%B8%D1%87%D0%B5%D0%BD%D0%B8%D0%B5-%D1%8F%D0%B3%D0%BE%D0%B4%D0%B8%D1%86/,0,30
https://www.medicsintegralsalut.com/ca/categoria/medicina-estetica-facial/,0,30
https://www.medicsintegralsalut.com/cambio-de-imagen-y-estilo-de-vida-con-la-cirugia-bariatrica/,0,29
https://www.medicsintegralsalut.com/category/cirugia-estetica-masculina/,0,29
https://www.medicsintegralsalut.com/uk/sk-10-el-tratamiento-con-una-inyeccion-que-adelgaza/,0,29
https://www.medicsintegralsalut.com/fr/unites/sobrepeso-y-obesidad/cirugia-bariatrica/bypass-gastrico-2/,0,29
https://www.medicsintegralsalut.com/ca/unitats-2/cirugia-estetica-mamas/aumento-de-pecho-girona/,0,29
https://www.medicsintegralsalut.com/en/descubre-la-diferencia-entre-lipo-vaser-y-liposuccion/,0,29
https://www.medicsintegralsalut.com/en/units-2/cosmetic-body-medicine/celulitis/,0,29
https://www.medicsintegralsalut.com/fr/unites/surpoids-et-obesite-2/ballon-6-mois/,0,29
https://www.medicsintegralsalut.com/ru/%D0%B5%D0%B4%D0%B8%D0%BD%D0%B8%D1%86%D1%8B/%D0%BF%D0%BB%D0%B0%D1%81%D1%82%D0%B8%D1%87%D0%B5%D1%81%D0%BA%D0%B0%D1%8F-%D1%85%D0%B8%D1%80%D1%83%D1%80%D0%B3%D0%B8%D1%8F-%D0%BB%D0%B8%D1%86%D0%B0/,0,29
https://www.medicsintegralsalut.com/ru/%D1%84%D0%B0%D0%BA%D1%82%D0%BE%D1%80%D1%8B-%D1%80%D0%BE%D1%81%D1%82%D0%B0-%D0%BF%D0%BE%D0%BB%D1%83%D1%87%D0%B5%D0%BD%D0%BD%D1%8B%D0%B5-%D0%B8%D0%B7-%D1%82%D1%80%D0%BE%D0%BC%D0%B1%D0%BE%D1%86%D0%B8/,2,29
https://www.medicsintegralsalut.com/fr/unites/chirurgie-esthetique-corporelle-2/lipofilling-corporel/,0,29
https://www.medicsintegralsalut.com/ca/unitats-2/sobrepes-i-obesitat-2/pilota-ingerible-el%C2%B7lipse/,0,29
https://www.medicsintegralsalut.com/en/units-2/male-cosmetic-surgery-2/neck-and-double-chin-lift-2/,0,29
https://www.medicsintegralsalut.com/en/la-importancia-de-seleccionar-el-tratamiento-adecuado-para-la-perdida-de-peso/,0,28
https://www.medicsintegralsalut.com/fr/unites/medecine-esthetique-faciale/epluchage/,0,28
https://www.medicsintegralsalut.com/unitats/cirurgia-estetica-mames/augment-de-pit/,0,28
https://www.medicsintegralsalut.com/fr/unites/chirurgie-esthetique-faciale/mini-lifting-du-cou-et-du-double-menton/,1,28
https://www.medicsintegralsalut.com/fr/unites/surpoids-et-obesite-2/chirurgie-bariatrique-2/croisure-duodenale/,0,28
https://www.medicsintegralsalut.com/en/lipofilling-resultados-permanentes-solo-con-grasa/,0,28
https://www.medicsintegralsalut.com/ca/que-es-mejor-liposuccion-tradicional-o-liposuccion-vaser/,0,28
https://www.medicsintegralsalut.com/uk/otoplastia-que-es/,0,28
https://www.medicsintegralsalut.com/ca/avis-legal/,1,27
https://www.medicsintegralsalut.com/fr/unidades/cirugia-estetica-masculina/aumento-de-pectoral/,0,27
https://www.medicsintegralsalut.com/fr/unites/cirugia-estetica-facial/lifting-facial/,0,27
https://www.medicsintegralsalut.com/fr/category/cirurgia-estetica-mames/,0,27
https://www.medicsintegralsalut.com/ca/unitats-2/cirugia-estetica-mamas/aumento-de-pecho-tecnica-ami/,0,27
https://www.medicsintegralsalut.com/que-es-una-rinoplastia/,0,27
https://www.medicsintegralsalut.com/ru/%D0%B5%D0%B4%D0%B8%D0%BD%D0%B8%D1%86%D1%8B/%D1%8D%D1%81%D1%82%D0%B5%D1%82%D0%B8%D1%87%D0%B5%D1%81%D0%BA%D0%B0%D1%8F-%D0%BE%D0%BF%D0%B5%D1%80%D0%B0%D1%86%D0%B8%D1%8F-%D1%82%D0%B5%D0%BB%D0%B0/%D0%BB%D0%B8%D0%BF%D0%BE%D1%81%D0%B0%D0%BA%D1%86%D0%B8%D1%8F-vaser/,0,27
https://www.medicsintegralsalut.com/uk/%D0%BA%D0%B0%D1%82%D0%B5%D0%B3%D0%BE%D1%80%D1%96%D1%8F/%D0%B5%D1%81%D1%82%D0%B5%D1%82%D0%B8%D1%87%D0%BD%D0%B0-%D1%85%D1%96%D1%80%D1%83%D1%80%D0%B3%D1%96%D1%8F-%D0%BE%D0%B1%D0%BB%D0%B8%D1%87%D1%87%D1%8F-2/%D1%81%D1%82%D0%BE%D1%80%D1%96%D0%BD%D0%BA%D0%B0/2/,0,27
https://www.medicsintegralsalut.com/uk/%D0%BE%D0%B4%D0%B8%D0%BD%D0%B8%D1%86%D1%96/%D0%B5%D1%81%D1%82%D0%B5%D1%82%D0%B8%D1%87%D0%BD%D0%B0-%D1%85%D1%96%D1%80%D1%83%D1%80%D0%B3%D1%96%D1%8F-%D0%B3%D1%80%D1%83%D0%B4%D0%B5%D0%B9-2/%D0%B7%D0%B1%D1%96%D0%BB%D1%8C%D1%88%D0%B5%D0%BD%D0%BD%D1%8F-%D0%B3%D1%80%D1%83%D0%B4%D0%B5%D0%B9-%D0%B7%D0%B0-%D0%BC%D0%B5%D1%82%D0%BE%D0%B4%D0%BE%D0%BC-%D0%B0%D0%BC%D1%96/,0,27
https://www.medicsintegralsalut.com/uk/author/infomedicstetics/page/7/,0,27
https://www.medicsintegralsalut.com/en/the-significant-help-of-ozempic-and-mounjaro-drugs-in-weight-loss-at-our-clinic/,0,27
https://www.medicsintegralsalut.com/en/cirugia-de-elevacion-de-pecho/,0,27
https://www.medicsintegralsalut.com/uk/home/,0,27
https://www.medicsintegralsalut.com/fr/quest-ce-quune-rhinoplastie/,0,27
https://www.medicsintegralsalut.com/en/transforma-tu-figura-con-la-elevacion-de-pecho-todo-lo-que-necesitas-saber/,0,27
https://www.medicsintegralsalut.com/ca/financament/,0,26
https://www.medicsintegralsalut.com/unidades/cirugia-estetica-mamas/aumento-de-pecho-new/,0,26
https://www.medicsintegralsalut.com/ru/la-importante-ayuda-de-los-farmacos-en-la-perdida-de-peso-ozempic-y-mounjaro-en-nuestra-clinica/,0,26
https://www.medicsintegralsalut.com/en/category/male-cosmetic-surgery-2/,0,26
https://www.medicsintegralsalut.com/ca/sk-10-el-tratamiento-con-una-inyeccion-que-adelgaza/,1,26
https://www.medicsintegralsalut.com/ca/descubre-la-diferencia-entre-lipo-vaser-y-liposuccion/,0,26
https://www.medicsintegralsalut.com/uk/%D0%BE%D0%B4%D0%B8%D0%BD%D0%B8%D1%86%D1%96/%D0%B5%D1%81%D1%82%D0%B5%D1%82%D0%B8%D1%87%D0%BD%D0%B0-%D1%85%D1%96%D1%80%D1%83%D1%80%D0%B3%D1%96%D1%8F-%D1%82%D1%96%D0%BB%D0%B0-2/%D0%BB%D1%96%D0%BF%D0%BE%D1%84%D1%96%D0%BB%D1%96%D0%BD%D0%B3-%D1%82%D1%96%D0%BB%D0%B0/,0,26
https://www.medicsintegralsalut.com/ru/%D0%B0%D0%B2%D1%82%D0%BE%D1%80/%D0%B8%D0%BD%D1%84%D0%BE%D0%BC%D0%B5%D0%B4%D0%B8%D0%BA%D1%8D%D1%81%D1%82%D0%B5%D1%82%D0%B8%D0%BA%D1%81/%D1%81%D1%82%D1%80%D0%B0%D0%BD%D0%B8%D1%86%D0%B0/11/,0,26
https://www.medicsintegralsalut.com/en/units/cirugia-estetica-corporal/abdominoplasty/,0,26
https://www.medicsintegralsalut.com/ru/se-pueden-realizar-tratamientos-postparto-de-cirugia-estetica/,0,26
https://www.medicsintegralsalut.com/ca/unitats/gabinet-destetica/radiofrequencia-facial-y-corporal/,1,25
https://www.medicsintegralsalut.com/uk/%D0%BE%D0%B4%D0%B8%D0%BD%D0%B8%D1%86%D1%96-2/%D0%B5%D1%81%D1%82%D0%B5%D1%82%D0%B8%D1%87%D0%BD%D0%B0-%D1%85%D1%96%D1%80%D1%83%D1%80%D0%B3%D1%96%D1%8F-%D0%BE%D0%B1%D0%BB%D0%B8%D1%87%D1%87%D1%8F/%D1%85%D1%96%D1%80%D1%83%D1%80%D0%B3%D1%96%D1%8F-%D0%BF%D1%96%D0%B4%D0%B1%D0%BE%D1%80%D1%96%D0%B4%D0%B4%D1%8F-%D1%82%D0%B0-%D1%89%D0%BE%D0%BA/,0,25
https://www.medicsintegralsalut.com/uk/category/cirurgia-estetica-masculina/,0,25
https://www.medicsintegralsalut.com/en/breast-augmentation-girona-2/,0,25
https://www.medicsintegralsalut.com/ca/unitats-2/sobrepeso-y-obesidad/cirugia-bariatrica/,0,25
https://www.medicsintegralsalut.com/fr/unites/chirurgie-esthetique-masculine/liftting-de-cuello-y-papada/,0,25
https://www.medicsintegralsalut.com/en/units/cosmetic-body-medicine/,0,25
https://www.medicsintegralsalut.com/fr/unites/cirugia-estetica-facial/otoplastia-girona/,0,25
https://www.medicsintegralsalut.com/en/units/cosmetic-surgery-3/female-genital-surgery-2/,1,25
https://www.medicsintegralsalut.com/ca/otoplastia-orelles-de-punxa-girona/,0,25
https://www.medicsintegralsalut.com/en/units-2/cosmetic-facial-surgery/neck-and-jowl-lift/,0,25
https://www.medicsintegralsalut.com/en/medical-unit/,0,25
https://www.medicsintegralsalut.com/unitats/gabinet-destetica/revitalitzacio-facial/,0,25
https://www.medicsintegralsalut.com/unidades/cirugia-estetica-facial/blefaroplastia-new/,1,24
https://www.medicsintegralsalut.com/fr/unites/cirugia-estetica-facial/minilifting-de-cuello-y-papada/,0,24
https://www.medicsintegralsalut.com/fr/unites/sobrepeso-y-obesidad/dietetica-y-nutricion/,0,24
https://www.medicsintegralsalut.com/ru/eres-candidata-o-a-una-cirugia-bariatrica/,0,24
https://www.medicsintegralsalut.com/en/units/cirugia-estetica-corporal/lipofiling-corporal/,0,24
https://www.medicsintegralsalut.com/en/units/cirugia-estetica-mamas/recambiodeprotesis/,0,24
https://www.medicsintegralsalut.com/fr/unites/medicina-estetica-corporal/liposuccion-sin-cirugia/,0,24
https://www.medicsintegralsalut.com/uk/la-radiofrecuencia-la-mejor-solucion-a-la-flacidez/,0,24
https://www.medicsintegralsalut.com/ca/categoria/medicina-estetica-corporal-ca/pagina/2/,0,24
https://www.medicsintegralsalut.com/en/category/cosmetic-body-medicine/page/2/,0,24
https://www.medicsintegralsalut.com/en/units/overweight-and-obesity-2/,0,24
https://www.medicsintegralsalut.com/fr/unites/institut-de-beaute/visage-plie/,0,24
https://www.medicsintegralsalut.com/team/dra-claudia-vera/,0,24
https://www.medicsintegralsalut.com/fr/unites/institut-de-beaute/recuperateur/,0,24
https://www.medicsintegralsalut.com/ru/%D0%B5%D0%B4%D0%B8%D0%BD%D0%B8%D1%86%D1%8B/%D0%B8%D0%B7%D0%B1%D1%8B%D1%82%D0%BE%D1%87%D0%BD%D1%8B%D0%B9-%D0%B2%D0%B5%D1%81-%D0%B8-%D0%BE%D0%B6%D0%B8%D1%80%D0%B5%D0%BD%D0%B8%D0%B5-2/%D0%B1%D0%B0%D0%BB%D0%BE%D0%BD-12-%D0%BC%D0%B5%D1%81%D1%8F%D1%86%D0%B5%D0%B2-%D1%80%D0%B5%D0%B3%D1%83%D0%BB%D0%B8%D1%80%D1%83%D0%B5%D0%BC%D1%8B%D0%B9/,0,24
https://www.medicsintegralsalut.com/ca/portfoli_pagina/pagina/2/,0,24
https://www.medicsintegralsalut.com/en/units/cosmetic-facial-surgery-2/,0,24
https://www.medicsintegralsalut.com/uk/%D0%BE%D0%B4%D0%B8%D0%BD%D0%B8%D1%86%D1%96-2/%D0%BD%D0%B0%D0%B4%D0%BC%D1%96%D1%80%D0%BD%D0%B0-%D0%B2%D0%B0%D0%B3%D0%B0-%D1%82%D0%B0-%D0%BE%D0%B6%D0%B8%D1%80%D1%96%D0%BD%D0%BD%D1%8F/balo-12-mesos-reajustable/,0,24
https://www.medicsintegralsalut.com/ca/com-millorar-lestetica-de-les-cicatrius/,1,24
https://www.medicsintegralsalut.com/en/ginecomastia-girona/,0,24
https://www.medicsintegralsalut.com/ca/unitats/medicina-estetica-facial/ulleres/,0,23
https://www.medicsintegralsalut.com/fr/unites/cirugia-estetica-mamas/aumento-de-pecho-girona/,0,23
https://www.medicsintegralsalut.com/fr/unidades/cirugia-estetica-mamas/aumento-de-pecho-girona/,0,23
https://www.medicsintegralsalut.com/fr/unites-2/chirurgie-esthetique-corporelle/halteres-pour-bras-et-pectoraux/,0,23
https://www.medicsintegralsalut.com/ru/%D0%B5%D0%B4%D0%B8%D0%BD%D1%81%D1%82%D0%B2%D0%B5%D0%BD%D0%BD%D1%8B%D0%B9-%D0%BC%D1%8F%D1%87-%D0%BA%D0%BE%D1%82%D0%BE%D1%80%D1%8B%D0%B9-%D0%BC%D0%BE%D0%B6%D0%B5%D1%82-%D0%B1%D1%8B%D1%82%D1%8C-%D0%B8/,0,23
https://www.medicsintegralsalut.com/uk/%D0%BE%D0%B4%D0%B8%D0%BD%D0%B8%D1%86%D1%96/%D0%B5%D1%81%D1%82%D0%B5%D1%82%D0%B8%D1%87%D0%BD%D0%B0-%D0%BC%D0%B5%D0%B4%D0%B8%D1%86%D0%B8%D0%BD%D0%B0-%D0%B4%D0%BB%D1%8F-%D1%82%D1%96%D0%BB%D0%B0/%D1%86%D0%B5%D0%BB%D1%8E%D0%BB%D1%96%D1%82/,0,23
https://www.medicsintegralsalut.com/ca/unitats-2/medicina-estetica-corporal/cel%C2%B7lulitis/,1,23
https://www.medicsintegralsalut.com/ca/unitats-2/sobrepes-i-obesitat-2/endomanga/,1,23
https://www.medicsintegralsalut.com/ca/unitats/cirurgia-estetica-pits/reduccio-de-pit/,0,23
https://www.medicsintegralsalut.com/en/units/male-cosmetic-surgery/gynaecomastia/,1,23
https://www.medicsintegralsalut.com/uk/%D0%BE%D0%B4%D0%B8%D0%BD%D0%B8%D1%86%D1%96-2/%D0%B5%D1%81%D1%82%D0%B5%D1%82%D0%B8%D1%87%D0%BD%D0%B0-%D0%BC%D0%B5%D0%B4%D0%B8%D1%86%D0%B8%D0%BD%D0%B0-%D0%B4%D0%BB%D1%8F-%D0%BE%D0%B1%D0%BB%D0%B8%D1%87%D1%87%D1%8F/%D0%BC%D1%96%D0%BC%D1%96%D1%87%D0%BD%D1%96-%D0%B7%D0%BC%D0%BE%D1%80%D1%88%D0%BA%D0%B8-2/,0,23
https://www.medicsintegralsalut.com/ru/%D1%8E%D0%BD%D0%B8%D1%82%D0%B0%D1%86/%D1%8D%D1%81%D1%82%D0%B5%D1%82%D0%B8%D1%87%D0%B5%D1%81%D0%BA%D0%B0%D1%8F-%D1%85%D0%B8%D1%80%D1%83%D1%80%D0%B3%D0%B8%D1%8F-%D1%82%D0%B5%D0%BB%D0%B0/%D0%B6%D0%B5%D0%BD%D1%81%D0%BA%D0%B0%D1%8F-%D0%B3%D0%B5%D0%BD%D0%B8%D1%82%D0%B0%D0%BB%D1%8C%D0%BD%D0%B0%D1%8F-%D1%85%D0%B8%D1%80%D1%83%D1%80%D0%B3%D0%B8%D1%8F/,1,23
https://www.medicsintegralsalut.com/en/legal-notice/,0,23
https://www.medicsintegralsalut.com/uk/%D0%BE%D0%B4%D0%B8%D0%BD%D0%B8%D1%86%D1%96-2/%D0%BD%D0%B0%D0%B4%D0%BC%D1%96%D1%80%D0%BD%D0%B0-%D0%B2%D0%B0%D0%B3%D0%B0-%D1%82%D0%B0-%D0%BE%D0%B6%D0%B8%D1%80%D1%96%D0%BD%D0%BD%D1%8F/%D0%B1%D0%B0%D1%80%D1%96%D0%B0%D1%82%D1%80%D0%B8%D1%87%D0%BD%D0%B0-%D1%85%D1%96%D1%80%D1%83%D1%80%D0%B3%D1%96%D1%8F/%D1%88%D1%83%D0%BD%D1%82%D1%83%D0%B2%D0%B0%D0%BD%D0%BD%D1%8F-%D1%88%D0%BB%D1%83%D0%BD%D0%BA%D0%B0/,0,22
https://www.medicsintegralsalut.com/ru/%D0%BC%D0%B5%D1%82%D0%BE%D0%B4%D1%8B-%D1%8D%D1%81%D1%82%D0%B5%D1%82%D0%B8%D1%87%D0%B5%D1%81%D0%BA%D0%BE%D0%B9-%D0%BC%D0%B5%D0%B4%D0%B8%D1%86%D0%B8%D0%BD%D1%8B-%D0%BA%D0%BE%D1%82%D0%BE%D1%80%D1%8B/,0,22
https://www.medicsintegralsalut.com/ru/%D0%BA%D0%B0%D1%82%D0%B5%D0%B3%D0%BE%D1%80%D0%B8%D1%8F/%D0%BF%D0%BB%D0%B0%D1%81%D1%82%D0%B8%D1%87%D0%B5%D1%81%D0%BA%D0%B0%D1%8F-%D1%85%D0%B8%D1%80%D1%83%D1%80%D0%B3%D0%B8%D1%8F-%D0%BB%D0%B8%D1%86%D0%B0/,0,22
https://www.medicsintegralsalut.com/ca/unitats-2/cirurgia-estetica-facial-2/perforacio-del-tabic-nasal/,1,22
https://www.medicsintegralsalut.com/en/units-2/overweight-and-obesity/endomanga/,0,22
https://www.medicsintegralsalut.com/fr/unites/surpoids-et-obesite-2/,0,22
https://www.medicsintegralsalut.com/en/benefits-of-bariatric-surgery/,0,22
https://www.medicsintegralsalut.com/en/units-2/male-cosmetic-surgery-2/chest-augmentation-2/,0,22
https://www.medicsintegralsalut.com/fr/tecnicas-de-medicina-estetica-que-nos-rejuvenecen/,0,22
https://www.medicsintegralsalut.com/fr/unites/sobrepeso-y-obesidad/cirugia-bariatrica/cruce-duodenal-2/,0,21
https://www.medicsintegralsalut.com/los-casinos-online-mas-populares-de-argentina/,1,21
https://www.medicsintegralsalut.com/uk/%D0%BE%D0%B4%D0%B8%D0%BD%D0%B8%D1%86%D1%96/cirugia-estetica-facial/rinoplastia/,0,21
https://www.medicsintegralsalut.com/ca/unitats-2/sobrepeso-y-obesidad/balon-ingerible-elipse/,0,21
https://www.medicsintegralsalut.com/ru/la-importancia-de-seleccionar-el-tratamiento-adecuado-para-la-perdida-de-peso/,0,21
https://www.medicsintegralsalut.com/ru/%D0%BA%D0%B0%D1%82%D0%B5%D0%B3%D0%BE%D1%80%D0%B8%D1%8F/%D1%8D%D1%81%D1%82%D0%B5%D1%82%D0%B8%D1%87%D0%B5%D1%81%D0%BA%D0%B0%D1%8F-%D0%BE%D0%BF%D0%B5%D1%80%D0%B0%D1%86%D0%B8%D1%8F-%D1%82%D0%B5%D0%BB%D0%B0/,0,21
https://www.medicsintegralsalut.com/fr/unites-2/,0,21
https://www.medicsintegralsalut.com/ru/%D0%B5%D0%B4%D0%B8%D0%BD%D0%B8%D1%86%D1%8B/%D0%B8%D0%B7%D0%B1%D1%8B%D1%82%D0%BE%D1%87%D0%BD%D1%8B%D0%B9-%D0%B2%D0%B5%D1%81-%D0%B8-%D0%BE%D0%B6%D0%B8%D1%80%D0%B5%D0%BD%D0%B8%D0%B5-2/endomanga/,0,21
https://www.medicsintegralsalut.com/ru/%D0%B5%D0%B4%D0%B8%D0%BD%D0%B8%D1%86%D1%8B/%D1%8D%D1%81%D1%82%D0%B5%D1%82%D0%B8%D1%87%D0%B5%D1%81%D0%BA%D0%B0%D1%8F-%D0%BE%D0%BF%D0%B5%D1%80%D0%B0%D1%86%D0%B8%D1%8F-%D1%82%D0%B5%D0%BB%D0%B0/%D0%B6%D0%B5%D0%BD%D1%81%D0%BA%D0%B0%D1%8F-%D0%B3%D0%B5%D0%BD%D0%B8%D1%82%D0%B0%D0%BB%D1%8C%D0%BD%D0%B0%D1%8F-%D1%85%D0%B8%D1%80%D1%83%D1%80%D0%B3%D0%B8%D1%8F-2/,0,21
https://www.medicsintegralsalut.com/uk/%D0%B7%D0%B0%D0%BC%D0%BE%D1%80%D0%BE%D0%B6%D1%83%D1%94-%D1%87%D0%B0%D1%81/,0,21
https://www.medicsintegralsalut.com/uk/%D0%BE%D0%B4%D0%B8%D0%BD%D0%B8%D1%86%D1%96-2/%D0%B5%D1%81%D1%82%D0%B5%D1%82%D0%B8%D1%87%D0%BD%D0%B0-%D1%85%D1%96%D1%80%D1%83%D1%80%D0%B3%D1%96%D1%8F-%D0%BE%D0%B1%D0%BB%D0%B8%D1%87%D1%87%D1%8F/,0,21
https://www.medicsintegralsalut.com/en/units/overweight-and-obesity-2/gastric-balloon-girona/,0,21
https://www.medicsintegralsalut.com/uk/%D0%BE%D0%B4%D0%B8%D0%BD%D0%B8%D1%86%D1%96-2/%D0%B5%D1%81%D1%82%D0%B5%D1%82%D0%B8%D1%87%D0%BD%D0%B0-%D1%85%D1%96%D1%80%D1%83%D1%80%D0%B3%D1%96%D1%8F-%D0%BE%D0%B1%D0%BB%D0%B8%D1%87%D1%87%D1%8F/%D0%BF%D1%96%D0%B4%D1%82%D1%8F%D0%B6%D0%BA%D0%B0-%D0%BE%D0%B1%D0%BB%D0%B8%D1%87%D1%87%D1%8F/,0,21
https://www.medicsintegralsalut.com/unitats/gabinet-destetica/,0,21
https://www.medicsintegralsalut.com/ru/%D1%8E%D0%BD%D0%B8%D1%82%D0%B0%D1%86/%D1%8D%D1%81%D1%82%D0%B5%D1%82%D0%B8%D1%87%D0%B5%D1%81%D0%BA%D0%B0%D1%8F-%D0%BC%D0%B5%D0%B4%D0%B8%D1%86%D0%B8%D0%BD%D0%B0-%D0%BB%D0%B8%D1%86%D0%B0/%D1%84%D0%BB%D0%B0%D0%BA%D1%86%D0%B8%D0%B4%D0%B8%D1%82%D0%B0%D1%82%D0%B8%D1%82-%D1%84%D0%B8%D0%BB%D1%81-%D1%82%D0%B5%D0%BD%D0%B7%D0%BE%D1%80%D1%81/,0,21
https://www.medicsintegralsalut.com/en/breast-augmentation-girona/,0,21
https://www.medicsintegralsalut.com/ca/lunica-pilota-que-pot-estar-implantada-un-any/,0,20
https://www.medicsintegralsalut.com/algunas-razones-por-las-que-no-perdemos-peso/,0,20
https://www.medicsintegralsalut.com/ru/%D0%B5%D0%B4%D0%B8%D0%BD%D0%B8%D1%86%D1%8B/cirugia-estetica-facial/%D0%B1%D0%BB%D0%B5%D1%84%D0%B0%D1%80%D0%BE%D0%BF%D0%BB%D0%B0%D1%81%D1%82%D0%B8%D0%BA%D0%B0-%D0%B6%D0%B8%D1%80%D0%BE%D0%BD%D0%B0/,0,20
https://www.medicsintegralsalut.com/ca/como-eliminar-la-celulitis/,0,20
https://www.medicsintegralsalut.com/en/bye-bye-barriga/,0,20
https://www.medicsintegralsalut.com/en/category/cosmetic-breast-surgery/,0,20
https://www.medicsintegralsalut.com/fr/unites/cirugia-estetica-facial/lifting-du-visage/,0,20
https://www.medicsintegralsalut.com/fr/elevacion-de-gluteos-sin-cirugia-es-posible/,0,20
https://www.medicsintegralsalut.com/ru/%D0%B0%D0%B2%D1%82%D0%BE%D1%80/%D0%B8%D0%BD%D1%84%D0%BE%D0%BC%D0%B5%D0%B4%D0%B8%D0%BA%D1%8D%D1%81%D1%82%D0%B5%D1%82%D0%B8%D0%BA%D1%81/%D1%81%D1%82%D1%80%D0%B0%D0%BD%D0%B8%D1%86%D0%B0/2/,0,20
https://www.medicsintegralsalut.com/ca/categoria/medicina-estetica-corporal/pagina/2/,0,20
https://www.medicsintegralsalut.com/ca/unitats-2/sobrepes-i-obesitat-2/cirurgia-bariatrica-2/bypass-gastric-2/,0,20
https://www.medicsintegralsalut.com/ca/unitats/cirurgia-estetica-facial/mento-i-pomuls-cirurgia/,0,20
https://www.medicsintegralsalut.com/unitats/cirurgia-estetica-masculina/,0,20
https://www.medicsintegralsalut.com/ru/cuales-son-las-mejores-protesis-de-mama/,0,20
https://www.medicsintegralsalut.com/en/novedad-hilos-360o-efecto-lifting/,0,20
https://www.medicsintegralsalut.com/en/breast-augmentation-with-implants-motivations/,0,20
https://www.medicsintegralsalut.com/fr/solution-pour-seins-tubereux/,0,20
https://www.medicsintegralsalut.com/ru/%D0%B5%D0%B4%D0%B8%D0%BD%D0%B8%D1%86%D1%8B/%D1%8D%D1%81%D1%82%D0%B5%D1%82%D0%B8%D1%87%D0%B5%D1%81%D0%BA%D0%B0%D1%8F-%D0%BC%D0%B5%D0%B4%D0%B8%D1%86%D0%B8%D0%BD%D0%B0-%D0%BB%D0%B8%D1%86%D0%B0/%D0%BF%D0%B8%D0%BB%D0%B8%D0%BD%D0%B3/,0,20
https://www.medicsintegralsalut.com/ca/unitats/cirurgia-estetica-corporal/abdominoplastia/,0,19
https://www.medicsintegralsalut.com/ca/unitats/cirurgia-estetica-corporal/augment-de-glutis/,1,19
https://www.medicsintegralsalut.com/ca/factors-de-creixement-obtinguts-de-les-plaquetes-prp/,0,19
https://www.medicsintegralsalut.com/beneficios-de-la-cirugia-bariatrica/,0,19
https://www.medicsintegralsalut.com/unidades/gabinete-de-estetica/hidreclat/,0,19
https://www.medicsintegralsalut.com/ru/%D0%B1%D0%BB%D0%BE%D0%B3/,0,19
https://www.medicsintegralsalut.com/fr/blog/,0,19
https://www.medicsintegralsalut.com/fr/unites/sobrepeso-y-obesidad/balon-ingerible-elipse/,0,19
https://www.medicsintegralsalut.com/ca/novedad-hilos-360o-efecto-lifting/,0,19
https://www.medicsintegralsalut.com/ca/unitats-2/cirugia-estetica-corporal/aumento-de-gluteos/,0,19
https://www.medicsintegralsalut.com/fr/medicina-estetica-corporal/liposuccion-sin-cirugia/,0,19
https://www.medicsintegralsalut.com/ru/%D1%8E%D0%BD%D0%B8%D1%82%D0%B0%D1%86/%D0%BA%D0%B0%D0%B1%D0%B8%D0%BD%D0%B5%D1%82-%D1%8D%D1%81%D1%82%D0%B5%D1%82%D0%B8%D0%BA%D0%B8-2/%D0%BB%D0%B8%D0%BC%D1%84%D0%B0%D1%82%D0%B8%D1%87%D0%B5%D1%81%D0%BA%D0%B8%D0%B9-%D0%B4%D1%80%D0%B5%D0%BD%D0%B0%D0%B6/,0,19
https://www.medicsintegralsalut.com/ru/%D0%B5%D0%B4%D0%B8%D0%BD%D0%B8%D1%86%D1%8B/cirugia-estetica-facial/%D0%B1%D0%BB%D0%B5%D1%84%D0%B0%D1%80%D0%BE%D0%BF%D0%BB%D0%B0%D1%81%D1%82%D0%B8%D0%BA%D0%B0/,0,19
https://www.medicsintegralsalut.com/fr/como-eliminar-la-celulitis/,0,19
https://www.medicsintegralsalut.com/unitats/sobrepes-i-obesitat/cirurgia-bariatrica/gastrectomia-vertical/,0,19
https://www.medicsintegralsalut.com/fr/r7-onlayn-kazino-akcii-rozygryshi-i-specialnye-predlozheniya-dlya-igrokov/,0,19
https://www.medicsintegralsalut.com/fr/unites/chirurgie-esthetique-faciale/otoplastie-gerone/,0,19
https://www.medicsintegralsalut.com/ru/%D0%B5%D0%B4%D0%B8%D0%BD%D0%B8%D1%86%D1%8B/cirugia-estetica-mamas/aumento-de-pecho-tecnica-ami/,0,19
https://www.medicsintegralsalut.com/uk/cuales-son-los-mejores-implantes-de-protesis-de-pechos/,0,19
https://www.medicsintegralsalut.com/ca/que-es-la-tecnica-minimal-scar-en-aumento-de-pecho/,0,19
https://www.medicsintegralsalut.com/uk/%D0%BE%D0%B4%D0%B8%D0%BD%D0%B8%D1%86%D1%96-2/%D0%B5%D1%81%D1%82%D0%B5%D1%82%D0%B8%D1%87%D0%BD%D0%B0-%D1%85%D1%96%D1%80%D1%83%D1%80%D0%B3%D1%96%D1%8F-%D1%82%D1%96%D0%BB%D0%B0/%D0%BF%D1%96%D0%B4%D1%82%D1%8F%D0%B6%D0%BA%D0%B0-%D1%80%D1%83%D0%BA-%D1%96-%D0%BD%D1%96%D0%B3/,1,19
https://www.medicsintegralsalut.com/uk/hay-solucion-para-la-antiestetica-marca-del-cansancio-bajo-los-ojos/,0,19
https://www.medicsintegralsalut.com/uk/%D0%BE%D0%B4%D0%B8%D0%BD%D0%B8%D1%86%D1%96-2/%D0%BD%D0%B0%D0%B4%D0%BC%D1%96%D1%80%D0%BD%D0%B0-%D0%B2%D0%B0%D0%B3%D0%B0-%D1%82%D0%B0-%D0%BE%D0%B6%D0%B8%D1%80%D1%96%D0%BD%D0%BD%D1%8F/12-%D0%BC%D1%96%D1%81%D1%8F%D1%86%D1%96%D0%B2-%D0%B7-%D0%BC%D0%BE%D0%B6%D0%BB%D0%B8%D0%B2%D1%96%D1%81%D1%82%D1%8E-%D0%BF%D0%B5%D1%80%D0%B5%D0%B3%D0%BB%D1%8F%D0%B4%D1%83/,0,19
https://www.medicsintegralsalut.com/uk/%D0%BE%D0%B4%D0%B8%D0%BD%D0%B8%D1%86%D1%96/cirugia-estetica-corporal/%D0%BB%D1%96%D0%BF%D0%BE%D1%81%D0%B0%D0%BA%D1%86%D1%96%D1%8F-2/,0,19
https://www.medicsintegralsalut.com/fr/unites/chirurgie-esthetique-masculine/lifting-du-cou-et-du-menton/,0,19
https://www.medicsintegralsalut.com/ca/algunes-raons-per-les-quals-no-perdem-pes/,1,18
https://www.medicsintegralsalut.com/ru/como-elegir-los-implantes-mamarios-adecuados/,0,18
https://www.medicsintegralsalut.com/uk/category/medicina-estetica-facial-ca/,0,18
https://www.medicsintegralsalut.com/fr/category/sobrepes-i-obesitat/,0,18
https://www.medicsintegralsalut.com/fr/unites/medicina-estetica-facial/hidratacion-y-nutricion/,0,18
https://www.medicsintegralsalut.com/uk/%D0%BE%D0%B4%D0%B8%D0%BD%D0%B8%D1%86%D1%96/%D0%B5%D1%81%D1%82%D0%B5%D1%82%D0%B8%D1%87%D0%BD%D0%B0-%D0%BC%D0%B5%D0%B4%D0%B8%D1%86%D0%B8%D0%BD%D0%B0-%D0%B4%D0%BB%D1%8F-%D1%82%D1%96%D0%BB%D0%B0/%D0%BB%D1%96%D0%BF%D0%BE%D1%81%D0%B0%D0%BA%D1%86%D1%96%D1%8F-%D0%B1%D0%B5%D0%B7-%D1%85%D1%96%D1%80%D1%83%D1%80%D0%B3%D1%96%D1%87%D0%BD%D0%BE%D0%B3%D0%BE-%D0%B2%D1%82%D1%80%D1%83%D1%87%D0%B0%D0%BD-2/,0,18
https://www.medicsintegralsalut.com/ru/%D0%B5%D0%B4%D0%B8%D0%BD%D0%B8%D1%86%D1%8B/%D0%BA%D0%B0%D0%B1%D0%B8%D0%BD%D0%B5%D1%82-%D1%8D%D1%81%D1%82%D0%B5%D1%82%D0%B8%D0%BA%D0%B8/antiedad-mc-110/,0,18
https://www.medicsintegralsalut.com/uk/%D0%BE%D0%B4%D0%B8%D0%BD%D0%B8%D1%86%D1%96/%D0%B5%D1%81%D1%82%D0%B5%D1%82%D0%B8%D1%87%D0%BD%D0%B0-%D1%85%D1%96%D1%80%D1%83%D1%80%D0%B3%D1%96%D1%8F-%D0%BE%D0%B1%D0%BB%D0%B8%D1%87%D1%87%D1%8F-2/%D0%BF%D1%96%D0%B4%D1%82%D1%8F%D0%B6%D0%BA%D0%B0-%D0%BE%D0%B1%D0%BB%D0%B8%D1%87%D1%87%D1%8F/,0,18
https://www.medicsintegralsalut.com/ca/unitats-2/sobrepes-i-obesitat-2/cirurgia-bariatrica-2/creu-duodenal-2/,0,18
https://www.medicsintegralsalut.com/en/units/beauty-salon/p50-face/,0,18
https://www.medicsintegralsalut.com/fr/unites/medecine-esthetique-faciale/augmentation-des-levres/,1,18
https://www.medicsintegralsalut.com/en/units/beauty-salon/get-rid-of-cellulite/,0,18
https://www.medicsintegralsalut.com/unitats/cirurgia-estetica-corporal/lipofiling-corporal/,0,18
https://www.medicsintegralsalut.com/ca/categoria/cirurgia-estetica-de-mames/pagina/3/,0,18
https://www.medicsintegralsalut.com/en/la-ginecomastia-tiene-solucion-definitiva/,0,18
https://www.medicsintegralsalut.com/ca/portfolio_page/liposuccio/,0,17
https://www.medicsintegralsalut.com/unidades/cirugia-estetica-facial/rinoplastia-new/,1,17
https://www.medicsintegralsalut.com/fr/unites/cirugia-estetica-corporal/aumento-de-gluteos/,0,17
https://www.medicsintegralsalut.com/ca/otoplastia-orejas-de-soplillo-girona/,0,17
https://www.medicsintegralsalut.com/fr/unidades/cirugia-estetica-masculina/ginecomastia/,0,17
https://www.medicsintegralsalut.com/fr/unidades/cirugia-estetica-masculina/liftting-de-cuello-y-papada/,0,17
https://www.medicsintegralsalut.com/unitats/medicina-estetica-facial/,0,17
https://www.medicsintegralsalut.com/ca/unitats-2/cirugia-estetica-mamas/elevacion-de-pecho-pexia/,0,17
https://www.medicsintegralsalut.com/ca/unitats-2/gabinet-destetica-2/reduccion-de-volumen-girona/,0,17
https://www.medicsintegralsalut.com/el-que-vols-saber-de-laugment-de-pit-pas-a-pas/,1,17
https://www.medicsintegralsalut.com/fr/la-reduccion-de-mamas-mas-que-un-cambio-de-volumen-un-cambio-de-vida/,0,17
https://www.medicsintegralsalut.com/fr/que-cambios-positivos-aporta-una-cirugia-de-aumento-de-pecho/,0,17
https://www.medicsintegralsalut.com/uk/%D0%BE%D0%B4%D0%B8%D0%BD%D0%B8%D1%86%D1%96-2/%D0%B5%D1%81%D1%82%D0%B5%D1%82%D0%B8%D1%87%D0%BD%D0%B0-%D0%BC%D0%B5%D0%B4%D0%B8%D1%86%D0%B8%D0%BD%D0%B0-%D0%B4%D0%BB%D1%8F-%D1%82%D1%96%D0%BB%D0%B0/%D0%BB%D1%96%D0%BF%D0%BE%D1%81%D0%B0%D0%BA%D1%86%D1%96%D1%8F-%D0%B1%D0%B5%D0%B7-%D1%85%D1%96%D1%80%D1%83%D1%80%D0%B3%D1%96%D1%87%D0%BD%D0%BE%D0%B3%D0%BE-%D0%B2%D1%82%D1%80%D1%83%D1%87%D0%B0%D0%BD/,1,17
https://www.medicsintegralsalut.com/fr/unites/cirugia-estetica-corporal/abdominoplastie/,0,17
https://www.medicsintegralsalut.com/ru/%D0%B5%D0%B4%D0%B8%D0%BD%D0%B8%D1%86%D1%8B/%D0%BA%D0%B0%D0%B1%D0%B8%D0%BD%D0%B5%D1%82-%D1%8D%D1%81%D1%82%D0%B5%D1%82%D0%B8%D0%BA%D0%B8/p50-%D0%B2%D0%B8%D0%B7%D0%B0%D0%B6/,0,17
https://www.medicsintegralsalut.com/ru/%D1%8D%D1%81%D1%82%D0%B5%D1%82%D0%B8%D1%87%D0%B5%D1%81%D0%BA%D0%B0%D1%8F-%D1%85%D0%B8%D1%80%D1%83%D1%80%D0%B3%D0%B8%D1%8F/,0,17
https://www.medicsintegralsalut.com/uk/%D0%BA%D0%B0%D1%82%D0%B5%D0%B3%D0%BE%D1%80%D1%96%D1%8F/%D0%B5%D1%81%D1%82%D0%B5%D1%82%D0%B8%D1%87%D0%BD%D0%B0-%D1%85%D1%96%D1%80%D1%83%D1%80%D0%B3%D1%96%D1%8F-%D0%BE%D0%B1%D0%BB%D0%B8%D1%87%D1%87%D1%8F-2/,0,17
https://www.medicsintegralsalut.com/uk/%D0%BE%D0%B4%D0%B8%D0%BD%D0%B8%D1%86%D1%96/%D0%B5%D1%81%D1%82%D0%B5%D1%82%D0%B8%D1%87%D0%BD%D0%B0-%D1%85%D1%96%D1%80%D1%83%D1%80%D0%B3%D1%96%D1%8F-%D1%82%D1%96%D0%BB%D0%B0-2/%D0%BF%D1%96%D0%B4%D1%82%D1%8F%D0%B6%D0%BA%D0%B0-%D1%80%D1%83%D0%BA-%D1%96-%D0%BD%D1%96%D0%B3-2/,1,17
https://www.medicsintegralsalut.com/uk/lo-que-quieres-saber-del-aumento-de-pecho-paso-a-paso/,0,17
https://www.medicsintegralsalut.com/ca/siente-el-poder-del-bienestar-con-una-cirugia-estetica-para-los-pechos-separados/,0,17
https://www.medicsintegralsalut.com/ca/unitats-2/gabinet-destetica-2/reduccio-de-volum-girona-2/,0,17
https://www.medicsintegralsalut.com/en/cosmetic-surgery/,0,17
https://www.medicsintegralsalut.com/en/units/cosmetic-facial-surgery-2/wrinkle-fillers/,0,17
https://www.medicsintegralsalut.com/fr/unites/institut-de-beaute/eliminar-celulitis/,0,17
https://www.medicsintegralsalut.com/ca/unitats-2/sobrepes-i-obesitat-2/cirurgia-bariatrica-2/cruilla-duodenal/,0,17
https://www.medicsintegralsalut.com/en/units-2/facial-aesthetic-medicine/expression-wrinkles/,0,17
https://www.medicsintegralsalut.com/ru/%D0%B4%D0%BE%D0%B1%D1%80%D0%BE-%D0%BF%D0%BE%D0%B6%D0%B0%D0%BB%D0%BE%D0%B2%D0%B0%D1%82%D1%8C-%D0%B4%D0%BE%D0%BA%D1%82%D0%BE%D1%80-%D0%BB%D1%8D%D0%BD%D0%B3%D0%B4%D0%BE%D0%BD-2/,0,17
https://www.medicsintegralsalut.com/fr/maison/,0,17
https://www.medicsintegralsalut.com/uk/%D0%B2%D1%81%D0%B5-%D1%89%D0%BE-%D0%B2%D0%B8-%D1%85%D0%BE%D1%87%D0%B5%D1%82%D0%B5-%D0%B7%D0%BD%D0%B0%D1%82%D0%B8-%D0%BF%D1%80%D0%BE-%D0%B7%D0%B1%D1%96%D0%BB%D1%8C%D1%88%D0%B5%D0%BD%D0%BD%D1%8F-%D0%B3/,1,17
https://www.medicsintegralsalut.com/ca/categoria/cirurgia-estetica-de-mames/pagina/2/,0,17
https://www.medicsintegralsalut.com/ca/unitats/sobrepes-i-obesitat/endomanga/,0,16
https://www.medicsintegralsalut.com/ru/algunas-razones-por-las-que-no-perdemos-peso/,0,16
https://www.medicsintegralsalut.com/fr/unites/cirugia-estetica-mamas/recambiodeprotesis/,0,16
https://www.medicsintegralsalut.com/ca/unitats-2/medicina-estetica-facial/rinomodelacion/,0,16
https://www.medicsintegralsalut.com/uk/descubre-todo-lo-que-necesitas-saber-sobre-los-diferentes-tipos-de-cirugia-bariatrica/,0,16
https://www.medicsintegralsalut.com/en/solucion-mamas-tuberosas/,0,16
https://www.medicsintegralsalut.com/fr/descubre-todo-lo-que-necesitas-saber-sobre-los-diferentes-tipos-de-cirugia-bariatrica/,0,16
https://www.medicsintegralsalut.com/uk/%D0%BE%D0%B4%D0%B8%D0%BD%D0%B8%D1%86%D1%96/%D0%BD%D0%B0%D0%B4%D0%BC%D1%96%D1%80%D0%BD%D0%B0-%D0%B2%D0%B0%D0%B3%D0%B0-%D1%82%D0%B0-%D0%BE%D0%B6%D0%B8%D1%80%D1%96%D0%BD%D0%BD%D1%8F-2/%D0%B1%D0%B0%D1%80%D1%96%D0%B0%D1%82%D1%80%D0%B8%D1%87%D0%BD%D0%B0-%D1%85%D1%96%D1%80%D1%83%D1%80%D0%B3%D1%96%D1%8F-2/%D0%B4%D1%83%D0%BE%D0%B4%D0%B5%D0%BD%D0%B0%D0%BB%D1%8C%D0%BD%D0%B8%D0%B9-%D0%BF%D0%B5%D1%80%D0%B5%D1%85%D1%80%D0%B5%D1%81%D1%82-2/,0,16
https://www.medicsintegralsalut.com/ca/unitats-2/sobrepeso-y-obesidad/balon-12-meses-reajustable/,0,16
https://www.medicsintegralsalut.com/en/units/cosmetic-facial-surgery-2/perforacion-tabique-nasal/,0,16
https://www.medicsintegralsalut.com/fr/unites-2/chirurgie-esthetique-des-seins/rechange-de-prothese/,0,16
https://www.medicsintegralsalut.com/ru/%D0%B5%D0%B4%D0%B8%D0%BD%D0%B8%D1%86%D1%8B/%D0%BA%D0%B0%D0%B1%D0%B8%D0%BD%D0%B5%D1%82-%D1%8D%D1%81%D1%82%D0%B5%D1%82%D0%B8%D0%BA%D0%B8/reduccion-de-volumen-girona/,0,16
https://www.medicsintegralsalut.com/ru/%D0%B5%D0%B4%D0%B8%D0%BD%D0%B8%D1%86%D1%8B/%D0%BF%D0%BB%D0%B0%D1%81%D1%82%D0%B8%D1%87%D0%B5%D1%81%D0%BA%D0%B0%D1%8F-%D1%85%D0%B8%D1%80%D1%83%D1%80%D0%B3%D0%B8%D1%8F-%D0%B3%D1%80%D1%83%D0%B4%D0%B8/elevacion-de-pecho-pexia/,0,16
https://www.medicsintegralsalut.com/ru/%D0%BA%D0%B0%D1%82%D0%B5%D0%B3%D0%BE%D1%80%D0%B8%D1%8F/%D0%B8%D0%B7%D0%B1%D1%8B%D1%82%D0%BE%D1%87%D0%BD%D1%8B%D0%B9-%D0%B2%D0%B5%D1%81-%D0%B8-%D0%BE%D0%B6%D0%B8%D1%80%D0%B5%D0%BD%D0%B8%D0%B5/,0,16
https://www.medicsintegralsalut.com/ru/%D1%83-%D0%B3%D0%B8%D0%BD%D0%B5%D0%BA%D0%BE%D0%BC%D0%B0%D1%81%D1%82%D0%B8%D0%B8-%D0%B5%D1%81%D1%82%D1%8C-%D0%BE%D0%BA%D0%BE%D0%BD%D1%87%D0%B0%D1%82%D0%B5%D0%BB%D1%8C%D0%BD%D0%BE%D0%B5-%D1%80%D0%B5/,1,16
https://www.medicsintegralsalut.com/uk/%D0%BA%D0%B0%D1%82%D0%B5%D0%B3%D0%BE%D1%80%D1%96%D1%8F/%D0%B5%D1%81%D1%82%D0%B5%D1%82%D0%B8%D1%87%D0%BD%D0%B0-%D1%85%D1%96%D1%80%D1%83%D1%80%D0%B3%D1%96%D1%8F-%D1%82%D1%96%D0%BB%D0%B0-2/,0,16
https://www.medicsintegralsalut.com/uk/%D0%BE%D0%B4%D0%B8%D0%BD%D0%B8%D1%86%D1%96/%D0%B5%D1%81%D1%82%D0%B5%D1%82%D0%B8%D1%87%D0%BD%D0%B0-%D0%BC%D0%B5%D0%B4%D0%B8%D1%86%D0%B8%D0%BD%D0%B0-%D0%B4%D0%BB%D1%8F-%D0%BE%D0%B1%D0%BB%D0%B8%D1%87%D1%87%D1%8F/%D0%B7%D0%B1%D1%96%D0%BB%D1%8C%D1%88%D0%B5%D0%BD%D0%BD%D1%8F-%D0%B3%D1%83%D0%B1/,0,16
https://www.medicsintegralsalut.com/fr/quest-ce-quune-prothese-mammaire-ergonomique/,0,16
https://www.medicsintegralsalut.com/en/category/sobrepes-i-obesitat/,0,16
https://www.medicsintegralsalut.com/ru/team/dra-claudia-vera/,0,16
https://www.medicsintegralsalut.com/uk/%D0%B2%D1%96%D0%B4%D0%BD%D0%BE%D0%B2%D0%BB%D0%B5%D0%BD%D0%BD%D1%8F-%D0%BF%D1%96%D1%81%D0%BB%D1%8F-%D1%80%D0%B0%D0%BA%D1%83-%D0%BC%D0%BE%D0%BB%D0%BE%D1%87%D0%BD%D0%BE%D1%97-%D0%B7%D0%B0%D0%BB%D0%BE-2/,0,16
https://www.medicsintegralsalut.com/uk/%D1%89%D0%BE-%D1%82%D0%B0%D0%BA%D0%B5-%D1%80%D0%B8%D0%BD%D0%BE%D0%BF%D0%BB%D0%B0%D1%81%D1%82%D0%B8%D0%BA%D0%B0/,0,16
https://www.medicsintegralsalut.com/en/units-2/aesthetic-cabinet/facial-rejuvenation-2/,0,16
https://www.medicsintegralsalut.com/en/units-2/aesthetic-cabinet/volume-reduction-girona/,0,16
https://www.medicsintegralsalut.com/uk/%D0%BE%D0%B4%D0%B8%D0%BD%D0%B8%D1%86%D1%96-2/%D0%B5%D1%81%D1%82%D0%B5%D1%82%D0%B8%D1%87%D0%BD%D0%B0-%D1%85%D1%96%D1%80%D1%83%D1%80%D0%B3%D1%96%D1%8F-%D0%BE%D0%B1%D0%BB%D0%B8%D1%87%D1%87%D1%8F/minilifting-de-coll-i-papada/,0,16
https://www.medicsintegralsalut.com/fr/lo-que-quieres-saber-del-aumento-de-pecho-paso-a-paso/,0,16
https://www.medicsintegralsalut.com/algunes-raons-per-les-quals-no-perdem-pes/,0,16
https://www.medicsintegralsalut.com/en/como-mejorar-la-estetica-de-las-cicatrices/,0,16
https://www.medicsintegralsalut.com/en/units/beauty-salon/detoxifying/,0,16
https://www.medicsintegralsalut.com/ru/%D1%8E%D0%BD%D0%B8%D1%82%D0%B0%D1%86/%D0%BF%D0%BB%D0%B0%D1%81%D1%82%D0%B8%D1%87%D0%B5%D1%81%D0%BA%D0%B0%D1%8F-%D0%BE%D0%BF%D0%B5%D1%80%D0%B0%D1%86%D0%B8%D1%8F-%D0%BD%D0%B0-%D0%BB%D0%B8%D1%86%D0%B5/%D0%BF%D0%B5%D1%80%D1%84%D0%BE%D1%80%D0%B0%D1%86%D0%B8%D1%8F-%D0%BD%D0%BE%D1%81%D0%BE%D0%B2%D0%BE%D0%B9-%D0%BF%D0%B5%D1%80%D0%B5%D0%B3%D0%BE%D1%80%D0%BE%D0%B4%D0%BA%D0%B8/,0,16
https://www.medicsintegralsalut.com/ru/como-eliminar-ojeras/,0,16
https://www.medicsintegralsalut.com/ca/unitats/cirurgia-estetica-mames/,0,15
https://www.medicsintegralsalut.com/ca/que-es-faci-la-llum-al-rostre/,0,15
https://www.medicsintegralsalut.com/ca/elevacio-de-glutis-sense-cirurgia-es-possible/,0,15
https://www.medicsintegralsalut.com/ca/portfolio_page/augment-pit-mike-eli/,0,15
https://www.medicsintegralsalut.com/ca/novetat-fils-360o-efecte-lifting/,0,15
https://www.medicsintegralsalut.com/fr/unites/cirugia-estetica-corporal/lipofiling-corporal/,0,15
https://www.medicsintegralsalut.com/uk/%D0%BE%D0%B4%D0%B8%D0%BD%D0%B8%D1%86%D1%96-2/%D1%87%D0%BE%D0%BB%D0%BE%D0%B2%D1%96%D1%87%D0%B0-%D0%B5%D1%81%D1%82%D0%B5%D1%82%D0%B8%D1%87%D0%BD%D0%B0-%D1%85%D1%96%D1%80%D1%83%D1%80%D0%B3%D1%96%D1%8F-2/%D0%B1%D0%BB%D0%B5%D1%84%D0%B0%D1%80%D0%BE%D0%BF%D0%BB%D0%B0%D1%81%D1%82%D0%B8%D0%BA%D0%B0/,0,15
https://www.medicsintegralsalut.com/fr/unites/institut-de-beaute/acido-de-frutas/,0,15
https://www.medicsintegralsalut.com/en/cuando-debemos-poner-protesis-anatomicas/,0,15
https://www.medicsintegralsalut.com/ru/%D0%B5%D0%B4%D0%B8%D0%BD%D0%B8%D1%86%D1%8B/%D0%B8%D0%B7%D0%B1%D1%8B%D1%82%D0%BE%D1%87%D0%BD%D1%8B%D0%B9-%D0%B2%D0%B5%D1%81-%D0%B8-%D0%BE%D0%B6%D0%B8%D1%80%D0%B5%D0%BD%D0%B8%D0%B5-2/%D0%B4%D0%B8%D0%B5%D1%82%D0%BE%D0%BB%D0%BE%D0%B3%D0%B8%D1%8F-%D0%B8-%D0%BF%D0%B8%D1%82%D0%B0%D0%BD%D0%B8%D0%B5/,0,15
https://www.medicsintegralsalut.com/ru/%D0%B5%D0%B4%D0%B8%D0%BD%D0%B8%D1%86%D1%8B/%D0%BF%D0%BB%D0%B0%D1%81%D1%82%D0%B8%D1%87%D0%B5%D1%81%D0%BA%D0%B0%D1%8F-%D1%85%D0%B8%D1%80%D1%83%D1%80%D0%B3%D0%B8%D1%8F-%D0%B3%D1%80%D1%83%D0%B4%D0%B8/%D0%B7%D0%B0%D0%BC%D0%B5%D0%BD%D0%B0-%D0%BF%D1%80%D0%BE%D1%82%D0%B5%D0%B7%D0%B0-2/,0,15
https://www.medicsintegralsalut.com/ru/%D0%B5%D0%B4%D0%B8%D0%BD%D0%B8%D1%86%D1%8B/%D0%BF%D0%BB%D0%B0%D1%81%D1%82%D0%B8%D1%87%D0%B5%D1%81%D0%BA%D0%B0%D1%8F-%D1%85%D0%B8%D1%80%D1%83%D1%80%D0%B3%D0%B8%D1%8F-%D0%B3%D1%80%D1%83%D0%B4%D0%B8/%D1%83%D0%B2%D0%B5%D0%BB%D0%B8%D1%87%D0%B5%D0%BD%D0%B8%D0%B5-%D0%B3%D1%80%D1%83%D0%B4%D0%B8-%D0%B6%D0%B8%D1%80%D0%BE%D0%BD%D0%B0-2/,0,15
https://www.medicsintegralsalut.com/ru/%D0%B5%D0%B4%D0%B8%D0%BD%D0%B8%D1%86%D1%8B/cirugia-estetica-facial/blefaroplastia/,0,15
https://www.medicsintegralsalut.com/uk/%D0%BE%D0%B4%D0%B8%D0%BD%D0%B8%D1%86%D1%96-2/%D0%B5%D1%81%D1%82%D0%B5%D1%82%D0%B8%D1%87%D0%BD%D0%B0-%D1%85%D1%96%D1%80%D1%83%D1%80%D0%B3%D1%96%D1%8F-%D1%82%D1%96%D0%BB%D0%B0/%D1%85%D1%96%D1%80%D1%83%D1%80%D0%B3%D1%96%D1%8F-%D0%B6%D1%96%D0%BD%D0%BE%D1%87%D0%B8%D1%85-%D1%81%D1%82%D0%B0%D1%82%D0%B5%D0%B2%D0%B8%D1%85-%D0%BE%D1%80%D0%B3%D0%B0%D0%BD%D1%96%D0%B2/,0,15
https://www.medicsintegralsalut.com/uk/%D0%BE%D0%B4%D0%B8%D0%BD%D0%B8%D1%86%D1%96/%D0%BD%D0%B0%D0%B4%D0%BC%D1%96%D1%80%D0%BD%D0%B0-%D0%B2%D0%B0%D0%B3%D0%B0-%D1%82%D0%B0-%D0%BE%D0%B6%D0%B8%D1%80%D1%96%D0%BD%D0%BD%D1%8F-2/endomanga/,0,15
https://www.medicsintegralsalut.com/ca/que-cambios-positivos-aporta-una-cirugia-de-aumento-de-pecho/,0,15
https://www.medicsintegralsalut.com/ca/unitats-2/sobrepes-i-obesitat-2/bota-6-mesos/,0,15
https://www.medicsintegralsalut.com/fr/unites/institut-de-beaute/acide-de-fruits/,0,15
https://www.medicsintegralsalut.com/fr/unites/institut-de-beaute/detoxifiante/,0,15
https://www.medicsintegralsalut.com/uk/team/dr-valenti-puig-divi/,0,15
https://www.medicsintegralsalut.com/uk/%D1%8F%D0%BA-%D0%BF%D0%BE%D0%B7%D0%B1%D1%83%D1%82%D0%B8%D1%81%D1%8F-%D1%86%D0%B5%D0%BB%D1%8E%D0%BB%D1%96%D1%82%D1%83/,0,15
https://www.medicsintegralsalut.com/uk/deberia-reducirme-el-pecho/,0,15
https://www.medicsintegralsalut.com/ca/unitats-2/gabinet-destetica-2/eliminar-cel%C2%B7lulitis/,1,15
https://www.medicsintegralsalut.com/en/cuales-son-los-mejores-implantes-de-protesis-de-pechos/,0,15
https://www.medicsintegralsalut.com/uk/%D1%81%D0%BA%D1%96%D0%BB%D1%8C%D0%BA%D0%B8-%D0%BA%D0%BE%D1%88%D1%82%D1%83%D1%94-%D1%88%D0%BB%D1%83%D0%BD%D0%BA%D0%BE%D0%B2%D0%B8%D0%B9-%D0%B1%D0%B0%D0%BB%D0%BE%D0%BD/,0,15
https://www.medicsintegralsalut.com/team/dr-sergio-angeles-montanez/,1,15
https://www.medicsintegralsalut.com/ca/unitats-2/cirurgia-estetica-masculina-2/estirament-de-coll-i-papada/,0,15
https://www.medicsintegralsalut.com/en/category/cosmetic-facial-surgery/page/2/,0,15
https://www.medicsintegralsalut.com/fr/la-gynecomastie-a-t-elle-une-solution-definitive/,0,15
https://www.medicsintegralsalut.com/ru/%D0%B5%D0%B4%D0%B8%D0%BD%D0%B8%D1%86%D1%8B/%D1%8D%D1%81%D1%82%D0%B5%D1%82%D0%B8%D1%87%D0%B5%D1%81%D0%BA%D0%B0%D1%8F-%D0%BE%D0%BF%D0%B5%D1%80%D0%B0%D1%86%D0%B8%D1%8F-%D1%82%D0%B5%D0%BB%D0%B0/%D0%BB%D0%B8%D0%BF%D0%BE%D1%81%D0%B0%D0%BA%D1%86%D0%B8%D1%8F-2/,0,15
https://www.medicsintegralsalut.com/ca/la-radiofrecuencia-la-mejor-solucion-a-la-flacidez/,0,15
https://www.medicsintegralsalut.com/unidades/cirugia-estetica-mamas/aumento-de-pecho-new-2/,0,14
https://www.medicsintegralsalut.com/ca/unitats/sobrepes-i-obesitat/balo-12-mesos-reajustable/,0,14
https://www.medicsintegralsalut.com/fr/unites/medecine-esthetique-corporelle/liposuccion-sin-cirugia/,0,14
https://www.medicsintegralsalut.com/uk/la-importante-ayuda-de-los-farmacos-en-la-perdida-de-peso-ozempic-y-mounjaro-en-nuestra-clinica/,0,14
https://www.medicsintegralsalut.com/equip-quadre-medic/,0,14
https://www.medicsintegralsalut.com/ru/%D0%B5%D0%B4%D0%B8%D0%BD%D0%B8%D1%86%D1%8B/medicina-estetica-corporal/liposuccion-sin-cirugia/,0,14
https://www.medicsintegralsalut.com/uk/%D0%BE%D0%B4%D0%B8%D0%BD%D0%B8%D1%86%D1%96/%D0%B5%D1%81%D1%82%D0%B5%D1%82%D0%B8%D1%87%D0%BD%D0%B0-%D1%85%D1%96%D1%80%D1%83%D1%80%D0%B3%D1%96%D1%8F-%D0%BE%D0%B1%D0%BB%D0%B8%D1%87%D1%87%D1%8F-2/%D0%B7%D0%B0%D0%BF%D0%BE%D0%B2%D0%BD%D0%B5%D0%BD%D0%BD%D1%8F-%D0%B7%D0%BC%D0%BE%D1%80%D1%88%D0%BE%D0%BA/,0,14
https://www.medicsintegralsalut.com/ru/%D0%B4%D0%BE%D0%B1%D1%80%D0%BE-%D0%BF%D0%BE%D0%B6%D0%B0%D0%BB%D0%BE%D0%B2%D0%B0%D1%82%D1%8C-%D0%B4%D0%BE%D0%BA%D1%82%D0%BE%D1%80-%D0%BB%D1%8D%D0%BD%D0%B3%D0%B4%D0%BE%D0%BD/,0,14
https://www.medicsintegralsalut.com/ru/%D0%B5%D0%B4%D0%B8%D0%BD%D0%B8%D1%86%D1%8B/%D0%B8%D0%B7%D0%B1%D1%8B%D1%82%D0%BE%D1%87%D0%BD%D1%8B%D0%B9-%D0%B2%D0%B5%D1%81-%D0%B8-%D0%BE%D0%B6%D0%B8%D1%80%D0%B5%D0%BD%D0%B8%D0%B5-2/,0,14
https://www.medicsintegralsalut.com/ru/%D0%B5%D0%B4%D0%B8%D0%BD%D0%B8%D1%86%D1%8B/sobrepeso-y-obesidad/balon-gastrico-girona/,1,14
https://www.medicsintegralsalut.com/ru/%D1%8E%D0%BD%D0%B8%D1%82%D0%B0%D1%86/%D0%BF%D0%BB%D0%B0%D1%81%D1%82%D0%B8%D1%87%D0%B5%D1%81%D0%BA%D0%B0%D1%8F-%D0%BE%D0%BF%D0%B5%D1%80%D0%B0%D1%86%D0%B8%D1%8F-%D0%BD%D0%B0-%D0%BB%D0%B8%D1%86%D0%B5/%D0%BF%D0%BE%D0%B4%D1%82%D1%8F%D0%B6%D0%BA%D0%B0-%D0%BB%D0%B8%D1%86%D0%B0/,0,14
https://www.medicsintegralsalut.com/ru/%D1%8E%D0%BD%D0%B8%D1%82%D0%B0%D1%86/%D1%8D%D1%81%D1%82%D0%B5%D1%82%D0%B8%D1%87%D0%B5%D1%81%D0%BA%D0%B0%D1%8F-%D0%BC%D0%B5%D0%B4%D0%B8%D1%86%D0%B8%D0%BD%D0%B0-%D0%BB%D0%B8%D1%86%D0%B0/%D0%B3%D0%B8%D0%B4%D1%80%D0%B0%D1%82%D0%B0%D1%86%D0%B8%D1%8F-%D0%B8-%D0%BF%D0%B8%D1%82%D0%B0%D0%BD%D0%B8%D0%B5/,0,14
https://www.medicsintegralsalut.com/uk/%D0%BE%D0%B4%D0%B8%D0%BD%D0%B8%D1%86%D1%96/%D0%B5%D1%81%D1%82%D0%B5%D1%82%D0%B8%D1%87%D0%BD%D0%B0-%D0%BC%D0%B5%D0%B4%D0%B8%D1%86%D0%B8%D0%BD%D0%B0-%D0%B4%D0%BB%D1%8F-%D0%BE%D0%B1%D0%BB%D0%B8%D1%87%D1%87%D1%8F/,0,14
https://www.medicsintegralsalut.com/uk/que-es-faci-la-llum-al-rostre/,0,14
https://www.medicsintegralsalut.com/fr/unites/surpoids-et-obesite-2/chirurgie-bariatrique-2/croisement-duodenal-2/,0,14
https://www.medicsintegralsalut.com/uk/%D0%BC%D0%B5%D0%BD%D1%96-%D1%81%D0%BB%D1%96%D0%B4-%D0%B7%D0%BC%D0%B5%D0%BD%D1%88%D0%B8%D1%82%D0%B8-%D0%B3%D1%80%D1%83%D0%B4%D0%B8/,1,14
https://www.medicsintegralsalut.com/en/units/overweight-and-obesity-2/balon-12-meses-reajustable/,0,14
https://www.medicsintegralsalut.com/en/units/cosmetic-breast-surgery-2/breast-augmentation/,0,14
https://www.medicsintegralsalut.com/en/round-prostheses-vs-ergonomic-prostheses/,0,14
https://www.medicsintegralsalut.com/en/team/dr-cristobal-langdon-montero/,0,14
https://www.medicsintegralsalut.com/ca/unitats-2/gabinet-destetica-2/hidroclorat/,0,14
https://www.medicsintegralsalut.com/uk/%D0%BC%D0%B5%D1%82%D0%BE%D0%B4%D0%B8-%D0%B5%D1%81%D1%82%D0%B5%D1%82%D0%B8%D1%87%D0%BD%D0%BE%D1%97-%D0%BC%D0%B5%D0%B4%D0%B8%D1%86%D0%B8%D0%BD%D0%B8-%D1%8F%D0%BA%D1%96-%D0%BE%D0%BC%D0%BE%D0%BB%D0%BE/,0,14
https://www.medicsintegralsalut.com/uk/%D0%BE%D0%B4%D0%B8%D0%BD%D0%B8%D1%86%D1%96/%D0%B5%D1%81%D1%82%D0%B5%D1%82%D0%B8%D1%87%D0%BD%D0%B0-%D1%85%D1%96%D1%80%D1%83%D1%80%D0%B3%D1%96%D1%8F-%D1%82%D1%96%D0%BB%D0%B0-2/%D1%85%D1%96%D1%80%D1%83%D1%80%D0%B3%D1%96%D1%8F-%D0%B6%D1%96%D0%BD%D0%BE%D1%87%D0%B8%D1%85-%D1%81%D1%82%D0%B0%D1%82%D0%B5%D0%B2%D0%B8%D1%85-%D0%BE%D1%80%D0%B3%D0%B0%D0%BD%D1%96%D0%B2-2/,0,14
https://www.medicsintegralsalut.com/ru/por-que-envejecemos/,0,14
https://www.medicsintegralsalut.com/uk/%D0%BA%D1%80%D0%B0%D1%81%D0%B0-%D0%BE%D0%B1%D0%BB%D0%B8%D1%87%D1%87%D1%8F-%D0%BF%D0%B5%D1%80%D0%B5%D0%B2%D0%B5%D1%80%D0%BD%D1%83%D1%82%D0%B8%D0%B9-%D1%82%D1%80%D0%B8%D0%BA%D1%83%D1%82%D0%BD/,0,14
https://www.medicsintegralsalut.com/ru/%D0%B5%D0%B4%D0%B8%D0%BD%D0%B8%D1%86%D1%8B/%D0%BF%D0%BB%D0%B0%D1%81%D1%82%D0%B8%D1%87%D0%B5%D1%81%D0%BA%D0%B0%D1%8F-%D1%85%D0%B8%D1%80%D1%83%D1%80%D0%B3%D0%B8%D1%8F-%D0%BB%D0%B8%D1%86%D0%B0/%D0%BE%D1%82%D0%BE%D0%BF%D0%BB%D0%B0%D1%81%D1%82%D0%B8%D0%BA%D0%B0-%D0%B6%D0%B8%D1%80%D0%BE%D0%BD%D0%B0/,0,14
https://www.medicsintegralsalut.com/en/units-2/overweight-and-obesity/balo-12-mesos-reajustable/,0,14
https://www.medicsintegralsalut.com/ca/unitats-2/sobrepeso-y-obesidad/cirugia-bariatrica/cruce-duodenal-2/,0,14
https://www.medicsintegralsalut.com/ca/categoria/cirurgia-estetica-facial/,0,14
https://www.medicsintegralsalut.com/en/units/beauty-salon/clearance/,1,14
https://www.medicsintegralsalut.com/ca/unitats/cirurgia-estetica-corporal/aixecament-de-bracos-i-cames/,2,14
https://www.medicsintegralsalut.com/ru/bye-bye-barriga/,0,14
https://www.medicsintegralsalut.com/uk/cuanto-cuesta-rinoplastia-espana/,0,14
https://www.medicsintegralsalut.com/lp-aumento-de-pecho-girona/,1,13
https://www.medicsintegralsalut.com/ca/unitats/cirurgia-estetica-facial/cirurgia-mento-i-pomuls/,0,13
https://www.medicsintegralsalut.com/category/cirugia-estetica-corporal/,0,13
https://www.medicsintegralsalut.com/fr/unites/medicina-estetica-facial/flacidez-hilos-tensores/,0,13
https://www.medicsintegralsalut.com/en/units/sobrepeso-y-obesidad/balon-6-meses/,0,13
https://www.medicsintegralsalut.com/fr/unites/cirugia-estetica-corporal/liposuccion-vaser/,0,13
https://www.medicsintegralsalut.com/fr/unites/medicina-estetica-corporal/celulitis/,1,13
https://www.medicsintegralsalut.com/fr/unites/sobrepeso-y-obesidad/cirugia-bariatrica/gastrectomia-vertical/,0,13
https://www.medicsintegralsalut.com/ru/rinoplastia-ultrasonica-o-rinomodelacio-quines-son-les-diferencies/,0,13
https://www.medicsintegralsalut.com/ca/unitats-2/cirugia-estetica-corporal/lifting-brazos-y-piernas/,0,13
https://www.medicsintegralsalut.com/en/para-que-tu-piel-no-cumpla-anos-coctel-de-vitaminas-y-acido-hialuronico/,0,13
https://www.medicsintegralsalut.com/ca/unitats-2/cirurgia-estetica-masculina-2/blefaroplastia/,0,13
https://www.medicsintegralsalut.com/uk/%D0%BE%D0%B4%D0%B8%D0%BD%D0%B8%D1%86%D1%96/%D0%B5%D1%81%D1%82%D0%B5%D1%82%D0%B8%D1%87%D0%BD%D0%B0-%D0%BC%D0%B5%D0%B4%D0%B8%D1%86%D0%B8%D0%BD%D0%B0-%D0%B4%D0%BB%D1%8F-%D0%BE%D0%B1%D0%BB%D0%B8%D1%87%D1%87%D1%8F/%D1%82%D0%B5%D0%BC%D0%BD%D1%96-%D0%BA%D0%BE%D0%BB%D0%B0-%D0%BF%D1%96%D0%B4-%D0%BE%D1%87%D0%B8%D0%BC%D0%B0/,0,13
https://www.medicsintegralsalut.com/uk/%D0%BE%D0%B4%D0%B8%D0%BD%D0%B8%D1%86%D1%96/%D0%B5%D1%81%D1%82%D0%B5%D1%82%D0%B8%D1%87%D0%BD%D0%B0-%D1%85%D1%96%D1%80%D1%83%D1%80%D0%B3%D1%96%D1%8F-%D1%82%D1%96%D0%BB%D0%B0-2/%D0%BB%D1%96%D0%BF%D0%BE%D1%81%D0%B0%D0%BA%D1%86%D1%96%D1%8F-2/,0,13
https://www.medicsintegralsalut.com/uk/%D0%BE%D0%B4%D0%B8%D0%BD%D0%B8%D1%86%D1%96-2/%D0%B5%D1%81%D1%82%D0%B5%D1%82%D0%B8%D1%87%D0%BD%D0%B0-%D1%85%D1%96%D1%80%D1%83%D1%80%D0%B3%D1%96%D1%8F-%D0%B3%D1%80%D1%83%D0%B4%D0%B5%D0%B9/%D0%B7%D0%B0%D0%BC%D1%96%D0%BD%D0%B0-%D0%BF%D1%80%D0%BE%D1%82%D0%B5%D0%B7%D0%B0/,0,13
https://www.medicsintegralsalut.com/uk/%D0%BE%D0%B4%D0%B8%D0%BD%D0%B8%D1%86%D1%96/%D0%B5%D1%81%D1%82%D0%B5%D1%82%D0%B8%D1%87%D0%BD%D0%B0-%D1%85%D1%96%D1%80%D1%83%D1%80%D0%B3%D1%96%D1%8F-%D0%B3%D1%80%D1%83%D0%B4%D0%B5%D0%B9-2/,0,13
https://www.medicsintegralsalut.com/uk/%D0%BE%D0%B4%D0%B8%D0%BD%D0%B8%D1%86%D1%96/%D0%B5%D1%81%D1%82%D0%B5%D1%82%D0%B8%D1%87%D0%BD%D0%B0-%D1%85%D1%96%D1%80%D1%83%D1%80%D0%B3%D1%96%D1%8F-%D0%BE%D0%B1%D0%BB%D0%B8%D1%87%D1%87%D1%8F-2/%D0%BC%D1%96%D0%BD%D1%96%D0%BB%D1%96%D1%84%D1%82%D0%B8%D0%BD%D0%B3-%D1%88%D0%B8%D1%97-%D1%82%D0%B0-%D0%BF%D0%BE%D0%B4%D0%B2%D1%96%D0%B9%D0%BD%D0%BE%D0%B3%D0%BE-%D0%BF%D1%96%D0%B4%D0%B1%D0%BE%D1%80/,0,13
https://www.medicsintegralsalut.com/uk/%D0%BE%D0%B4%D0%B8%D0%BD%D0%B8%D1%86%D1%96/%D0%B5%D1%81%D1%82%D0%B5%D1%82%D0%B8%D1%87%D0%BD%D0%B0-%D1%85%D1%96%D1%80%D1%83%D1%80%D0%B3%D1%96%D1%8F-%D0%BE%D0%B1%D0%BB%D0%B8%D1%87%D1%87%D1%8F-2/%D1%85%D1%96%D1%80%D1%83%D1%80%D0%B3%D1%96%D1%8F-%D0%BF%D1%96%D0%B4%D0%B1%D0%BE%D1%80%D1%96%D0%B4%D0%B4%D1%8F-%D1%82%D0%B0-%D0%B2%D0%B8%D0%BB%D0%B8%D1%86%D1%8C/,0,13
https://www.medicsintegralsalut.com/uk/como-eliminar-la-celulitis/,0,13
https://www.medicsintegralsalut.com/uk/descubre-la-diferencia-entre-lipo-vaser-y-liposuccion/,0,13
https://www.medicsintegralsalut.com/fr/unites/chirurgie-esthetique-corporelle-2/,0,13
https://www.medicsintegralsalut.com/ru/%D0%B5%D0%B4%D0%B8%D0%BD%D0%B8%D1%86%D1%8B/%D0%B8%D0%B7%D0%B1%D1%8B%D1%82%D0%BE%D1%87%D0%BD%D1%8B%D0%B9-%D0%B2%D0%B5%D1%81-%D0%B8-%D0%BE%D0%B6%D0%B8%D1%80%D0%B5%D0%BD%D0%B8%D0%B5-2/%D0%B1%D0%B0%D1%80%D0%B8%D0%B0%D1%82%D1%80%D0%B8%D1%87%D0%B5%D1%81%D0%BA%D0%B0%D1%8F-%D1%85%D0%B8%D1%80%D1%83%D1%80%D0%B3%D0%B8%D1%8F-2/bypass-gastrico/,0,13
https://www.medicsintegralsalut.com/ru/%D1%87%D1%82%D0%BE-%D0%BE%D1%81%D0%B2%D0%B5%D1%89%D0%B0%D0%B5%D1%82-%D0%BB%D0%B8%D1%86%D0%BE/,0,13
https://www.medicsintegralsalut.com/fr/unites/institut-de-beaute/hidreclat/,0,13
https://www.medicsintegralsalut.com/en/units-2/overweight-and-obesity/12-month-adjustable-backpack/,0,13
https://www.medicsintegralsalut.com/ru/%D0%B5%D0%B4%D0%B8%D0%BD%D0%B8%D1%86%D1%8B/%D0%B8%D0%B7%D0%B1%D1%8B%D1%82%D0%BE%D1%87%D0%BD%D1%8B%D0%B9-%D0%B2%D0%B5%D1%81-%D0%B8-%D0%BE%D0%B6%D0%B8%D1%80%D0%B5%D0%BD%D0%B8%D0%B5-2/%D1%8D%D0%BD%D0%B4%D0%BE%D0%BC%D0%B0%D0%BD%D0%B3%D0%B0/,0,13
https://www.medicsintegralsalut.com/unitats/sobrepes-i-obesitat/balo-ingerible-elipse/,0,13
https://www.medicsintegralsalut.com/en/welcome-dr-langdon/,0,13
https://www.medicsintegralsalut.com/hauria-de-reduir-el-meu-pit/,0,13
https://www.medicsintegralsalut.com/fr/quelles-sont-les-meilleures-protheses-mammaires/,0,13
https://www.medicsintegralsalut.com/ca/quines-son-les-millors-protesis-de-mama/,0,12
https://www.medicsintegralsalut.com/politica-de-privacidad-en-redes-sociales/,0,12
https://www.medicsintegralsalut.com/uk/financiacion/,0,12
https://www.medicsintegralsalut.com/ru/tecnicas-de-medicina-estetica-que-nos-rejuvenecen/,0,12
https://www.medicsintegralsalut.com/ca/que-es-la-bichectomia/,0,12
https://www.medicsintegralsalut.com/fr/contact/,0,12
https://www.medicsintegralsalut.com/ca/unitats-2/cirurgia-estetica-corporal-2/aixecament-de-bracos-i-cames-2/,0,12
https://www.medicsintegralsalut.com/en/units/sobrepeso-y-obesidad/cirugia-bariatrica/,0,12
https://www.medicsintegralsalut.com/fr/unites-2/cabinet-desthetique/,0,12
https://www.medicsintegralsalut.com/fr/unites-2/chirurgie-esthetique-corporelle/lipofilling-corporel/,0,12
https://www.medicsintegralsalut.com/fr/unites/chirurgie-esthetique-des-seins-2/,0,12
https://www.medicsintegralsalut.com/fr/unites/chirurgie-esthetique-faciale/rhinoplastie-gerone/,0,12
https://www.medicsintegralsalut.com/fr/unites/surpoids-et-obesite-2/chirurgie-bariatrique-2/bypass-gastrique-2/,0,12
https://www.medicsintegralsalut.com/uk/la-belleza-del-rostro-el-triangulo-invertido/,0,12
https://www.medicsintegralsalut.com/ca/unitats-2/cirurgia-estetica-masculina-2/ginecomastia/,1,12
https://www.medicsintegralsalut.com/fr/unites/medecine-esthetique-faciale/,0,12
https://www.medicsintegralsalut.com/en/rhinoplasty-recovery/,0,12
https://www.medicsintegralsalut.com/ca/unitats-2/cirurgia-estetica-corporal-2/cirurgia-genital-femenina-2/,2,12
https://www.medicsintegralsalut.com/uk/%D0%B2%D1%96%D0%B4%D0%BD%D0%BE%D0%B2%D0%BB%D0%B5%D0%BD%D0%BD%D1%8F-%D0%BF%D1%96%D1%81%D0%BB%D1%8F-%D1%80%D0%B0%D0%BA%D1%83-%D0%BC%D0%BE%D0%BB%D0%BE%D1%87%D0%BD%D0%BE%D1%97-%D0%B7%D0%B0%D0%BB%D0%BE/,0,12
https://www.medicsintegralsalut.com/uk/%D0%BE%D0%B4%D0%B8%D0%BD%D0%B8%D1%86%D1%96-2/%D1%87%D0%BE%D0%BB%D0%BE%D0%B2%D1%96%D1%87%D0%B0-%D0%B5%D1%81%D1%82%D0%B5%D1%82%D0%B8%D1%87%D0%BD%D0%B0-%D1%85%D1%96%D1%80%D1%83%D1%80%D0%B3%D1%96%D1%8F-2/%D0%BF%D1%96%D0%B4%D1%82%D1%8F%D0%B6%D0%BA%D0%B0-%D1%88%D0%B8%D1%97-%D1%82%D0%B0-%D0%BF%D0%BE%D0%B4%D0%B2%D1%96%D0%B9%D0%BD%D0%BE%D0%B3%D0%BE-%D0%BF%D1%96%D0%B4%D0%B1%D0%BE%D1%80%D1%96%D0%B4%D0%B4/,0,12
https://www.medicsintegralsalut.com/fr/unites-2/chirurgie-esthetique-masculine-2/gynecomastie/,0,12
https://www.medicsintegralsalut.com/ru/%D1%8D%D0%BA%D0%B8%D0%BF%D0%B8%D1%80%D0%BE%D0%B2%D0%B0%D1%82%D1%8C-%D0%BA%D0%B2%D0%B0%D0%B4%D1%80%D0%B5-%D0%BC%D0%B5%D0%B4%D0%B8%D0%BA/,0,12
https://www.medicsintegralsalut.com/fr/unites-2/chirurgie-esthetique-masculine-2/augmentation-des-pectoraux/,0,12
https://www.medicsintegralsalut.com/en/gigantomastia-solved-by-breast-reduction-surgery/,0,12
https://www.medicsintegralsalut.com/w-lp-mamaria/,0,11
https://www.medicsintegralsalut.com/unidades/gabinete-de-estetica/revitalizacion-facial/,0,11
https://www.medicsintegralsalut.com/eres-candidata-o-a-una-cirugia-bariatrica/,0,11
https://www.medicsintegralsalut.com/author/infomedicstetics/page/6/,0,11
https://www.medicsintegralsalut.com/uk/la-importancia-de-seleccionar-el-tratamiento-adecuado-para-la-perdida-de-peso/,0,11
https://www.medicsintegralsalut.com/ru/dr-mike-dewever/,0,11
https://www.medicsintegralsalut.com/fr/politica-de-cookies/,0,11
https://www.medicsintegralsalut.com/fr/unidades/cirugia-estetica-facial/otoplastia/,0,11
https://www.medicsintegralsalut.com/ru/category/gabinete-de-estetica/,0,11
https://www.medicsintegralsalut.com/en/units/cirugia-estetica-corporal/cirugia-genital-femenina/,1,11
https://www.medicsintegralsalut.com/ru/%D0%BF%D0%BB%D0%B0%D1%81%D1%82%D0%B8%D1%87%D0%B5%D1%81%D0%BA%D0%B0%D1%8F-%D1%85%D0%B8%D1%80%D1%83%D1%80%D0%B3%D0%B8%D1%8F-%D0%B6%D0%B8%D1%80%D0%BE%D0%BD%D0%B0-%D0%BC%D0%B5%D0%B4%D0%B8%D1%86%D0%B8/,1,11
https://www.medicsintegralsalut.com/uk/%D0%BA%D0%B0%D1%82%D0%B5%D0%B3%D0%BE%D1%80%D1%96%D1%8F/%D0%BD%D0%B0%D0%B4%D0%BC%D1%96%D1%80%D0%BD%D0%B0-%D0%B2%D0%B0%D0%B3%D0%B0-%D0%BE%D0%B6%D0%B8%D1%80%D1%96%D0%BD%D0%BD%D1%8F/,0,11
https://www.medicsintegralsalut.com/uk/%D0%BE%D0%B4%D0%B8%D0%BD%D0%B8%D1%86%D1%96/%D0%B5%D1%81%D1%82%D0%B5%D1%82%D0%B8%D1%87%D0%BD%D0%B0-%D1%85%D1%96%D1%80%D1%83%D1%80%D0%B3%D1%96%D1%8F-%D1%82%D1%96%D0%BB%D0%B0-2/,0,11
https://www.medicsintegralsalut.com/uk/%D0%BE%D0%B4%D0%B8%D0%BD%D0%B8%D1%86%D1%96/%D1%81%D0%B0%D0%BB%D0%BE%D0%BD-%D0%BA%D1%80%D0%B0%D1%81%D0%B8/%D0%B7%D0%BC%D0%B5%D0%BD%D1%88%D0%B5%D0%BD%D0%BD%D1%8F-%D0%BE%D0%B1%D1%94%D0%BC%D1%83-%D0%B6%D0%B8%D1%80%D0%BE%D0%BD%D0%B0-2/,0,11
https://www.medicsintegralsalut.com/ca/unitats-2/cirurgia-estetica-masculina-2/augment-de-pectoral-2/,0,11
https://www.medicsintegralsalut.com/ca/unitats-2/gabinet-destetica-2/radiofrequencia-facial-i-corporal/,0,11
https://www.medicsintegralsalut.com/fr/unites-2/chirurgie-esthetique-corporelle/liposuccion-2/,0,11
https://www.medicsintegralsalut.com/fr/unites/cirugia-estetica-facial/,0,11
https://www.medicsintegralsalut.com/ru/%D0%B5%D0%B4%D0%B8%D0%BD%D0%B8%D1%86%D1%8B/%D0%BF%D0%BB%D0%B0%D1%81%D1%82%D0%B8%D1%87%D0%B5%D1%81%D0%BA%D0%B0%D1%8F-%D1%85%D0%B8%D1%80%D1%83%D1%80%D0%B3%D0%B8%D1%8F-%D0%BB%D0%B8%D1%86%D0%B0/%D0%B1%D0%BB%D0%B5%D1%84%D0%B0%D1%80%D0%BE%D0%BF%D0%BB%D0%B0%D1%81%D1%82%D0%B8%D0%BA%D0%B0-%D0%B6%D0%B8%D1%80%D0%BE%D0%BD%D0%B0/,0,11
https://www.medicsintegralsalut.com/ca/unitats-2/cirurgia-estetica-corporal-2/cirugia-genital-femenina/,0,11
https://www.medicsintegralsalut.com/en/eyelid-surgery/,0,11
https://www.medicsintegralsalut.com/ru/%D0%B5%D0%B4%D0%B8%D0%BD%D0%B8%D1%86%D1%8B/%D0%BC%D1%83%D0%B6%D1%81%D0%BA%D0%B0%D1%8F-%D0%BA%D0%BE%D1%81%D0%BC%D0%B5%D1%82%D0%B8%D1%87%D0%B5%D1%81%D0%BA%D0%B0%D1%8F-%D1%85%D0%B8%D1%80%D1%83%D1%80%D0%B3%D0%B8%D1%8F/aumento-de-pectoral/,0,11
https://www.medicsintegralsalut.com/uk/%D0%BE%D0%B4%D0%B8%D0%BD%D0%B8%D1%86%D1%96/%D0%B5%D1%81%D1%82%D0%B5%D1%82%D0%B8%D1%87%D0%BD%D0%B0-%D0%BC%D0%B5%D0%B4%D0%B8%D1%86%D0%B8%D0%BD%D0%B0-%D0%B4%D0%BB%D1%8F-%D0%BE%D0%B1%D0%BB%D0%B8%D1%87%D1%87%D1%8F/%D0%B7%D0%B2%D0%BE%D0%BB%D0%BE%D0%B6%D0%B5%D0%BD%D0%BD%D1%8F-%D1%82%D0%B0-%D0%B6%D0%B8%D0%B2%D0%BB%D0%B5%D0%BD%D0%BD%D1%8F/,0,11
https://www.medicsintegralsalut.com/uk/tecnicas-de-medicina-estetica-que-ens-fan-rejovenir/,0,11
https://www.medicsintegralsalut.com/fr/unites/medicina-estetica-facial/,0,11
https://www.medicsintegralsalut.com/ru/%D0%B5%D0%B4%D0%B8%D0%BD%D0%B8%D1%86%D1%8B/%D0%BA%D0%B0%D0%B1%D0%B8%D0%BD%D0%B5%D1%82-%D1%8D%D1%81%D1%82%D0%B5%D1%82%D0%B8%D0%BA%D0%B8/%D1%85%D0%B8%D0%B4%D1%80%D0%B5%D0%BA%D0%BB%D0%B0%D1%82/,0,11
https://www.medicsintegralsalut.com/uk/%D0%BE%D0%B4%D0%B8%D0%BD%D0%B8%D1%86%D1%96/%D0%B5%D1%81%D1%82%D0%B5%D1%82%D0%B8%D1%87%D0%BD%D0%B0-%D1%85%D1%96%D1%80%D1%83%D1%80%D0%B3%D1%96%D1%8F-%D0%B3%D1%80%D1%83%D0%B4%D0%B5%D0%B9-2/%D0%B7%D0%B0%D0%BC%D1%96%D0%BD%D0%B0-%D0%BF%D1%80%D0%BE%D1%82%D0%B5%D0%B7%D0%B0-2/,0,11
https://www.medicsintegralsalut.com/uk/%D1%8F%D0%BA-%D0%B4%D0%BE%D0%B3%D0%BB%D1%8F%D0%B4%D0%B0%D1%82%D0%B8-%D0%B7%D0%B0-%D1%81%D0%BE%D0%B1%D0%BE%D1%8E-%D0%BF%D1%96%D1%81%D0%BB%D1%8F-%D1%80%D0%B8%D0%BD%D0%BE%D0%BF%D0%BB%D0%B0%D1%81%D1%82/,0,11
https://www.medicsintegralsalut.com/ca/unitats-2/sobrepes-i-obesitat-2/cirurgia-bariatrica-2/gastrectomia-vertical/,0,11
https://www.medicsintegralsalut.com/fr/techniques-de-medecine-esthetique-pour-nous-rajeunir/,0,11
https://www.medicsintegralsalut.com/ca/adeu-a-la-panxeta/,0,11
https://www.medicsintegralsalut.com/ca/aumento-mamario-con-protesis-motiva/,0,11
https://www.medicsintegralsalut.com/en/que-es-la-tecnica-minimal-scar-en-aumento-de-pecho/,0,11
https://www.medicsintegralsalut.com/ru/%D1%8E%D0%BD%D0%B8%D1%82%D0%B0%D1%86/%D0%BC%D1%83%D0%B6%D1%81%D0%BA%D0%B0%D1%8F-%D0%BF%D0%BB%D0%B0%D1%81%D1%82%D0%B8%D1%87%D0%B5%D1%81%D0%BA%D0%B0%D1%8F-%D1%85%D0%B8%D1%80%D1%83%D1%80%D0%B3%D0%B8%D1%8F/%D1%83%D0%B2%D0%B5%D0%BB%D0%B8%D1%87%D0%B5%D0%BD%D0%B8%D0%B5-%D0%B3%D1%80%D1%83%D0%B4%D0%BD%D1%8B%D1%85-%D0%BC%D1%8B%D1%88%D1%86/,0,11
https://www.medicsintegralsalut.com/fr/unites-2/surpoids-et-obesite/12-mois-reajustables/,0,11
https://www.medicsintegralsalut.com/ca/unitats/medicina-estetica-facial/hidratacio-i-nutricio/,0,10
https://www.medicsintegralsalut.com/ca/unitats/cirurgia-estetica-facial/blefaroplastia/,0,10
https://www.medicsintegralsalut.com/wp-content/uploads/2023/04/rino-fanlo.jpg.jpg,0,10
https://www.medicsintegralsalut.com/sk-10-el-tractament-amb-una-injeccio-que-aprima/,1,10
https://www.medicsintegralsalut.com/ru/siente-el-poder-del-bienestar-con-una-cirugia-estetica-para-los-pechos-separados/,0,10
https://www.medicsintegralsalut.com/en/hi-ha-solucio-per-a-lantiestetica-marca-del-cansament-sota-els-ulls/,0,10
https://www.medicsintegralsalut.com/en/units-2/aesthetic-cabinet/radiofrequency-facial-and-body-treatments-2/,0,10
https://www.medicsintegralsalut.com/fr/unites-2/surpoids-et-obesite/balo-12-mesos-reajustable/,0,10
https://www.medicsintegralsalut.com/uk/%D0%BE%D0%B4%D0%B8%D0%BD%D0%B8%D1%86%D1%96/%D0%B5%D1%81%D1%82%D0%B5%D1%82%D0%B8%D1%87%D0%BD%D0%B0-%D0%BC%D0%B5%D0%B4%D0%B8%D1%86%D0%B8%D0%BD%D0%B0-%D0%B4%D0%BB%D1%8F-%D0%BE%D0%B1%D0%BB%D0%B8%D1%87%D1%87%D1%8F/%D0%B2%D1%8F%D0%BB%D1%96%D1%81%D1%82%D1%8C-%D1%88%D0%BA%D1%96%D1%80%D0%B8-%D0%BF%D1%96%D0%B4%D1%82%D1%8F%D0%B3%D1%83%D0%B2%D0%B0%D0%BB%D1%8C%D0%BD%D1%96-%D0%BD%D0%B8%D1%82%D0%BA%D0%B8/,0,10
https://www.medicsintegralsalut.com/ru/%D0%B5%D0%B4%D0%B8%D0%BD%D0%B8%D1%86%D1%8B/%D0%BA%D0%B0%D0%B1%D0%B8%D0%BD%D0%B5%D1%82-%D1%8D%D1%81%D1%82%D0%B5%D1%82%D0%B8%D0%BA%D0%B8/acido-de-frutas/,0,10
https://www.medicsintegralsalut.com/ru/%D0%B5%D0%B4%D0%B8%D0%BD%D0%B8%D1%86%D1%8B/%D1%8D%D1%81%D1%82%D0%B5%D1%82%D0%B8%D1%87%D0%B5%D1%81%D0%BA%D0%B0%D1%8F-%D0%BE%D0%BF%D0%B5%D1%80%D0%B0%D1%86%D0%B8%D1%8F-%D1%82%D0%B5%D0%BB%D0%B0/,0,10
https://www.medicsintegralsalut.com/ru/%D0%BA%D0%B0%D1%82%D0%B5%D0%B3%D0%BE%D1%80%D0%B8%D1%8F/%D1%8D%D1%81%D1%82%D0%B5%D1%82%D0%B8%D1%87%D0%B5%D1%81%D0%BA%D0%B0%D1%8F-%D1%85%D0%B8%D1%80%D1%83%D1%80%D0%B3%D0%B8%D1%8F-%D0%B3%D1%80%D1%83%D0%B4%D0%B8/,0,10
https://www.medicsintegralsalut.com/uk/%D0%BE%D0%B4%D0%B8%D0%BD%D0%B8%D1%86%D1%96/%D0%B5%D1%81%D1%82%D0%B5%D1%82%D0%B8%D1%87%D0%BD%D0%B0-%D1%85%D1%96%D1%80%D1%83%D1%80%D0%B3%D1%96%D1%8F-%D0%B3%D1%80%D1%83%D0%B4%D0%B5%D0%B9-2/%D0%B7%D0%B1%D1%96%D0%BB%D1%8C%D1%88%D0%B5%D0%BD%D0%BD%D1%8F-%D0%B3%D1%80%D1%83%D0%B4%D0%B5%D0%B9-%D1%83-%D0%B6%D0%B8%D1%80%D0%BE%D0%BD%D1%96-2/,0,10
https://www.medicsintegralsalut.com/uk/%D0%BE%D0%B4%D0%B8%D0%BD%D0%B8%D1%86%D1%96/%D0%B5%D1%81%D1%82%D0%B5%D1%82%D0%B8%D1%87%D0%BD%D0%B0-%D1%85%D1%96%D1%80%D1%83%D1%80%D0%B3%D1%96%D1%8F-%D0%BE%D0%B1%D0%BB%D0%B8%D1%87%D1%87%D1%8F-2/,0,10
https://www.medicsintegralsalut.com/uk/%D0%BE%D0%B4%D0%B8%D0%BD%D0%B8%D1%86%D1%96/%D0%B5%D1%81%D1%82%D0%B5%D1%82%D0%B8%D1%87%D0%BD%D0%B0-%D1%85%D1%96%D1%80%D1%83%D1%80%D0%B3%D1%96%D1%8F-%D0%BE%D0%B1%D0%BB%D0%B8%D1%87%D1%87%D1%8F-2/%D0%B1%D0%BB%D0%B5%D1%84%D0%B0%D1%80%D0%BE%D0%BF%D0%BB%D0%B0%D1%81%D1%82%D0%B8%D0%BA%D0%B0-%D0%B2-%D0%B6%D0%B8%D1%80%D0%BE%D0%BD%D1%96/,0,10
https://www.medicsintegralsalut.com/uk/%D0%BE%D0%B4%D0%B8%D0%BD%D0%B8%D1%86%D1%96/%D0%B5%D1%81%D1%82%D0%B5%D1%82%D0%B8%D1%87%D0%BD%D0%B0-%D1%85%D1%96%D1%80%D1%83%D1%80%D0%B3%D1%96%D1%8F-%D0%BE%D0%B1%D0%BB%D0%B8%D1%87%D1%87%D1%8F-2/%D0%B1%D0%BB%D0%B5%D1%84%D0%B0%D1%80%D0%BE%D0%BF%D0%BB%D0%B0%D1%81%D1%82%D0%B8%D0%BA%D0%B0/,0,10
https://www.medicsintegralsalut.com/uk/%D1%89%D0%BE-%D1%82%D0%B0%D0%BA%D0%B5-%D1%83%D0%BB%D1%8C%D1%82%D1%80%D0%B0%D0%B7%D0%B2%D1%83%D0%BA%D0%BE%D0%B2%D0%B0-%D1%80%D0%B8%D0%BD%D0%BE%D0%BF%D0%BB%D0%B0%D1%81%D1%82%D0%B8%D0%BA%D0%B0/,0,10
https://www.medicsintegralsalut.com/ca/unitats-2/cirugia-estetica-facial/,0,10
https://www.medicsintegralsalut.com/en/category/facial-aesthetic-medicine/,0,10
https://www.medicsintegralsalut.com/fr/category/chirurgie-esthetique-des-seins-2/page/3/,0,10
https://www.medicsintegralsalut.com/fr/unites/chirurgie-esthetique-masculine/,0,10
https://www.medicsintegralsalut.com/fr/unites/surpoids-et-obesite-2/balon-gastrico-girona/,0,10
https://www.medicsintegralsalut.com/fr/unites/surpoids-et-obesite-2/boule-12-mois-ajustable/,0,10
https://www.medicsintegralsalut.com/uk/%D0%BE%D0%B4%D0%B8%D0%BD%D0%B8%D1%86%D1%96/%D0%B5%D1%81%D1%82%D0%B5%D1%82%D0%B8%D1%87%D0%BD%D0%B0-%D1%85%D1%96%D1%80%D1%83%D1%80%D0%B3%D1%96%D1%8F-%D0%BE%D0%B1%D0%BB%D0%B8%D1%87%D1%87%D1%8F-2/%D1%80%D0%B8%D0%BD%D0%BE%D0%BF%D0%BB%D0%B0%D1%81%D1%82%D0%B8%D0%BA%D0%B0-2/,0,10
https://www.medicsintegralsalut.com/ca/dr-mike-dewever/,0,10
https://www.medicsintegralsalut.com/en/team/dra-ainitze-ibarzabal/,0,10
https://www.medicsintegralsalut.com/fr/solucion-mamas-tuberosas/,0,10
https://www.medicsintegralsalut.com/en/units/beauty-salon/anti-ageing-mc-110/,0,10
https://www.medicsintegralsalut.com/en/units-2/body-contouring-surgery/body-fat-transfer/,0,10
https://www.medicsintegralsalut.com/fr/unites/sobrepeso-y-obesidad/cirugia-postbariatrica/,0,10
https://www.medicsintegralsalut.com/en/category/sobrepeso-obesidad/,0,10
https://www.medicsintegralsalut.com/ca/solucio-per-pits-tuberosos/,0,10
https://www.medicsintegralsalut.com/fr/team/dr-mike-dewever/,0,10
https://www.medicsintegralsalut.com/fr/la-radiofrecuencia-la-mejor-solucion-a-la-flacidez/,0,10
https://www.medicsintegralsalut.com/en/units-2/body-contouring-surgery/vaser-liposuction/,0,10
https://www.medicsintegralsalut.com/en/que-son-las-protesis-de-mamas-ergonomicas/,0,10
https://www.medicsintegralsalut.com/tag/lipovaser/,0,9
https://www.medicsintegralsalut.com/ca/unitats/cirurgia-estetica-facial/,0,9
https://www.medicsintegralsalut.com/category/medicina-estetica-corporal/page/2/,0,9
https://www.medicsintegralsalut.com/ca/unitats/gabinet-destetica/p50-visage/,0,9
https://www.medicsintegralsalut.com/ca/lipofilling-resultats-permanents-nomes-amb-greix/,1,9
https://www.medicsintegralsalut.com/ca/portfolio_page/augment-de-llavis/,0,9
https://www.medicsintegralsalut.com/ca/author/infomedicstetics/,0,9
https://www.medicsintegralsalut.com/uk/aumento-mamario-con-protesis-motiva/,0,9
https://www.medicsintegralsalut.com/ca/unitats-2/cirugia-estetica-corporal/liposuccio-2/,0,9
https://www.medicsintegralsalut.com/en/unidades/sobrepeso-y-obesidad/dietetica-y-nutricion/,1,9
https://www.medicsintegralsalut.com/fr/unites-2/chirurgie-esthetique-du-visage/chirurgie-du-menton-et-des-pommettes/,0,9
https://www.medicsintegralsalut.com/ru/rinoplastia-sin-cirugia-rinoplastia-ultrasonica/,0,9
https://www.medicsintegralsalut.com/uk/%D0%BE%D0%B4%D0%B8%D0%BD%D0%B8%D1%86%D1%96/%D0%BD%D0%B0%D0%B4%D0%BC%D1%96%D1%80%D0%BD%D0%B0-%D0%B2%D0%B0%D0%B3%D0%B0-%D1%82%D0%B0-%D0%BE%D0%B6%D0%B8%D1%80%D1%96%D0%BD%D0%BD%D1%8F-2/balon-12-meses-reajustable/,0,9
https://www.medicsintegralsalut.com/en/units-2/cosmetic-breast-surgery/prosthetic-replacement/,0,9
https://www.medicsintegralsalut.com/en/units/facial-aesthetic-medicine/ojeras/,0,9
https://www.medicsintegralsalut.com/en/units/cirugia-estetica-facial/,0,9
https://www.medicsintegralsalut.com/uk/%D0%BA%D0%B0%D1%82%D0%B5%D0%B3%D0%BE%D1%80%D1%96%D1%8F/%D0%BD%D0%B0%D0%B4%D0%BC%D1%96%D1%80%D0%BD%D0%B0-%D0%B2%D0%B0%D0%B3%D0%B0-%D1%82%D0%B0-%D0%BE%D0%B6%D0%B8%D1%80%D1%96%D0%BD%D0%BD%D1%8F/,0,9
https://www.medicsintegralsalut.com/uk/%D0%BE%D0%B4%D0%B8%D0%BD%D0%B8%D1%86%D1%96/%D0%B5%D1%81%D1%82%D0%B5%D1%82%D0%B8%D1%87%D0%BD%D0%B0-%D1%85%D1%96%D1%80%D1%83%D1%80%D0%B3%D1%96%D1%8F-%D0%BE%D0%B1%D0%BB%D0%B8%D1%87%D1%87%D1%8F-2/cirugia-menton-y-pomulos/,0,9
https://www.medicsintegralsalut.com/ca/category/gabinet-destetica-2/,0,9
https://www.medicsintegralsalut.com/en/units-2/aesthetic-cabinet/p50-face/,0,9
https://www.medicsintegralsalut.com/en/units/gabinete-de-estetica/reduccion-de-volumen-girona/,0,9
https://www.medicsintegralsalut.com/fr/unites/chirurgie-esthetique-faciale/otoplastie/,0,9
https://www.medicsintegralsalut.com/ca/unitats-2/medicina-cosmetica-girona/,0,9
https://www.medicsintegralsalut.com/fr/que-es-la-bichectomia/,0,9
https://www.medicsintegralsalut.com/uk/%D0%BE%D0%B4%D0%B8%D0%BD%D0%B8%D1%86%D1%96/%D0%BD%D0%B0%D0%B4%D0%BC%D1%96%D1%80%D0%BD%D0%B0-%D0%B2%D0%B0%D0%B3%D0%B0-%D1%82%D0%B0-%D0%BE%D0%B6%D0%B8%D1%80%D1%96%D0%BD%D0%BD%D1%8F-2/balon-6-meses/,0,9
https://www.medicsintegralsalut.com/en/units/overweight-and-obesity-2/endomanga/,0,9
https://www.medicsintegralsalut.com/ca/nuestra-experiencia-con-la-rinoplastia-ultrasonica/,0,9
https://www.medicsintegralsalut.com/ru/que-es-la-tecnica-minimal-scar-en-aumento-de-pecho/,0,9
https://www.medicsintegralsalut.com/ru/%D0%B5%D0%B4%D0%B8%D0%BD%D0%B8%D1%86%D1%8B/%D0%B8%D0%B7%D0%B1%D1%8B%D1%82%D0%BE%D1%87%D0%BD%D1%8B%D0%B9-%D0%B2%D0%B5%D1%81-%D0%B8-%D0%BE%D0%B6%D0%B8%D1%80%D0%B5%D0%BD%D0%B8%D0%B5-2/balon-12-meses-reajustable/,0,9
https://www.medicsintegralsalut.com/uk/%D0%BE%D0%B4%D0%B8%D0%BD%D0%B8%D1%86%D1%96/%D0%B5%D1%81%D1%82%D0%B5%D1%82%D0%B8%D1%87%D0%BD%D0%B0-%D1%85%D1%96%D1%80%D1%83%D1%80%D0%B3%D1%96%D1%8F-%D0%B3%D1%80%D1%83%D0%B4%D0%B5%D0%B9-2/%D0%BF%D1%96%D0%B4%D1%82%D1%8F%D0%B6%D0%BA%D0%B0-%D0%B3%D1%80%D1%83%D0%B4%D0%B5%D0%B9-%D0%BF%D0%B5%D0%BA%D1%81%D1%96%D1%8F/,0,9
https://www.medicsintegralsalut.com/uk/%D0%BA%D0%BE%D0%BC%D0%B0%D0%BD%D0%B4%D0%B0/dra-cristina-vera/,0,9
https://www.medicsintegralsalut.com/ca/carousels-category/personal/,0,9
https://www.medicsintegralsalut.com/ru/%D1%8E%D0%BD%D0%B8%D1%82%D0%B0%D1%86/%D0%B8%D0%B7%D0%B1%D1%8B%D1%82%D0%BE%D1%87%D0%BD%D1%8B%D0%B9-%D0%B2%D0%B5%D1%81-%D0%B8-%D0%BE%D0%B6%D0%B8%D1%80%D0%B5%D0%BD%D0%B8%D0%B5/%D0%B1%D0%B0%D0%BB%D0%BE-%D0%BD%D0%B5%D1%81%D1%8A%D0%B5%D0%B4%D0%BE%D0%B1%D0%BD%D1%8B%D0%B9-%D1%8D%D0%BB%D0%BB%D0%B8%D0%BF%D1%81/,0,9
https://www.medicsintegralsalut.com/ca/unitats-2/gabinet-destetica-2/p50-rostre/,0,9
https://www.medicsintegralsalut.com/en/units-2/cosmetic-body-medicine/liposuction-without-surgery/,0,9
https://www.medicsintegralsalut.com/en/units-2/overweight-and-obesity/,0,9
https://www.medicsintegralsalut.com/fr/equipement-du-cadre-medical/,0,9
https://www.medicsintegralsalut.com/en/how-to-care-for-your-skin-at-50/,0,9
https://www.medicsintegralsalut.com/unitats/sobrepes-i-obesitat/cirurgia-bariatrica/bypass-gastric/,0,9
https://www.medicsintegralsalut.com/en/deberia-reducirme-el-pecho/,0,9
https://www.medicsintegralsalut.com/ca/autor/infomedicsestetics/,0,9
https://www.medicsintegralsalut.com/fr/cirugia-de-elevacion-de-pecho/,1,9
https://www.medicsintegralsalut.com/ca/w-lp-ginecomastia/,0,9
https://www.medicsintegralsalut.com/fr/solution-pour-tuberses-mammaires/,0,9
https://www.medicsintegralsalut.com/ru/%D1%8E%D0%BD%D0%B8%D1%82%D0%B0%D1%86/%D1%8D%D1%81%D1%82%D0%B5%D1%82%D0%B8%D1%87%D0%B5%D1%81%D0%BA%D0%B0%D1%8F-%D0%BC%D0%B5%D0%B4%D0%B8%D1%86%D0%B8%D0%BD%D0%B0-%D0%BB%D0%B8%D1%86%D0%B0/%D0%BF%D0%B8%D0%BB%D0%B8%D0%BD%D0%B3/,0,9
https://www.medicsintegralsalut.com/ca/canvi-dimatge-i-estil-de-vida-amb-la-cirurgia-bariatrica/,1,8
https://www.medicsintegralsalut.com/category/cirugia-estetica-facial/,0,8
https://www.medicsintegralsalut.com/tag/obesidad/,0,8
https://www.medicsintegralsalut.com/ca/consell-a-la-cirurgia-daugment-de-mames/,0,8
https://www.medicsintegralsalut.com/ca/rinoplastia-ultrasonica-o-rinomodelacio-quines-son-les-diferencies/,0,8
https://www.medicsintegralsalut.com/ca/la-ginecomastia-te-solucio-definitiva/,1,8
https://www.medicsintegralsalut.com/tag/ojos/,0,8
https://www.medicsintegralsalut.com/ca/politica-de-privadesa/,0,8
https://www.medicsintegralsalut.com/ru/el-unico-balon-que-puede-estar-implantado-un-ano/,0,8
https://www.medicsintegralsalut.com/fr/unites/sobrepeso-y-obesidad/balon-12-meses-reajustable/,0,8
https://www.medicsintegralsalut.com/ru/nuestra-experiencia-con-la-rinoplastia-ultrasonica/,0,8
https://www.medicsintegralsalut.com/uk/congela-el-tiempo/,0,8
https://www.medicsintegralsalut.com/uk/la-rinoplastia-ultrasonica-es-una-tecnica-de-cirugia-estetica-de-nariz/,0,8
https://www.medicsintegralsalut.com/uk/que-es-la-bichectomia/,0,8
https://www.medicsintegralsalut.com/en/units/male-cosmetic-surgery/ginecomastia/,0,8
https://www.medicsintegralsalut.com/ru/la-ginecomastia-tiene-solucion-definitiva/,0,8
https://www.medicsintegralsalut.com/ru/que-es-faci-la-llum-al-rostre/,0,8
https://www.medicsintegralsalut.com/ru/%D1%8E%D0%BD%D0%B8%D1%82%D0%B0%D1%86/%D0%B8%D0%B7%D0%B1%D1%8B%D1%82%D0%BE%D1%87%D0%BD%D1%8B%D0%B9-%D0%B2%D0%B5%D1%81-%D0%B8-%D0%BE%D0%B6%D0%B8%D1%80%D0%B5%D0%BD%D0%B8%D0%B5/%D0%B1%D0%B0%D1%80%D0%B8%D0%B0%D1%82%D1%80%D0%B8%D1%87%D0%B5%D1%81%D0%BA%D0%B0%D1%8F-%D1%85%D0%B8%D1%80%D1%83%D1%80%D0%B3%D0%B8%D1%8F/gastrectomia-vertical/,0,8
https://www.medicsintegralsalut.com/ru/%D0%B5%D0%B4%D0%B8%D0%BD%D0%B8%D1%86%D1%8B/%D0%BA%D0%B0%D0%B1%D0%B8%D0%BD%D0%B5%D1%82-%D1%8D%D1%81%D1%82%D0%B5%D1%82%D0%B8%D0%BA%D0%B8/%D1%80%D0%B5%D0%BA%D1%83%D0%BF%D0%B5%D1%80%D0%B0%D1%82%D0%BE%D1%80/,0,8
https://www.medicsintegralsalut.com/ru/%D0%B5%D0%B4%D0%B8%D0%BD%D0%B8%D1%86%D1%8B/%D0%BF%D0%BB%D0%B0%D1%81%D1%82%D0%B8%D1%87%D0%B5%D1%81%D0%BA%D0%B0%D1%8F-%D1%85%D0%B8%D1%80%D1%83%D1%80%D0%B3%D0%B8%D1%8F-%D0%B3%D1%80%D1%83%D0%B4%D0%B8/%D1%83%D0%B2%D0%B5%D0%BB%D0%B8%D1%87%D0%B5%D0%BD%D0%B8%D0%B5-%D0%B3%D1%80%D1%83%D0%B4%D0%B8/,0,8
https://www.medicsintegralsalut.com/ru/%D0%B5%D0%B4%D0%B8%D0%BD%D0%B8%D1%86%D1%8B/%D0%BF%D0%BB%D0%B0%D1%81%D1%82%D0%B8%D1%87%D0%B5%D1%81%D0%BA%D0%B0%D1%8F-%D1%85%D0%B8%D1%80%D1%83%D1%80%D0%B3%D0%B8%D1%8F-%D0%BB%D0%B8%D1%86%D0%B0/%D0%BE%D1%82%D0%BE%D0%BF%D0%BB%D0%B0%D1%81%D1%82%D0%B8%D0%BA%D0%B0/,0,8
https://www.medicsintegralsalut.com/ru/%D0%B5%D0%B4%D0%B8%D0%BD%D0%B8%D1%86%D1%8B/%D1%8D%D1%81%D1%82%D0%B5%D1%82%D0%B8%D1%87%D0%B5%D1%81%D0%BA%D0%B0%D1%8F-%D0%BC%D0%B5%D0%B4%D0%B8%D1%86%D0%B8%D0%BD%D0%B0-%D1%82%D0%B5%D0%BB%D0%B0/,0,8
https://www.medicsintegralsalut.com/ru/%D0%BA%D0%B0%D1%82%D0%B5%D0%B3%D0%BE%D1%80%D0%B8%D1%8F/%D1%8D%D1%81%D1%82%D0%B5%D1%82%D0%B8%D1%87%D0%B5%D1%81%D0%BA%D0%B0%D1%8F-%D0%BC%D0%B5%D0%B4%D0%B8%D1%86%D0%B8%D0%BD%D0%B0-%D0%BB%D0%B8%D1%86%D0%B0/,0,8
https://www.medicsintegralsalut.com/ru/%D0%BF%D0%BE%D0%BB%D0%B8%D1%82%D0%B8%D0%BA%D0%B0-%D0%BA%D0%BE%D0%BD%D1%84%D0%B8%D0%B4%D0%B5%D0%BD%D1%86%D0%B8%D0%B0%D0%BB%D1%8C%D0%BD%D0%BE%D1%81%D1%82%D0%B8-%D0%B2-%D1%81%D0%BE%D1%86%D0%B8%D0%B0-2/,1,8
https://www.medicsintegralsalut.com/ru/team/dr-david-perez-asensio/,0,8
https://www.medicsintegralsalut.com/uk/%D0%BA%D0%B0%D1%82%D0%B5%D0%B3%D0%BE%D1%80%D1%96%D1%8F/%D1%81%D0%B0%D0%BB%D0%BE%D0%BD-%D0%BA%D1%80%D0%B0%D1%81%D0%B8-2/,0,8
https://www.medicsintegralsalut.com/uk/%D0%BD%D0%BE%D0%B2%D0%B8%D0%BD%D0%BA%D0%B0-%D0%BD%D0%B8%D1%82%D0%BA%D0%B8-360-%D0%B7-%D0%BB%D1%96%D1%84%D1%82%D0%B8%D0%BD%D0%B3%D0%BE%D0%B2%D0%B8%D0%BC-%D0%B5%D1%84%D0%B5%D0%BA%D1%82%D0%BE/,0,8
https://www.medicsintegralsalut.com/ca/rinoplastia-o-setoplastia/,0,8
https://www.medicsintegralsalut.com/en/units-2/aesthetic-cabinet/anti-date-mc110/,0,8
https://www.medicsintegralsalut.com/en/units/beauty-salon/desintoxicante/,0,8
https://www.medicsintegralsalut.com/fr/unites/chirurgie-esthetique-faciale/rinoplastia-girona/,0,8
https://www.medicsintegralsalut.com/fr/unites/institut-de-beaute/antiedad-mc-110/,0,8
https://www.medicsintegralsalut.com/fr/unites/institut-de-beaute/desintoxicante/,0,8
https://www.medicsintegralsalut.com/ru/%D0%B5%D0%B4%D0%B8%D0%BD%D0%B8%D1%86%D1%8B/gabinete-de-estetica/eliminar-celulitis/,0,8
https://www.medicsintegralsalut.com/ca/unitats-2/cirurgia-estetica-masculina-2/,0,8
https://www.medicsintegralsalut.com/ca/portfoli_pagina/,0,8
https://www.medicsintegralsalut.com/en/la-belleza-del-rostro-el-triangulo-invertido/,0,8
https://www.medicsintegralsalut.com/en/units/beauty-salon/hidreclat/,0,8
https://www.medicsintegralsalut.com/en/units/male-cosmetic-surgery/,0,8
https://www.medicsintegralsalut.com/fr/unites/chirurgie-esthetique-masculine/blepharoplastie/,0,8
https://www.medicsintegralsalut.com/ru/%D1%8E%D0%BD%D0%B8%D1%82%D0%B0%D1%86/%D1%8D%D1%81%D1%82%D0%B5%D1%82%D0%B8%D1%87%D0%B5%D1%81%D0%BA%D0%B0%D1%8F-%D0%BC%D0%B5%D0%B4%D0%B8%D1%86%D0%B8%D0%BD%D0%B0-%D0%BB%D0%B8%D1%86%D0%B0/%D0%BC%D0%BE%D1%80%D1%89%D0%B8%D0%BD%D1%8B-%D0%BE%D1%82-%D1%83%D0%BB%D1%8B%D0%B1%D0%BA%D0%B8/,0,8
https://www.medicsintegralsalut.com/uk/aliments-que-beneficien-la-teva-pell/,0,8
https://www.medicsintegralsalut.com/ru/%D0%B5%D0%B4%D0%B8%D0%BD%D0%B8%D1%86%D1%8B/%D0%BA%D0%B0%D0%B1%D0%B8%D0%BD%D0%B5%D1%82-%D1%8D%D1%81%D1%82%D0%B5%D1%82%D0%B8%D0%BA%D0%B8/hidreclat/,0,8
https://www.medicsintegralsalut.com/ru/%D0%BA%D0%B0%D1%82%D0%B5%D0%B3%D0%BE%D1%80%D0%B8%D1%8F/%D0%BF%D0%BB%D0%B0%D1%81%D1%82%D0%B8%D1%87%D0%B5%D1%81%D0%BA%D0%B0%D1%8F-%D1%85%D0%B8%D1%80%D1%83%D1%80%D0%B3%D0%B8%D1%8F-%D0%B3%D1%80%D1%83%D0%B4%D0%B8/%D1%81%D1%82%D1%80%D0%B0%D0%BD%D0%B8%D1%86%D0%B0/2/,0,8
https://www.medicsintegralsalut.com/ru/la-ginecomastia-te-solucio-definitiva/,0,8
https://www.medicsintegralsalut.com/uk/%D0%B2%D0%B8-%D1%94-%D0%BA%D0%B0%D0%BD%D0%B4%D0%B8%D0%B4%D0%B0%D1%82%D0%BA%D0%BE%D1%8E-%D0%BD%D0%B0-%D0%BF%D1%80%D0%BE%D0%B2%D0%B5%D0%B4%D0%B5%D0%BD%D0%BD%D1%8F-%D0%B1%D0%B0%D1%80%D1%96%D0%B0%D1%82/,0,8
https://www.medicsintegralsalut.com/uk/%D1%87%D0%BE%D0%BC%D1%83-%D0%BC%D0%B8-%D1%81%D1%82%D0%B0%D1%80%D1%96%D1%94%D0%BC%D0%BE/,0,8
https://www.medicsintegralsalut.com/ru/%D1%80%D0%B8%D0%BD%D0%BE%D0%BF%D0%BB%D0%B0%D1%81%D1%82%D0%B8%D0%BA%D0%B0-%D0%B2%D0%BE%D1%81%D1%81%D1%82%D0%B0%D0%BD%D0%BE%D0%B2%D0%BB%D0%B5%D0%BD%D0%B8%D0%B5/,0,8
https://www.medicsintegralsalut.com/uk/%D0%BE%D0%B4%D0%B8%D0%BD%D0%B8%D1%86%D1%96-2/%D0%B5%D1%81%D1%82%D0%B5%D1%82%D0%B8%D1%87%D0%BD%D0%B0-%D1%85%D1%96%D1%80%D1%83%D1%80%D0%B3%D1%96%D1%8F-%D0%BE%D0%B1%D0%BB%D0%B8%D1%87%D1%87%D1%8F/perforacio-de-lenva-nasal/,0,8
https://www.medicsintegralsalut.com/ca/com-cuidar-se-despres-duna-rinoplastia-els-millors-consells-per-a-un-postoperatori-rapid/,0,8
https://www.medicsintegralsalut.com/en/units-2/,0,8
https://www.medicsintegralsalut.com/uk/%D0%BE%D0%B4%D0%B8%D0%BD%D0%B8%D1%86%D1%96-2/%D0%B5%D1%81%D1%82%D0%B5%D1%82%D0%B8%D1%87%D0%BD%D0%B0-%D1%85%D1%96%D1%80%D1%83%D1%80%D0%B3%D1%96%D1%8F-%D1%82%D1%96%D0%BB%D0%B0/%D0%BB%D1%96%D0%BF%D0%BE%D1%81%D0%B0%D0%BA%D1%86%D1%96%D1%8F/,0,8
https://www.medicsintegralsalut.com/ca/unitats/gabinet-destetica/acid-de-fruites/,0,8
https://www.medicsintegralsalut.com/en/dr-mike-dewever/,0,8
https://www.medicsintegralsalut.com/en/units-2/cosmetic-breast-surgery/elevacio-de-pit-pexia/,0,8
https://www.medicsintegralsalut.com/ru/%D0%B5%D0%B4%D0%B8%D0%BD%D0%B8%D1%86%D1%8B/%D0%B8%D0%B7%D0%B1%D1%8B%D1%82%D0%BE%D1%87%D0%BD%D1%8B%D0%B9-%D0%B2%D0%B5%D1%81-%D0%B8-%D0%BE%D0%B6%D0%B8%D1%80%D0%B5%D0%BD%D0%B8%D0%B5-2/%D0%BD%D0%B0%D0%B4%D1%83%D0%B2%D0%BD%D0%BE%D0%B9-%D1%8D%D0%BB%D0%BB%D0%B8%D0%BF%D1%82%D0%B8%D1%87%D0%B5%D1%81%D0%BA%D0%B8%D0%B9-%D1%88%D0%B0%D1%80/,0,8
https://www.medicsintegralsalut.com/ca/lipofilling-resultats-permanents-nomes-amb-greix-2/,0,8
https://www.medicsintegralsalut.com/uk/%D0%BE%D0%B4%D0%B8%D0%BD%D0%B8%D1%86%D1%96/%D1%81%D0%B0%D0%BB%D0%BE%D0%BD-%D0%BA%D1%80%D0%B0%D1%81%D0%B8/%D0%BF%D0%BE%D0%B7%D0%B1%D1%83%D1%82%D0%B8%D1%81%D1%8F-%D1%86%D0%B5%D0%BB%D1%8E%D0%BB%D1%96%D1%82%D1%83/,0,8
https://www.medicsintegralsalut.com/ru/%D1%8E%D0%BD%D0%B8%D1%82%D0%B0%D1%86/%D1%8D%D1%81%D1%82%D0%B5%D1%82%D0%B8%D1%87%D0%B5%D1%81%D0%BA%D0%B0%D1%8F-%D1%85%D0%B8%D1%80%D1%83%D1%80%D0%B3%D0%B8%D1%8F-%D1%82%D0%B5%D0%BB%D0%B0/%D0%B0%D0%B1%D0%B4%D0%BE%D0%BC%D0%B8%D0%BD%D0%BE%D0%BF%D0%BB%D0%B0%D1%81%D1%82%D0%B8%D0%BA%D0%B0/,0,8
https://www.medicsintegralsalut.com/ru/team/dr-cristobal-langdon-montero/,0,8
https://www.medicsintegralsalut.com/ru/%D0%BD%D0%BE%D0%B2%D0%B8%D0%BD%D0%BA%D0%B8-%D1%8D%D1%84%D1%84%D0%B5%D0%BA%D1%82-%D0%BB%D0%B8%D1%84%D1%82%D0%B8%D0%BD%D0%B3-360/,0,8
https://www.medicsintegralsalut.com/en/units-2/body-contouring-surgery/lifting-arms-and-legs/,0,8
https://www.medicsintegralsalut.com/fr/unites-2/medecine-esthetique-corporelle/cellulite/,0,8
https://www.medicsintegralsalut.com/ru/otoplastia-que-es/,0,8
https://www.medicsintegralsalut.com/ca/unitats/gabinet-destetica/desintoxicant/,0,7
https://www.medicsintegralsalut.com/ca/portfolio_page/augment-pit/,0,7
https://www.medicsintegralsalut.com/ca/unitats/cirurgia-estetica-masculina/augment-de-pectoral/,0,7
https://www.medicsintegralsalut.com/category/gabinete-de-estetica/,0,7
https://www.medicsintegralsalut.com/ru/%D0%B5%D0%B4%D0%B8%D0%BD%D0%B8%D1%86%D1%8B/cirugia-estetica-corporal/lipofiling-corporal/,0,7
https://www.medicsintegralsalut.com/ca/unitats-2/medicina-estetica-facial/ojeras/,0,7
https://www.medicsintegralsalut.com/fr/el-unico-balon-que-puede-estar-implantado-un-ano/,0,7
https://www.medicsintegralsalut.com/uk/solucion-mamas-tuberosas/,0,7
https://www.medicsintegralsalut.com/ru/pinko-kazino-oficialnyy-sayt-pinco-casino-vhod-na-zerkalo/,1,7
https://www.medicsintegralsalut.com/ca/unidades/cirugia-estetica-masculina/blefaroplastia/,0,7
https://www.medicsintegralsalut.com/en/units/cirugia-estetica-facial/facial-lift/,1,7
https://www.medicsintegralsalut.com/en/units/facial-aesthetic-medicine/rinomodelacion/,0,7
https://www.medicsintegralsalut.com/fr/unites/medicina-cosmetica-girona/,0,7
https://www.medicsintegralsalut.com/ca/protesis-redondas-vs-protesis-ergonomicas/,0,7
https://www.medicsintegralsalut.com/en/aumento-mamario-con-protesis-motiva/,0,7
https://www.medicsintegralsalut.com/en/units/cirugia-estetica-facial/eyelid-surgery/,0,7
https://www.medicsintegralsalut.com/uk/%D0%BE%D0%B4%D0%B8%D0%BD%D0%B8%D1%86%D1%96-2/%D1%87%D0%BE%D0%BB%D0%BE%D0%B2%D1%96%D1%87%D0%B0-%D0%B5%D1%81%D1%82%D0%B5%D1%82%D0%B8%D1%87%D0%BD%D0%B0-%D1%85%D1%96%D1%80%D1%83%D1%80%D0%B3%D1%96%D1%8F-2/ginecomastia/,0,7
https://www.medicsintegralsalut.com/uk/%D0%BE%D0%B4%D0%B8%D0%BD%D0%B8%D1%86%D1%96/cirugia-estetica-mamas/elevacion-de-pecho-pexia/,0,7
https://www.medicsintegralsalut.com/fr/hay-solucion-para-la-antiestetica-marca-del-cansancio-bajo-los-ojos/,0,7
https://www.medicsintegralsalut.com/ru/%D1%8E%D0%BD%D0%B8%D1%82%D0%B0%D1%86/,0,7
https://www.medicsintegralsalut.com/ru/%D1%8E%D0%BD%D0%B8%D1%82%D0%B0%D1%86/%D0%BA%D0%B0%D0%B1%D0%B8%D0%BD%D0%B5%D1%82-%D1%8D%D1%81%D1%82%D0%B5%D1%82%D0%B8%D0%BA%D0%B8-2/,0,7
https://www.medicsintegralsalut.com/ru/%D1%8E%D0%BD%D0%B8%D1%82%D0%B0%D1%86/%D0%BA%D0%B0%D0%B1%D0%B8%D0%BD%D0%B5%D1%82-%D1%8D%D1%81%D1%82%D0%B5%D1%82%D0%B8%D0%BA%D0%B8-2/%D1%80%D0%B5%D0%BA%D1%83%D0%BF%D0%B5%D1%80%D0%B0%D1%82%D0%BE%D1%80/,0,7
https://www.medicsintegralsalut.com/uk/%D0%B5%D1%81%D1%82%D0%B5%D1%82%D0%B8%D1%87%D0%BD%D0%B0-%D1%85%D1%96%D1%80%D1%83%D1%80%D0%B3%D1%96%D1%8F/,0,7
https://www.medicsintegralsalut.com/uk/%D0%BA%D0%B0%D1%82%D0%B5%D0%B3%D0%BE%D1%80%D1%96%D1%8F/%D0%B5%D1%81%D1%82%D0%B5%D1%82%D0%B8%D1%87%D0%BD%D0%B0-%D1%85%D1%96%D1%80%D1%83%D1%80%D0%B3%D1%96%D1%8F-%D0%B3%D1%80%D1%83%D0%B4%D0%B5%D0%B9-2/,0,7
https://www.medicsintegralsalut.com/uk/%D0%BE%D0%B4%D0%B8%D0%BD%D0%B8%D1%86%D1%96-2/%D1%87%D0%BE%D0%BB%D0%BE%D0%B2%D1%96%D1%87%D0%B0-%D0%B5%D1%81%D1%82%D0%B5%D1%82%D0%B8%D1%87%D0%BD%D0%B0-%D1%85%D1%96%D1%80%D1%83%D1%80%D0%B3%D1%96%D1%8F-2/,0,7
https://www.medicsintegralsalut.com/uk/%D0%BE%D0%B4%D0%B8%D0%BD%D0%B8%D1%86%D1%96-2/%D1%87%D0%BE%D0%BB%D0%BE%D0%B2%D1%96%D1%87%D0%B0-%D0%B5%D1%81%D1%82%D0%B5%D1%82%D0%B8%D1%87%D0%BD%D0%B0-%D1%85%D1%96%D1%80%D1%83%D1%80%D0%B3%D1%96%D1%8F-2/augment-de-pectoral/,0,7
https://www.medicsintegralsalut.com/uk/%D0%BE%D0%B4%D0%B8%D0%BD%D0%B8%D1%86%D1%96/%D0%B5%D1%81%D1%82%D0%B5%D1%82%D0%B8%D1%87%D0%BD%D0%B0-%D1%85%D1%96%D1%80%D1%83%D1%80%D0%B3%D1%96%D1%8F-%D0%BE%D0%B1%D0%BB%D0%B8%D1%87%D1%87%D1%8F-2/minilifting-de-cuello-y-papada/,0,7
https://www.medicsintegralsalut.com/ca/unitats-2/cirurgia-estetica-corporal-2/augment-de-glutis-2/,0,7
https://www.medicsintegralsalut.com/ca/unitats/cirurgia-estetica-pits/augment-de-pit/,0,7
https://www.medicsintegralsalut.com/en/foods-that-benefit-your-skin/,0,7
https://www.medicsintegralsalut.com/en/image-and-lifestyle-change-with-bariatric-surgery/,0,7
https://www.medicsintegralsalut.com/en/legal-basis-for-participation-in-the-prize-draw/,0,7
https://www.medicsintegralsalut.com/fr/unites-2/medecine-esthetique-corporelle/celulitis/,0,7
https://www.medicsintegralsalut.com/fr/unites/chirurgie-esthetique-corporelle-2/aumento-de-gluteos/,0,7
https://www.medicsintegralsalut.com/fr/vavada-kazino-oficialnyy-sayt-vhod-na-rabochee-zerkalo-vavada-2026/,0,7
https://www.medicsintegralsalut.com/fr/unites-2/chirurgie-esthetique-des-seins/elevacio-de-pit-pexia/,0,7
https://www.medicsintegralsalut.com/en/augment-mamari-amb-protesi-motiva/,0,7
https://www.medicsintegralsalut.com/en/carousels-category/personal/,0,7
https://www.medicsintegralsalut.com/fr/le-naturel-du-resultat-dune-augmentation-mammaire/,0,7
https://www.medicsintegralsalut.com/uk/%D1%80%D0%B0%D0%B4%D1%96%D0%BE%D1%87%D0%B0%D1%81%D1%82%D0%BE%D1%82%D0%BD%D0%B0-%D1%82%D0%B5%D1%80%D0%B0%D0%BF%D1%96%D1%8F-%D0%BD%D0%B0%D0%B9%D0%BA%D1%80%D0%B0%D1%89%D0%B5-%D1%80%D1%96%D1%88/,0,7
https://www.medicsintegralsalut.com/ru/%D0%B5%D0%B4%D0%B8%D0%BD%D0%B8%D1%86%D1%8B/%D1%8D%D1%81%D1%82%D0%B5%D1%82%D0%B8%D1%87%D0%B5%D1%81%D0%BA%D0%B0%D1%8F-%D0%BC%D0%B5%D0%B4%D0%B8%D1%86%D0%B8%D0%BD%D0%B0-%D0%BB%D0%B8%D1%86%D0%B0/,1,7
https://www.medicsintegralsalut.com/ru/la-bellesa-del-rostre-el-triangle-invertit/,0,7
https://www.medicsintegralsalut.com/ca/les-protesis-mamaries-ergonomiques-son-un-tipus-dimplant-mamari-dissenyat-per-adaptar-se-millor-a-la-forma-del-cos-de-la-dona-a-diferencia-de-les-protesis-tradicionals-que-solen-tenir-una-forma-mes/,0,7
https://www.medicsintegralsalut.com/ca/unitats-2/gabinet-destetica-2/anti-edat-mc-110/,0,7
https://www.medicsintegralsalut.com/en/units-2/body-contouring-surgery/female-genital-surgery/,0,7
https://www.medicsintegralsalut.com/fr/unites/medecine-esthetique-corporelle/,0,7
https://www.medicsintegralsalut.com/ca/w-lp-mamaria/,0,7
https://www.medicsintegralsalut.com/ru/%D1%83%D0%BB%D1%8C%D1%82%D1%80%D0%B0%D0%B7%D0%B2%D1%83%D0%BA%D0%BE%D0%B2%D0%B0%D1%8F-%D1%80%D0%B8%D0%BD%D0%BE%D0%BF%D0%BB%D0%B0%D1%81%D1%82%D0%B8%D0%BA%D0%B0-%D1%87%D1%82%D0%BE-%D1%8D%D1%82%D0%BE/,0,7
https://www.medicsintegralsalut.com/en/beneficis-de-la-cirurgia-bariatrica/,0,7
https://www.medicsintegralsalut.com/ca/bienvenido-dr-langdon/,1,7
https://www.medicsintegralsalut.com/fr/unites/gabinete-de-estetica/desintoxicante/,0,7
https://www.medicsintegralsalut.com/uk/rinoplastia-o-septoplastia/,0,7
https://www.medicsintegralsalut.com/ca/avis-legal-2/,0,7
https://www.medicsintegralsalut.com/ca/la-ginecomastia-te-solucio-definitiva-2/,0,7
https://www.medicsintegralsalut.com/ru/%D1%81%D0%B4%D0%B5%D0%BB%D0%B0%D0%B9-%D1%81%D0%B2%D0%B5%D1%82-%D0%BD%D0%B0-%D0%BB%D0%B8%D1%86%D0%B5/,0,7
https://www.medicsintegralsalut.com/ru/%D1%8E%D0%BD%D0%B8%D1%82%D0%B0%D1%86/%D0%B8%D0%B7%D0%B1%D1%8B%D1%82%D0%BE%D1%87%D0%BD%D1%8B%D0%B9-%D0%B2%D0%B5%D1%81-%D0%B8-%D0%BE%D0%B6%D0%B8%D1%80%D0%B5%D0%BD%D0%B8%D0%B5/%D0%B1%D0%B0%D1%80%D0%B8%D0%B0%D1%82%D1%80%D0%B8%D1%87%D0%B5%D1%81%D0%BA%D0%B0%D1%8F-%D1%85%D0%B8%D1%80%D1%83%D1%80%D0%B3%D0%B8%D1%8F/%D0%B2%D0%B5%D1%80%D1%82%D0%B8%D0%BA%D0%B0%D0%BB%D1%8C%D0%BD%D0%B0%D1%8F-%D0%B3%D0%B0%D1%81%D1%82%D1%80%D1%8D%D0%BA%D1%82%D0%BE%D0%BC%D0%B8%D1%8F/,0,7
https://www.medicsintegralsalut.com/ru/elevacion-de-gluteos-sin-cirugia-es-posible/,0,7
https://www.medicsintegralsalut.com/financament/,0,7
https://www.medicsintegralsalut.com/ru/%D1%8E%D0%BD%D0%B8%D1%82%D0%B0%D1%86/%D0%B8%D0%B7%D0%B1%D1%8B%D1%82%D0%BE%D1%87%D0%BD%D1%8B%D0%B9-%D0%B2%D0%B5%D1%81-%D0%B8-%D0%BE%D0%B6%D0%B8%D1%80%D0%B5%D0%BD%D0%B8%D0%B5/%D0%B1%D0%B0%D1%80%D0%B8%D0%B0%D1%82%D1%80%D0%B8%D1%87%D0%B5%D1%81%D0%BA%D0%B0%D1%8F-%D1%85%D0%B8%D1%80%D1%83%D1%80%D0%B3%D0%B8%D1%8F/,0,7
https://www.medicsintegralsalut.com/bye-bye-panxa/,0,7
https://www.medicsintegralsalut.com/ca/els-meus-tractaments-preferits-resultats-immediats/,0,6
https://www.medicsintegralsalut.com/ca/tag/cures-per-la-pell/,0,6
https://www.medicsintegralsalut.com/fr/unites/cirugia-estetica-facial/relleno-de-arrugas/,0,6
https://www.medicsintegralsalut.com/uk/%D0%BE%D0%B4%D0%B8%D0%BD%D0%B8%D1%86%D1%96-2/%D0%B5%D1%81%D1%82%D0%B5%D1%82%D0%B8%D1%87%D0%BD%D0%B0-%D1%85%D1%96%D1%80%D1%83%D1%80%D0%B3%D1%96%D1%8F-%D0%BE%D0%B1%D0%BB%D0%B8%D1%87%D1%87%D1%8F/%D0%B1%D0%BB%D0%B5%D1%84%D0%B0%D1%80%D0%BE%D0%BF%D0%BB%D0%B0%D1%81%D1%82%D0%B8%D0%BA%D0%B0/,0,6
https://www.medicsintegralsalut.com/ca/unitats-2/medicina-estetica-facial/flacidez-hilos-tensores/,0,6
https://www.medicsintegralsalut.com/fr/algunas-razones-por-las-que-no-perdemos-peso/,0,6
https://www.medicsintegralsalut.com/fr/la-importancia-de-seleccionar-el-tratamiento-adecuado-para-la-perdida-de-peso/,0,6
https://www.medicsintegralsalut.com/ru/%D1%8E%D0%BD%D0%B8%D1%82%D0%B0%D1%86/%D0%B8%D0%B7%D0%B1%D1%8B%D1%82%D0%BE%D1%87%D0%BD%D1%8B%D0%B9-%D0%B2%D0%B5%D1%81-%D0%B8-%D0%BE%D0%B6%D0%B8%D1%80%D0%B5%D0%BD%D0%B8%D0%B5/balo-12-mesos-reajustable/,0,6
https://www.medicsintegralsalut.com/uk/%D0%BF%D0%BB%D0%B0%D1%81%D1%82%D0%B8%D1%87%D0%BD%D0%B0-%D1%85%D1%96%D1%80%D1%83%D1%80%D0%B3%D1%96%D1%8F-%D0%B2-%D0%B6%D0%B8%D1%80%D0%BE%D0%BD%D1%96-%D0%BC%D0%B5%D0%B4%D0%B8%D1%87%D0%BD%D0%B8%D0%B9/,0,6
https://www.medicsintegralsalut.com/ca/unitats/cirurgia-estetica-pits/recanvi-de-protesi/,0,6
https://www.medicsintegralsalut.com/ru/bye-bye-panxa/,0,6
https://www.medicsintegralsalut.com/fr/protesis-redondas-vs-protesis-ergonomicas/,0,6
https://www.medicsintegralsalut.com/ru/%D1%8E%D0%BD%D0%B8%D1%82%D0%B0%D1%86/%D0%BC%D1%83%D0%B6%D1%81%D0%BA%D0%B0%D1%8F-%D0%BF%D0%BB%D0%B0%D1%81%D1%82%D0%B8%D1%87%D0%B5%D1%81%D0%BA%D0%B0%D1%8F-%D1%85%D0%B8%D1%80%D1%83%D1%80%D0%B3%D0%B8%D1%8F/lifting-de-coll-i-papada/,0,6
https://www.medicsintegralsalut.com/ca/unitats-2/sobrepes-i-obesitat-2/balon-12-meses-reajustable/,0,6
https://www.medicsintegralsalut.com/fr/unites/cirugia-estetica-facial/cirugia-menton-y-pomulos/,0,6
https://www.medicsintegralsalut.com/ru/%D0%BA%D0%B0%D1%82%D0%B5%D0%B3%D0%BE%D1%80%D0%B8%D1%8F/medicina-estetica-corporal-ca/,0,6
https://www.medicsintegralsalut.com/ru/category/%D1%8D%D1%81%D1%82%D0%B5%D1%82%D0%B8%D1%87%D0%B5%D1%81%D0%BA%D0%B0%D1%8F-%D0%BC%D0%B5%D0%B4%D0%B8%D1%86%D0%B8%D0%BD%D0%B0-%D1%82%D0%B5%D0%BB%D0%B0/page/2/,0,6
https://www.medicsintegralsalut.com/ru/category/cirurgia-estetica-facial/,0,6
https://www.medicsintegralsalut.com/ru/como-eliminar-la-celulitis/,0,6
https://www.medicsintegralsalut.com/uk/%D0%BE%D0%B4%D0%B8%D0%BD%D0%B8%D1%86%D1%96-2/%D0%BD%D0%B0%D0%B4%D0%BC%D1%96%D1%80%D0%BD%D0%B0-%D0%B2%D0%B0%D0%B3%D0%B0-%D1%82%D0%B0-%D0%BE%D0%B6%D0%B8%D1%80%D1%96%D0%BD%D0%BD%D1%8F/,0,6
https://www.medicsintegralsalut.com/uk/elevacion-de-gluteos-sin-cirugia-es-posible/,0,6
https://www.medicsintegralsalut.com/unitats/sobrepes-i-obesitat/balo-12-mesos-reajustable/,0,6
https://www.medicsintegralsalut.com/ca/categoria/cirurgia-estetica-facial-2/,0,6
https://www.medicsintegralsalut.com/ca/la-reduccion-de-mamas-mas-que-un-cambio-de-volumen-un-cambio-de-vida/,0,6
https://www.medicsintegralsalut.com/en/category/aesthetic-cabinet/,0,6
https://www.medicsintegralsalut.com/en/category/body-contouring-surgery/,0,6
https://www.medicsintegralsalut.com/en/units/,0,6
https://www.medicsintegralsalut.com/fr/category/medecine-esthetique-corporelle/page/2/,0,6
https://www.medicsintegralsalut.com/fr/limportance-de-selectionner-le-traitement-approprie-pour-la-perte-de-poids/,0,6
https://www.medicsintegralsalut.com/fr/unites/medicina-estetica-corporal/,0,6
https://www.medicsintegralsalut.com/uk/%D0%BE%D0%B4%D0%B8%D0%BD%D0%B8%D1%86%D1%96/%D0%BD%D0%B0%D0%B4%D0%BC%D1%96%D1%80%D0%BD%D0%B0-%D0%B2%D0%B0%D0%B3%D0%B0-%D1%82%D0%B0-%D0%BE%D0%B6%D0%B8%D1%80%D1%96%D0%BD%D0%BD%D1%8F-2/balon-ingerible-elipse/,0,6
https://www.medicsintegralsalut.com/ru/team/dr-sergio-angeles-montanez/,0,6
https://www.medicsintegralsalut.com/en/team/dr-mike-dewever-3/,0,6
https://www.medicsintegralsalut.com/en/units/cosmetic-facial-surgery-2/otoplasty/,0,6
https://www.medicsintegralsalut.com/fr/augmentation-mammaire-avec-protheses-motivation/,0,6
https://www.medicsintegralsalut.com/ru/alimentos-que-benefician-tu-piel/,0,6
https://www.medicsintegralsalut.com/fr/equipe/dra-ainitze-ibarzabal/,0,6
https://www.medicsintegralsalut.com/fr/equipe/dra-claudia-vera/,0,6
https://www.medicsintegralsalut.com/en/units/male-cosmetic-surgery/eyelid-surgery/,0,6
https://www.medicsintegralsalut.com/fr/equipe/dr-cristobal-langdon-montero/,0,6
https://www.medicsintegralsalut.com/uk/%D0%BA%D0%BE%D0%BC%D0%B0%D0%BD%D0%B4%D0%B0/dr-david-perez-asensio/,0,6
https://www.medicsintegralsalut.com/uk/%D0%BE%D0%B4%D0%B8%D0%BD%D0%B8%D1%86%D1%96-2/%D0%B5%D1%81%D1%82%D0%B5%D1%82%D0%B8%D1%87%D0%BD%D0%B0-%D1%85%D1%96%D1%80%D1%83%D1%80%D0%B3%D1%96%D1%8F-%D0%B3%D1%80%D1%83%D0%B4%D0%B5%D0%B9/%D1%80%D0%B5%D0%B4%D1%83%D0%BA%D1%86%D1%96%D1%8F-%D0%BF%D1%96%D1%82%D0%B0/,0,6
https://www.medicsintegralsalut.com/uk/%D0%BE%D0%B4%D0%B8%D0%BD%D0%B8%D1%86%D1%96/%D0%BD%D0%B0%D0%B4%D0%BC%D1%96%D1%80%D0%BD%D0%B0-%D0%B2%D0%B0%D0%B3%D0%B0-%D1%82%D0%B0-%D0%BE%D0%B6%D0%B8%D1%80%D1%96%D0%BD%D0%BD%D1%8F-2/%D0%B1%D0%B0%D1%80%D1%96%D0%B0%D1%82%D1%80%D0%B8%D1%87%D0%BD%D0%B0-%D1%85%D1%96%D1%80%D1%83%D1%80%D0%B3%D1%96%D1%8F-2/,0,6
https://www.medicsintegralsalut.com/uk/%D0%BE%D0%B4%D0%B8%D0%BD%D0%B8%D1%86%D1%96/%D0%BD%D0%B0%D0%B4%D0%BC%D1%96%D1%80%D0%BD%D0%B0-%D0%B2%D0%B0%D0%B3%D0%B0-%D1%82%D0%B0-%D0%BE%D0%B6%D0%B8%D1%80%D1%96%D0%BD%D0%BD%D1%8F-2/%D0%B1%D0%B0%D1%80%D1%96%D0%B0%D1%82%D1%80%D0%B8%D1%87%D0%BD%D0%B0-%D1%85%D1%96%D1%80%D1%83%D1%80%D0%B3%D1%96%D1%8F-2/%D0%B2%D0%B5%D1%80%D1%82%D0%B8%D0%BA%D0%B0%D0%BB%D1%8C%D0%BD%D0%B0-%D0%B3%D0%B0%D1%81%D1%82%D1%80%D0%B5%D0%BA%D1%82%D0%BE%D0%BC%D1%96%D1%8F/,0,6
https://www.medicsintegralsalut.com/uk/%D0%BF%D1%80%D0%BE%D0%B4%D1%83%D0%BA%D1%82%D0%B8-%D1%8F%D0%BA%D1%96-%D0%BA%D0%BE%D1%80%D0%B8%D1%81%D0%BD%D1%96-%D0%B4%D0%BB%D1%8F-%D1%88%D0%BA%D1%96%D1%80%D0%B8/,0,6
https://www.medicsintegralsalut.com/fr/unites/surpoids-et-obesite-2/cirugia-postbariatrica/,0,6
https://www.medicsintegralsalut.com/ca/categoria/cirugia-estetica-mamas/pagina/3/,0,6
https://www.medicsintegralsalut.com/uk/%D0%BE%D0%B4%D0%B8%D0%BD%D0%B8%D1%86%D1%96-2/%D0%B5%D1%81%D1%82%D0%B5%D1%82%D0%B8%D1%87%D0%BD%D0%B0-%D1%85%D1%96%D1%80%D1%83%D1%80%D0%B3%D1%96%D1%8F-%D0%BE%D0%B1%D0%BB%D0%B8%D1%87%D1%87%D1%8F/%D0%BF%D0%B5%D1%80%D1%84%D0%BE%D1%80%D0%B0%D1%86%D1%96%D1%8F-%D0%BD%D0%BE%D1%81%D0%BE%D0%B2%D0%BE%D1%97-%D0%BF%D0%B5%D1%80%D0%B5%D0%B3%D0%BE%D1%80%D0%BE%D0%B4%D0%BA%D0%B8-2/,0,6
https://www.medicsintegralsalut.com/uk/%D0%BE%D0%B4%D0%B8%D0%BD%D0%B8%D1%86%D1%96-2/%D0%BD%D0%B0%D0%B4%D0%BC%D1%96%D1%80%D0%BD%D0%B0-%D0%B2%D0%B0%D0%B3%D0%B0-%D1%82%D0%B0-%D0%BE%D0%B6%D0%B8%D1%80%D1%96%D0%BD%D0%BD%D1%8F/6-%D0%BC%D1%96%D1%81%D1%8F%D1%86%D1%96%D0%B2/,0,6
https://www.medicsintegralsalut.com/ca/equip/dr-mike-dewever-3/,0,6
https://www.medicsintegralsalut.com/ru/que-cambios-positivos-aporta-una-cirugia-de-aumento-de-pecho/,0,6
https://www.medicsintegralsalut.com/uk/%D0%B5%D1%81%D1%82%D0%B5%D1%82%D0%B8%D1%87%D0%BD%D0%B0-%D0%BC%D0%B5%D0%B4%D0%B8%D1%86%D0%B8%D0%BD%D0%B0/,0,6
https://www.medicsintegralsalut.com/uk/equip-quadre-medic/,0,6
https://www.medicsintegralsalut.com/fr/como-mejorar-la-estetica-de-las-cicatrices/,0,6
https://www.medicsintegralsalut.com/ru/home/,0,6
https://www.medicsintegralsalut.com/en/team/dr-sergio-angeles-montanez/,0,6
https://www.medicsintegralsalut.com/fr/como-eliminar-ojeras/,0,6
https://www.medicsintegralsalut.com/unitats/cirurgia-estetica-mames/elevacio-de-pit-pexia/,0,6
https://www.medicsintegralsalut.com/fr/rinoplastia-ultrasonica-o-rinomodelacio-quines-son-les-diferencies/,0,6
https://www.medicsintegralsalut.com/ru/%D1%81%D0%BA-10-%D1%8D%D0%BB%D1%8C-%D1%82%D1%80%D0%B0%D0%BA%D1%82%D0%B0%D0%BC%D0%B5%D0%BD%D1%82-%D0%B0%D0%BC-%D1%83%D0%BD%D0%B0-%D0%B8%D0%BD%D1%8C%D0%B5%D0%BA%D1%86%D0%B8%D0%BE-%D0%BA%D0%B5-%D0%B0/,0,6
https://www.medicsintegralsalut.com/com-cuidar-la-pell-als-50/,0,6
https://www.medicsintegralsalut.com/uk/%D0%BE%D0%B4%D0%B8%D0%BD%D0%B8%D1%86%D1%96-2/%D1%81%D0%B0%D0%BB%D0%BE%D0%BD-%D0%BA%D1%80%D0%B0%D1%81%D0%B8-2/%D1%84%D1%80%D1%83%D0%BA%D1%82%D0%BE%D0%B2%D1%96-%D0%BA%D0%B8%D1%81%D0%BB%D0%BE%D1%82%D0%B8/,0,6
https://www.medicsintegralsalut.com/ca/autor/infomedicsestetics/pagina/9/,0,6
https://www.medicsintegralsalut.com/fr/la-nostra-experiencia-amb-la-rinoplastia-ultrasonica/,0,6
https://www.medicsintegralsalut.com/author/infomedicstetics/,0,5
https://www.medicsintegralsalut.com/ca/unitats/cirurgia-estetica-facial/minilifting-de-coll-i-papada/,1,5
https://www.medicsintegralsalut.com/ca/tag/lifting-ca/,0,5
https://www.medicsintegralsalut.com/portfolio_page/rinoplastia/,0,5
https://www.medicsintegralsalut.com/ca/unitats/gabinet-destetica/antiedat-mc110/,0,5
https://www.medicsintegralsalut.com/ca/author/infomedicstetics/page/4/,0,5
https://www.medicsintegralsalut.com/ca/ja-no-tinc-orelles-de-bufador/,0,5
https://www.medicsintegralsalut.com/tag/gluteos/,0,5
https://www.medicsintegralsalut.com/hagase-la-luz-en-el-rostro/,0,5
https://www.medicsintegralsalut.com/la-reduccion-de-mamas-mas-que-un-cambio-de-volumen-un-cambio-de-vida/,0,5
https://www.medicsintegralsalut.com/fr/unites/sobrepeso-y-obesidad/,0,5
https://www.medicsintegralsalut.com/fr/unidades/medicina-estetica-facial/,0,5
https://www.medicsintegralsalut.com/uk/category/cirugia-estetica-facial/,0,5
https://www.medicsintegralsalut.com/unitats/cirurgia-estetica-facial/lifting-facial/,0,5
https://www.medicsintegralsalut.com/fr/financiacion/,0,5
https://www.medicsintegralsalut.com/unitats/cirurgia-estetica-mames/,0,5
https://www.medicsintegralsalut.com/ca/unitats-2/medicina-estetica-corporal/celulitis/,0,5
https://www.medicsintegralsalut.com/ru/%D0%B5%D0%B4%D0%B8%D0%BD%D0%B8%D1%86%D1%8B/cirugia-estetica-facial/minilifting-de-cuello-y-papada/,0,5
https://www.medicsintegralsalut.com/uk/category/cirugia-estetica-masculina/,0,5
https://www.medicsintegralsalut.com/en/hay-solucion-para-la-antiestetica-marca-del-cansancio-bajo-los-ojos/,0,5
https://www.medicsintegralsalut.com/fr/unites/institut-de-beaute/drainage-lymphatique/,0,5
https://www.medicsintegralsalut.com/ru/beneficis-de-la-cirurgia-bariatrica/,0,5
https://www.medicsintegralsalut.com/uk/%D0%BE%D0%B4%D0%B8%D0%BD%D0%B8%D1%86%D1%96-2/%D0%B5%D1%81%D1%82%D0%B5%D1%82%D0%B8%D1%87%D0%BD%D0%B0-%D0%BC%D0%B5%D0%B4%D0%B8%D1%86%D0%B8%D0%BD%D0%B0-%D0%B4%D0%BB%D1%8F-%D0%BE%D0%B1%D0%BB%D0%B8%D1%87%D1%87%D1%8F/%D0%B7%D0%B1%D1%96%D0%BB%D1%8C%D1%88%D0%B5%D0%BD%D0%BD%D1%8F-%D0%BA%D1%96%D0%BB%D1%8C%D0%BA%D0%BE%D1%81%D1%82%D1%96-%D0%BA%D0%BB%D1%8E%D1%87%D1%96%D0%B2/,0,5
https://www.medicsintegralsalut.com/ca/rinoplastia-o-septoplastia/,0,5
https://www.medicsintegralsalut.com/ru/%D0%B0%D0%B2%D1%82%D0%BE%D1%80/%D0%B8%D0%BD%D1%84%D0%BE%D0%BC%D0%B5%D0%B4%D0%B8%D0%BA%D1%8D%D1%81%D1%82%D0%B5%D1%82%D0%B8%D0%BA%D1%81/%D1%81%D1%82%D1%80%D0%B0%D0%BD%D0%B8%D1%86%D0%B0/4/,0,5
https://www.medicsintegralsalut.com/ru/author/infomedicstetics/page/4/,0,5
https://www.medicsintegralsalut.com/ru/author/infomedicstetics/page/8/,0,5
https://www.medicsintegralsalut.com/uk/%D0%BA%D0%B0%D1%82%D0%B5%D0%B3%D0%BE%D1%80%D1%96%D1%8F/%D0%B5%D1%81%D1%82%D0%B5%D1%82%D0%B8%D1%87%D0%BD%D0%B0-%D0%BC%D0%B5%D0%B4%D0%B8%D1%86%D0%B8%D0%BD%D0%B0-%D0%B4%D0%BB%D1%8F-%D0%BE%D0%B1%D0%BB%D0%B8%D1%87%D1%87%D1%8F/,0,5
https://www.medicsintegralsalut.com/uk/%D0%BA%D0%B0%D1%82%D0%B5%D0%B3%D0%BE%D1%80%D1%96%D1%8F/%D1%87%D0%BE%D0%BB%D0%BE%D0%B2%D1%96%D1%87%D0%B0-%D0%B5%D1%81%D1%82%D0%B5%D1%82%D0%B8%D1%87%D0%BD%D0%B0-%D1%85%D1%96%D1%80%D1%83%D1%80%D0%B3%D1%96%D1%8F-2/,0,5
https://www.medicsintegralsalut.com/uk/%D0%BE%D0%B4%D0%B8%D0%BD%D0%B8%D1%86%D1%96-2/%D0%BD%D0%B0%D0%B4%D0%BC%D1%96%D1%80%D0%BD%D0%B0-%D0%B2%D0%B0%D0%B3%D0%B0-%D1%82%D0%B0-%D0%BE%D0%B6%D0%B8%D1%80%D1%96%D0%BD%D0%BD%D1%8F/%D0%B1%D0%B0%D1%80%D1%96%D0%B0%D1%82%D1%80%D0%B8%D1%87%D0%BD%D0%B0-%D1%85%D1%96%D1%80%D1%83%D1%80%D0%B3%D1%96%D1%8F/%D0%B2%D0%B5%D1%80%D1%82%D0%B8%D0%BA%D0%B0%D0%BB%D1%8C%D0%BD%D0%B0-%D0%B3%D0%B0%D1%81%D1%82%D1%80%D0%B5%D0%BA%D1%82%D0%BE%D0%BC%D1%96%D1%8F/,0,5
https://www.medicsintegralsalut.com/uk/solucio-per-mames-tuberoses/,0,5
https://www.medicsintegralsalut.com/benvingut-dr-langdon/,0,5
https://www.medicsintegralsalut.com/en/units-2/overweight-and-obesity/bariatric-surgery/encreuament-duodenal/,0,5
https://www.medicsintegralsalut.com/fr/financement/,1,5
https://www.medicsintegralsalut.com/fr/unites-2/chirurgie-esthetique-du-visage/blepharoplastie/,0,5
https://www.medicsintegralsalut.com/fr/unites-2/chirurgie-esthetique-du-visage/farce-darragon/,0,5
https://www.medicsintegralsalut.com/fr/unites-2/medecine-esthetique-faciale/epluchage/,0,5
https://www.medicsintegralsalut.com/fr/unites-2/surpoids-et-obesite/chirurgie-bariatrique/gastrectomia-vertical/,0,5
https://www.medicsintegralsalut.com/uk/%D0%BE%D0%B4%D0%B8%D0%BD%D0%B8%D1%86%D1%96/%D1%87%D0%BE%D0%BB%D0%BE%D0%B2%D1%96%D1%87%D0%B0-%D0%B5%D1%81%D1%82%D0%B5%D1%82%D0%B8%D1%87%D0%BD%D0%B0-%D1%85%D1%96%D1%80%D1%83%D1%80%D0%B3%D1%96%D1%8F/liftting-de-cuello-y-papada/,0,5
https://www.medicsintegralsalut.com/unitats/cirurgia-estetica-corporal/lifting-bracos-i-cames/,0,5
https://www.medicsintegralsalut.com/en/units-2/body-contouring-surgery/gluteal-augmentation/,0,5
https://www.medicsintegralsalut.com/en/units-2/body-contouring-surgery/lipofiling-corporal/,0,5
https://www.medicsintegralsalut.com/fr/equipe/dr-valenti-puig-divi/,0,5
https://www.medicsintegralsalut.com/ca/blog-2/,0,5
https://www.medicsintegralsalut.com/ca/fes-llum-al-rostre/,0,5
https://www.medicsintegralsalut.com/en/why-do-we-age/,0,5
https://www.medicsintegralsalut.com/ru/%D1%8E%D0%BD%D0%B8%D1%82%D0%B0%D1%86/%D0%BC%D1%83%D0%B6%D1%81%D0%BA%D0%B0%D1%8F-%D0%BF%D0%BB%D0%B0%D1%81%D1%82%D0%B8%D1%87%D0%B5%D1%81%D0%BA%D0%B0%D1%8F-%D1%85%D0%B8%D1%80%D1%83%D1%80%D0%B3%D0%B8%D1%8F/%D0%B1%D0%BB%D0%B5%D1%84%D0%B0%D1%80%D0%BE%D0%BF%D0%BB%D0%B0%D1%81%D1%82%D0%B8%D0%BA%D0%B0/,0,5
https://www.medicsintegralsalut.com/ru/%D0%B5%D0%B4%D0%B8%D0%BD%D0%B8%D1%86%D1%8B/%D0%B8%D0%B7%D0%B1%D1%8B%D1%82%D0%BE%D1%87%D0%BD%D1%8B%D0%B9-%D0%B2%D0%B5%D1%81-%D0%B8-%D0%BE%D0%B6%D0%B8%D1%80%D0%B5%D0%BD%D0%B8%D0%B5-2/cirugia-postbariatrica/,0,5
https://www.medicsintegralsalut.com/ru/%D0%B5%D0%B4%D0%B8%D0%BD%D0%B8%D1%86%D1%8B/medicina-cosmetica-girona/,0,5
https://www.medicsintegralsalut.com/uk/%D0%BE%D0%B4%D0%B8%D0%BD%D0%B8%D1%86%D1%96/%D1%87%D0%BE%D0%BB%D0%BE%D0%B2%D1%96%D1%87%D0%B0-%D0%B5%D1%81%D1%82%D0%B5%D1%82%D0%B8%D1%87%D0%BD%D0%B0-%D1%85%D1%96%D1%80%D1%83%D1%80%D0%B3%D1%96%D1%8F/aumento-de-pectoral/,0,5
https://www.medicsintegralsalut.com/ca/unitats-2/sobrepes-i-obesitat-2/cirurgia-postbariatrica/,0,5
https://www.medicsintegralsalut.com/ca/unitats/cirurgia-estetica-pits/elevacio-de-pit-i-pexia/,0,5
https://www.medicsintegralsalut.com/en/team/dr-david-perez-asensio/,1,5
https://www.medicsintegralsalut.com/ru/%D1%8E%D0%BD%D0%B8%D1%82%D0%B0%D1%86/%D0%BF%D0%BB%D0%B0%D1%81%D1%82%D0%B8%D1%87%D0%B5%D1%81%D0%BA%D0%B0%D1%8F-%D0%BE%D0%BF%D0%B5%D1%80%D0%B0%D1%86%D0%B8%D1%8F-%D0%BD%D0%B0-%D0%BB%D0%B8%D1%86%D0%B5/rinoplastia/,0,5
https://www.medicsintegralsalut.com/ca/financament-2/,0,5
https://www.medicsintegralsalut.com/ru/%D1%8E%D0%BD%D0%B8%D1%82%D0%B0%D1%86/%D0%BA%D0%B0%D0%B1%D0%B8%D0%BD%D0%B5%D1%82-%D1%8D%D1%81%D1%82%D0%B5%D1%82%D0%B8%D0%BA%D0%B8-2/%D1%80%D0%B0%D0%B4%D0%B8%D0%BE%D1%87%D0%B0%D1%81%D1%82%D0%BE%D1%82%D0%BD%D0%B0%D1%8F-%D1%82%D0%B5%D1%80%D0%B0%D0%BF%D0%B8%D1%8F-%D0%B4%D0%BB%D1%8F-%D0%BB%D0%B8%D1%86%D0%B0-%D0%B8-%D1%82%D0%B5%D0%BB/,0,5
https://www.medicsintegralsalut.com/unitats/cirurgia-estetica-facial/cirurgia-mento-i-pomuls/,0,5
https://www.medicsintegralsalut.com/en/units-2/cosmetic-facial-surgery/minilifting-de-coll-i-papada/,0,5
https://www.medicsintegralsalut.com/en/la-ginecomastia-te-solucio-definitiva/,0,5
https://www.medicsintegralsalut.com/ru/%D0%B5%D0%B4%D0%B8%D0%BD%D0%B8%D1%86%D1%8B/%D0%BA%D0%B0%D0%B1%D0%B8%D0%BD%D0%B5%D1%82-%D1%8D%D1%81%D1%82%D0%B5%D1%82%D0%B8%D0%BA%D0%B8/%D0%BE%D0%BC%D0%BE%D0%BB%D0%BE%D0%B6%D0%B5%D0%BD%D0%B8%D0%B5-%D0%BB%D0%B8%D1%86%D0%B0/,0,5
https://www.medicsintegralsalut.com/perque-envellim/,0,5
https://www.medicsintegralsalut.com/ru/reconstruccion-tras-cancer-de-mama/,0,5
https://www.medicsintegralsalut.com/ru/consejo-en-la-cirugia-de-amento-de-mamas/,0,5
https://www.medicsintegralsalut.com/ru/%D0%B5%D0%B4%D0%B8%D0%BD%D0%B8%D1%86%D1%8B/%D0%BA%D0%B0%D0%B1%D0%B8%D0%BD%D0%B5%D1%82-%D1%8D%D1%81%D1%82%D0%B5%D1%82%D0%B8%D0%BA%D0%B8/%D0%B4%D0%B5%D1%82%D0%BE%D0%BA%D1%81%D0%B8%D0%BA%D0%B0%D0%BD%D1%82/,0,5
https://www.medicsintegralsalut.com/ca/unitats/medicina-estetica-corporal/cel%C2%B7lulitis/,0,5
https://www.medicsintegralsalut.com/bases-legales-de-participacion-en-el-sorteo/,0,4
https://www.medicsintegralsalut.com/ca/unitats/cirurgia-estetica-facial/farciment-darrugues/,0,4
https://www.medicsintegralsalut.com/tag/lipofilling/,0,4
https://www.medicsintegralsalut.com/tag/protesis-ergonomicas/,0,4
https://www.medicsintegralsalut.com/ca/bases-legals-de-participacio-al-sorteig/,0,4
https://www.medicsintegralsalut.com/alimentos-que-benefician-tu-piel/,0,4
https://www.medicsintegralsalut.com/?utm_source=ig&utm_medium=social&utm_content=link_in_bio&fbclid=PAZXh0bgNhZW0DMTAwAHNydGMGYXBwX2lkDzU2NzA2NzM0MzM1MjQyNwABp8Qjon8dpoqXADlTMchXeoGNBlgXolOQG6ZOd1ndQAfMS4kp47IirewixUGK_aem_aRMSPHq13wcq09F7L8j4Iw,1,4
https://www.medicsintegralsalut.com/ru/category/medicina-estetica-facial/,0,4
https://www.medicsintegralsalut.com/fr/unites/sobrepeso-y-obesidad/cirugia-bariatrica/,1,4
https://www.medicsintegralsalut.com/ca/unitats-2/medicina-estetica-facial/aumento-labios/,0,4
https://www.medicsintegralsalut.com/ru/%D0%BF%D0%BE%D0%BB%D0%B8%D1%82%D0%B8%D0%BA%D0%B0-%D0%BA%D0%BE%D0%BD%D1%84%D0%B8%D0%B4%D0%B5%D0%BD%D1%86%D0%B8%D0%B0%D0%BB%D1%8C%D0%BD%D0%BE%D1%81%D1%82%D0%B8-%D0%B2-%D1%81%D0%BE%D1%86%D0%B8%D0%B0/,0,4
https://www.medicsintegralsalut.com/en/el-que-vols-saber-de-laugment-de-pit-pas-a-pas/,0,4
https://www.medicsintegralsalut.com/en/unidades/medicina-estetica-facial/flacidez-hilos-tensores/,0,4
https://www.medicsintegralsalut.com/en/units-2/cosmetic-facial-surgery/rinoplastia/,0,4
https://www.medicsintegralsalut.com/fr/unites-2/medecine-esthetique-faciale/arrugues-dexpressio/,0,4
https://www.medicsintegralsalut.com/fr/la-rinoplastia-ultrasonica-es-una-tecnica-de-cirugia-estetica-de-nariz/,0,4
https://www.medicsintegralsalut.com/fr/unites/cirugia-estetica-corporal/lifting-brazos-y-piernas/,0,4
https://www.medicsintegralsalut.com/uk/reconstruccion-tras-cancer-de-mama/,0,4
https://www.medicsintegralsalut.com/en/hagase-la-luz-en-el-rostro/,0,4
https://www.medicsintegralsalut.com/fr/bienvenue-dr-langdon/,0,4
https://www.medicsintegralsalut.com/ru/%D0%B5%D0%B4%D0%B8%D0%BD%D0%B8%D1%86%D1%8B/%D0%BF%D0%BB%D0%B0%D1%81%D1%82%D0%B8%D1%87%D0%B5%D1%81%D0%BA%D0%B0%D1%8F-%D1%85%D0%B8%D1%80%D1%83%D1%80%D0%B3%D0%B8%D1%8F-%D0%B3%D1%80%D1%83%D0%B4%D0%B8/,0,4
https://www.medicsintegralsalut.com/ru/%D0%B5%D0%B4%D0%B8%D0%BD%D0%B8%D1%86%D1%8B/cirugia-estetica-mamas/elevacion-de-pecho-pexia/,0,4
https://www.medicsintegralsalut.com/ru/%D0%BA%D0%B0%D1%82%D0%B5%D0%B3%D0%BE%D1%80%D0%B8%D1%8F/%D0%BC%D1%83%D0%B6%D1%81%D0%BA%D0%B0%D1%8F-%D0%BA%D0%BE%D1%81%D0%BC%D0%B5%D1%82%D0%B8%D1%87%D0%B5%D1%81%D0%BA%D0%B0%D1%8F-%D1%85%D0%B8%D1%80%D1%83%D1%80%D0%B3%D0%B8%D1%8F/,0,4
https://www.medicsintegralsalut.com/ru/%D1%8E%D0%BD%D0%B8%D1%82%D0%B0%D1%86/%D0%BA%D0%B0%D0%B1%D0%B8%D0%BD%D0%B5%D1%82-%D1%8D%D1%81%D1%82%D0%B5%D1%82%D0%B8%D0%BA%D0%B8-2/desintoxicant/,0,4
https://www.medicsintegralsalut.com/ru/la-reduccion-de-mamas-mas-que-un-cambio-de-volumen-un-cambio-de-vida/,0,4
https://www.medicsintegralsalut.com/ru/unidades/gabinete-de-estetica/antiedad-mc-110/,0,4
https://www.medicsintegralsalut.com/uk/%D0%B0%D0%B2%D1%82%D0%BE%D1%80/infomedicstetics/,0,4
https://www.medicsintegralsalut.com/uk/%D0%B0%D0%B2%D1%82%D0%BE%D1%80/infomedicstetics/%D1%81%D1%82%D0%BE%D1%80%D1%96%D0%BD%D0%BA%D0%B0/8/,0,4
https://www.medicsintegralsalut.com/uk/%D0%BA%D0%B0%D1%82%D0%B5%D0%B3%D0%BE%D1%80%D1%96%D1%8F/%D1%81%D0%B0%D0%BB%D0%BE%D0%BD-%D0%BA%D1%80%D0%B0%D1%81%D0%B8/,0,4
https://www.medicsintegralsalut.com/uk/%D0%BE%D0%B4%D0%B8%D0%BD%D0%B8%D1%86%D1%96/%D0%BD%D0%B0%D0%B4%D0%BC%D1%96%D1%80%D0%BD%D0%B0-%D0%B2%D0%B0%D0%B3%D0%B0-%D1%82%D0%B0-%D0%BE%D0%B6%D0%B8%D1%80%D1%96%D0%BD%D0%BD%D1%8F-2/%D0%B1%D0%B0%D1%80%D1%96%D0%B0%D1%82%D1%80%D0%B8%D1%87%D0%BD%D0%B0-%D1%85%D1%96%D1%80%D1%83%D1%80%D0%B3%D1%96%D1%8F-2/%D0%B4%D1%83%D0%BE%D0%B4%D0%B5%D0%BD%D0%B0%D0%BB%D1%8C%D0%BD%D0%B8%D0%B9-%D0%BF%D0%B5%D1%80%D0%B5%D1%85%D1%80%D0%B5%D1%81%D1%82-3/,0,4
https://www.medicsintegralsalut.com/uk/%D0%BE%D0%B4%D0%B8%D0%BD%D0%B8%D1%86%D1%96/%D0%BD%D0%B0%D0%B4%D0%BC%D1%96%D1%80%D0%BD%D0%B0-%D0%B2%D0%B0%D0%B3%D0%B0-%D1%82%D0%B0-%D0%BE%D0%B6%D0%B8%D1%80%D1%96%D0%BD%D0%BD%D1%8F-2/%D0%B4%D1%96%D1%94%D1%82%D0%BE%D0%BB%D0%BE%D0%B3%D1%96%D1%8F-%D1%82%D0%B0-%D1%85%D0%B0%D1%80%D1%87%D1%83%D0%B2%D0%B0%D0%BD%D0%BD%D1%8F/,0,4
https://www.medicsintegralsalut.com/uk/%D0%BE%D0%B4%D0%B8%D0%BD%D0%B8%D1%86%D1%96/%D1%81%D0%B0%D0%BB%D0%BE%D0%BD-%D0%BA%D1%80%D0%B0%D1%81%D0%B8/p50-%D0%B4%D0%BB%D1%8F-%D0%BE%D0%B1%D0%BB%D0%B8%D1%87%D1%87%D1%8F/,0,4
https://www.medicsintegralsalut.com/uk/com-cuidar-la-pell-als-50/,0,4
https://www.medicsintegralsalut.com/uk/la-reduccion-de-mamas-mas-que-un-cambio-de-volumen-un-cambio-de-vida/,0,4
https://www.medicsintegralsalut.com/en/por-que-envejecemos/,0,4
https://www.medicsintegralsalut.com/en/team/dr-valenti-puig-divi/,0,4
https://www.medicsintegralsalut.com/en/units/beauty-salon/acido-de-frutas/,0,4
https://www.medicsintegralsalut.com/fr/category/cirugia-estetica-facial/page/2/,0,4
https://www.medicsintegralsalut.com/fr/unites-2/surpoids-et-obesite/chirurgie-bariatrique/encreuament-duodenal/,0,4
https://www.medicsintegralsalut.com/fr/unites/cirugia-estetica-corporal/cirugia-genital-femenina/,0,4
https://www.medicsintegralsalut.com/fr/unites/medecine-esthetique-gerone/,0,4
https://www.medicsintegralsalut.com/ru/%D0%BF%D0%BE%D0%BB%D0%B8%D1%82%D0%B8%D0%BA%D0%B0-%D0%BA%D0%BE%D0%BD%D1%84%D0%B8%D0%B4%D0%B5%D0%BD%D1%86%D0%B8%D0%B0%D0%BB%D1%8C%D0%BD%D0%BE%D1%81%D1%82%D0%B8/,0,4
https://www.medicsintegralsalut.com/ru/team/dr-valenti-puig-divi/,0,4
https://www.medicsintegralsalut.com/uk/hi-ha-solucio-per-a-lantiestetica-marca-del-cansament-sota-els-ulls/,0,4
https://www.medicsintegralsalut.com/fr/nouveaute-fils-360-effet-lifting/,1,4
https://www.medicsintegralsalut.com/ru/cuales-son-los-mejores-implantes-de-protesis-de-pechos/,0,4
https://www.medicsintegralsalut.com/ca/unitats-2/gabinet-destetica-2/desintoxicant-2/,0,4
https://www.medicsintegralsalut.com/blog-2/,0,4
https://www.medicsintegralsalut.com/ru/%D0%B1%D0%BB%D0%BE%D0%B3-2/,0,4
https://www.medicsintegralsalut.com/ru/%D0%BF%D0%BE%D1%80%D1%82%D1%84%D0%BE%D0%BB%D0%B8%D0%BE/,0,4
https://www.medicsintegralsalut.com/ru/category/sobrepes-i-obesitat/,0,4
https://www.medicsintegralsalut.com/uk/%D0%BE%D0%B4%D0%B8%D0%BD%D0%B8%D1%86%D1%96/%D0%B5%D1%81%D1%82%D0%B5%D1%82%D0%B8%D1%87%D0%BD%D0%B0-%D1%85%D1%96%D1%80%D1%83%D1%80%D0%B3%D1%96%D1%8F-%D0%B3%D1%80%D1%83%D0%B4%D0%B5%D0%B9-2/%D0%B7%D0%BC%D0%B5%D0%BD%D1%88%D0%B5%D0%BD%D0%BD%D1%8F-%D0%B3%D1%80%D1%83%D0%B4%D0%B5%D0%B9/,0,4
https://www.medicsintegralsalut.com/uk/portfolio_page/,0,4
https://www.medicsintegralsalut.com/ca/lunica-pilota-que-pot-estar-implantada-un-any-2/,1,4
https://www.medicsintegralsalut.com/en/units/cosmetic-surgery-3/vaser-liposuction-2/,0,4
https://www.medicsintegralsalut.com/fr/unites-2/chirurgie-esthetique-du-visage/rhinoplastie/,0,4
https://www.medicsintegralsalut.com/fr/unites-2/medecine-esthetique-faciale/rides-dexpression-2/,0,4
https://www.medicsintegralsalut.com/fr/unites/chirurgie-esthetique-faciale/blepharoplastie-gerone/,0,4
https://www.medicsintegralsalut.com/fr/reconstruction-apres-un-cancer-du-sein/,0,4
https://www.medicsintegralsalut.com/ru/%D0%B5%D0%B4%D0%B8%D0%BD%D0%B8%D1%86%D1%8B/%D1%8D%D1%81%D1%82%D0%B5%D1%82%D0%B8%D1%87%D0%B5%D1%81%D0%BA%D0%B0%D1%8F-%D0%BC%D0%B5%D0%B4%D0%B8%D1%86%D0%B8%D0%BD%D0%B0-%D0%BB%D0%B8%D1%86%D0%B0/%D1%80%D0%B8%D0%BD%D0%BE%D0%BC%D0%BE%D0%B4%D0%B5%D0%BB%D0%B8%D1%80%D0%BE%D0%B2%D0%B0%D0%BD%D0%B8%D0%B5/,0,4
https://www.medicsintegralsalut.com/fr/beneficios-de-la-cirugia-bariatrica/,0,4
https://www.medicsintegralsalut.com/fr/etes-vous-candidate-a-une-chirurgie-bariatrique/,0,4
https://www.medicsintegralsalut.com/uk/%D0%BE%D0%B4%D0%B8%D0%BD%D0%B8%D1%86%D1%96/%D0%B5%D1%81%D1%82%D0%B5%D1%82%D0%B8%D1%87%D0%BD%D0%B0-%D0%BC%D0%B5%D0%B4%D0%B8%D1%86%D0%B8%D0%BD%D0%B0-%D0%B4%D0%BB%D1%8F-%D0%BE%D0%B1%D0%BB%D0%B8%D1%87%D1%87%D1%8F/ojeras/,0,4
https://www.medicsintegralsalut.com/fr/unites-2/chirurgie-esthetique-corporelle/augmentation-des-glutis/,0,4
https://www.medicsintegralsalut.com/unitats/cirurgia-estetica-mames/reduccio-de-pit/,0,4
https://www.medicsintegralsalut.com/en/quines-son-les-millors-protesis-de-mama/,0,4
https://www.medicsintegralsalut.com/uk/%D0%B2%D1%96%D0%B4%D1%87%D1%83%D0%B9%D1%82%D0%B5-%D1%81%D0%B8%D0%BB%D1%83-%D0%B3%D0%B0%D1%80%D0%BD%D0%BE%D0%B3%D0%BE-%D1%81%D0%B0%D0%BC%D0%BE%D0%BF%D0%BE%D1%87%D1%83%D1%82%D1%82%D1%8F-%D0%B7%D0%B0/,0,4
https://www.medicsintegralsalut.com/en/lp-gyna-ecomastia-girona/,0,4
https://www.medicsintegralsalut.com/fr/aliments-que-beneficien-la-teva-pell/,0,4
https://www.medicsintegralsalut.com/fr/au-revoir-le-ventre/,0,4
https://www.medicsintegralsalut.com/unitats/cirurgia-estetica-facial/otoplastia/,0,4
https://www.medicsintegralsalut.com/fr/w-lp-ginecomastia/,0,4
https://www.medicsintegralsalut.com/unitats/cirurgia-estetica-corporal/liposuccio-vaser/,0,4
https://www.medicsintegralsalut.com/en/units/beauty-salon/radiofrequency-facial-and-body-treatments/,0,4
https://www.medicsintegralsalut.com/ru/%D1%8E%D0%BD%D0%B8%D1%82%D0%B0%D1%86/%D1%8D%D1%81%D1%82%D0%B5%D1%82%D0%B8%D1%87%D0%B5%D1%81%D0%BA%D0%B0%D1%8F-%D1%85%D0%B8%D1%80%D1%83%D1%80%D0%B3%D0%B8%D1%8F-%D1%82%D0%B5%D0%BB%D0%B0/%D0%BB%D0%B8%D0%BF%D0%BE%D1%81%D0%B0%D0%BA%D1%86%D0%B8%D1%8F/,0,4
https://www.medicsintegralsalut.com/ca/equip/dr-valenti-puig-divi/,0,4
https://www.medicsintegralsalut.com/ca/rinoplastia-ultrasonica-o-rinomodulacio-quines-son-les-diferencies/,0,4
https://www.medicsintegralsalut.com/ru/algunes-raons-per-les-quals-no-perdem-pes/,0,4
https://www.medicsintegralsalut.com/ca/unitats/cirurgia-estetica-facial/perforacio-del-tabic-nasal-2/,0,4
https://www.medicsintegralsalut.com/ru/%D0%B8%D0%B7%D0%BC%D0%B5%D0%BD%D0%B5%D0%BD%D0%B8%D0%B5-%D0%BE%D0%B1%D1%80%D0%B0%D0%B7%D0%B0-%D0%B6%D0%B8%D0%B7%D0%BD%D0%B8-%D0%B8-%D0%B1%D0%B0%D1%80%D0%B8%D0%B0%D1%82%D1%80%D0%B8%D1%87%D0%B5%D1%81/,0,4
https://www.medicsintegralsalut.com/en/units-2/cosmetic-body-medicine/cellulite/,0,4
https://www.medicsintegralsalut.com/en/bye-bye-panxa/,0,4
https://www.medicsintegralsalut.com/portfolio_page/lipogilling/,0,3
https://www.medicsintegralsalut.com/author/infomedicstetics/page/4/,0,3
https://www.medicsintegralsalut.com/ca/solucio-per-mames-tuberoses/,0,3
https://www.medicsintegralsalut.com/ca/unitats/sobrepes-i-obesitat/dietetica-i-nutricio/,0,3
https://www.medicsintegralsalut.com/ca/tag/glutis/,0,3
https://www.medicsintegralsalut.com/mis-tratamientos-preferidos-resultados-inmediatos/,0,3
https://www.medicsintegralsalut.com/ca/category/cirurgia-estetica-corporal/,0,3
https://www.medicsintegralsalut.com/ca/tag/contractura-capsular-ca/,0,3
https://www.medicsintegralsalut.com/tag/liposuccion-vaser/,0,3
https://www.medicsintegralsalut.com/tag/antes-y-despues-otoplastia/,0,3
https://www.medicsintegralsalut.com/ca/tecnicas-de-medicina-estetica-que-ens-fan-rejovenir/,0,3
https://www.medicsintegralsalut.com/category/cirugia-estetica-mamas/page/3/,0,3
https://www.medicsintegralsalut.com/ru/blog/,0,3
https://www.medicsintegralsalut.com/fr/unidades/medicina-estetica-facial/peeling/,0,3
https://www.medicsintegralsalut.com/uk/pinko-kazino-oficialnyy-sayt-pinco-casino-vhod-na-zerkalo/,1,3
https://www.medicsintegralsalut.com/fr/unidades/cirugia-estetica-facial/lifting-facial/,0,3
https://www.medicsintegralsalut.com/fr/unidades/sobrepeso-y-obesidad/endomanga/,0,3
https://www.medicsintegralsalut.com/ru/%D1%8E%D0%BD%D0%B8%D1%82%D0%B0%D1%86/%D0%B8%D0%B7%D0%B1%D1%8B%D1%82%D0%BE%D1%87%D0%BD%D1%8B%D0%B9-%D0%B2%D0%B5%D1%81-%D0%B8-%D0%BE%D0%B6%D0%B8%D1%80%D0%B5%D0%BD%D0%B8%D0%B5/%D0%B1%D0%B0%D1%80%D0%B8%D0%B0%D1%82%D1%80%D0%B8%D1%87%D0%B5%D1%81%D0%BA%D0%B0%D1%8F-%D1%85%D0%B8%D1%80%D1%83%D1%80%D0%B3%D0%B8%D1%8F/encreuament-duodenal/,0,3
https://www.medicsintegralsalut.com/ru/cirugia-de-elevacion-de-pecho/,0,3
https://www.medicsintegralsalut.com/uk/%D0%BE%D0%B4%D0%B8%D0%BD%D0%B8%D1%86%D1%96-2/%D0%B5%D1%81%D1%82%D0%B5%D1%82%D0%B8%D1%87%D0%BD%D0%B0-%D0%BC%D0%B5%D0%B4%D0%B8%D1%86%D0%B8%D0%BD%D0%B0-%D0%B4%D0%BB%D1%8F-%D0%BE%D0%B1%D0%BB%D0%B8%D1%87%D1%87%D1%8F/%D0%B2%D1%8F%D0%BB%D1%96%D1%81%D1%82%D1%8C-%D0%BD%D0%B0%D1%82%D1%8F%D0%B6%D0%BD%D0%B8%D1%85-%D0%BD%D0%B8%D1%82%D0%BE%D0%BA/,0,3
https://www.medicsintegralsalut.com/fr/unites/medicina-estetica-facial/rinomodelacion/,0,3
https://www.medicsintegralsalut.com/uk/%D0%BE%D0%B4%D0%B8%D0%BD%D0%B8%D1%86%D1%96-2/%D0%B5%D1%81%D1%82%D0%B5%D1%82%D0%B8%D1%87%D0%BD%D0%B0-%D1%85%D1%96%D1%80%D1%83%D1%80%D0%B3%D1%96%D1%8F-%D0%B3%D1%80%D1%83%D0%B4%D0%B5%D0%B9/elevacio-de-pit-pexia/,0,3
https://www.medicsintegralsalut.com/unitats/cirurgia-estetica-facial/perforacio-de-lenva-nasal/,0,3
https://www.medicsintegralsalut.com/ca/la-importancia-de-seleccionar-el-tratamiento-adecuado-para-la-perdida-de-peso/,0,3
https://www.medicsintegralsalut.com/que-es-una-rinoplastia/feed/,0,3
https://www.medicsintegralsalut.com/ca/team/dr-amador-garcia-ruiz-de-gordejuela/,0,3
https://www.medicsintegralsalut.com/fr/reconstruccion-tras-cancer-de-mama/,0,3
https://www.medicsintegralsalut.com/aliments-que-beneficien-la-teva-pell/,0,3
https://www.medicsintegralsalut.com/en/units/cirugia-estetica-corporal/abdominoplastia/,0,3
https://www.medicsintegralsalut.com/ru/%D0%B5%D0%B4%D0%B8%D0%BD%D0%B8%D1%86%D1%8B/%D0%B8%D0%B7%D0%B1%D1%8B%D1%82%D0%BE%D1%87%D0%BD%D1%8B%D0%B9-%D0%B2%D0%B5%D1%81-%D0%B8-%D0%BE%D0%B6%D0%B8%D1%80%D0%B5%D0%BD%D0%B8%D0%B5-2/balon-6-meses/,0,3
https://www.medicsintegralsalut.com/ru/%D0%B5%D0%B4%D0%B8%D0%BD%D0%B8%D1%86%D1%8B/%D0%B8%D0%B7%D0%B1%D1%8B%D1%82%D0%BE%D1%87%D0%BD%D1%8B%D0%B9-%D0%B2%D0%B5%D1%81-%D0%B8-%D0%BE%D0%B6%D0%B8%D1%80%D0%B5%D0%BD%D0%B8%D0%B5-2/dietetica-y-nutricion/,0,3
https://www.medicsintegralsalut.com/ru/%D0%B5%D0%B4%D0%B8%D0%BD%D0%B8%D1%86%D1%8B/%D0%BC%D1%83%D0%B6%D1%81%D0%BA%D0%B0%D1%8F-%D0%BA%D0%BE%D1%81%D0%BC%D0%B5%D1%82%D0%B8%D1%87%D0%B5%D1%81%D0%BA%D0%B0%D1%8F-%D1%85%D0%B8%D1%80%D1%83%D1%80%D0%B3%D0%B8%D1%8F/,0,3
https://www.medicsintegralsalut.com/ru/beneficios-de-la-cirugia-bariatrica/,0,3
https://www.medicsintegralsalut.com/ru/category/cirugia-estetica-mamas/page/2/,0,3
https://www.medicsintegralsalut.com/ru/solucion-mamas-tuberosas/,0,3
https://www.medicsintegralsalut.com/uk/%D0%BA%D0%B0%D1%82%D0%B5%D0%B3%D0%BE%D1%80%D1%96%D1%8F/%D0%B5%D1%81%D1%82%D0%B5%D1%82%D0%B8%D1%87%D0%BD%D0%B0-%D0%BC%D0%B5%D0%B4%D0%B8%D1%86%D0%B8%D0%BD%D0%B0-%D0%B4%D0%BB%D1%8F-%D1%82%D1%96%D0%BB%D0%B0/,0,3
https://www.medicsintegralsalut.com/uk/%D0%BA%D0%B0%D1%82%D0%B5%D0%B3%D0%BE%D1%80%D1%96%D1%8F/%D1%87%D0%BE%D0%BB%D0%BE%D0%B2%D1%96%D1%87%D0%B0-%D0%B5%D1%81%D1%82%D0%B5%D1%82%D0%B8%D1%87%D0%BD%D0%B0-%D1%85%D1%96%D1%80%D1%83%D1%80%D0%B3%D1%96%D1%8F/,0,3
https://www.medicsintegralsalut.com/uk/%D0%BA%D1%80%D1%83%D0%B3%D0%BB%D1%96-%D0%BF%D1%80%D0%BE%D1%82%D0%B5%D0%B7%D0%B8-%D0%BF%D1%80%D0%BE%D1%82%D0%B8-%D0%B5%D1%80%D0%B3%D0%BE%D0%BD%D0%BE%D0%BC%D1%96%D1%87%D0%BD%D0%B8%D1%85-%D0%BF%D1%80/,0,3
https://www.medicsintegralsalut.com/uk/%D0%BD%D0%B0%D1%88-%D0%B4%D0%BE%D1%81%D0%B2%D1%96%D0%B4-%D1%83-%D0%BF%D1%80%D0%BE%D0%B2%D0%B5%D0%B4%D0%B5%D0%BD%D0%BD%D1%96-%D1%83%D0%BB%D1%8C%D1%82%D1%80%D0%B0%D0%B7%D0%B2%D1%83%D0%BA%D0%BE%D0%B2/,0,3
https://www.medicsintegralsalut.com/uk/%D0%BE%D0%B4%D0%B8%D0%BD%D0%B8%D1%86%D1%96/%D1%81%D0%B0%D0%BB%D0%BE%D0%BD-%D0%BA%D1%80%D0%B0%D1%81%D0%B8/,0,3
https://www.medicsintegralsalut.com/ca/cirurgia-estetica-2/,0,3
https://www.medicsintegralsalut.com/ca/tecniques-de-medicina-estetica-que-ens-fan-rejovenir/,0,3
https://www.medicsintegralsalut.com/en/units-2/cosmetic-facial-surgery/perforacio-de-lenva-nasal/,0,3
https://www.medicsintegralsalut.com/en/units-2/male-cosmetic-surgery-2/augment-de-pectoral/,0,3
https://www.medicsintegralsalut.com/en/units-2/overweight-and-obesity/dietetica-i-nutricio/,0,3
https://www.medicsintegralsalut.com/fr/unites/gabinete-de-estetica/recuperador/,0,3
https://www.medicsintegralsalut.com/fr/unites/institut-de-beaute/anti-age-mc-110/,0,3
https://www.medicsintegralsalut.com/ru/solucio-per-mames-tuberoses/,0,3
https://www.medicsintegralsalut.com/en/los-casinos-online-mas-populares-de-argentina/,0,3
https://www.medicsintegralsalut.com/fr/la-ginecomastia-te-solucio-definitiva/,0,3
https://www.medicsintegralsalut.com/fr/la-bellesa-del-rostre-el-triangle-invertit/,0,3
https://www.medicsintegralsalut.com/uk/%D0%BE%D0%B4%D0%B8%D0%BD%D0%B8%D1%86%D1%96-2/%D1%81%D0%B0%D0%BB%D0%BE%D0%BD-%D0%BA%D1%80%D0%B0%D1%81%D0%B8-2/,0,3
https://www.medicsintegralsalut.com/uk/%D0%BF%D0%BE%D0%BB%D1%96%D1%82%D0%B8%D0%BA%D0%B0-%D0%BA%D0%BE%D0%BD%D1%84%D1%96%D0%B4%D0%B5%D0%BD%D1%86%D1%96%D0%B9%D0%BD%D0%BE%D1%81%D1%82%D1%96-%D0%B2-%D1%81%D0%BE%D1%86%D1%96%D0%B0%D0%BB%D1%8C-2/,0,3
https://www.medicsintegralsalut.com/ca/portfolio-category/serveis/,0,3
https://www.medicsintegralsalut.com/uk/%D0%BE%D0%B4%D0%B8%D0%BD%D0%B8%D1%86%D1%96/%D0%BD%D0%B0%D0%B4%D0%BC%D1%96%D1%80%D0%BD%D0%B0-%D0%B2%D0%B0%D0%B3%D0%B0-%D1%82%D0%B0-%D0%BE%D0%B6%D0%B8%D1%80%D1%96%D0%BD%D0%BD%D1%8F-2/%D0%B2%D0%BD%D1%83%D1%82%D1%80%D1%96%D1%88%D0%BD%D1%8F-%D1%87%D0%B0%D1%81%D1%82%D0%B8%D0%BD%D0%B0-%D1%80%D1%83%D0%BA%D0%B0%D0%B2%D0%B0/,0,3
https://www.medicsintegralsalut.com/uk/%D0%BE%D0%B4%D0%B8%D0%BD%D0%B8%D1%86%D1%96/%D0%BD%D0%B0%D0%B4%D0%BC%D1%96%D1%80%D0%BD%D0%B0-%D0%B2%D0%B0%D0%B3%D0%B0-%D1%82%D0%B0-%D0%BE%D0%B6%D0%B8%D1%80%D1%96%D0%BD%D0%BD%D1%8F-2/%D1%88%D0%BB%D1%83%D0%BD%D0%BA%D0%BE%D0%B2%D0%B8%D0%B9-%D0%B1%D0%B0%D0%BB%D0%BE%D0%BD-%D0%B6%D0%B8%D1%80%D0%BE%D0%BD%D0%B0/,0,3
https://www.medicsintegralsalut.com/uk/%D0%BE%D0%B4%D0%B8%D0%BD%D0%B8%D1%86%D1%96/cirugia-estetica-facial/%D1%80%D0%B8%D0%BD%D0%BE%D0%BF%D0%BB%D0%B0%D1%81%D1%82%D0%B8%D0%BA%D0%B0-%D0%B2-%D0%B6%D0%B8%D1%80%D0%BE%D0%BD%D1%96/,0,3
https://www.medicsintegralsalut.com/ca/unitats/cirurgia-estetica-corporal/lipofilling-corporal/,0,3
https://www.medicsintegralsalut.com/en/category/cosmetic-surgery-3/,0,3
https://www.medicsintegralsalut.com/fr/unites-2/surpoids-et-obesite/,0,3
https://www.medicsintegralsalut.com/ru/%D1%8E%D0%BD%D0%B8%D1%82%D0%B0%D1%86/%D0%BF%D0%BB%D0%B0%D1%81%D1%82%D0%B8%D1%87%D0%B5%D1%81%D0%BA%D0%B0%D1%8F-%D0%BE%D0%BF%D0%B5%D1%80%D0%B0%D1%86%D0%B8%D1%8F-%D0%BD%D0%B0-%D0%BB%D0%B8%D1%86%D0%B5/perforacio-de-lenva-nasal/,0,3
https://www.medicsintegralsalut.com/uk/%D0%BE%D0%B4%D0%B8%D0%BD%D0%B8%D1%86%D1%96-2/%D0%B5%D1%81%D1%82%D0%B5%D1%82%D0%B8%D1%87%D0%BD%D0%B0-%D0%BC%D0%B5%D0%B4%D0%B8%D1%86%D0%B8%D0%BD%D0%B0-%D0%B4%D0%BB%D1%8F-%D0%BE%D0%B1%D0%BB%D0%B8%D1%87%D1%87%D1%8F/arrugues-dexpressio/,0,3
https://www.medicsintegralsalut.com/unitats/cirurgia-estetica-mames/recanvi-de-protesis/,0,3
https://www.medicsintegralsalut.com/uk/%D0%BE%D0%B4%D0%B8%D0%BD%D0%B8%D1%86%D1%96-2/%D0%BD%D0%B0%D0%B4%D0%BC%D1%96%D1%80%D0%BD%D0%B0-%D0%B2%D0%B0%D0%B3%D0%B0-%D1%82%D0%B0-%D0%BE%D0%B6%D0%B8%D1%80%D1%96%D0%BD%D0%BD%D1%8F/%D0%BA%D0%BE%D0%B2%D1%82%D0%B0%D0%BB%D1%8C%D0%BD%D0%B0-%D0%BA%D0%B0%D0%BF%D1%81%D1%83%D0%BB%D0%B0-%D1%83-%D1%84%D0%BE%D1%80%D0%BC%D1%96-%D0%B5%D0%BB%D1%96%D0%BF%D1%81%D0%B0/,0,3
https://www.medicsintegralsalut.com/quines-son-les-millors-protesis-de-mama/,0,3
https://www.medicsintegralsalut.com/fr/cuando-debemos-poner-protesis-anatomicas/,0,3
https://www.medicsintegralsalut.com/en/privacy-policy/,0,3
https://www.medicsintegralsalut.com/en/units-2/overweight-and-obesity/balo-6-mesos/,0,3
https://www.medicsintegralsalut.com/ru/%D0%BF%D1%80%D0%B0%D0%B2%D0%BE%D0%B2%D0%B0%D1%8F-%D0%BE%D0%B3%D0%BE%D0%B2%D0%BE%D1%80%D0%BA%D0%B0/,0,3
https://www.medicsintegralsalut.com/ru/%D1%8E%D0%BD%D0%B8%D1%82%D0%B0%D1%86/%D0%B8%D0%B7%D0%B1%D1%8B%D1%82%D0%BE%D1%87%D0%BD%D1%8B%D0%B9-%D0%B2%D0%B5%D1%81-%D0%B8-%D0%BE%D0%B6%D0%B8%D1%80%D0%B5%D0%BD%D0%B8%D0%B5/%D0%B4%D0%B8%D0%B5%D1%82%D0%BE%D0%BB%D0%BE%D0%B3%D0%B8%D1%8F-%D0%B8-%D0%BF%D0%B8%D1%82%D0%B0%D0%BD%D0%B8%D0%B5-2/,0,3
https://www.medicsintegralsalut.com/fr/lp-augment-de-pit-girona/,0,3
https://www.medicsintegralsalut.com/hi-ha-solucio-per-a-lantiestetica-marca-del-cansament-sota-els-ulls/,0,3
https://www.medicsintegralsalut.com/en/privacy-policy-on-social-media/,0,3
https://www.medicsintegralsalut.com/ru/%D1%8E%D0%BD%D0%B8%D1%82%D0%B0%D1%86/%D0%BA%D0%B0%D0%B1%D0%B8%D0%BD%D0%B5%D1%82-%D1%8D%D1%81%D1%82%D0%B5%D1%82%D0%B8%D0%BA%D0%B8-2/p50-%D0%B2%D0%B8%D0%B7%D0%B0%D0%B6/,0,3
https://www.medicsintegralsalut.com/uk/%D0%BE%D0%B4%D0%B8%D0%BD%D0%B8%D1%86%D1%96/%D1%81%D0%B0%D0%BB%D0%BE%D0%BD-%D0%BA%D1%80%D0%B0%D1%81%D0%B8/%D1%80%D0%B0%D0%B4%D1%96%D0%BE%D1%87%D0%B0%D1%81%D1%82%D0%BE%D1%82%D0%BD%D0%B0-%D1%82%D0%B5%D1%80%D0%B0%D0%BF%D1%96%D1%8F-%D0%B4%D0%BB%D1%8F-%D0%BE%D0%B1%D0%BB%D0%B8%D1%87%D1%87%D1%8F-%D1%82%D0%B0/,0,3
https://www.medicsintegralsalut.com/en/units-2/facial-aesthetic-medicine/lip-augmentation/,0,3
https://www.medicsintegralsalut.com/uk/%D0%BE%D0%B4%D0%B8%D0%BD%D0%B8%D1%86%D1%96-2/%D0%B5%D1%81%D1%82%D0%B5%D1%82%D0%B8%D1%87%D0%BD%D0%B0-%D1%85%D1%96%D1%80%D1%83%D1%80%D0%B3%D1%96%D1%8F-%D1%82%D1%96%D0%BB%D0%B0/%D0%BB%D1%96%D0%BF%D0%BE%D1%81%D0%B0%D0%BA%D1%86%D1%96%D1%8F-%D0%BC%D0%B5%D1%82%D0%BE%D0%B4%D0%BE%D0%BC-vaser/,0,3
https://www.medicsintegralsalut.com/ru/%D1%8E%D0%BD%D0%B8%D1%82%D0%B0%D1%86/%D1%8D%D1%81%D1%82%D0%B5%D1%82%D0%B8%D1%87%D0%B5%D1%81%D0%BA%D0%B0%D1%8F-%D0%BC%D0%B5%D0%B4%D0%B8%D1%86%D0%B8%D0%BD%D0%B0-%D1%82%D0%B5%D0%BB%D0%B0/%D1%86%D0%B5%D0%BB%D0%BB%D1%8E%D0%BB%D0%B8%D1%82/,0,3
https://www.medicsintegralsalut.com/tecnicas-de-medicina-estetica-que-ens-fan-rejovenir/,0,3
https://www.medicsintegralsalut.com/ca/unitats/gabinet-destetica/revitalitzacio-facial/,0,3
https://www.medicsintegralsalut.com/en/units-2/facial-aesthetic-medicine/hydration-and-nutrition/,0,3
https://www.medicsintegralsalut.com/uk/%D0%BE%D0%B4%D0%B8%D0%BD%D0%B8%D1%86%D1%96-2/%D1%87%D0%BE%D0%BB%D0%BE%D0%B2%D1%96%D1%87%D0%B0-%D0%B5%D1%81%D1%82%D0%B5%D1%82%D0%B8%D1%87%D0%BD%D0%B0-%D1%85%D1%96%D1%80%D1%83%D1%80%D0%B3%D1%96%D1%8F-2/lifting-de-coll-i-papada/,0,3
https://www.medicsintegralsalut.com/fr/unites-2/surpoids-et-obesite/chirurgie-bariatrique/,0,3
https://www.medicsintegralsalut.com/uk/para-que-tu-piel-no-cumpla-anos-coctel-de-vitaminas-y-acido-hialuronico/,0,3
https://www.medicsintegralsalut.com/ru/%D0%BA%D0%B0%D1%82%D0%B5%D0%B3%D0%BE%D1%80%D0%B8%D1%8F/%D0%BC%D1%83%D0%B6%D1%81%D0%BA%D0%B0%D1%8F-%D0%BF%D0%BB%D0%B0%D1%81%D1%82%D0%B8%D1%87%D0%B5%D1%81%D0%BA%D0%B0%D1%8F-%D1%85%D0%B8%D1%80%D1%83%D1%80%D0%B3%D0%B8%D1%8F/,0,3
https://www.medicsintegralsalut.com/ca/categoria/cirurgia-estetica-facial-2/pagina/2/,0,3
https://www.medicsintegralsalut.com/en/page/2/?post_type=sptp_member,0,3
https://www.medicsintegralsalut.com/en/w-lp-ginecomastia/,0,3
https://www.medicsintegralsalut.com/uk/%D0%BE%D0%B4%D0%B8%D0%BD%D0%B8%D1%86%D1%96-2/%D1%87%D0%BE%D0%BB%D0%BE%D0%B2%D1%96%D1%87%D0%B0-%D0%B5%D1%81%D1%82%D0%B5%D1%82%D0%B8%D1%87%D0%BD%D0%B0-%D1%85%D1%96%D1%80%D1%83%D1%80%D0%B3%D1%96%D1%8F-2/%D0%B7%D0%B1%D1%96%D0%BB%D1%8C%D1%88%D0%B5%D0%BD%D0%BD%D1%8F-%D0%B3%D1%80%D1%83%D0%B4%D0%BD%D0%B8%D1%85-%D0%BC%D1%8F%D0%B7%D1%96%D0%B2/,0,3
https://www.medicsintegralsalut.com/uk/%D0%BD%D0%B0%D1%88-%D0%B4%D0%BE%D1%81%D0%B2%D1%96%D0%B4-%D0%BF%D1%80%D0%BE%D0%B2%D0%B5%D0%B4%D0%B5%D0%BD%D0%BD%D1%8F-%D1%83%D0%BB%D1%8C%D1%82%D1%80%D0%B0%D0%B7%D0%B2%D1%83%D0%BA%D0%BE%D0%B2%D0%BE/,1,3
https://www.medicsintegralsalut.com/ca/como-cuidar-la-piel-a-los-50/,0,3
https://www.medicsintegralsalut.com/en/rinoplastia-sin-cirugia-rinoplastia-ultrasonica/,0,3
https://www.medicsintegralsalut.com/fr/rinoplastia-sin-cirugia-rinoplastia-ultrasonica/,0,3
https://www.medicsintegralsalut.com/en/the-only-ball-that-can-be-implanted-for-a-year/,0,3
https://www.medicsintegralsalut.com/fr/unites-2/surpoids-et-obesite/chirurgie-bariatrique/gastrectomie-verticale/,0,3
https://www.medicsintegralsalut.com/ca/unitats/gabinet-destetica/radiofrequencia-facial-i-corporal-2/,0,3
https://www.medicsintegralsalut.com/fr/blog-2/,0,3
https://www.medicsintegralsalut.com/lp-augment-de-pit-girona/,0,3
https://www.medicsintegralsalut.com/unitats/cirurgia-estetica-corporal/cirurgia-genital-femenina/,0,3
https://www.medicsintegralsalut.com/portfolio-category/servicios/,0,2
https://www.medicsintegralsalut.com/tag/rinoplastia/,0,2
https://www.medicsintegralsalut.com/ca/portfolio-category/videos-ca/,0,2
https://www.medicsintegralsalut.com/cirugia-estetica/,0,2
https://www.medicsintegralsalut.com/wp-content/uploads/2019/10/DR.Valenti%CC%81-Puig.webp,0,2
https://www.medicsintegralsalut.com/ca/category/medicina-estetica-facial-ca/,0,2
https://www.medicsintegralsalut.com/ca/tag/greix/,0,2
https://www.medicsintegralsalut.com/congela-el-tiempo/,0,2
https://www.medicsintegralsalut.com/ca/portfolio_page/,0,2
https://www.medicsintegralsalut.com/wp-content/uploads/2025/10/dewever-300x300.jpg,0,2
https://www.medicsintegralsalut.com/gracias/,0,2
https://www.medicsintegralsalut.com/tag/tecnica-quirurgica/,0,2
https://www.medicsintegralsalut.com/ca/author/infomedicstetics/page/3/,0,2
https://www.medicsintegralsalut.com/tag/resultados/,1,2
https://www.medicsintegralsalut.com/ru/vavada-kazino-oficialnyy-sayt-vhod-na-rabochee-zerkalo-vavada-2026/,0,2
https://www.medicsintegralsalut.com/fr/unidades/sobrepeso-y-obesidad/cirugia-bariatrica/bypass-gastrico-2/,0,2
https://www.medicsintegralsalut.com/fr/unites/medicina-estetica-facial/ojeras/,0,2
https://www.medicsintegralsalut.com/ru/category/medicina-estetica-corporal-ca/,0,2
https://www.medicsintegralsalut.com/fr/unites/gabinete-de-estetica/reduccion-de-volumen-girona/,0,2
https://www.medicsintegralsalut.com/ru/%D0%B5%D0%B4%D0%B8%D0%BD%D0%B8%D1%86%D1%8B/gabinete-de-estetica/acido-de-frutas/,0,2
https://www.medicsintegralsalut.com/ru/canvi-dimatge-i-estil-de-vida-amb-la-cirurgia-bariatrica/,0,2
https://www.medicsintegralsalut.com/ru/%D0%B5%D0%B4%D0%B8%D0%BD%D0%B8%D1%86%D1%8B/%D1%8D%D1%81%D1%82%D0%B5%D1%82%D0%B8%D1%87%D0%B5%D1%81%D0%BA%D0%B0%D1%8F-%D0%BC%D0%B5%D0%B4%D0%B8%D1%86%D0%B8%D0%BD%D0%B0-%D1%82%D0%B5%D0%BB%D0%B0/celulitis/,0,2
https://www.medicsintegralsalut.com/uk/nuestra-experiencia-con-la-rinoplastia-ultrasonica/,0,2
https://www.medicsintegralsalut.com/ru/%D0%B5%D0%B4%D0%B8%D0%BD%D0%B8%D1%86%D1%8B/cirugia-estetica-facial/relleno-de-arrugas/,0,2
https://www.medicsintegralsalut.com/ru/%D0%B5%D0%B4%D0%B8%D0%BD%D0%B8%D1%86%D1%8B/sobrepeso-y-obesidad/cirugia-postbariatrica/,0,2
https://www.medicsintegralsalut.com/fr/unites/medicina-estetica-facial/aumento-labios/,0,2
https://www.medicsintegralsalut.com/ru/%D1%8E%D0%BD%D0%B8%D1%82%D0%B0%D1%86/%D0%BF%D0%BB%D0%B0%D1%81%D1%82%D0%B8%D1%87%D0%B5%D1%81%D0%BA%D0%B0%D1%8F-%D0%BE%D0%BF%D0%B5%D1%80%D0%B0%D1%86%D0%B8%D1%8F-%D0%BD%D0%B0-%D0%BB%D0%B8%D1%86%D0%B5/%D1%84%D0%B0%D1%80%D1%81%D0%B8%D0%BC%D0%B5%D0%BD%D1%82-%D0%B4%D0%B0%D1%80%D1%83%D0%B3%D1%8E%D1%81/,0,2
https://www.medicsintegralsalut.com/fr/w-lp-mamaria/,0,2
https://www.medicsintegralsalut.com/ru/%D0%B0%D0%B2%D1%82%D0%BE%D1%80/%D0%B8%D0%BD%D1%84%D0%BE%D0%BC%D0%B5%D0%B4%D0%B8%D0%BA%D1%8D%D1%81%D1%82%D0%B5%D1%82%D0%B8%D0%BA%D1%81/%D1%81%D1%82%D1%80%D0%B0%D0%BD%D0%B8%D1%86%D0%B0/6/,0,2
https://www.medicsintegralsalut.com/ru/%D0%B1%D0%BB%D0%B5%D1%84%D0%B0%D1%80%D0%BE%D0%BF%D0%BB%D0%B0%D1%81%D1%82%D0%B8%D0%BA%D0%B0/,0,2
https://www.medicsintegralsalut.com/ru/%D0%B5%D0%B4%D0%B8%D0%BD%D0%B8%D1%86%D1%8B/medicina-estetica-corporal/,0,2
https://www.medicsintegralsalut.com/ru/%D0%B5%D0%B4%D0%B8%D0%BD%D0%B8%D1%86%D1%8B/sobrepeso-y-obesidad/endomanga/,0,2
https://www.medicsintegralsalut.com/ru/%D0%BA%D0%B0%D1%82%D0%B5%D0%B3%D0%BE%D1%80%D0%B8%D1%8F/%D0%BA%D0%B0%D0%B1%D0%B8%D0%BD%D0%B5%D1%82-%D1%8D%D1%81%D1%82%D0%B5%D1%82%D0%B8%D0%BA%D0%B8-2/,0,2
https://www.medicsintegralsalut.com/ru/%D0%BA%D0%B0%D1%82%D0%B5%D0%B3%D0%BE%D1%80%D0%B8%D1%8F/%D0%BA%D0%B0%D0%B1%D0%B8%D0%BD%D0%B5%D1%82-%D1%8D%D1%81%D1%82%D0%B5%D1%82%D0%B8%D0%BA%D0%B8/,0,2
https://www.medicsintegralsalut.com/ru/%D1%8E%D0%BD%D0%B8%D1%82%D0%B0%D1%86/%D0%BA%D0%B0%D0%B1%D0%B8%D0%BD%D0%B5%D1%82-%D1%8D%D1%81%D1%82%D0%B5%D1%82%D0%B8%D0%BA%D0%B8-2/hidreclat/,0,2
https://www.medicsintegralsalut.com/ru/%D1%8E%D0%BD%D0%B8%D1%82%D0%B0%D1%86/%D0%BC%D1%83%D0%B6%D1%81%D0%BA%D0%B0%D1%8F-%D0%BF%D0%BB%D0%B0%D1%81%D1%82%D0%B8%D1%87%D0%B5%D1%81%D0%BA%D0%B0%D1%8F-%D1%85%D0%B8%D1%80%D1%83%D1%80%D0%B3%D0%B8%D1%8F/,0,2
https://www.medicsintegralsalut.com/ru/category/cirugia-estetica-masculina/,0,2
https://www.medicsintegralsalut.com/ru/hay-solucion-para-la-antiestetica-marca-del-cansancio-bajo-los-ojos/,0,2
https://www.medicsintegralsalut.com/ru/reconstruccio-despres-dun-cancer-de-mama/,0,2
https://www.medicsintegralsalut.com/ru/unidades/gabinete-de-estetica/p50-visage/,0,2
https://www.medicsintegralsalut.com/uk/%D0%BA%D0%B0%D1%82%D0%B5%D0%B3%D0%BE%D1%80%D1%96%D1%8F/%D0%B5%D1%81%D1%82%D0%B5%D1%82%D0%B8%D1%87%D0%BD%D0%B0-%D0%BC%D0%B5%D0%B4%D0%B8%D1%86%D0%B8%D0%BD%D0%B0-%D0%B4%D0%BB%D1%8F-%D1%82%D1%96%D0%BB%D0%B0-ca/,0,2
https://www.medicsintegralsalut.com/uk/%D0%BA%D0%B0%D1%82%D0%B5%D0%B3%D0%BE%D1%80%D1%96%D1%8F/%D0%B5%D1%81%D1%82%D0%B5%D1%82%D0%B8%D1%87%D0%BD%D0%B0-%D1%85%D1%96%D1%80%D1%83%D1%80%D0%B3%D1%96%D1%8F-%D0%BE%D0%B1%D0%BB%D0%B8%D1%87%D1%87%D1%8F/,0,2
https://www.medicsintegralsalut.com/uk/%D0%BE%D0%B4%D0%B8%D0%BD%D0%B8%D1%86%D1%96-2/%D0%B5%D1%81%D1%82%D0%B5%D1%82%D0%B8%D1%87%D0%BD%D0%B0-%D0%BC%D0%B5%D0%B4%D0%B8%D1%86%D0%B8%D0%BD%D0%B0-%D0%B4%D0%BB%D1%8F-%D1%82%D1%96%D0%BB%D0%B0/celulitis/,0,2
https://www.medicsintegralsalut.com/uk/%D0%BE%D0%B4%D0%B8%D0%BD%D0%B8%D1%86%D1%96-2/%D0%BD%D0%B0%D0%B4%D0%BC%D1%96%D1%80%D0%BD%D0%B0-%D0%B2%D0%B0%D0%B3%D0%B0-%D1%82%D0%B0-%D0%BE%D0%B6%D0%B8%D1%80%D1%96%D0%BD%D0%BD%D1%8F/balo-ingerible-elipse/,0,2
https://www.medicsintegralsalut.com/uk/%D0%BE%D0%B4%D0%B8%D0%BD%D0%B8%D1%86%D1%96/%D1%81%D0%B0%D0%BB%D0%BE%D0%BD-%D0%BA%D1%80%D0%B0%D1%81%D0%B8/%D0%BE%D0%BC%D0%BE%D0%BB%D0%BE%D0%B4%D0%B6%D0%B5%D0%BD%D0%BD%D1%8F-%D0%BE%D0%B1%D0%BB%D0%B8%D1%87%D1%87%D1%8F/,0,2
https://www.medicsintegralsalut.com/uk/%D0%BE%D0%B4%D0%B8%D0%BD%D0%B8%D1%86%D1%96/sobrepeso-y-obesidad/%D0%B1%D0%B0%D1%80%D1%96%D0%B0%D1%82%D1%80%D0%B8%D1%87%D0%BD%D0%B0-%D1%85%D1%96%D1%80%D1%83%D1%80%D0%B3%D1%96%D1%8F-2/,0,2
https://www.medicsintegralsalut.com/uk/category/cirugia-estetica-mamas/page/2/,0,2
https://www.medicsintegralsalut.com/uk/sk-10-el-tractament-amb-una-injeccio-que-aprima/,0,2
https://www.medicsintegralsalut.com/unitats/cirurgia-estetica-corporal/augment-de-glutis/,0,2
https://www.medicsintegralsalut.com/ca/mis-tratamientos-preferidos-resultados-inmediatos/,0,2
https://www.medicsintegralsalut.com/ca/unitats-2/cirugia-estetica-facial/relleno-de-arrugas/,0,2
https://www.medicsintegralsalut.com/en/benvingut-dr-langdon/,0,2
https://www.medicsintegralsalut.com/en/ranking-de-cassinos-online-no-brasil-os-mais-populares-em-2026/,0,2
https://www.medicsintegralsalut.com/en/units-2/cosmetic-breast-surgery/reduccio-de-pit/,0,2
https://www.medicsintegralsalut.com/fr/categorie/chirurgie-esthetique-du-visage/,0,2
https://www.medicsintegralsalut.com/fr/unites-2/cabinet-desthetique/reduction-de-volume-gerone/,0,2
https://www.medicsintegralsalut.com/fr/unites/medecine-esthetique-faciale/ojeras/,0,2
https://www.medicsintegralsalut.com/que-es-faci-la-llum-al-rostre/,0,2
https://www.medicsintegralsalut.com/fr/category/sobrepeso-obesidad/,0,2
https://www.medicsintegralsalut.com/uk/%D0%BE%D0%B4%D0%B8%D0%BD%D0%B8%D1%86%D1%96/%D1%81%D0%B0%D0%BB%D0%BE%D0%BD-%D0%BA%D1%80%D0%B0%D1%81%D0%B8/acido-de-frutas/,0,2
https://www.medicsintegralsalut.com/uk/%D0%BF%D0%BE%D1%80%D0%B0%D0%B4%D0%B8-%D1%89%D0%BE%D0%B4%D0%BE-%D0%BE%D0%BF%D0%B5%D1%80%D0%B0%D1%86%D1%96%D1%97-%D0%B7-%D0%B7%D0%B1%D1%96%D0%BB%D1%8C%D1%88%D0%B5%D0%BD%D0%BD%D1%8F-%D0%B3%D1%80%D1%83/,0,2
https://www.medicsintegralsalut.com/ru/como-cuidar-la-piel-a-los-50/,0,2
https://www.medicsintegralsalut.com/ru/team/dra-ainitze-ibarzabal/,0,2
https://www.medicsintegralsalut.com/en/com-cuidar-la-pell-als-50/,0,2
https://www.medicsintegralsalut.com/en/units/gabinete-de-estetica/hidreclat/,0,2
https://www.medicsintegralsalut.com/fr/team/dr-valenti-puig-divi/,0,2
https://www.medicsintegralsalut.com/fr/unites-2/chirurgie-esthetique-du-visage/otoplastia/,0,2
https://www.medicsintegralsalut.com/en/units/facial-aesthetic-medicine/hidratacion-y-nutricion/,0,2
https://www.medicsintegralsalut.com/ru/hauria-de-reduir-el-meu-pit/,0,2
https://www.medicsintegralsalut.com/uk/%D0%BA%D0%BE%D0%BC%D0%B0%D0%BD%D0%B4%D0%B0/dr-sergio-angeles-montanez/,0,2
https://www.medicsintegralsalut.com/en/perque-envellim/,0,2
https://www.medicsintegralsalut.com/ru/deberia-reducirme-el-pecho/,0,2
https://www.medicsintegralsalut.com/fr/team/dr-mike-dewever-3/,0,2
https://www.medicsintegralsalut.com/ru/%D0%BA%D0%B0%D1%82%D0%B5%D0%B3%D0%BE%D1%80%D0%B8%D1%8F/%D0%BF%D0%BB%D0%B0%D1%81%D1%82%D0%B8%D1%87%D0%B5%D1%81%D0%BA%D0%B0%D1%8F-%D1%85%D0%B8%D1%80%D1%83%D1%80%D0%B3%D0%B8%D1%8F-%D0%BB%D0%B8%D1%86%D0%B0/%D1%81%D1%82%D1%80%D0%B0%D0%BD%D0%B8%D1%86%D0%B0/2/,0,2
https://www.medicsintegralsalut.com/ru/%D1%8E%D0%BD%D0%B8%D1%82%D0%B0%D1%86/%D0%BA%D0%B0%D0%B1%D0%B8%D0%BD%D0%B5%D1%82-%D1%8D%D1%81%D1%82%D0%B5%D1%82%D0%B8%D0%BA%D0%B8-2/%D1%85%D0%B8%D0%B4%D1%80%D0%B5%D0%BA%D0%BB%D0%B0%D1%82/,0,2
https://www.medicsintegralsalut.com/uk/%D0%BA%D0%B0%D1%82%D0%B5%D0%B3%D0%BE%D1%80%D1%96%D1%8F/%D0%B5%D1%81%D1%82%D0%B5%D1%82%D0%B8%D1%87%D0%BD%D0%B0-%D0%BC%D0%B5%D0%B4%D0%B8%D1%86%D0%B8%D0%BD%D0%B0-%D0%B4%D0%BB%D1%8F-%D1%82%D1%96%D0%BB%D0%B0/%D1%81%D1%82%D0%BE%D1%80%D1%96%D0%BD%D0%BA%D0%B0/2/,0,2
https://www.medicsintegralsalut.com/uk/%D0%BA%D0%B0%D1%82%D0%B5%D0%B3%D0%BE%D1%80%D1%96%D1%8F/%D0%B5%D1%81%D1%82%D0%B5%D1%82%D0%B8%D1%87%D0%BD%D0%B0-%D1%85%D1%96%D1%80%D1%83%D1%80%D0%B3%D1%96%D1%8F-%D0%BE%D0%B1%D0%BB%D0%B8%D1%87%D1%87%D1%8F/%D1%81%D1%82%D0%BE%D1%80%D1%96%D0%BD%D0%BA%D0%B0/2/,0,2
https://www.medicsintegralsalut.com/uk/%D0%BE%D0%B4%D0%B8%D0%BD%D0%B8%D1%86%D1%96-2/%D0%B5%D1%81%D1%82%D0%B5%D1%82%D0%B8%D1%87%D0%BD%D0%B0-%D1%85%D1%96%D1%80%D1%83%D1%80%D0%B3%D1%96%D1%8F-%D0%B3%D1%80%D1%83%D0%B4%D0%B5%D0%B9/%D0%B7%D0%B1%D1%96%D0%BB%D1%8C%D1%88%D0%B5%D0%BD%D0%BD%D1%8F-%D0%BF%D1%96%D1%82%D1%83/,0,2
https://www.medicsintegralsalut.com/uk/%D0%BE%D0%B4%D0%B8%D0%BD%D0%B8%D1%86%D1%96-2/%D1%81%D0%B0%D0%BB%D0%BE%D0%BD-%D0%BA%D1%80%D0%B0%D1%81%D0%B8-2/%D0%B3%D1%96%D0%B4%D1%80%D0%B5%D0%BA%D0%BB%D0%B0%D1%82/,0,2
https://www.medicsintegralsalut.com/uk/%D0%BE%D0%B4%D0%B8%D0%BD%D0%B8%D1%86%D1%96-2/%D1%81%D0%B0%D0%BB%D0%BE%D0%BD-%D0%BA%D1%80%D0%B0%D1%81%D0%B8-2/desintoxicant/,0,2
https://www.medicsintegralsalut.com/uk/%D0%BE%D0%B4%D0%B8%D0%BD%D0%B8%D1%86%D1%96/%D0%B5%D1%81%D1%82%D0%B5%D1%82%D0%B8%D1%87%D0%BD%D0%B0-%D1%85%D1%96%D1%80%D1%83%D1%80%D0%B3%D1%96%D1%8F-%D0%BE%D0%B1%D0%BB%D0%B8%D1%87%D1%87%D1%8F-2/%D0%BE%D1%82%D0%BE%D0%BF%D0%BB%D0%B0%D1%81%D1%82%D0%B8%D0%BA%D0%B0-%D0%B2-%D0%B6%D0%B8%D1%80%D0%BE%D0%BD%D1%96/,0,2
https://www.medicsintegralsalut.com/uk/%D0%BE%D0%B4%D0%B8%D0%BD%D0%B8%D1%86%D1%96/%D0%B5%D1%81%D1%82%D0%B5%D1%82%D0%B8%D1%87%D0%BD%D0%B0-%D1%85%D1%96%D1%80%D1%83%D1%80%D0%B3%D1%96%D1%8F-%D1%82%D1%96%D0%BB%D0%B0-2/cirugia-genital-femenina/,0,2
https://www.medicsintegralsalut.com/uk/%D0%BE%D0%B4%D0%B8%D0%BD%D0%B8%D1%86%D1%96/%D0%BD%D0%B0%D0%B4%D0%BC%D1%96%D1%80%D0%BD%D0%B0-%D0%B2%D0%B0%D0%B3%D0%B0-%D1%82%D0%B0-%D0%BE%D0%B6%D0%B8%D1%80%D1%96%D0%BD%D0%BD%D1%8F-2/,0,2
https://www.medicsintegralsalut.com/uk/category/%D0%B5%D1%81%D1%82%D0%B5%D1%82%D0%B8%D1%87%D0%BD%D0%B0-%D0%BC%D0%B5%D0%B4%D0%B8%D1%86%D0%B8%D0%BD%D0%B0-%D0%B4%D0%BB%D1%8F-%D0%BE%D0%B1%D0%BB%D0%B8%D1%87%D1%87%D1%8F/,0,2
https://www.medicsintegralsalut.com/uk/vavada-kazino-oficialnyy-sayt-vavada-casino-2026/,0,2
https://www.medicsintegralsalut.com/ca/categoria/cirurgia-estetica-facial/pagina/2/,0,2
https://www.medicsintegralsalut.com/ca/unitats-2/gabinet-destetica-2/recuperador/,0,2
https://www.medicsintegralsalut.com/en/team/dra-claudia-vera/,0,2
https://www.medicsintegralsalut.com/en/units/beauty-salon/facial-rejuvenation/,0,2
https://www.medicsintegralsalut.com/en/units/medicina-cosmetica-girona/,0,2
https://www.medicsintegralsalut.com/fr/siente-el-poder-del-bienestar-con-una-cirugia-estetica-para-los-pechos-separados/,0,2
https://www.medicsintegralsalut.com/fr/unites/chirurgie-esthetique-des-seins-2/augmentation-mammaire/,0,2
https://www.medicsintegralsalut.com/ru/%D0%BA%D0%BE%D0%BD%D1%82%D0%B0%D0%BA%D1%82%D0%BE/,0,2
https://www.medicsintegralsalut.com/ru/team/dr-mike-dewever-3/,0,2
https://www.medicsintegralsalut.com/uk/%D0%BA%D0%BE%D0%BB%D0%B8-%D1%81%D0%BB%D1%96%D0%B4-%D0%B2%D1%81%D1%82%D0%B0%D0%BD%D0%BE%D0%B2%D0%BB%D1%8E%D0%B2%D0%B0%D1%82%D0%B8-%D0%B0%D0%BD%D0%B0%D1%82%D0%BE%D0%BC%D1%96%D1%87%D0%BD%D1%96-%D0%BF/,0,2
https://www.medicsintegralsalut.com/ru/aumento-mamario-con-protesis-motiva/,1,2
https://www.medicsintegralsalut.com/ca/unitats/sobrepes-i-obesitat/6-mesos/,0,2
https://www.medicsintegralsalut.com/en/units-2/aesthetic-cabinet/clearance/,0,2
https://www.medicsintegralsalut.com/en/units-2/aesthetic-cabinet/detoxifying-2/,0,2
https://www.medicsintegralsalut.com/en/units-2/aesthetic-cabinet/recoverer/,0,2
https://www.medicsintegralsalut.com/en/units-2/overweight-and-obesity/bariatric-surgery/duodenal-crossing-3/,0,2
https://www.medicsintegralsalut.com/fr/equip-quadre-medic/,0,2
https://www.medicsintegralsalut.com/en/els-meus-tractaments-preferits-resultats-immediats/,0,2
https://www.medicsintegralsalut.com/ru/%D1%8E%D0%BD%D0%B8%D1%82%D0%B0%D1%86/%D0%B8%D0%B7%D0%B1%D1%8B%D1%82%D0%BE%D1%87%D0%BD%D1%8B%D0%B9-%D0%B2%D0%B5%D1%81-%D0%B8-%D0%BE%D0%B6%D0%B8%D1%80%D0%B5%D0%BD%D0%B8%D0%B5/%D0%B1%D0%B0%D0%BB%D0%BE-6-%D0%BC%D0%B5%D1%81%D0%BE%D1%81/,0,2
https://www.medicsintegralsalut.com/ru/%D1%8E%D0%BD%D0%B8%D1%82%D0%B0%D1%86/%D0%BA%D0%B0%D0%B1%D0%B8%D0%BD%D0%B5%D1%82-%D1%8D%D1%81%D1%82%D0%B5%D1%82%D0%B8%D0%BA%D0%B8-2/%D1%83%D0%BC%D0%B5%D0%BD%D1%8C%D1%88%D0%B5%D0%BD%D0%B8%D0%B5-%D0%B3%D1%80%D0%BE%D0%BC%D0%BA%D0%BE%D1%81%D1%82%D0%B8-%D0%B6%D0%B8%D1%80%D0%BE%D0%BD%D0%B0/,0,2
https://www.medicsintegralsalut.com/fr/nuestra-experiencia-con-la-rinoplastia-ultrasonica/,0,2
https://www.medicsintegralsalut.com/fr/unites-2/cabinet-desthetique/rajeunissement-facial-2/,0,2
https://www.medicsintegralsalut.com/ru/w-lp-ginecomastia/,0,2
https://www.medicsintegralsalut.com/uk/author/infomedicstetics/page/8/,0,2
https://www.medicsintegralsalut.com/en/the-naturalness-of-the-result-in-a-breast-augmentation/,0,2
https://www.medicsintegralsalut.com/uk/%D0%BE%D0%B4%D0%B8%D0%BD%D0%B8%D1%86%D1%96/%D0%B5%D1%81%D1%82%D0%B5%D1%82%D0%B8%D1%87%D0%BD%D0%B0-%D0%BC%D0%B5%D0%B4%D0%B8%D1%86%D0%B8%D0%BD%D0%B0-%D0%B4%D0%BB%D1%8F-%D0%BE%D0%B1%D0%BB%D0%B8%D1%87%D1%87%D1%8F/%D0%BC%D1%96%D0%BC%D1%96%D1%87%D0%BD%D1%96-%D0%B7%D0%BC%D0%BE%D1%80%D1%88%D0%BA%D0%B8/,0,2
https://www.medicsintegralsalut.com/uk/%D0%BE%D0%B4%D0%B8%D0%BD%D0%B8%D1%86%D1%96/%D1%81%D0%B0%D0%BB%D0%BE%D0%BD-%D0%BA%D1%80%D0%B0%D1%81%D0%B8/%D1%84%D1%80%D1%83%D0%BA%D1%82%D0%BE%D0%B2%D0%B0-%D0%BA%D0%B8%D1%81%D0%BB%D0%BE%D1%82%D0%B0/,0,2
https://www.medicsintegralsalut.com/fr/lipofilling-resultats-permanents-nomes-amb-greix/,1,2
https://www.medicsintegralsalut.com/en/advice-on-breast-augmentation-surgery-2/,0,2
https://www.medicsintegralsalut.com/uk/%D0%BE%D0%B4%D0%B8%D0%BD%D0%B8%D1%86%D1%96-2/%D0%B5%D1%81%D1%82%D0%B5%D1%82%D0%B8%D1%87%D0%BD%D0%B0-%D0%BC%D0%B5%D0%B4%D0%B8%D1%86%D0%B8%D0%BD%D0%B0-%D0%B4%D0%BB%D1%8F-%D0%BE%D0%B1%D0%BB%D0%B8%D1%87%D1%87%D1%8F/%D0%BF%D1%96%D0%BB%D1%96%D0%BD%D0%B3/,0,2
https://www.medicsintegralsalut.com/fr/unites-2/chirurgie-esthetique-corporelle/abdominoplastie/,0,2
https://www.medicsintegralsalut.com/fr/category/gabinete-de-estetica/,0,2
https://www.medicsintegralsalut.com/fr/unites-2/cabinet-desthetique/desintoxicant/,0,2
https://www.medicsintegralsalut.com/ru/team/dr-mike-dewever/,0,2
https://www.medicsintegralsalut.com/ru/%D1%8E%D0%BD%D0%B8%D1%82%D0%B0%D1%86/%D0%BF%D0%BB%D0%B0%D1%81%D1%82%D0%B8%D1%87%D0%B5%D1%81%D0%BA%D0%B0%D1%8F-%D0%BE%D0%BF%D0%B5%D1%80%D0%B0%D1%86%D0%B8%D1%8F-%D0%BD%D0%B0-%D0%BB%D0%B8%D1%86%D0%B5/%D0%BC%D0%B5%D0%BD%D1%82oplasty-%D0%B8-%D0%B0%D1%83%D0%B3%D0%BC%D0%B5%D0%BD%D1%82%D0%B0%D1%86%D0%B8%D1%8F-%D0%BF%D0%BE%D0%B4%D0%B1%D0%BE%D1%80%D0%BE%D0%B4%D0%BA%D0%B0/,0,2
https://www.medicsintegralsalut.com/en/?post_type=sptp_member,0,2
https://www.medicsintegralsalut.com/en/advice-on-breast-augmentation-surgery/,0,2
https://www.medicsintegralsalut.com/ru/elevacio-de-glutis-sense-cirurgia-es-possible/,0,2
https://www.medicsintegralsalut.com/unitats/sobrepes-i-obesitat/balo-6-mesos/,0,2
https://www.medicsintegralsalut.com/ca/bloc/,0,2
https://www.medicsintegralsalut.com/fr/unites-2/medecine-esthetique-faciale/flaccidite-des-muscles-tenseurs/,0,2
https://www.medicsintegralsalut.com/ru/%D1%8E%D0%BD%D0%B8%D1%82%D0%B0%D1%86/%D0%B8%D0%B7%D0%B1%D1%8B%D1%82%D0%BE%D1%87%D0%BD%D1%8B%D0%B9-%D0%B2%D0%B5%D1%81-%D0%B8-%D0%BE%D0%B6%D0%B8%D1%80%D0%B5%D0%BD%D0%B8%D0%B5/%D0%B1%D0%B0%D0%BB%D0%BE-12-%D0%BC%D0%B5%D1%81%D1%8F%D1%86%D0%B5%D0%B2-%D1%80%D0%B5%D0%B3%D1%83%D0%BB%D0%B8%D1%80%D1%83%D0%B5%D0%BC%D0%BE%D0%B5/,0,2
https://www.medicsintegralsalut.com/en/team/dr-amador-garcia-ruiz-de-gordejuela/,0,2
https://www.medicsintegralsalut.com/ru/%D1%8E%D0%BD%D0%B8%D1%82%D0%B0%D1%86/%D0%BA%D0%B0%D0%B1%D0%B8%D0%BD%D0%B5%D1%82-%D1%8D%D1%81%D1%82%D0%B5%D1%82%D0%B8%D0%BA%D0%B8-2/%D1%83%D1%81%D1%82%D1%80%D0%B0%D0%BD%D0%B8%D1%82%D1%8C-%D1%86%D0%B5%D0%BB%D0%BB%D1%8E%D0%BB%D0%B8%D1%82/,0,2
https://www.medicsintegralsalut.com/en/alimentos-que-benefician-tu-piel/,0,2
https://www.medicsintegralsalut.com/fr/pourquoi-vieillissons-nous/,0,2
https://www.medicsintegralsalut.com/ru/%D0%B5%D0%B4%D0%B8%D0%BD%D0%B8%D1%86%D1%8B/%D0%BC%D1%83%D0%B6%D1%81%D0%BA%D0%B0%D1%8F-%D0%BA%D0%BE%D1%81%D0%BC%D0%B5%D1%82%D0%B8%D1%87%D0%B5%D1%81%D0%BA%D0%B0%D1%8F-%D1%85%D0%B8%D1%80%D1%83%D1%80%D0%B3%D0%B8%D1%8F/%D0%B1%D0%BB%D0%B5%D1%84%D0%B0%D1%80%D0%BE%D0%BF%D0%BB%D0%B0%D1%81%D1%82%D0%B8%D0%BA%D0%B0/,0,2
https://www.medicsintegralsalut.com/ru/%D1%84%D0%B8%D0%BD%D0%B0%D0%BD%D1%81%D0%B8%D1%80%D0%BE%D0%B2%D0%B0%D0%BD%D0%B8%D0%B5/,0,2
https://www.medicsintegralsalut.com/ru/%D1%8E%D0%BD%D0%B8%D1%82%D0%B0%D1%86/%D0%BC%D1%83%D0%B6%D1%81%D0%BA%D0%B0%D1%8F-%D0%BF%D0%BB%D0%B0%D1%81%D1%82%D0%B8%D1%87%D0%B5%D1%81%D0%BA%D0%B0%D1%8F-%D1%85%D0%B8%D1%80%D1%83%D1%80%D0%B3%D0%B8%D1%8F/augment-de-pectoral/,0,2
https://www.medicsintegralsalut.com/uk/%D0%BE%D0%B4%D0%B8%D0%BD%D0%B8%D1%86%D1%96-2/%D0%B5%D1%81%D1%82%D0%B5%D1%82%D0%B8%D1%87%D0%BD%D0%B0-%D1%85%D1%96%D1%80%D1%83%D1%80%D0%B3%D1%96%D1%8F-%D0%BE%D0%B1%D0%BB%D0%B8%D1%87%D1%87%D1%8F/%D0%BD%D0%B0%D1%87%D0%B8%D0%BD%D0%BA%D0%B0-%D0%B7-%D1%80%D1%83%D0%BB%D0%B5%D1%82%D1%96%D0%B2/,0,2
https://www.medicsintegralsalut.com/ru/%D0%BA%D1%80%D1%83%D0%B3%D0%BB%D1%8B%D0%B5-%D0%BF%D1%80%D0%BE%D1%82%D0%B5%D0%B7%D1%8B-%D0%BF%D1%80%D0%BE%D1%82%D0%B8%D0%B2-%D1%8D%D1%80%D0%B3%D0%BE%D0%BD%D0%BE%D0%BC%D0%B8%D1%87%D0%BD%D1%8B%D1%85/,0,2
https://www.medicsintegralsalut.com/uk/%D0%BE%D0%B4%D0%B8%D0%BD%D0%B8%D1%86%D1%96-2/%D0%BD%D0%B0%D0%B4%D0%BC%D1%96%D1%80%D0%BD%D0%B0-%D0%B2%D0%B0%D0%B3%D0%B0-%D1%82%D0%B0-%D0%BE%D0%B6%D0%B8%D1%80%D1%96%D0%BD%D0%BD%D1%8F/%D0%B1%D0%B0%D1%80%D1%96%D0%B0%D1%82%D1%80%D0%B8%D1%87%D0%BD%D0%B0-%D1%85%D1%96%D1%80%D1%83%D1%80%D0%B3%D1%96%D1%8F/%D0%B4%D1%83%D0%BE%D0%B4%D0%B5%D0%BD%D0%B0%D0%BB%D1%8C%D0%BD%D0%B8%D0%B9-%D0%BF%D0%B5%D1%80%D0%B5%D1%85%D1%80%D0%B5%D1%81%D1%82/,0,2
https://www.medicsintegralsalut.com/ca/congela-el-temps/,0,2
https://www.medicsintegralsalut.com/contacto,0,1
https://www.medicsintegralsalut.com/ca/unitats/sobrepes-i-obesitat/balo-ingerible-elipse/,0,1
https://www.medicsintegralsalut.com/carousels-category/personal/,0,1
https://www.medicsintegralsalut.com/author/infomedicstetics/page/7/,0,1
https://www.medicsintegralsalut.com/ca/tag/pell/,0,1
https://www.medicsintegralsalut.com/unidades/cirugia-estetica-facial/otoplastia-new/,0,1
https://www.medicsintegralsalut.com/wp-content/uploads/2025/10/otoplastia.jpg,0,1
https://www.medicsintegralsalut.com/ca/unitats/sobrepes-i-obesitat/balo-6-mesos/,0,1
https://www.medicsintegralsalut.com/ca/category/medicina-estetica-corporal-ca/,0,1
https://www.medicsintegralsalut.com/wp-content/uploads/2022/05/dr_perez.jpg,0,1
https://www.medicsintegralsalut.com/ca/beneficis-de-la-cirurgia-bariatrica/,0,1
https://www.medicsintegralsalut.com/wp-content/uploads/2019/11/marca-del-cansancio-bajo-los-ojos-e1582104641732.jpg,0,1
https://www.medicsintegralsalut.com/ca/tag/abans-i-despres-otoplastia/,0,1
https://www.medicsintegralsalut.com/wp-content/uploads/2025/12/blefaroplastia-comienza-ahora.jpg,0,1
https://www.medicsintegralsalut.com/wp-content/uploads/2025/12/blefaroplastia-en-girona-medic.webp,0,1
https://www.medicsintegralsalut.com/wp-content/uploads/2019/11/image-e1582104761984.png,0,1
https://www.medicsintegralsalut.com/tag/protesis-redondas-vs-protesis-ergonomicas/,0,1
https://www.medicsintegralsalut.com/ca/unitats/gabinet-destetica/recuperador/,0,1
https://www.medicsintegralsalut.com/ca/portfolio_page/botoox-mike-lidia/,0,1
https://www.medicsintegralsalut.com/wp-content/uploads/2019/10/antes-despues-ojeras.jpg,0,1
https://www.medicsintegralsalut.com/wp-content/uploads/2019/10/antes-despues-rinoplastia.jpg,0,1
https://www.medicsintegralsalut.com/wp-content/w3-webp/uploads/2019/12/ab2.jpgw3.webp,0,1
https://www.medicsintegralsalut.com/wp-content/w3-webp/uploads/2021/03/Celulitis_girona.jpgw3.webp,0,1
https://www.medicsintegralsalut.com/wp-content/w3-webp/uploads/2019/11/Como-cuidar-la-piel-a-los-50-e1582104350780.jpgw3.webp,0,1
https://www.medicsintegralsalut.com/wp-content/uploads/2019/10/perfil-izquierdo-antes-1.jpg,0,1
https://www.medicsintegralsalut.com/wp-content/w3-webp/uploads/2023/04/rino-fanlo.jpg.jpgw3.webp,0,1
https://www.medicsintegralsalut.com/ca/tag/augment-de-pit/,0,1
https://www.medicsintegralsalut.com/ca/category/cirurgia-estetica-masculina/,0,1
https://www.medicsintegralsalut.com/wp-content/uploads/2025/12/rinoplastia-en-medic-girona.webp,0,1
https://www.medicsintegralsalut.com/consejo-en-la-cirugia-de-amento-de-mamas/,0,1
https://www.medicsintegralsalut.com/portfolio-category/videos/,0,1
https://www.medicsintegralsalut.com/ca/politica-de-privadesa-en-xarxes-socials/,0,1
https://www.medicsintegralsalut.com/ca/category/cirurgia-estetica-facial/page/2/,0,1
https://www.medicsintegralsalut.com/tag/reduccion-de-pecho/,0,1
https://www.medicsintegralsalut.com/ca/author/infomedicstetics/page/2/,0,1
https://www.medicsintegralsalut.com/ca/la-nostra-experiencia-amb-la-rinoplastia-ultrasonica/,0,1
https://www.medicsintegralsalut.com/fr/unidades/medicina-estetica-corporal/celulitis/,0,1
https://www.medicsintegralsalut.com/ranking-de-cassinos-online-no-brasil-os-mais-populares-em-2026/,0,1
https://www.medicsintegralsalut.com/ru/category/cirugia-estetica-corporal/,0,1
https://www.medicsintegralsalut.com/vavada-online-kasiino-eestis-kasutajate-arvustused-ja-mangijate-kogemused/,0,1
https://www.medicsintegralsalut.com/ca/lp-augment-de-pit-girona-2/,0,1
https://www.medicsintegralsalut.com/category/cirurgia-estetica-facial/,0,1
https://www.medicsintegralsalut.com/fr/unidades/sobrepeso-y-obesidad/cirugia-bariatrica/gastrectomia-vertical/,0,1
https://www.medicsintegralsalut.com/fr/unites/gabinete-de-estetica/eliminar-celulitis/,0,1
https://www.medicsintegralsalut.com/ice-casino-polska-najlepsze-kasyno-online-na-prawdziwe-pieniadze-w-polsce/,0,1
https://www.medicsintegralsalut.com/ru/%D1%81%D0%BF%D0%B0%D1%81%D0%B8%D0%B1%D0%BE/,0,1
https://www.medicsintegralsalut.com/uk/politica-de-cookies/,0,1
https://www.medicsintegralsalut.com/fr/unidades/cirugia-estetica-facial/otoplastia-girona/,0,1
https://www.medicsintegralsalut.com/fr/unidades/sobrepeso-y-obesidad/cirugia-bariatrica/cruce-duodenal-2/,0,1
https://www.medicsintegralsalut.com/ru/category/cirurgia-estetica-masculina/,0,1
https://www.medicsintegralsalut.com/ca/hay-solucion-para-la-antiestetica-marca-del-cansancio-bajo-los-ojos/,0,1
https://www.medicsintegralsalut.com/ru/%D0%B5%D0%B4%D0%B8%D0%BD%D0%B8%D1%86%D1%8B/cirugia-estetica-mamas/reduccion-de-pecho/,0,1
https://www.medicsintegralsalut.com/uk/category/gabinete-de-estetica/,0,1
https://www.medicsintegralsalut.com/ca/alimentos-que-benefician-tu-piel/,0,1
https://www.medicsintegralsalut.com/ca/categoria/gabinet-destetica/,0,1
https://www.medicsintegralsalut.com/en/beneficios-de-la-cirugia-bariatrica/,0,1
https://www.medicsintegralsalut.com/en/cookie-policy/,0,1
https://www.medicsintegralsalut.com/ru/%D0%B0%D0%B2%D1%82%D0%BE%D1%80/%D0%B8%D0%BD%D1%84%D0%BE%D0%BC%D0%B5%D0%B4%D0%B8%D0%BA%D1%8D%D1%81%D1%82%D0%B5%D1%82%D0%B8%D0%BA%D1%81/%D1%81%D1%82%D1%80%D0%B0%D0%BD%D0%B8%D1%86%D0%B0/8/,0,1
https://www.medicsintegralsalut.com/ru/%D0%B5%D0%B4%D0%B8%D0%BD%D0%B8%D1%86%D1%8B/sobrepeso-y-obesidad/cirugia-bariatrica/cruce-duodenal-2/,0,1
https://www.medicsintegralsalut.com/ru/author/infomedicstetics/page/10/,0,1
https://www.medicsintegralsalut.com/uk/%D0%B0%D0%B2%D1%82%D0%BE%D1%80/infomedicstetics/%D1%81%D1%82%D0%BE%D1%80%D1%96%D0%BD%D0%BA%D0%B0/10/,0,1
https://www.medicsintegralsalut.com/uk/%D0%BE%D0%B4%D0%B8%D0%BD%D0%B8%D1%86%D1%96-2/%D0%BD%D0%B0%D0%B4%D0%BC%D1%96%D1%80%D0%BD%D0%B0-%D0%B2%D0%B0%D0%B3%D0%B0-%D1%82%D0%B0-%D0%BE%D0%B6%D0%B8%D1%80%D1%96%D0%BD%D0%BD%D1%8F/%D0%B1%D0%B0%D1%80%D1%96%D0%B0%D1%82%D1%80%D0%B8%D1%87%D0%BD%D0%B0-%D1%85%D1%96%D1%80%D1%83%D1%80%D0%B3%D1%96%D1%8F/gastrectomia-vertical/,0,1
https://www.medicsintegralsalut.com/uk/author/infomedicstetics/page/2/,0,1
https://www.medicsintegralsalut.com/uk/lunica-pilota-que-pot-estar-implantada-un-any/,0,1
https://www.medicsintegralsalut.com/unitats/cirurgia-estetica-masculina/lifting-de-coll-i-papada/,0,1
https://www.medicsintegralsalut.com/ca/categoria/cirurgia-estetica-masculina/,0,1
https://www.medicsintegralsalut.com/ca/categoria/medicina-estetica-corporal-ca/,0,1
https://www.medicsintegralsalut.com/en/funding/,0,1
https://www.medicsintegralsalut.com/en/units/beauty-salon/antiedad-mc-110/,0,1
https://www.medicsintegralsalut.com/en/units/beauty-salon/p50-visage/,0,1
https://www.medicsintegralsalut.com/fr/author/infomedicstetics/page/11/,0,1
https://www.medicsintegralsalut.com/fr/category/chirurgie-esthetique-corporelle/,0,1
https://www.medicsintegralsalut.com/fr/merci/,0,1
https://www.medicsintegralsalut.com/fr/perque-la-teva-pell-no-faci-anys-coctel-de-vitamines-i-acid-hialuronic/,0,1
https://www.medicsintegralsalut.com/fr/politique-de-cookies/,0,1
https://www.medicsintegralsalut.com/ru/%D0%B5%D0%B4%D0%B8%D0%BD%D0%B8%D1%86%D1%8B/%D1%8D%D1%81%D1%82%D0%B5%D1%82%D0%B8%D1%87%D0%B5%D1%81%D0%BA%D0%B0%D1%8F-%D0%BC%D0%B5%D0%B4%D0%B8%D1%86%D0%B8%D0%BD%D0%B0-%D1%82%D0%B5%D0%BB%D0%B0/liposuccion-sin-cirugia/,0,1
https://www.medicsintegralsalut.com/ru/w-lp-mamaria/,0,1
https://www.medicsintegralsalut.com/uk/w-lp-mamaria/,0,1
https://www.medicsintegralsalut.com/ru/%D1%8E%D0%BD%D0%B8%D1%82%D0%B0%D1%86/%D1%8D%D1%81%D1%82%D0%B5%D1%82%D0%B8%D1%87%D0%B5%D1%81%D0%BA%D0%B0%D1%8F-%D0%BC%D0%B5%D0%B4%D0%B8%D1%86%D0%B8%D0%BD%D0%B0-%D1%82%D0%B5%D0%BB%D0%B0/celulitis/,0,1
https://www.medicsintegralsalut.com/fr/auteur/infomedicestetique/page/2/,0,1
https://www.medicsintegralsalut.com/fr/que-es-faci-la-llum-al-rostre/,0,1
https://www.medicsintegralsalut.com/en/equip-quadre-medic/,0,1
https://www.medicsintegralsalut.com/ru/%D0%B5%D0%B4%D0%B8%D0%BD%D0%B8%D1%86%D1%8B/%D0%BC%D1%83%D0%B6%D1%81%D0%BA%D0%B0%D1%8F-%D0%BA%D0%BE%D1%81%D0%BC%D0%B5%D1%82%D0%B8%D1%87%D0%B5%D1%81%D0%BA%D0%B0%D1%8F-%D1%85%D0%B8%D1%80%D1%83%D1%80%D0%B3%D0%B8%D1%8F/liftting-de-cuello-y-papada/,0,1
https://www.medicsintegralsalut.com/ru/hi-ha-solucio-per-a-lantiestetica-marca-del-cansament-sota-els-ulls/,0,1
https://www.medicsintegralsalut.com/en/primera-visita-para-aumento-de-pecho/,0,1
https://www.medicsintegralsalut.com/fr/benvingut-dr-langdon/,0,1
https://www.medicsintegralsalut.com/fr/los-casinos-online-mas-populares-de-argentina/,0,1
https://www.medicsintegralsalut.com/ru/%D0%BF%D0%BE%D1%80%D1%82%D1%84%D0%BE%D0%BB%D0%B8%D0%BE/%D1%81%D1%82%D1%80%D0%B0%D0%BD%D0%B8%D1%86%D0%B0/2/,0,1
https://www.medicsintegralsalut.com/ru/cuando-debemos-poner-protesis-anatomicas/,0,1
https://www.medicsintegralsalut.com/uk/%D0%B4%D0%BE%D0%BA%D1%82%D0%BE%D1%80-%D0%BC%D0%B0%D0%B9%D0%BA-%D0%B4%D0%B5%D0%B2%D0%B5%D0%B2%D0%B5%D1%80/,0,1
https://www.medicsintegralsalut.com/uk/%D0%BA%D0%B0%D1%82%D0%B5%D0%B3%D0%BE%D1%80%D1%96%D1%8F/%D0%B5%D1%81%D1%82%D0%B5%D1%82%D0%B8%D1%87%D0%BD%D0%B0-%D1%85%D1%96%D1%80%D1%83%D1%80%D0%B3%D1%96%D1%8F-%D0%BE%D0%B1%D0%BB%D0%B8%D1%87%D1%87%D1%8F-2/%D1%81%D1%82%D0%BE%D1%80%D1%96%D0%BD%D0%BA%D0%B0/3/,0,1
https://www.medicsintegralsalut.com/uk/%D0%BE%D0%B4%D0%B8%D0%BD%D0%B8%D1%86%D1%96-2/%D0%B5%D1%81%D1%82%D0%B5%D1%82%D0%B8%D1%87%D0%BD%D0%B0-%D0%BC%D0%B5%D0%B4%D0%B8%D1%86%D0%B8%D0%BD%D0%B0-%D0%B4%D0%BB%D1%8F-%D0%BE%D0%B1%D0%BB%D0%B8%D1%87%D1%87%D1%8F/%D0%B3%D1%96%D0%B4%D1%80%D0%B0%D1%82%D0%B0%D1%86%D1%96%D1%8F-%D1%82%D0%B0-%D1%85%D0%B0%D1%80%D1%87%D1%83%D0%B2%D0%B0%D0%BD%D0%BD%D1%8F/,0,1
https://www.medicsintegralsalut.com/uk/%D0%BE%D0%B4%D0%B8%D0%BD%D0%B8%D1%86%D1%96-2/%D0%B5%D1%81%D1%82%D0%B5%D1%82%D0%B8%D1%87%D0%BD%D0%B0-%D1%85%D1%96%D1%80%D1%83%D1%80%D0%B3%D1%96%D1%8F-%D0%BE%D0%B1%D0%BB%D0%B8%D1%87%D1%87%D1%8F/%D0%BE%D1%82%D0%BE%D0%BF%D0%BB%D0%B0%D1%81%D1%82%D0%B8%D0%BA%D0%B0/,0,1
https://www.medicsintegralsalut.com/uk/%D0%BE%D0%B4%D0%B8%D0%BD%D0%B8%D1%86%D1%96/%D0%B5%D1%81%D1%82%D0%B5%D1%82%D0%B8%D1%87%D0%BD%D0%B0-%D1%85%D1%96%D1%80%D1%83%D1%80%D0%B3%D1%96%D1%8F-%D0%B3%D1%80%D1%83%D0%B4%D0%B5%D0%B9-2/%D0%B7%D0%B1%D1%96%D0%BB%D1%8C%D1%88%D0%B5%D0%BD%D0%BD%D1%8F-%D0%B3%D1%80%D1%83%D0%B4%D0%B5%D0%B9/,0,1
https://www.medicsintegralsalut.com/uk/%D0%BE%D0%B4%D0%B8%D0%BD%D0%B8%D1%86%D1%96/%D0%B5%D1%81%D1%82%D0%B5%D1%82%D0%B8%D1%87%D0%BD%D0%B0-%D1%85%D1%96%D1%80%D1%83%D1%80%D0%B3%D1%96%D1%8F-%D0%BE%D0%B1%D0%BB%D0%B8%D1%87%D1%87%D1%8F-2/%D1%80%D0%B8%D0%BD%D0%BE%D0%BF%D0%BB%D0%B0%D1%81%D1%82%D0%B8%D0%BA%D0%B0-%D0%B2-%D0%B6%D0%B8%D1%80%D0%BE%D0%BD%D1%96/,0,1
https://www.medicsintegralsalut.com/uk/%D0%BE%D0%B4%D0%B8%D0%BD%D0%B8%D1%86%D1%96/%D0%BD%D0%B0%D0%B4%D0%BC%D1%96%D1%80%D0%BD%D0%B0-%D0%B2%D0%B0%D0%B3%D0%B0-%D1%82%D0%B0-%D0%BE%D0%B6%D0%B8%D1%80%D1%96%D0%BD%D0%BD%D1%8F-2/cirugia-postbariatrica/,0,1
https://www.medicsintegralsalut.com/uk/%D0%BE%D0%B4%D0%B8%D0%BD%D0%B8%D1%86%D1%96/%D1%81%D0%B0%D0%BB%D0%BE%D0%BD-%D0%BA%D1%80%D0%B0%D1%81%D0%B8/antiedad-mc-110/,0,1
https://www.medicsintegralsalut.com/uk/%D0%BE%D0%B4%D0%B8%D0%BD%D0%B8%D1%86%D1%96/%D1%81%D0%B0%D0%BB%D0%BE%D0%BD-%D0%BA%D1%80%D0%B0%D1%81%D0%B8/desintoxicante/,0,1
https://www.medicsintegralsalut.com/uk/%D0%BE%D0%B4%D0%B8%D0%BD%D0%B8%D1%86%D1%96/%D1%81%D0%B0%D0%BB%D0%BE%D0%BD-%D0%BA%D1%80%D0%B0%D1%81%D0%B8/hidreclat/,0,1
https://www.medicsintegralsalut.com/uk/%D0%BE%D0%B4%D0%B8%D0%BD%D0%B8%D1%86%D1%96/medicina-cosmetica-girona/,0,1
https://www.medicsintegralsalut.com/ca/autor/infomedicsestetics/pagina/2/,0,1
https://www.medicsintegralsalut.com/en/mostbet-casino-online-e-casa-de-apostas-em-portugal/,0,1
https://www.medicsintegralsalut.com/fr/auteur/infomedicestetique/,0,1
https://www.medicsintegralsalut.com/fr/categorie/sobrepeso-obesidad/,0,1
https://www.medicsintegralsalut.com/fr/mentions-legales/,0,1
https://www.medicsintegralsalut.com/fr/unidades/cirugia-estetica-masculina/,0,1
https://www.medicsintegralsalut.com/fr/unites-2/chirurgie-esthetique-masculine-2/lifting-de-coll-i-papada/,0,1
https://www.medicsintegralsalut.com/ru/financiacion/,0,1
https://www.medicsintegralsalut.com/unitats/medicina-estetica-facial/augment-de-llavis/,0,1
https://www.medicsintegralsalut.com/ca/categoria/cirurgia-estetica-corporal-2/,0,1
https://www.medicsintegralsalut.com/en/units-2/male-cosmetic-surgery-2/gynaecomastia/,0,1
https://www.medicsintegralsalut.com/fr/unites-2/surpoids-et-obesite/chirurgie-bariatrique/le-bypass-gastrique/,0,1
https://www.medicsintegralsalut.com/gracies/,0,1
https://www.medicsintegralsalut.com/ru/%D1%8E%D0%BD%D0%B8%D1%82%D0%B0%D1%86/%D0%B8%D0%B7%D0%B1%D1%8B%D1%82%D0%BE%D1%87%D0%BD%D1%8B%D0%B9-%D0%B2%D0%B5%D1%81-%D0%B8-%D0%BE%D0%B6%D0%B8%D1%80%D0%B5%D0%BD%D0%B8%D0%B5/%D1%8D%D0%BD%D0%B4%D0%BE%D0%BC%D0%B0%D0%BD%D0%B3%D0%B0/,0,1
https://www.medicsintegralsalut.com/ca/como-elegir-los-implantes-mamarios-adecuados/,0,1
https://www.medicsintegralsalut.com/fr/bienvenido-dr-langdon/,0,1
https://www.medicsintegralsalut.com/ru/lo-que-quieres-saber-del-aumento-de-pecho-paso-a-paso/,0,1
https://www.medicsintegralsalut.com/uk/%D0%BE%D0%B4%D0%B8%D0%BD%D0%B8%D1%86%D1%96/medicina-estetica-corporal/celulitis/,0,1
https://www.medicsintegralsalut.com/ca/category/cirurgia-estetica-masculina-2/,0,1
https://www.medicsintegralsalut.com/rinoplastia-ultrasonica-o-rinomodelacio-quines-son-les-diferencies/,0,1
https://www.medicsintegralsalut.com/ca/bases-legals-de-participacio-en-el-sorteig/,0,1
https://www.medicsintegralsalut.com/ca/team/dra-ainitze-ibarzabal/,0,1
https://www.medicsintegralsalut.com/category/sobrepes-i-obesitat/,0,1
https://www.medicsintegralsalut.com/en/rinoplastia-ultrasonica-o-rinomodelacio-quines-son-les-diferencies/,0,1
https://www.medicsintegralsalut.com/fr/auteur/infomedicestetique/page/11/,0,1
https://www.medicsintegralsalut.com/la-bellesa-del-rostre-el-triangle-invertit/,0,1
https://www.medicsintegralsalut.com/uk/bienvenido-dr-langdon/,0,1
https://www.medicsintegralsalut.com/fr/facteurs-de-croissance-obtenus-a-partir-de-plaquettes-prp/,0,1
https://www.medicsintegralsalut.com/uk/lp-augment-de-pit-girona-test-a-b/,0,1
https://www.medicsintegralsalut.com/fr/dr-mike-dewever/,0,1
https://www.medicsintegralsalut.com/uk/lipofilling-resultados-permanentes-solo-con-grasa/,0,1
https://www.medicsintegralsalut.com/en/category/overweight-and-obesity/,0,1
https://www.medicsintegralsalut.com/en/que-es-faci-la-llum-al-rostre/,0,1
https://www.medicsintegralsalut.com/fr/lp-gynecomastie-girona/,0,1
https://www.medicsintegralsalut.com/uk/algunes-raons-per-les-quals-no-perdem-pes/,0,1
https://www.medicsintegralsalut.com/uk/bye-bye-barriga/,0,1
https://www.medicsintegralsalut.com/uk/congela-el-temps/,0,1
https://www.medicsintegralsalut.com/en/units-2/overweight-and-obesity/dietetics-and-nutrition/,0,1
https://www.medicsintegralsalut.com/fr/primera-visita-para-aumento-de-pecho/,0,1
https://www.medicsintegralsalut.com/ru/lexit-del-procediment-es-lexit-dels-resultats/,0,1
https://www.medicsintegralsalut.com/ru/augment-mamari-amb-protesi-motiva/,1,1
https://www.medicsintegralsalut.com/ca/unitats-2/sobrepes-i-obesitat-2/balo-12-mesos-reajustable-2/,0,1
https://www.medicsintegralsalut.com/en/units-2/cosmetic-facial-surgery/facial-lift/,0,1
https://www.medicsintegralsalut.com/fr/unites-2/cabinet-desthetique/acides-de-fruits/,0,1
https://www.medicsintegralsalut.com/uk/hagase-la-luz-en-el-rostro/,0,1
https://www.medicsintegralsalut.com/fr/politique-de-confidentialite-2/,0,1
https://www.medicsintegralsalut.com/ru/la-nostra-experiencia-amb-la-rinoplastia-ultrasonica/,0,1
https://www.medicsintegralsalut.com/en/units-2/aesthetic-cabinet/desintoxicant/,0,1
https://www.medicsintegralsalut.com/en/units-2/overweight-and-obesity/six-months-old/,0,1
https://www.medicsintegralsalut.com/fr/deberia-reducirme-el-pecho/,0,1
https://www.medicsintegralsalut.com/fr/unites-2/cabinet-desthetique/antidate-mc110/,0,1
https://www.medicsintegralsalut.com/fr/unites-2/cabinet-desthetique/detoxifiant/,0,1
https://www.medicsintegralsalut.com/uk/%D0%BE%D0%B4%D0%B8%D0%BD%D0%B8%D1%86%D1%96-2/%D0%BD%D0%B0%D0%B4%D0%BC%D1%96%D1%80%D0%BD%D0%B0-%D0%B2%D0%B0%D0%B3%D0%B0-%D1%82%D0%B0-%D0%BE%D0%B6%D0%B8%D1%80%D1%96%D0%BD%D0%BD%D1%8F/dietetica-i-nutricio/,0,1
https://www.medicsintegralsalut.com/en/novetat-fils-360o-efecte-lifting/,0,1
https://www.medicsintegralsalut.com/fr/la-seule-pilote-qui-peut-etre-implantee-une-annee/,0,1
https://www.medicsintegralsalut.com/ru/el-que-vols-saber-de-laugment-de-pit-pas-a-pas/,0,1
https://www.medicsintegralsalut.com/unitats/gabinet-destetica/desintoxicant/,0,1
https://www.medicsintegralsalut.com/en/lipofilling-resultats-permanents-nomes-amb-greix/,0,1
https://www.medicsintegralsalut.com/ru/%D0%B0%D0%B2%D1%82%D0%BE%D1%80/%D0%B8%D0%BD%D1%84%D0%BE%D0%BC%D0%B5%D0%B4%D0%B8%D0%BA%D1%8D%D1%81%D1%82%D0%B5%D1%82%D0%B8%D0%BA%D1%81/%D1%81%D1%82%D1%80%D0%B0%D0%BD%D0%B8%D1%86%D0%B0/3/,0,1
https://www.medicsintegralsalut.com/uk/%D1%84%D0%B0%D0%BA%D1%82%D0%BE%D1%80%D0%B8-%D1%80%D0%BE%D1%81%D1%82%D1%83-%D0%BE%D1%82%D1%80%D0%B8%D0%BC%D0%B0%D0%BD%D1%96-%D0%B7-%D1%82%D1%80%D0%BE%D0%BC%D0%B1%D0%BE%D1%86%D0%B8%D1%82%D1%96%D0%B2-pr/,0,1
https://www.medicsintegralsalut.com/ca/se-pueden-realizar-tratamientos-postparto-de-cirugia-estetica/,1,1
https://www.medicsintegralsalut.com/en/canvi-dimatge-i-estil-de-vida-amb-la-cirurgia-bariatrica/,0,1
https://www.medicsintegralsalut.com/fr/factors-de-creixement-obtinguts-de-les-plaquetes-prp/,0,1
https://www.medicsintegralsalut.com/fr/les-gens/,0,1
https://www.medicsintegralsalut.com/fr/medecine-esthetique/,0,1
https://www.medicsintegralsalut.com/uk/%D0%BE%D0%B4%D0%B8%D0%BD%D0%B8%D1%86%D1%96-2/%D0%B5%D1%81%D1%82%D0%B5%D1%82%D0%B8%D1%87%D0%BD%D0%B0-%D1%85%D1%96%D1%80%D1%83%D1%80%D0%B3%D1%96%D1%8F-%D0%BE%D0%B1%D0%BB%D0%B8%D1%87%D1%87%D1%8F/%D0%BC%D1%96%D0%BD%D1%96%D0%BB%D1%96%D1%84%D1%82%D0%B8%D0%BD%D0%B3-%D1%88%D0%B8%D1%97-%D1%82%D0%B0-%D0%BF%D0%BE%D0%B4%D0%B2%D1%96%D0%B9%D0%BD%D0%BE%D0%B3%D0%BE-%D0%BF%D1%96%D0%B4%D0%B1%D0%BE%D1%80-2/,0,1
https://www.medicsintegralsalut.com/uk/%D0%BE%D0%B4%D0%B8%D0%BD%D0%B8%D1%86%D1%96-2/%D0%BD%D0%B0%D0%B4%D0%BC%D1%96%D1%80%D0%BD%D0%B0-%D0%B2%D0%B0%D0%B3%D0%B0-%D1%82%D0%B0-%D0%BE%D0%B6%D0%B8%D1%80%D1%96%D0%BD%D0%BD%D1%8F/endomanga/,0,1
https://www.medicsintegralsalut.com/uk/%D0%BF%D0%BE%D0%BB%D1%96%D1%82%D0%B8%D0%BA%D0%B0-%D0%BA%D0%BE%D0%BD%D1%84%D1%96%D0%B4%D0%B5%D0%BD%D1%86%D1%96%D0%B9%D0%BD%D0%BE%D1%81%D1%82%D1%96-%D0%B2-%D1%81%D0%BE%D1%86%D1%96%D0%B0%D0%BB%D1%8C/,0,1
https://www.medicsintegralsalut.com/unitats/medicina-estetica-facial/arrugues-dexpressio/,0,1
https://www.medicsintegralsalut.com/en/units-2/aesthetic-cabinet/eliminar-celulitis/,0,1
https://www.medicsintegralsalut.com/fr/auteur/infomedicestetique/page/7/,0,1
https://www.medicsintegralsalut.com/ru/%D1%8E%D0%BD%D0%B8%D1%82%D0%B0%D1%86/%D1%8D%D1%81%D1%82%D0%B5%D1%82%D0%B8%D1%87%D0%B5%D1%81%D0%BA%D0%B0%D1%8F-%D1%85%D0%B8%D1%80%D1%83%D1%80%D0%B3%D0%B8%D1%8F-%D1%82%D0%B5%D0%BB%D0%B0/%D0%BF%D0%BE%D0%B4%D0%BD%D1%8F%D1%82%D0%B8%D0%B5-%D1%80%D1%83%D0%BA-%D0%B8-%D0%B1%D0%B5%D0%B4%D0%B5%D1%80/,0,1
https://www.medicsintegralsalut.com/uk/%D0%BE%D0%B4%D0%B8%D0%BD%D0%B8%D1%86%D1%96-2/%D0%BD%D0%B0%D0%B4%D0%BC%D1%96%D1%80%D0%BD%D0%B0-%D0%B2%D0%B0%D0%B3%D0%B0-%D1%82%D0%B0-%D0%BE%D0%B6%D0%B8%D1%80%D1%96%D0%BD%D0%BD%D1%8F/%D0%B1%D0%B0%D1%80%D1%96%D0%B0%D1%82%D1%80%D0%B8%D1%87%D0%BD%D0%B0-%D1%85%D1%96%D1%80%D1%83%D1%80%D0%B3%D1%96%D1%8F/,0,1
https://www.medicsintegralsalut.com/uk/que-cambios-positivos-aporta-una-cirugia-de-aumento-de-pecho/,0,1
https://www.medicsintegralsalut.com/en/financament/,0,1
https://www.medicsintegralsalut.com/en/units-2/facial-aesthetic-medicine/ulleres/,0,1
https://www.medicsintegralsalut.com/unitats/cirurgia-estetica-masculina/augment-de-pectoral/,0,1
https://www.medicsintegralsalut.com/ca/categoria/cirurgia-estetica-masculina-2/,0,1
https://www.medicsintegralsalut.com/category/cirurgia-estetica-mames/,0,1
https://www.medicsintegralsalut.com/en/author/infomedicstetics/page/10/,0,1
https://www.medicsintegralsalut.com/en/category/cosmetic-facial-surgery-2/,0,1
https://www.medicsintegralsalut.com/en/category/cosmetic-facial-surgery/,0,1
https://www.medicsintegralsalut.com/politica-de-privadesa/,0,1
https://www.medicsintegralsalut.com/portfolio_page/page/2/,0,1
https://www.medicsintegralsalut.com/ru/%D0%B0%D0%B2%D1%82%D0%BE%D1%80/nicols/,0,1
https://www.medicsintegralsalut.com/fr/canvi-dimatge-i-estil-de-vida-amb-la-cirurgia-bariatrica/,0,1
https://www.medicsintegralsalut.com/fr/team/dr-amador-garcia-ruiz-de-gordejuela/,0,1
https://www.medicsintegralsalut.com/ru/%D0%B5%D0%B4%D0%B8%D0%BD%D0%B8%D1%86%D1%8B/%D0%BA%D0%B0%D0%B1%D0%B8%D0%BD%D0%B5%D1%82-%D1%8D%D1%81%D1%82%D0%B5%D1%82%D0%B8%D0%BA%D0%B8/,0,1
https://www.medicsintegralsalut.com/uk/equip/dr-valenti-puig-divi/,0,1
https://www.medicsintegralsalut.com/ca/categoria/medicina-estetica-corporal/,0,1
https://www.medicsintegralsalut.com/en/units-2/body-contouring-surgery/,0,1
https://www.medicsintegralsalut.com/fr/que-es-la-tecnica-minimal-scar-en-aumento-de-pecho/,0,1
https://www.medicsintegralsalut.com/ru/%D0%BB%D0%BF-%D0%B0%D1%83%D0%B3%D0%BC%D0%B5%D0%BD%D1%82-%D0%B4%D0%B5-%D0%BF%D0%B8%D1%82-%D0%B6%D0%B8%D1%80%D0%BE%D0%BD%D0%B0/,0,1
https://www.medicsintegralsalut.com/en/la-radiofrecuencia-la-mejor-solucion-a-la-flacidez/,0,1
https://www.medicsintegralsalut.com/en/units-2/male-cosmetic-surgery-2/,0,1
https://www.medicsintegralsalut.com/ru/%D1%8E%D0%BD%D0%B8%D1%82%D0%B0%D1%86/%D0%BA%D0%B0%D0%B1%D0%B8%D0%BD%D0%B5%D1%82-%D1%8D%D1%81%D1%82%D0%B5%D1%82%D0%B8%D0%BA%D0%B8-2/%D0%BA%D0%B8%D1%81%D0%BB%D0%BE%D1%82%D0%B0-%D1%84%D1%80%D1%83%D0%BA%D1%82%D0%BE%D0%B2%D0%B0%D1%8F/,0,1
https://www.medicsintegralsalut.com/ru/novetat-fils-360o-efecte-lifting/,0,1
https://www.medicsintegralsalut.com/ca/unitats/cirurgia-estetica-corporal/lipoescultura/,0,1
https://www.medicsintegralsalut.com/ca/unitats/sobrepes-i-obesitat/12-mesos-reajustable/,0,1
https://www.medicsintegralsalut.com/uk/%D0%BE%D0%B4%D0%B8%D0%BD%D0%B8%D1%86%D1%96-2/%D1%81%D0%B0%D0%BB%D0%BE%D0%BD-%D0%BA%D1%80%D0%B0%D1%81%D0%B8-2/p50-%D0%B4%D0%BB%D1%8F-%D0%BE%D0%B1%D0%BB%D0%B8%D1%87%D1%87%D1%8F/,0,1
https://www.medicsintegralsalut.com/fr/equipe/dr-mike-dewever/,0,1
https://www.medicsintegralsalut.com/ru/%D0%B0%D0%B2%D1%82%D0%BE%D1%80/%D0%B8%D0%BD%D1%84%D0%BE%D0%BC%D0%B5%D0%B4%D0%B8%D0%BA%D1%8D%D1%81%D1%82%D0%B5%D1%82%D0%B8%D0%BA%D1%81/%D1%81%D1%82%D1%80%D0%B0%D0%BD%D0%B8%D1%86%D0%B0/7/,0,1
https://www.medicsintegralsalut.com/ru/%D0%BF%D1%80%D0%BE%D0%B4%D1%83%D0%BA%D1%82%D1%8B-%D0%BA%D0%BE%D1%82%D0%BE%D1%80%D1%8B%D0%B5-%D0%BF%D0%BE%D0%BB%D0%B5%D0%B7%D0%BD%D1%8B-%D0%B4%D0%BB%D1%8F-%D0%B2%D0%B0%D1%88%D0%B5%D0%B9-%D0%BA%D0%BE/,0,1
https://www.medicsintegralsalut.com/uk/%D0%BA%D0%BE%D0%BD%D1%82%D0%B0%D0%BA%D1%82/,0,1
https://www.medicsintegralsalut.com/uk/ice-casino-polska-najlepsze-kasyno-online-na-prawdziwe-pieniadze-w-polsce/,0,1
https://www.medicsintegralsalut.com/contacte/,0,1
https://www.medicsintegralsalut.com/en/author/infomedicstetics/page/6/,0,1
https://www.medicsintegralsalut.com/ru/%D0%BA%D0%B0%D1%82%D0%B5%D0%B3%D0%BE%D1%80%D0%B8%D1%8F/%D0%BF%D0%BB%D0%B0%D1%81%D1%82%D0%B8%D1%87%D0%B5%D1%81%D0%BA%D0%B0%D1%8F-%D0%BE%D0%BF%D0%B5%D1%80%D0%B0%D1%86%D0%B8%D1%8F-%D0%BD%D0%B0-%D0%BB%D0%B8%D1%86%D0%B5/,0,1
https://www.medicsintegralsalut.com/fr/rinoplastia-o-septoplastia/,0,1
https://www.medicsintegralsalut.com/perque-la-teva-pell-no-faci-anys-coctel-de-vitamines-i-acid-hialuronic/,0,1
https://www.medicsintegralsalut.com/unitats/medicina-estetica-corporal/celulitis/,0,1
https://www.medicsintegralsalut.com/fr/augment-mamari-amb-protesi-motiva/,0,1
https://www.medicsintegralsalut.com/en/author/nicols/,0,1
https://www.medicsintegralsalut.com/fr/como-elegir-los-implantes-mamarios-adecuados/,0,1
https://www.medicsintegralsalut.com/fr/politique-de-confidentialite/,0,1
https://www.medicsintegralsalut.com/ca/autor/infomedicsestetics/pagina/7/,0,1
https://www.medicsintegralsalut.com/en/solucio-per-mames-tuberoses/,0,1
https://www.medicsintegralsalut.com/fr/factores-de-crecimiento-obtenidos-de-las-plaquetas-prp/,0,1
https://www.medicsintegralsalut.com/unitats/cirurgia-estetica-facial/rinoplastia/,0,1
https://www.medicsintegralsalut.com/ca/rinoplastia-sin-cirugia-rinoplastia-ultrasonica/,0,1
https://www.medicsintegralsalut.com/en/contact-2/,0,1
https://www.medicsintegralsalut.com/fr/equipe/dr-mike-dewever-3/,0,1
https://www.medicsintegralsalut.com/ru/cambio-de-imagen-y-estilo-de-vida-con-la-cirugia-bariatrica/,0,1
https://www.medicsintegralsalut.com/ru/com-cuidar-la-pell-als-50/,0,1
https://www.medicsintegralsalut.com/uk/%D0%BA%D0%BE%D0%BC%D0%B0%D0%BD%D0%B4%D0%B0/%D0%B4%D0%BE%D0%BA%D1%82%D0%BE%D1%80-%D0%B0%D0%B9%D0%BD%D1%96%D1%86%D0%B5-%D1%96%D0%B1%D0%B0%D1%80%D1%81%D0%B0%D0%B1%D0%B0%D0%BB%D1%8C/,0,1
https://www.medicsintegralsalut.com/uk/%D0%BE%D0%B4%D0%B8%D0%BD%D0%B8%D1%86%D1%96/%D0%B5%D1%81%D1%82%D0%B5%D1%82%D0%B8%D1%87%D0%BD%D0%B0-%D0%BC%D0%B5%D0%B4%D0%B8%D1%86%D0%B8%D0%BD%D0%B0-%D0%B4%D0%BB%D1%8F-%D0%BE%D0%B1%D0%BB%D0%B8%D1%87%D1%87%D1%8F/%D1%80%D0%B8%D0%BD%D0%BE%D0%BF%D0%BB%D0%B0%D1%81%D1%82%D0%B8%D0%BA%D0%B0/,0,1
https://www.medicsintegralsalut.com/ca/augment-de-pits-girona/,0,1
https://www.medicsintegralsalut.com/en/la-nostra-experiencia-amb-la-rinoplastia-ultrasonica/,0,1
https://www.medicsintegralsalut.com/en/sk-10-el-tractament-amb-una-injeccio-que-aprima/,0,1
https://www.medicsintegralsalut.com/en/team/dra-cristina-vera/,0,1
https://www.medicsintegralsalut.com/uk/%D0%B1%D0%BB%D0%BE%D0%B3/,0,1
https://www.medicsintegralsalut.com/ca/autor/nicols/,0,1
https://www.medicsintegralsalut.com/ca/per-que-envellim/,0,1
https://www.medicsintegralsalut.com/category/medicina-estetica-corporal-ca/,0,1
https://www.medicsintegralsalut.com/factors-de-creixement-obtinguts-de-les-plaquetes-prp/,0,1
https://www.medicsintegralsalut.com/en/w-lp-mamaria/,0,1
https://www.medicsintegralsalut.com/fr/bases-legales-de-participation-au-tirage-au-sort-2/,0,1
https://www.medicsintegralsalut.com/ca/autor/infomedicsestetics/pagina/3/,0,1
https://www.medicsintegralsalut.com/en/elevacio-de-glutis-sense-cirurgia-es-possible/,0,1
https://www.medicsintegralsalut.com/fr/se-pueden-realizar-tratamientos-postparto-de-cirugia-estetica/,0,1
https://www.medicsintegralsalut.com/fr/voici-quelques-raisons-pour-lesquelles-on-ne-perd-pas-de-poids/,0,1
https://www.medicsintegralsalut.com/ca/autor/infomedicsestetics/pagina/5/,0,1
https://www.medicsintegralsalut.com/ca/autor/infomedicsestetics/pagina/8/,0,1
https://www.medicsintegralsalut.com/fr/ja-no-tinc-orelles-de-bufador/,0,1
