/bases-legals-de-participacio-al-sorteig/,/bases-legales-de-participacion-en-el-sorteo/
/beauty-days-blefaroplastia/,/blefaroplastia/
/unitats/cirurgia-estetica-mames/recanvi-de-protesis/,/unidades/cirugia-estetica-mamas/recambiodeprotesis/
/politica-de-privadesa-en-xarxes-socials/,/ca/politica-de-privadesa-en-xarxes-socials/
/unitats/cirurgia-estetica-facial/perforacio-de-lenva-nasal/,/unidades/cirugia-estetica-facial/perforacion-tabique-nasal/
/unitats/cirurgia-estetica-corporal/liposuccio-vaser/,/unidades/cirugia-estetica-corporal/liposuccion-vaser/
/unitats/gabinet-destetica/reduccio-de-volum-girona/,/ca/unitats/gabinet-destetica/reduccio-de-volum-girona/
/unitats/gabinet-destetica/eliminar-celulitis/,/unidades/gabinete-de-estetica/eliminar-celulitis/
/unitats/gabinet-destetica/desintoxicant/,/unidades/gabinete-de-estetica/desintoxicante/
/unitats/gabinet-destetica/hidreclat/,/unidades/gabinete-de-estetica/hidreclat/
/unitats/gabinet-destetica/recuperador/,/unidades/gabinete-de-estetica/recuperador/
/unitats/gabinet-destetica/antiedat-mc110/,/unidades/gabinete-de-estetica/antiedad-mc-110/
/unitats/gabinet-destetica/acid-de-fruites/,/unidades/gabinete-de-estetica/acido-de-frutas/
/unitats/gabinet-destetica/p50-visage/,/unidades/gabinete-de-estetica/p50-visage/
/unitats/unitat-de-medicina-cosmetica-girona/,/unidades/medicina-cosmetica-girona/
/gracies/,/gracias/
/cirurgia-estetica/,/cirugia-estetica/
/unitats/medicina-estetica-facial/augment-de-llavis/,/unidades/medicina-estetica-facial/aumento-labios/
/unitats/sobrepes-i-obesitat/cirurgia-bariatrica/encreuament-duodenal/,/ca/unitats/sobrepes-i-obesitat/cirurgia-bariatrica/encreuament-duodenal/
/unitats/sobrepes-i-obesitat/cirurgia-bariatrica/bypass-gastric/,/ca/unitats/sobrepes-i-obesitat/cirurgia-bariatrica/bypass-gastric/
/unitats/sobrepes-i-obesitat/cirurgia-bariatrica/gastrectomia-vertical/,/unidades/sobrepeso-y-obesidad/cirugia-bariatrica/gastrectomia-vertical/
/politica-de-privadesa/,/politica-de-privacidad/
/avis-legal/,/aviso-legal/
/unitats/cirurgia-estetica-masculina/lifting-de-coll-i-papada/,/unidades/cirugia-estetica-masculina/liftting-de-cuello-y-papada/
/unitats/cirurgia-estetica-masculina/augment-de-pectoral/,/unidades/cirugia-estetica-masculina/aumento-de-pectoral/
/unitats/cirurgia-estetica-masculina/blefaroplastia/,/unidades/cirugia-estetica-masculina/blefaroplastia/
/unitats/cirurgia-estetica-masculina/ginecomastia/,/unidades/cirugia-estetica-masculina/ginecomastia/
/unitats/cirurgia-estetica-corporal/abdominoplastia/,/ca/unitats/cirurgia-estetica-corporal/abdominoplastia/
/unitats/cirurgia-estetica-corporal/lipofiling-corporal/,/unidades/cirugia-estetica-corporal/lipofiling-corporal/
/unitats/cirurgia-estetica-corporal/lifting-bracos-i-cames/,/unidades/cirugia-estetica-corporal/lifting-brazos-y-piernas/
/unitats/cirurgia-estetica-corporal/cirurgia-genital-femenina/,/unidades/cirugia-estetica-corporal/cirugia-genital-femenina/
/unitats/cirurgia-estetica-corporal/augment-de-glutis/,/unidades/cirugia-estetica-corporal/aumento-de-gluteos/
/unitats/cirurgia-estetica-corporal/liposuccio/,/unidades/cirugia-estetica-corporal/liposuccion/
/unitats/cirurgia-estetica-facial/cirurgia-mento-i-pomuls/,/unidades/cirugia-estetica-facial/cirugia-menton-y-pomulos/
/unitats/cirurgia-estetica-facial/otoplastia/,/unidades/cirugia-estetica-facial/otoplastia-girona/
/unidades/cirugia-estetica-facial/otoplastia/,/unidades/cirugia-estetica-facial/otoplastia-girona/
/unitats/cirurgia-estetica-facial/lifting-facial/,/ca/unitats/cirurgia-estetica-facial/lifting-facial/
/unitats/cirurgia-estetica-facial/minilifting-de-coll-i-papada/,/unidades/cirugia-estetica-facial/minilifting-de-cuello-y-papada/
/unitats/cirurgia-estetica-facial/blefaroplastia/,/unidades/cirugia-estetica-facial/blefaroplastia-girona/
/unidades/cirugia-estetica-facial/blefaroplastia/,/unidades/cirugia-estetica-facial/blefaroplastia-girona/
/unitats/cirurgia-estetica-mames/reduccio-de-pit/,/unidades/cirugia-estetica-mamas/reduccion-de-pecho/
/unitats/cirurgia-estetica-mames/elevacio-de-pit-pexia/,/unidades/cirugia-estetica-mamas/elevacion-de-pecho-pexia/
/unitats/cirurgia-estetica-mames/augment-de-pit/,/unidades/cirugia-estetica-mamas/aumento-de-pecho-girona/
/unidades/cirugia-estetica-mamas/aumento-de-pecho/,/unidades/cirugia-estetica-mamas/aumento-de-pecho-girona/
/unitats/sobrepes-i-obesitat/cirurgia-bariatrica/,/unidades/sobrepeso-y-obesidad/cirugia-bariatrica/
/unitats/sobrepes-i-obesitat/dietetica-i-nutricio/,/unidades/sobrepeso-y-obesidad/dietetica-y-nutricion/
/unitats/sobrepes-i-obesitat/endomanga/,/unidades/sobrepeso-y-obesidad/endomanga/
/unitats/sobrepes-i-obesitat/balo-12-mesos-reajustable/,/ca/unitats/sobrepes-i-obesitat/12-mesos-reajustable/
/unidades/sobrepeso-y-obesidad/balon-12-meses-reajustable/,/unidades/sobrepeso-y-obesidad/balon-gastrico-girona/
/unitats/sobrepes-i-obesitat/balo-6-mesos/,/ca/unitats/sobrepes-i-obesitat/6-mesos/
/unitats/sobrepes-i-obesitat/balo-ingerible-elipse/,/ca/unitats/sobrepes-i-obesitat/balo-ingerible-el%c2%b7lipse/
/unitats/gabinet-destetica/drenatge-limfatic/,/unidades/gabinete-de-estetica/drenaje-linfatico/
/unitats/gabinet-destetica/revitalitzacio-facial/,/ca/unitats/gabinet-destetica/revitalitzacio-facial/
/unitats/medicina-estetica-corporal/celulitis/,/unidades/medicina-estetica-corporal/celulitis/
/unitats/medicina-estetica-corporal/liposuccio-sense-cirurgia/,/unidades/medicina-estetica-corporal/liposuccion-sin-cirugia/
/unitats/cirurgia-estetica-facial/farciment-darrugues/,/unidades/cirugia-estetica-facial/relleno-de-arrugas/
/unitats/medicina-estetica-facial/hidratacio-i-nutricio/,/unidades/medicina-estetica-facial/hidratacion-y-nutricion/
/unitats/medicina-estetica-facial/flacciditat-fils-tensors/,/unidades/medicina-estetica-facial/flacidez-hilos-tensores/
/unitats/medicina-estetica-facial/arrugues-dexpressio/,/unidades/medicina-estetica-facial/arrugas-de-expresion/
/unitats/gabinet-destetica/radiofrequencia-facial-y-corporal/,/unidades/gabinete-de-estetica/radiofrecuencia-facial-y-corporal/
/unitats/medicina-estetica-facial/ulleres/,/unidades/medicina-estetica-facial/ojeras/
/unitats/cirurgia-estetica-masculina/,/ca/unitats/cirurgia-estetica-masculina/
/unitats/cirurgia-estetica-corporal/,/ca/unitats/cirurgia-estetica-corporal/
/unitats/cirurgia-estetica-mames/,/unidades/cirugia-estetica-mamas/aumento-de-pecho-girona/
/unidades/cirugia-estetica-mamas/,/unidades/cirugia-estetica-mamas/aumento-de-pecho-girona/
/unitats/sobrepes-i-obesitat/,/ca/unitats/sobrepes-i-obesitat/
/unitats/gabinet-destetica/,/ca/unitats/gabinet-destetica/
/unitats/medicina-estetica-corporal/,/unidades/medicina-estetica-corporal/
/unitats/medicina-estetica-facial/,/unidades/medicina-estetica-facial/
/unitats/cirurgia-estetica-facial/rinoplastia/,/unidades/cirugia-estetica-facial/rinoplastia-girona/
/unidades/cirugia-estetica-facial/rinoplastia/,/unidades/cirugia-estetica-facial/rinoplastia-girona/
/unitats/cirurgia-estetica-facial/,/unidades/cirugia-estetica-facial/
/contacte/,/ca/contacte/
/financament/,/financiacion/
/equip-quadre-medic/,/ca/equip-medic-del-quadre/
/home/,/
/rinoplastia-ultrasonica-o-rinomodelacio-quines-son-les-diferencies/,/ca/rinoplastia-ultrasonica-o-rinomodulacio-quines-son-les-diferencies/
/el-que-vols-saber-de-laugment-de-pit-pas-a-pas/,/lo-que-quieres-saber-del-aumento-de-pecho-paso-a-paso/
/quines-son-les-millors-protesis-de-mama/,/ca/quines-son-les-millors-protesis-de-mama/
/sk-10-el-tractament-amb-una-injeccio-que-aprima/,/sk-10-el-tratamiento-con-una-inyeccion-que-adelgaza/
/canvi-dimatge-i-estil-de-vida-amb-la-cirurgia-bariatrica/,/ca/canvi-dimatge-i-estil-de-vida-amb-la-cirurgia-bariatrica/
/factors-de-creixement-obtinguts-de-les-plaquetes-prp/,/ca/factors-de-creixement-obtinguts-de-les-plaquetes-prp/
/la-ginecomastia-te-solucio-definitiva/,/ca/la-ginecomastia-te-solucio-definitiva/
/augment-mamari-amb-protesi-motiva/,/ca/augment-mamari-amb-protesi-motiva/
/bye-bye-panxa/,/ca/bye-bye-panxa/
/la-nostra-experiencia-amb-la-rinoplastia-ultrasonica/,/ca/la-nostra-experiencia-amb-la-rinoplastia-ultrasonica/
/algunes-raons-per-les-quals-no-perdem-pes/,/ca/algunes-raons-per-les-quals-no-perdem-pes/
/solucio-per-mames-tuberoses/,/ca/solucio-per-pits-tuberosos/
/benvingut-dr-langdon/,/ca/benvingut-dr-langdon/
/congela-el-temps/,/ca/congela-el-temps/
/consell-a-la-cirurgia-daugment-de-mames/,/ca/consell-a-la-cirurgia-daugment-de-mames/
/beneficis-de-la-cirurgia-bariatrica/,/ca/beneficis-de-la-cirurgia-bariatrica/
/ja-no-tinc-orelles-de-bufador/,/otoplastia-orejas-de-soplillo-girona/
/que-es-faci-la-llum-al-rostre/,/ca/fes-llum-al-rostre/
/hauria-de-reduir-el-meu-pit/,/ca/hauria-de-reduir-el-meu-pit/
/reconstruccio-despres-dun-cancer-de-mama/,/ca/reconstruccio-despres-dun-cancer-de-mama/
/com-cuidar-la-pell-als-50/,/ca/com-cuidar-la-pell-als-50/
/lunica-pilota-que-pot-estar-implantada-un-any/,/ca/lunica-pilota-que-pot-estar-implantada-un-any/
/perque-envellim/,/ca/perque-envellim/
/tecnicas-de-medicina-estetica-que-ens-fan-rejovenir/,/ca/tecniques-de-medicina-estetica-que-ens-fan-rejovenir/
/aliments-que-beneficien-la-teva-pell/,/ca/aliments-que-beneficien-la-teva-pell/
/hi-ha-solucio-per-a-lantiestetica-marca-del-cansament-sota-els-ulls/,/ca/hi-ha-solucio-per-a-lantiestetica-marca-del-cansament-sota-els-ulls/
/novetat-fils-360o-efecte-lifting/,/ca/novetat-fils-360o-efecte-lifting/
/la-bellesa-del-rostre-el-triangle-invertit/,/ca/la-bellesa-del-rostre-el-triangle-invertit/
/elevacio-de-glutis-sense-cirurgia-es-possible/,/ca/elevacio-de-glutis-sense-cirurgia-es-possible/
/perque-la-teva-pell-no-faci-anys-coctel-de-vitamines-i-acid-hialuronic/,/ca/perque-la-teva-pell-no-faci-anys-coctel-de-vitamines-i-acid-hialuronic/
/els-meus-tractaments-preferits-resultats-immediats/,/ca/els-meus-tractaments-preferits-resultats-immediats/
/lipofilling-resultats-permanents-nomes-amb-greix/,/ca/lipofilling-resultats-permanents-nomes-amb-greix/
/ca/congela-el-temps-2/,/ca/congela-el-temps/
/en/el-que-vols-saber-de-laugment-de-pit-pas-a-pas/,/en/lo-que-quieres-saber-del-aumento-de-pecho-paso-a-paso/
/fr/el-que-vols-saber-de-laugment-de-pit-pas-a-pas/,/fr/lo-que-quieres-saber-del-aumento-de-pecho-paso-a-paso/
/ru/el-que-vols-saber-de-laugment-de-pit-pas-a-pas/,/ru/lo-que-quieres-saber-del-aumento-de-pecho-paso-a-paso/
/uk/el-que-vols-saber-de-laugment-de-pit-pas-a-pas/,/uk/все-що-ви-хочете-знати-про-збільшення-г/
/ca/el-que-vols-saber-de-laugment-de-pit-pas-a-pas/,/ca/lo-que-quieres-saber-del-aumento-de-pecho-paso-a-paso/
/en/sk-10-el-tractament-amb-una-injeccio-que-aprima/,/en/sk-10-el-tratamiento-con-una-inyeccion-que-adelgaza/
/fr/sk-10-le-traitement-avec-une-injection-qui-amincit/,/fr/sk-10-el-tratamiento-con-una-inyeccion-que-adelgaza/
/ru/%d1%81%d0%ba-10-%d1%8d%d0%bb%d1%8c-%d1%82%d1%80%d0%b0%d0%ba%d1%82%d0%b0%d0%bc%d0%b5%d0%bd%d1%82-%d0%b0%d0%bc-%d1%83%d0%bd%d0%b0-%d0%b8%d0%bd%d1%8c%d0%b5%d0%ba%d1%86%d0%b8%d0%be-%d0%ba%d0%b5-%d0%b0/,/ru/sk-10-el-tratamiento-con-una-inyeccion-que-adelgaza/
/uk/sk-10-el-tractament-amb-una-injeccio-que-aprima/,/uk/sk-10-el-tratamiento-con-una-inyeccion-que-adelgaza/
/ca/sk-10-el-tractament-amb-una-injeccio-que-aprimat/,/ca/sk-10-el-tratamiento-con-una-inyeccion-que-adelgaza/
/en/ja-no-tinc-orelles-de-bufador/,/en/otoplasty-for-prominent-ears-girona/
/fr/ja-no-tinc-orelles-de-bufador/,/fr/otoplastia-orejas-de-soplillo-girona/
/ru/ja-no-tinc-orelles-de-bufador/,/ru/отопластика-лопоухих-ушей-жирона/
/uk/ja-no-tinc-orelles-de-bufador/,/uk/otoplastia-orejas-de-soplillo-girona/
/ca/ja-no-tinc-orelles-de-bufador/,/ca/otoplastia-orelles-de-punxa-girona/
/ca/la-nostra-experiencia-amb-la-rinoplastia-ultrasonica-2/,/ca/la-nostra-experiencia-amb-la-rinoplastia-ultrasonica/
/ca/els-meus-tractaments-preferits-resultats-immediats-2/,/ca/els-meus-tractaments-preferits-resultats-immediats/
/ca/factors-de-creixement-obtinguts-de-les-plaquetes-prp-2/,/ca/factors-de-creixement-obtinguts-de-les-plaquetes-prp/
/ca/la-ginecomastia-te-solucio-definitiva-2/,/ca/la-ginecomastia-te-solucio-definitiva/
/ca/lunica-pilota-que-pot-estar-implantada-un-any-2/,/ca/lunica-pilota-que-pot-estar-implantada-un-any/
/ca/novetat-fils-360o-efecte-lifting-2/,/ca/novetat-fils-360o-efecte-lifting/
/ca/lipofilling-resultats-permanents-nomes-amb-greix-2/,/ca/lipofilling-resultats-permanents-nomes-amb-greix/
/ca/unitats-2/gabinet-destetica-2/drenatge-limfatic-2/,/ca/unitats/gabinet-destetica/drenatge-limfatic/
/ca/unitats-2/gabinet-destetica-2/revitalitzacio-facial-2/,/ca/unitats/gabinet-destetica/revitalitzacio-facial/
/ca/unitats-2/cirurgia-estetica-masculina-2/blefaroplastia/,/ca/unitats/cirurgia-estetica-masculina/blefaroplastia/
/ca/unitats-2/gabinet-destetica-2/,/ca/unitats/gabinet-destetica/
/ca/unitats-2/gabinet-destetica-2/radiofrequencia-facial-i-corporal/,/ca/unitats/gabinet-destetica/radiofrequencia-facial-i-corporal/
/ca/financament-2/,/ca/financament/
/ca/politica-de-privadesa-2/,/ca/politica-de-privadesa/
/ca/avis-legal-2/,/ca/avis-legal/
/ca/lp-augment-de-pit-girona-2/,/ca/lp-augment-de-pit-girona/
/ca/tp-augment-de-pit-girona-2/,/ca/tp-augment-de-pit-girona/
/ca/lp-augment-de-pit-girona-test-a-b-2/,/ca/lp-augment-de-pit-girona-test-a-b/
/en/legal-bases-for-participation-in-the-prize-draw/,/en/legal-basis-for-participation-in-the-prize-draw/
/fr/bases-legales-de-participation-au-tirage-au-sort/,/fr/bases-legales-de-participation-au-tirage-au-sort-2/
/ru/%d0%bf%d1%80%d0%b0%d0%b2%d0%be%d0%b2%d1%8b%d0%b5-%d0%be%d1%81%d0%bd%d0%be%d0%b2%d0%b0%d0%bd%d0%b8%d1%8f-%d0%b4%d0%bb%d1%8f-%d1%83%d1%87%d0%b0%d1%81%d1%82%d0%b8%d1%8f-%d0%b2-%d1%80%d0%be%d0%b7%d1%8b/,/ru/правовые-основания-для-участия-в-розы-2/
/uk/%d0%bf%d1%80%d0%b0%d0%b2%d0%be%d0%b2%d1%96-%d0%b7%d0%b0%d1%81%d0%b0%d0%b4%d0%b8-%d1%83%d1%87%d0%b0%d1%81%d1%82%d1%96-%d0%b2-%d1%80%d0%be%d0%b7%d1%96%d0%b3%d1%80%d0%b0%d1%88%d1%96/,/uk/правові-засади-участі-в-розіграші-2/
/ca/bases-legals-de-participacio-al-sorteig/,/ca/bases-legals-de-participacio-en-el-sorteig/
/ca/cirurgia-estetica-2/,/ca/cirurgia-estetica/
/en/cosmetic-surgery-2/,/en/cosmetic-surgery/
/fr/chirurgie-esthetique-2/,/fr/chirurgie-esthetique/
/ru/%d0%bf%d0%bb%d0%b0%d1%81%d1%82%d0%b8%d1%87%d0%b5%d1%81%d0%ba%d0%b0%d1%8f-%d1%85%d0%b8%d1%80%d1%83%d1%80%d0%b3%d0%b8%d1%8f/,/ru/эстетическая-хирургия/
/uk/%d0%b5%d1%81%d1%82%d0%b5%d1%82%d0%b8%d1%87%d0%bd%d0%b0-%d1%85%d1%96%d1%80%d1%83%d1%80%d0%b3%d1%96%d1%8f-2/,/uk/естетична-хірургія/
/en/units-2/aesthetic-cabinet/radiofrequency-facial-and-body-treatments-2/,/en/units/beauty-salon/radiofrequency-facial-and-body-treatments/
/fr/unites-2/cabinet-desthetique/radiofrequence-faciale-et-corporelle-2/,/fr/unites/institut-de-beaute/radiofrequence-faciale-et-corporelle/
/ru/%d1%8e%d0%bd%d0%b8%d1%82%d0%b0%d1%86/%d0%ba%d0%b0%d0%b1%d0%b8%d0%bd%d0%b5%d1%82-%d1%8d%d1%81%d1%82%d0%b5%d1%82%d0%b8%d0%ba%d0%b8-2/%d1%80%d0%b0%d0%b4%d0%b8%d0%be%d1%87%d0%b0%d1%81%d1%82%d0%be%d1%82%d0%bd%d0%b0%d1%8f-%d1%82%d0%b5%d1%80%d0%b0%d0%bf%d0%b8%d1%8f-%d0%b4%d0%bb%d1%8f-%d0%bb%d0%b8%d1%86%d0%b0-%d0%b8-%d1%82%d0%b5%d0%bb/,/ru/единицы/кабинет-эстетики/радиочастотная-подтяжка-лица-и-тела/
/uk/%d0%be%d0%b4%d0%b8%d0%bd%d0%b8%d1%86%d1%96-2/%d1%81%d0%b0%d0%bb%d0%be%d0%bd-%d0%ba%d1%80%d0%b0%d1%81%d0%b8-2/%d1%80%d0%b0%d0%b4%d1%96%d0%be%d1%87%d0%b0%d1%81%d1%82%d0%be%d1%82%d0%bd%d0%b0-%d0%bf%d1%80%d0%be%d1%86%d0%b5%d0%b4%d1%83%d1%80%d0%b0-%d0%b4%d0%bb%d1%8f-%d0%be%d0%b1%d0%bb%d0%b8%d1%87%d1%87%d1%8f/,/uk/одиниці/салон-краси/радіочастотна-терапія-для-обличчя-та/
/ca/unitats/gabinet-destetica/radiofrequencia-facial-i-corporal-2/,/ca/unitats/gabinet-destetica/radiofrequencia-facial-i-corporal/
/en/units-2/aesthetic-cabinet/lymphatic-drainage-2/,/en/units/beauty-salon/lymphatic-drainage/
/fr/unites-2/cabinet-desthetique/drainage-lymphatique-2/,/fr/unites/institut-de-beaute/drainage-lymphatique/
/ru/%d1%8e%d0%bd%d0%b8%d1%82%d0%b0%d1%86/%d0%ba%d0%b0%d0%b1%d0%b8%d0%bd%d0%b5%d1%82-%d1%8d%d1%81%d1%82%d0%b5%d1%82%d0%b8%d0%ba%d0%b8-2/%d0%bb%d0%b8%d0%bc%d1%84%d0%b0%d1%82%d0%b8%d1%87%d0%b5%d1%81%d0%ba%d0%b8%d0%b9-%d0%b4%d1%80%d0%b5%d0%bd%d0%b0%d0%b6/,/ru/единицы/кабинет-эстетики/лимфодренаж/
/uk/%d0%be%d0%b4%d0%b8%d0%bd%d0%b8%d1%86%d1%96-2/%d1%81%d0%b0%d0%bb%d0%be%d0%bd-%d0%ba%d1%80%d0%b0%d1%81%d0%b8-2/%d0%bb%d1%96%d0%bc%d1%84%d0%b0%d1%82%d0%b8%d1%87%d0%bd%d0%b8%d0%b9-%d0%b4%d1%80%d0%b5%d0%bd%d0%b0%d0%b6/,/uk/одиниці/салон-краси/лімфодренаж/
/en/privacy-policy-2/,/en/privacy-policy/
/fr/politique-de-confidentialite-2/,/fr/politique-de-confidentialite/
/ru/%d0%bf%d0%be%d0%bb%d0%b8%d1%82%d0%b8%d0%ba%d0%b0-%d0%ba%d0%be%d0%bd%d1%84%d0%b8%d0%b4%d0%b5%d0%bd%d1%86%d0%b8%d0%b0%d0%bb%d1%8c%d0%bd%d0%be%d1%81%d1%82%d0%b8-2/,/ru/политика-конфиденциальности/
/uk/%d0%bf%d0%be%d0%bb%d1%96%d1%82%d0%b8%d0%ba%d0%b0-%d0%ba%d0%be%d0%bd%d1%84%d1%96%d0%b4%d0%b5%d0%bd%d1%86%d1%96%d0%b9%d0%bd%d0%be%d1%81%d1%82%d1%96-2/,/uk/політика-конфіденційності/
/en/units-2/cosmetic-breast-surgery/prosthetic-replacement/,/en/units/cosmetic-breast-surgery-2/prosthetic-replacement-2/
/fr/unites-2/chirurgie-esthetique-des-seins/rechange-de-prothese/,/fr/unites/chirurgie-esthetique-des-seins-2/remplacement-de-prothese/
/ru/%d1%8e%d0%bd%d0%b8%d1%82%d0%b0%d1%86/%d1%8d%d1%81%d1%82%d0%b5%d1%82%d0%b8%d1%87%d0%b5%d1%81%d0%ba%d0%b0%d1%8f-%d1%85%d0%b8%d1%80%d1%83%d1%80%d0%b3%d0%b8%d1%8f-%d0%b3%d1%80%d1%83%d0%b4%d0%b8/%d0%b7%d0%b0%d0%bc%d0%b5%d0%bd%d0%b0-%d0%bf%d1%80%d0%be%d1%82%d0%b5%d0%b7%d0%b0/,/ru/единицы/пластическая-хирургия-груди/замена-протеза-2/
/uk/%d0%be%d0%b4%d0%b8%d0%bd%d0%b8%d1%86%d1%96-2/%d0%b5%d1%81%d1%82%d0%b5%d1%82%d0%b8%d1%87%d0%bd%d0%b0-%d1%85%d1%96%d1%80%d1%83%d1%80%d0%b3%d1%96%d1%8f-%d0%b3%d1%80%d1%83%d0%b4%d0%b5%d0%b9/%d0%b7%d0%b0%d0%bc%d1%96%d0%bd%d0%b0-%d0%bf%d1%80%d0%be%d1%82%d0%b5%d0%b7%d0%b0/,/uk/одиниці/естетична-хірургія-грудей-2/заміна-протеза-2/
/ca/unitats/cirurgia-estetica-pits/recanvi-de-protesi/,/ca/unitats/cirurgia-estetica-de-mames/canvi-de-protesi/
/en/units-2/cosmetic-facial-surgery/,/en/units/cosmetic-facial-surgery-2/
/fr/unites-2/chirurgie-esthetique-du-visage/,/fr/unites/chirurgie-esthetique-faciale/
/ru/%d1%8e%d0%bd%d0%b8%d1%82%d0%b0%d1%86/%d0%bf%d0%bb%d0%b0%d1%81%d1%82%d0%b8%d1%87%d0%b5%d1%81%d0%ba%d0%b0%d1%8f-%d0%be%d0%bf%d0%b5%d1%80%d0%b0%d1%86%d0%b8%d1%8f-%d0%bd%d0%b0-%d0%bb%d0%b8%d1%86%d0%b5/,/ru/единицы/пластическая-хирургия-лица/
/uk/%d0%be%d0%b4%d0%b8%d0%bd%d0%b8%d1%86%d1%96-2/%d0%b5%d1%81%d1%82%d0%b5%d1%82%d0%b8%d1%87%d0%bd%d0%b0-%d1%85%d1%96%d1%80%d1%83%d1%80%d0%b3%d1%96%d1%8f-%d0%be%d0%b1%d0%bb%d0%b8%d1%87%d1%87%d1%8f/,/uk/одиниці/естетична-хірургія-обличчя-2/
/en/units-2/cosmetic-facial-surgery/chin-surgery-and-cheek-implants/,/en/units/cosmetic-facial-surgery-2/chin-and-cheek-surgery/
/fr/unites-2/chirurgie-esthetique-du-visage/chirurgie-du-menton-et-des-pommettes/,/fr/unites/chirurgie-esthetique-faciale/chirurgie-du-menton-et-des-pommettes-2/
/ru/%d1%8e%d0%bd%d0%b8%d1%82%d0%b0%d1%86/%d0%bf%d0%bb%d0%b0%d1%81%d1%82%d0%b8%d1%87%d0%b5%d1%81%d0%ba%d0%b0%d1%8f-%d0%be%d0%bf%d0%b5%d1%80%d0%b0%d1%86%d0%b8%d1%8f-%d0%bd%d0%b0-%d0%bb%d0%b8%d1%86%d0%b5/%d0%bc%d0%b5%d0%bd%d1%82oplasty-%d0%b8-%d0%b0%d1%83%d0%b3%d0%bc%d0%b5%d0%bd%d1%82%d0%b0%d1%86%d0%b8%d1%8f-%d0%bf%d0%be%d0%b4%d0%b1%d0%be%d1%80%d0%be%d0%b4%d0%ba%d0%b0/,/ru/единицы/пластическая-хирургия-лица/операция-на-подбородке-и-скулах/
/uk/%d0%be%d0%b4%d0%b8%d0%bd%d0%b8%d1%86%d1%96-2/%d0%b5%d1%81%d1%82%d0%b5%d1%82%d0%b8%d1%87%d0%bd%d0%b0-%d1%85%d1%96%d1%80%d1%83%d1%80%d0%b3%d1%96%d1%8f-%d0%be%d0%b1%d0%bb%d0%b8%d1%87%d1%87%d1%8f/%d1%85%d1%96%d1%80%d1%83%d1%80%d0%b3%d1%96%d1%8f-%d0%bf%d1%96%d0%b4%d0%b1%d0%be%d1%80%d1%96%d0%b4%d0%b4%d1%8f-%d1%82%d0%b0-%d1%89%d0%be%d0%ba/,/uk/одиниці/естетична-хірургія-обличчя-2/хірургія-підборіддя-та-вилиць/
/en/legal-notice-2/,/en/legal-notice/
/fr/avis-juridique/,/fr/mentions-legales/
/ru/%d1%8e%d1%80%d0%b8%d0%b4%d0%b8%d1%87%d0%b5%d1%81%d0%ba%d0%be%d0%b5-%d0%b7%d0%b0%d0%ba%d0%bb%d1%8e%d1%87%d0%b5%d0%bd%d0%b8%d0%b5/,/ru/правовая-оговорка/
/uk/%d1%8e%d1%80%d0%b8%d0%b4%d0%b8%d1%87%d0%bd%d0%b5-%d0%bf%d0%be%d0%b2%d1%96%d0%b4%d0%be%d0%bc%d0%bb%d0%b5%d0%bd%d0%bd%d1%8f-2/,/uk/юридичне-повідомлення/
/en/units-2/body-contouring-surgery/vaser-liposuction/,/en/units/cosmetic-surgery-3/vaser-liposuction-2/
/fr/unites-2/chirurgie-esthetique-corporelle/liposuccion-vaser-2/,/fr/unites/chirurgie-esthetique-corporelle-2/liposuccion-vaser/
/ru/%d1%8e%d0%bd%d0%b8%d1%82%d0%b0%d1%86/%d1%8d%d1%81%d1%82%d0%b5%d1%82%d0%b8%d1%87%d0%b5%d1%81%d0%ba%d0%b0%d1%8f-%d1%85%d0%b8%d1%80%d1%83%d1%80%d0%b3%d0%b8%d1%8f-%d1%82%d0%b5%d0%bb%d0%b0/%d0%bb%d0%b8%d0%bf%d0%be%d1%81%d0%b0%d0%ba%d1%86%d0%b8%d1%8f-%d0%b2%d0%b0%d1%81%d0%b5%d1%80/,/ru/единицы/эстетическая-операция-тела/липосакция-vaser/
/uk/%d0%be%d0%b4%d0%b8%d0%bd%d0%b8%d1%86%d1%96-2/%d0%b5%d1%81%d1%82%d0%b5%d1%82%d0%b8%d1%87%d0%bd%d0%b0-%d1%85%d1%96%d1%80%d1%83%d1%80%d0%b3%d1%96%d1%8f-%d1%82%d1%96%d0%bb%d0%b0/%d0%bb%d1%96%d0%bf%d0%be%d1%81%d0%b0%d0%ba%d1%86%d1%96%d1%8f-%d0%bc%d0%b5%d1%82%d0%be%d0%b4%d0%be%d0%bc-vaser/,/uk/одиниці/естетична-хірургія-тіла-2/ліпосакція-методом-vaser-2/
/en/units-2/body-contouring-surgery/gluteal-augmentation/,/en/units/cosmetic-surgery-3/buttock-augmentation/
/fr/unites-2/chirurgie-esthetique-corporelle/augmentation-des-glutis/,/fr/unites/chirurgie-esthetique-corporelle-2/augmentation-des-fessiers/
/ru/%d1%8e%d0%bd%d0%b8%d1%82%d0%b0%d1%86/%d1%8d%d1%81%d1%82%d0%b5%d1%82%d0%b8%d1%87%d0%b5%d1%81%d0%ba%d0%b0%d1%8f-%d1%85%d0%b8%d1%80%d1%83%d1%80%d0%b3%d0%b8%d1%8f-%d1%82%d0%b5%d0%bb%d0%b0/%d1%83%d0%b2%d0%b5%d0%bb%d0%b8%d1%87%d0%b5%d0%bd%d0%b8%d0%b5-%d1%8f%d0%b3%d0%be%d0%b4%d0%b8%d1%86/,/ru/единицы/эстетическая-операция-тела/увеличение-ягодиц-2/
/uk/%d0%be%d0%b4%d0%b8%d0%bd%d0%b8%d1%86%d1%96-2/%d0%b5%d1%81%d1%82%d0%b5%d1%82%d0%b8%d1%87%d0%bd%d0%b0-%d1%85%d1%96%d1%80%d1%83%d1%80%d0%b3%d1%96%d1%8f-%d1%82%d1%96%d0%bb%d0%b0/%d0%b7%d0%b1%d1%96%d0%bb%d1%8c%d1%88%d0%b5%d0%bd%d0%bd%d1%8f-%d1%81%d1%96%d0%b4%d0%bd%d0%b8%d1%86%d1%8c/,/uk/одиниці/естетична-хірургія-тіла-2/збільшення-сідниць-2/
/en/units-2/body-contouring-surgery/female-genital-surgery/,/en/units/cosmetic-surgery-3/female-genital-surgery-2/
/fr/unites-2/chirurgie-esthetique-corporelle/chirurgie-genitale-feminine/,/fr/unites/chirurgie-esthetique-corporelle-2/chirurgie-genitale-feminine-2/
/ru/%d1%8e%d0%bd%d0%b8%d1%82%d0%b0%d1%86/%d1%8d%d1%81%d1%82%d0%b5%d1%82%d0%b8%d1%87%d0%b5%d1%81%d0%ba%d0%b0%d1%8f-%d1%85%d0%b8%d1%80%d1%83%d1%80%d0%b3%d0%b8%d1%8f-%d1%82%d0%b5%d0%bb%d0%b0/%d0%b6%d0%b5%d0%bd%d1%81%d0%ba%d0%b0%d1%8f-%d0%b3%d0%b5%d0%bd%d0%b8%d1%82%d0%b0%d0%bb%d1%8c%d0%bd%d0%b0%d1%8f-%d1%85%d0%b8%d1%80%d1%83%d1%80%d0%b3%d0%b8%d1%8f/,/ru/единицы/эстетическая-операция-тела/женская-генитальная-хирургия-2/
/uk/%d0%be%d0%b4%d0%b8%d0%bd%d0%b8%d1%86%d1%96-2/%d0%b5%d1%81%d1%82%d0%b5%d1%82%d0%b8%d1%87%d0%bd%d0%b0-%d1%85%d1%96%d1%80%d1%83%d1%80%d0%b3%d1%96%d1%8f-%d1%82%d1%96%d0%bb%d0%b0/%d1%85%d1%96%d1%80%d1%83%d1%80%d0%b3%d1%96%d1%8f-%d0%b6%d1%96%d0%bd%d0%be%d1%87%d0%b8%d1%85-%d1%81%d1%82%d0%b0%d1%82%d0%b5%d0%b2%d0%b8%d1%85-%d0%be%d1%80%d0%b3%d0%b0%d0%bd%d1%96%d0%b2/,/uk/одиниці/естетична-хірургія-тіла-2/хірургія-жіночих-статевих-органів-2/
/en/units-2/facial-aesthetic-medicine/lip-augmentation/,/en/units/facial-aesthetic-medicine/lip-filler/
/fr/unites-2/medecine-esthetique-faciale/augmentation-de-lavis/,/fr/unites/medecine-esthetique-faciale/augmentation-des-levres/
/ru/%d1%8e%d0%bd%d0%b8%d1%82%d0%b0%d1%86/%d1%8d%d1%81%d1%82%d0%b5%d1%82%d0%b8%d1%87%d0%b5%d1%81%d0%ba%d0%b0%d1%8f-%d0%bc%d0%b5%d0%b4%d0%b8%d1%86%d0%b8%d0%bd%d0%b0-%d0%bb%d0%b8%d1%86%d0%b0/%d1%83%d0%b2%d0%b5%d0%bb%d0%b8%d1%87%d0%b8%d1%82%d1%8c-%d0%b3%d1%83%d0%b1%d1%8b/,/ru/единицы/эстетическая-медицина-лица/увеличение-губ/
/uk/%d0%be%d0%b4%d0%b8%d0%bd%d0%b8%d1%86%d1%96-2/%d0%b5%d1%81%d1%82%d0%b5%d1%82%d0%b8%d1%87%d0%bd%d0%b0-%d0%bc%d0%b5%d0%b4%d0%b8%d1%86%d0%b8%d0%bd%d0%b0-%d0%b4%d0%bb%d1%8f-%d0%be%d0%b1%d0%bb%d0%b8%d1%87%d1%87%d1%8f/%d0%b7%d0%b1%d1%96%d0%bb%d1%8c%d1%88%d0%b5%d0%bd%d0%bd%d1%8f-%d0%ba%d1%96%d0%bb%d1%8c%d0%ba%d0%be%d1%81%d1%82%d1%96-%d0%ba%d0%bb%d1%8e%d1%87%d1%96%d0%b2/,/uk/одиниці/естетична-медицина-для-обличчя/збільшення-губ/
/ca/unitats/medicina-estetica-facial/augment-de-llavis/,/ca/unitats/medicina-estetica-facial/augmentacio-de-llavis/
/en/units-2/facial-aesthetic-medicine/hydration-and-nutrition/,/en/units/facial-aesthetic-medicine/hydration-and-nutrition-2/
/fr/unites-2/medecine-esthetique-faciale/hydratation-et-nutrition/,/fr/unites/medecine-esthetique-faciale/hydratation-et-nutrition-2/
/ru/%d1%8e%d0%bd%d0%b8%d1%82%d0%b0%d1%86/%d1%8d%d1%81%d1%82%d0%b5%d1%82%d0%b8%d1%87%d0%b5%d1%81%d0%ba%d0%b0%d1%8f-%d0%bc%d0%b5%d0%b4%d0%b8%d1%86%d0%b8%d0%bd%d0%b0-%d0%bb%d0%b8%d1%86%d0%b0/%d0%b3%d0%b8%d0%b4%d1%80%d0%b0%d1%82%d0%b0%d1%86%d0%b8%d1%8f-%d0%b8-%d0%bf%d0%b8%d1%82%d0%b0%d0%bd%d0%b8%d0%b5/,/ru/единицы/эстетическая-медицина-лица/гидратация-и-питание-2/
/uk/%d0%be%d0%b4%d0%b8%d0%bd%d0%b8%d1%86%d1%96-2/%d0%b5%d1%81%d1%82%d0%b5%d1%82%d0%b8%d1%87%d0%bd%d0%b0-%d0%bc%d0%b5%d0%b4%d0%b8%d1%86%d0%b8%d0%bd%d0%b0-%d0%b4%d0%bb%d1%8f-%d0%be%d0%b1%d0%bb%d0%b8%d1%87%d1%87%d1%8f/%d0%b3%d1%96%d0%b4%d1%80%d0%b0%d1%82%d0%b0%d1%86%d1%96%d1%8f-%d1%82%d0%b0-%d1%85%d0%b0%d1%80%d1%87%d1%83%d0%b2%d0%b0%d0%bd%d0%bd%d1%8f/,/uk/одиниці/естетична-медицина-для-обличчя/зволоження-та-живлення/
/en/units-2/aesthetic-cabinet/p50-face/,/en/units/beauty-salon/p50-face/
/fr/unites-2/cabinet-desthetique/visage-plie/,/fr/unites/institut-de-beaute/visage-plie/
/ru/%d1%8e%d0%bd%d0%b8%d1%82%d0%b0%d1%86/%d0%ba%d0%b0%d0%b1%d0%b8%d0%bd%d0%b5%d1%82-%d1%8d%d1%81%d1%82%d0%b5%d1%82%d0%b8%d0%ba%d0%b8-2/p50-%d0%b2%d0%b8%d0%b7%d0%b0%d0%b6/,/ru/единицы/кабинет-эстетики/p50-визаж/
/uk/%d0%be%d0%b4%d0%b8%d0%bd%d0%b8%d1%86%d1%96-2/%d1%81%d0%b0%d0%bb%d0%be%d0%bd-%d0%ba%d1%80%d0%b0%d1%81%d0%b8-2/p50-%d0%b4%d0%bb%d1%8f-%d0%be%d0%b1%d0%bb%d0%b8%d1%87%d1%87%d1%8f/,/uk/одиниці/салон-краси/p50-для-обличчя/
/en/units-2/aesthetic-cabinet/recoverer/,/en/units/beauty-salon/recoverer/
/fr/unites-2/cabinet-desthetique/recuperateur/,/fr/unites/institut-de-beaute/recuperateur/
/ru/%d1%8e%d0%bd%d0%b8%d1%82%d0%b0%d1%86/%d0%ba%d0%b0%d0%b1%d0%b8%d0%bd%d0%b5%d1%82-%d1%8d%d1%81%d1%82%d0%b5%d1%82%d0%b8%d0%ba%d0%b8-2/%d1%80%d0%b5%d0%ba%d1%83%d0%bf%d0%b5%d1%80%d0%b0%d1%82%d0%be%d1%80/,/ru/единицы/кабинет-эстетики/рекуператор/
/uk/%d0%be%d0%b4%d0%b8%d0%bd%d0%b8%d1%86%d1%96-2/%d1%81%d0%b0%d0%bb%d0%be%d0%bd-%d0%ba%d1%80%d0%b0%d1%81%d0%b8-2/%d1%80%d0%b5%d0%ba%d1%83%d0%bf%d0%b5%d1%80%d0%b0%d1%82%d0%be%d1%80/,/uk/одиниці/салон-краси/рекуператор/
/en/units-2/aesthetic-cabinet/anti-date-mc110/,/en/units/beauty-salon/anti-ageing-mc-110/
/fr/unites-2/cabinet-desthetique/antidate-mc110/,/fr/unites/institut-de-beaute/anti-age-mc-110/
/ru/%d1%8e%d0%bd%d0%b8%d1%82%d0%b0%d1%86/%d0%ba%d0%b0%d0%b1%d0%b8%d0%bd%d0%b5%d1%82-%d1%8d%d1%81%d1%82%d0%b5%d1%82%d0%b8%d0%ba%d0%b8-2/%d0%b0%d0%bd%d1%82%d0%b8%d1%83%d1%82%d0%be%d0%bf%d0%b8%d1%8f-mc110/,/ru/единицы/кабинет-эстетики/antiedad-mc-110/
/uk/%d0%be%d0%b4%d0%b8%d0%bd%d0%b8%d1%86%d1%96-2/%d1%81%d0%b0%d0%bb%d0%be%d0%bd-%d0%ba%d1%80%d0%b0%d1%81%d0%b8-2/antiedat-mc110/,/uk/одиниці/салон-краси/antiedad-mc-110/
/ca/unitats/gabinet-destetica/mc110-antiedat/,/ca/unitats/gabinet-destetica/anti-edat-mc-110/
/en/units-2/cosmetic-breast-surgery/,/en/units/cosmetic-breast-surgery-2/breast-augmentation-girona-3/
/fr/unites-2/chirurgie-esthetique-des-seins/,/fr/unites/chirurgie-esthetique-des-seins-2/augmentation-mammaire-gerone/
/ru/%d1%8e%d0%bd%d0%b8%d1%82%d0%b0%d1%86/%d1%8d%d1%81%d1%82%d0%b5%d1%82%d0%b8%d1%87%d0%b5%d1%81%d0%ba%d0%b0%d1%8f-%d1%85%d0%b8%d1%80%d1%83%d1%80%d0%b3%d0%b8%d1%8f-%d0%b3%d1%80%d1%83%d0%b4%d0%b8/,/ru/единицы/пластическая-хирургия-груди/увеличение-груди-жирона-2/
/uk/%d0%be%d0%b4%d0%b8%d0%bd%d0%b8%d1%86%d1%96-2/%d0%b5%d1%81%d1%82%d0%b5%d1%82%d0%b8%d1%87%d0%bd%d0%b0-%d1%85%d1%96%d1%80%d1%83%d1%80%d0%b3%d1%96%d1%8f-%d0%b3%d1%80%d1%83%d0%b4%d0%b5%d0%b9/,/uk/одиниці/естетична-хірургія-грудей-2/збільшення-грудей-у-жироні-2/
/ca/unitats/cirurgia-estetica-pits/,/ca/unitats/cirurgia-estetica-de-mames/augment-de-pit-girona/
/en/units-2/facial-aesthetic-medicine/flacciditas-filum-tensors/,/en/units/facial-aesthetic-medicine/sagging-and-thread-lifts/
/fr/unites-2/medecine-esthetique-faciale/flaccidite-des-muscles-tenseurs/,/fr/unites/medecine-esthetique-faciale/flaccidite-fils-tenseurs/
/ru/%d1%8e%d0%bd%d0%b8%d1%82%d0%b0%d1%86/%d1%8d%d1%81%d1%82%d0%b5%d1%82%d0%b8%d1%87%d0%b5%d1%81%d0%ba%d0%b0%d1%8f-%d0%bc%d0%b5%d0%b4%d0%b8%d1%86%d0%b8%d0%bd%d0%b0-%d0%bb%d0%b8%d1%86%d0%b0/%d1%84%d0%bb%d0%b0%d0%ba%d1%86%d0%b8%d0%b4%d0%b8%d1%82%d0%b0%d1%82%d0%b8%d1%82-%d1%84%d0%b8%d0%bb%d1%81-%d1%82%d0%b5%d0%bd%d0%b7%d0%be%d1%80%d1%81/,/ru/единицы/эстетическая-медицина-лица/дряблость-подтягивающие-нити/
/uk/%d0%be%d0%b4%d0%b8%d0%bd%d0%b8%d1%86%d1%96-2/%d0%b5%d1%81%d1%82%d0%b5%d1%82%d0%b8%d1%87%d0%bd%d0%b0-%d0%bc%d0%b5%d0%b4%d0%b8%d1%86%d0%b8%d0%bd%d0%b0-%d0%b4%d0%bb%d1%8f-%d0%be%d0%b1%d0%bb%d0%b8%d1%87%d1%87%d1%8f/%d0%b2%d1%8f%d0%bb%d1%96%d1%81%d1%82%d1%8c-%d0%bd%d0%b0%d1%82%d1%8f%d0%b6%d0%bd%d0%b8%d1%85-%d0%bd%d0%b8%d1%82%d0%be%d0%ba/,/uk/одиниці/естетична-медицина-для-обличчя/вялість-шкіри-підтягувальні-нитки/
/ca/unitats/medicina-estetica-facial/flacciditat-fils-tensors/,/ca/unitats/medicina-estetica-facial/flacidesa-fils-tensors/
/en/units-2/cosmetic-facial-surgery/dried-fruit-stuffing/,/en/units/cosmetic-facial-surgery-2/wrinkle-fillers/
/fr/unites-2/chirurgie-esthetique-du-visage/farce-darragon/,/fr/unites/chirurgie-esthetique-faciale/remplissage-de-rides/
/ru/%d1%8e%d0%bd%d0%b8%d1%82%d0%b0%d1%86/%d0%bf%d0%bb%d0%b0%d1%81%d1%82%d0%b8%d1%87%d0%b5%d1%81%d0%ba%d0%b0%d1%8f-%d0%be%d0%bf%d0%b5%d1%80%d0%b0%d1%86%d0%b8%d1%8f-%d0%bd%d0%b0-%d0%bb%d0%b8%d1%86%d0%b5/%d1%84%d0%b0%d1%80%d1%81%d0%b8%d0%bc%d0%b5%d0%bd%d1%82-%d0%b4%d0%b0%d1%80%d1%83%d0%b3%d1%8e%d1%81/,/ru/единицы/пластическая-хирургия-лица/филлер-против-морщин/
/uk/%d0%be%d0%b4%d0%b8%d0%bd%d0%b8%d1%86%d1%96-2/%d0%b5%d1%81%d1%82%d0%b5%d1%82%d0%b8%d1%87%d0%bd%d0%b0-%d1%85%d1%96%d1%80%d1%83%d1%80%d0%b3%d1%96%d1%8f-%d0%be%d0%b1%d0%bb%d0%b8%d1%87%d1%87%d1%8f/%d0%bd%d0%b0%d1%87%d0%b8%d0%bd%d0%ba%d0%b0-%d0%b7-%d1%80%d1%83%d0%bb%d0%b5%d1%82%d1%96%d0%b2/,/uk/одиниці/естетична-хірургія-обличчя-2/заповнення-зморшок/
/ca/unitats/cirurgia-estetica-facial/farciment-darros/,/ca/unitats/cirurgia-estetica-facial/farciment-darrugues/
/en/units-2/cosmetic-body-medicine/liposuction-without-surgery/,/en/units/cosmetic-body-medicine/non-surgical-liposuction/
/fr/unites-2/medecine-esthetique-corporelle/liposuction-sans-chirurgie/,/fr/unites/medecine-esthetique-corporelle/liposuccion-sans-chirurgie/
/ru/%d1%8e%d0%bd%d0%b8%d1%82%d0%b0%d1%86/%d1%8d%d1%81%d1%82%d0%b5%d1%82%d0%b8%d1%87%d0%b5%d1%81%d0%ba%d0%b0%d1%8f-%d0%bc%d0%b5%d0%b4%d0%b8%d1%86%d0%b8%d0%bd%d0%b0-%d1%82%d0%b5%d0%bb%d0%b0/%d0%bb%d0%b8%d0%bf%d0%be%d1%81%d0%b0%d0%ba%d1%86%d0%b8%d1%8f-%d0%b1%d0%b5%d0%b7-%d0%be%d0%bf%d0%b5%d1%80%d0%b0%d1%86%d0%b8%d0%b8/,/ru/единицы/эстетическая-медицина-тела/липосакция-без-операции-2/
/uk/%d0%be%d0%b4%d0%b8%d0%bd%d0%b8%d1%86%d1%96-2/%d0%b5%d1%81%d1%82%d0%b5%d1%82%d0%b8%d1%87%d0%bd%d0%b0-%d0%bc%d0%b5%d0%b4%d0%b8%d1%86%d0%b8%d0%bd%d0%b0-%d0%b4%d0%bb%d1%8f-%d1%82%d1%96%d0%bb%d0%b0/%d0%bb%d1%96%d0%bf%d0%be%d1%81%d0%b0%d0%ba%d1%86%d1%96%d1%8f-%d0%b1%d0%b5%d0%b7-%d1%85%d1%96%d1%80%d1%83%d1%80%d0%b3%d1%96%d1%87%d0%bd%d0%be%d0%b3%d0%be-%d0%b2%d1%82%d1%80%d1%83%d1%87%d0%b0%d0%bd/,/uk/одиниці/естетична-медицина-для-тіла/ліпосакція-без-хірургічного-втручан-2/
/ca/unitats/medicina-estetica-corporal/llipoescultura-no-invasiva/,/ca/unitats/medicina-estetica-corporal/liposuccio-sense-cirurgia/
/en/units-2/cosmetic-body-medicine/,/en/units/cosmetic-body-medicine/
/fr/unites-2/medecine-esthetique-corporelle/,/fr/unites/medecine-esthetique-corporelle/
/ru/%d1%8e%d0%bd%d0%b8%d1%82%d0%b0%d1%86/%d1%8d%d1%81%d1%82%d0%b5%d1%82%d0%b8%d1%87%d0%b5%d1%81%d0%ba%d0%b0%d1%8f-%d0%bc%d0%b5%d0%b4%d0%b8%d1%86%d0%b8%d0%bd%d0%b0-%d1%82%d0%b5%d0%bb%d0%b0/,/ru/единицы/эстетическая-медицина-тела/
/uk/%d0%be%d0%b4%d0%b8%d0%bd%d0%b8%d1%86%d1%96-2/%d0%b5%d1%81%d1%82%d0%b5%d1%82%d0%b8%d1%87%d0%bd%d0%b0-%d0%bc%d0%b5%d0%b4%d0%b8%d1%86%d0%b8%d0%bd%d0%b0-%d0%b4%d0%bb%d1%8f-%d1%82%d1%96%d0%bb%d0%b0/,/uk/одиниці/естетична-медицина-для-тіла/
/en/units-2/aesthetic-cabinet/fruit-acid/,/en/units/beauty-salon/fruit-acid-2/
/fr/unites-2/cabinet-desthetique/acides-de-fruits/,/fr/unites/institut-de-beaute/acide-de-fruits/
/ru/%d1%8e%d0%bd%d0%b8%d1%82%d0%b0%d1%86/%d0%ba%d0%b0%d0%b1%d0%b8%d0%bd%d0%b5%d1%82-%d1%8d%d1%81%d1%82%d0%b5%d1%82%d0%b8%d0%ba%d0%b8-2/%d0%ba%d0%b8%d1%81%d0%bb%d0%be%d1%82%d0%b0-%d1%84%d1%80%d1%83%d0%ba%d1%82%d0%be%d0%b2%d0%b0%d1%8f/,/ru/единицы/кабинет-эстетики/acido-de-frutas/
/uk/%d0%be%d0%b4%d0%b8%d0%bd%d0%b8%d1%86%d1%96-2/%d1%81%d0%b0%d0%bb%d0%be%d0%bd-%d0%ba%d1%80%d0%b0%d1%81%d0%b8-2/%d1%84%d1%80%d1%83%d0%ba%d1%82%d0%be%d0%b2%d1%96-%d0%ba%d0%b8%d1%81%d0%bb%d0%be%d1%82%d0%b8/,/uk/одиниці/салон-краси/фруктова-кислота/
/ca/unitats/gabinet-destetica/acid-de-fruites/,/ca/unitats/gabinet-destetica/acido-de-frutas/
/ru/%d1%8e%d0%bd%d0%b8%d1%82%d0%b0%d1%86/%d0%ba%d0%b0%d0%b1%d0%b8%d0%bd%d0%b5%d1%82-%d1%8d%d1%81%d1%82%d0%b5%d1%82%d0%b8%d0%ba%d0%b8-2/%d1%83%d0%bc%d0%b5%d0%bd%d1%8c%d1%88%d0%b5%d0%bd%d0%b8%d0%b5-%d0%b3%d1%80%d0%be%d0%bc%d0%ba%d0%be%d1%81%d1%82%d0%b8-%d0%b6%d0%b8%d1%80%d0%be%d0%bd%d0%b0/,/ru/%d0%b5%d0%b4%d0%b8%d0%bd%d0%b8%d1%86%d1%8b/%d0%ba%d0%b0%d0%b1%d0%b8%d0%bd%d0%b5%d1%82-%d1%8d%d1%81%d1%82%d0%b5%d1%82%d0%b8%d0%ba%d0%b8/reduccion-de-volumen-girona/
/en/units-2/cosmetic-facial-surgery/eyelid-surgery/,/en/units/cosmetic-facial-surgery-2/eyelid-surgery/
/fr/unites-2/chirurgie-esthetique-du-visage/blepharoplastie/,/fr/unites/chirurgie-esthetique-faciale/blepharoplastie/
/ru/%d1%8e%d0%bd%d0%b8%d1%82%d0%b0%d1%86/%d0%bf%d0%bb%d0%b0%d1%81%d1%82%d0%b8%d1%87%d0%b5%d1%81%d0%ba%d0%b0%d1%8f-%d0%be%d0%bf%d0%b5%d1%80%d0%b0%d1%86%d0%b8%d1%8f-%d0%bd%d0%b0-%d0%bb%d0%b8%d1%86%d0%b5/%d0%b1%d0%bb%d0%b5%d1%84%d0%b0%d1%80%d0%be%d0%bf%d0%bb%d0%b0%d1%81%d1%82%d0%b8%d0%ba%d0%b0/,/ru/единицы/пластическая-хирургия-лица/блефаропластика/
/uk/%d0%be%d0%b4%d0%b8%d0%bd%d0%b8%d1%86%d1%96-2/%d0%b5%d1%81%d1%82%d0%b5%d1%82%d0%b8%d1%87%d0%bd%d0%b0-%d1%85%d1%96%d1%80%d1%83%d1%80%d0%b3%d1%96%d1%8f-%d0%be%d0%b1%d0%bb%d0%b8%d1%87%d1%87%d1%8f/%d0%b1%d0%bb%d0%b5%d1%84%d0%b0%d1%80%d0%be%d0%bf%d0%bb%d0%b0%d1%81%d1%82%d0%b8%d0%ba%d0%b0/,/uk/одиниці/естетична-хірургія-обличчя-2/блефаропластика/
/en/units-2/body-contouring-surgery/liposuction/,/en/units/cosmetic-surgery-3/liposuction-2/
/fr/unites-2/chirurgie-esthetique-corporelle/liposuccion-2/,/fr/unites/chirurgie-esthetique-corporelle-2/liposuccion/
/ru/%d1%8e%d0%bd%d0%b8%d1%82%d0%b0%d1%86/%d1%8d%d1%81%d1%82%d0%b5%d1%82%d0%b8%d1%87%d0%b5%d1%81%d0%ba%d0%b0%d1%8f-%d1%85%d0%b8%d1%80%d1%83%d1%80%d0%b3%d0%b8%d1%8f-%d1%82%d0%b5%d0%bb%d0%b0/%d0%bb%d0%b8%d0%bf%d0%be%d1%81%d0%b0%d0%ba%d1%86%d0%b8%d1%8f/,/ru/единицы/эстетическая-операция-тела/липосакция-2/
/uk/%d0%be%d0%b4%d0%b8%d0%bd%d0%b8%d1%86%d1%96-2/%d0%b5%d1%81%d1%82%d0%b5%d1%82%d0%b8%d1%87%d0%bd%d0%b0-%d1%85%d1%96%d1%80%d1%83%d1%80%d0%b3%d1%96%d1%8f-%d1%82%d1%96%d0%bb%d0%b0/%d0%bb%d1%96%d0%bf%d0%be%d1%81%d0%b0%d0%ba%d1%86%d1%96%d1%8f/,/uk/одиниці/естетична-хірургія-тіла-2/ліпосакція-2/
/ca/unitats/cirurgia-estetica-corporal/lipoescultura/,/ca/unitats/cirurgia-estetica-corporal/liposuccio/
/en/units-2/body-contouring-surgery/lifting-arms-and-legs/,/en/units/cosmetic-surgery-3/lifting-arms-and-legs-2/
/fr/unites-2/chirurgie-esthetique-corporelle/halteres-pour-bras-et-pectoraux/,/fr/unites/chirurgie-esthetique-corporelle-2/soulever-les-bras-et-les-jambes/
/ru/%d1%8e%d0%bd%d0%b8%d1%82%d0%b0%d1%86/%d1%8d%d1%81%d1%82%d0%b5%d1%82%d0%b8%d1%87%d0%b5%d1%81%d0%ba%d0%b0%d1%8f-%d1%85%d0%b8%d1%80%d1%83%d1%80%d0%b3%d0%b8%d1%8f-%d1%82%d0%b5%d0%bb%d0%b0/%d0%bf%d0%be%d0%b4%d0%bd%d1%8f%d1%82%d0%b8%d0%b5-%d1%80%d1%83%d0%ba-%d0%b8-%d0%b1%d0%b5%d0%b4%d0%b5%d1%80/,/ru/единицы/эстетическая-операция-тела/поднятие-рук-и-ног/
/uk/%d0%be%d0%b4%d0%b8%d0%bd%d0%b8%d1%86%d1%96-2/%d0%b5%d1%81%d1%82%d0%b5%d1%82%d0%b8%d1%87%d0%bd%d0%b0-%d1%85%d1%96%d1%80%d1%83%d1%80%d0%b3%d1%96%d1%8f-%d1%82%d1%96%d0%bb%d0%b0/%d0%bf%d1%96%d0%b4%d1%82%d1%8f%d0%b6%d0%ba%d0%b0-%d1%80%d1%83%d0%ba-%d1%96-%d0%bd%d1%96%d0%b3/,/uk/одиниці/естетична-хірургія-тіла-2/підтяжка-рук-і-ніг-2/
/en/units-2/male-cosmetic-surgery-2/gynaecomastia/,/en/units/male-cosmetic-surgery/gynaecomastia/
/fr/unites-2/chirurgie-esthetique-masculine-2/gynecomastie/,/fr/unites/chirurgie-esthetique-masculine/gynecomastie/
/ru/%d1%8e%d0%bd%d0%b8%d1%82%d0%b0%d1%86/%d0%bc%d1%83%d0%b6%d1%81%d0%ba%d0%b0%d1%8f-%d0%bf%d0%bb%d0%b0%d1%81%d1%82%d0%b8%d1%87%d0%b5%d1%81%d0%ba%d0%b0%d1%8f-%d1%85%d0%b8%d1%80%d1%83%d1%80%d0%b3%d0%b8%d1%8f/%d0%b3%d0%b8%d0%bd%d0%b5%d0%ba%d0%be%d0%bc%d0%b0%d1%81%d1%82%d0%b8%d1%8f-2/,/ru/единицы/мужская-косметическая-хирургия/гинекомастия-2/
/uk/%d0%be%d0%b4%d0%b8%d0%bd%d0%b8%d1%86%d1%96-2/%d1%87%d0%be%d0%bb%d0%be%d0%b2%d1%96%d1%87%d0%b0-%d0%b5%d1%81%d1%82%d0%b5%d1%82%d0%b8%d1%87%d0%bd%d0%b0-%d1%85%d1%96%d1%80%d1%83%d1%80%d0%b3%d1%96%d1%8f-2/%d0%b3%d1%96%d0%bd%d0%b5%d0%ba%d0%be%d0%bc%d0%b0%d1%81%d1%82%d1%96%d1%8f/,/uk/одиниці/чоловіча-естетична-хірургія/гінекомастія/
/en/units-2/male-cosmetic-surgery-2/eyelid-surgery/,/en/units/male-cosmetic-surgery/eyelid-surgery/
/fr/unites-2/chirurgie-esthetique-masculine-2/blepharoplastie/,/fr/unites/chirurgie-esthetique-masculine/blepharoplastie/
/ru/%d1%8e%d0%bd%d0%b8%d1%82%d0%b0%d1%86/%d0%bc%d1%83%d0%b6%d1%81%d0%ba%d0%b0%d1%8f-%d0%bf%d0%bb%d0%b0%d1%81%d1%82%d0%b8%d1%87%d0%b5%d1%81%d0%ba%d0%b0%d1%8f-%d1%85%d0%b8%d1%80%d1%83%d1%80%d0%b3%d0%b8%d1%8f/%d0%b1%d0%bb%d0%b5%d1%84%d0%b0%d1%80%d0%be%d0%bf%d0%bb%d0%b0%d1%81%d1%82%d0%b8%d0%ba%d0%b0/,/ru/единицы/мужская-косметическая-хирургия/блефаропластика/
/uk/%d0%be%d0%b4%d0%b8%d0%bd%d0%b8%d1%86%d1%96-2/%d1%87%d0%be%d0%bb%d0%be%d0%b2%d1%96%d1%87%d0%b0-%d0%b5%d1%81%d1%82%d0%b5%d1%82%d0%b8%d1%87%d0%bd%d0%b0-%d1%85%d1%96%d1%80%d1%83%d1%80%d0%b3%d1%96%d1%8f-2/%d0%b1%d0%bb%d0%b5%d1%84%d0%b0%d1%80%d0%be%d0%bf%d0%bb%d0%b0%d1%81%d1%82%d0%b8%d0%ba%d0%b0/,/uk/одиниці/чоловіча-естетична-хірургія/блефаропластика/
/en/units-2/male-cosmetic-surgery-2/chest-augmentation-2/,/en/units/male-cosmetic-surgery/chest-augmentation/
/fr/unites-2/chirurgie-esthetique-masculine-2/augmentation-des-pectoraux/,/fr/unites/chirurgie-esthetique-masculine/aumento-de-pectoral/
/ru/%d1%8e%d0%bd%d0%b8%d1%82%d0%b0%d1%86/%d0%bc%d1%83%d0%b6%d1%81%d0%ba%d0%b0%d1%8f-%d0%bf%d0%bb%d0%b0%d1%81%d1%82%d0%b8%d1%87%d0%b5%d1%81%d0%ba%d0%b0%d1%8f-%d1%85%d0%b8%d1%80%d1%83%d1%80%d0%b3%d0%b8%d1%8f/%d1%83%d0%b2%d0%b5%d0%bb%d0%b8%d1%87%d0%b5%d0%bd%d0%b8%d0%b5-%d0%b3%d1%80%d1%83%d0%b4%d0%bd%d1%8b%d1%85-%d0%bc%d1%8b%d1%88%d1%86/,/ru/единицы/мужская-косметическая-хирургия/aumento-de-pectoral/
/uk/%d0%be%d0%b4%d0%b8%d0%bd%d0%b8%d1%86%d1%96-2/%d1%87%d0%be%d0%bb%d0%be%d0%b2%d1%96%d1%87%d0%b0-%d0%b5%d1%81%d1%82%d0%b5%d1%82%d0%b8%d1%87%d0%bd%d0%b0-%d1%85%d1%96%d1%80%d1%83%d1%80%d0%b3%d1%96%d1%8f-2/%d0%b7%d0%b1%d1%96%d0%bb%d1%8c%d1%88%d0%b5%d0%bd%d0%bd%d1%8f-%d0%b3%d1%80%d1%83%d0%b4%d0%bd%d0%b8%d1%85-%d0%bc%d1%8f%d0%b7%d1%96%d0%b2/,/uk/одиниці/чоловіча-естетична-хірургія/aumento-de-pectoral/
/en/units-2/cosmetic-facial-surgery/neck-and-jowl-lift/,/en/units/cosmetic-facial-surgery-2/neck-and-double-chin-mini-lift/
/fr/unites-2/chirurgie-esthetique-du-visage/minilift-du-cou-et-du-menton/,/fr/unites/chirurgie-esthetique-faciale/mini-lifting-du-cou-et-du-double-menton/
/ru/%d1%8e%d0%bd%d0%b8%d1%82%d0%b0%d1%86/%d0%bf%d0%bb%d0%b0%d1%81%d1%82%d0%b8%d1%87%d0%b5%d1%81%d0%ba%d0%b0%d1%8f-%d0%be%d0%bf%d0%b5%d1%80%d0%b0%d1%86%d0%b8%d1%8f-%d0%bd%d0%b0-%d0%bb%d0%b8%d1%86%d0%b5/%d0%bc%d0%b8%d0%bd%d0%b8-%d0%bb%d0%b8%d1%84%d1%82%d0%b8%d0%bd%d0%b3-%d1%88%d0%b5%d0%b8-%d0%b8-%d0%bf%d0%be%d0%b4%d0%b1%d0%be%d1%80%d0%be%d0%b4%d0%ba%d0%b0/,/ru/единицы/пластическая-хирургия-лица/подтяжка-шеи-и-подбородка/
/uk/%d0%be%d0%b4%d0%b8%d0%bd%d0%b8%d1%86%d1%96-2/%d0%b5%d1%81%d1%82%d0%b5%d1%82%d0%b8%d1%87%d0%bd%d0%b0-%d1%85%d1%96%d1%80%d1%83%d1%80%d0%b3%d1%96%d1%8f-%d0%be%d0%b1%d0%bb%d0%b8%d1%87%d1%87%d1%8f/%d0%bc%d1%96%d0%bd%d1%96%d0%bb%d1%96%d1%84%d1%82%d0%b8%d0%bd%d0%b3-%d1%88%d0%b8%d1%97-%d1%82%d0%b0-%d0%bf%d0%be%d0%b4%d0%b2%d1%96%d0%b9%d0%bd%d0%be%d0%b3%d0%be-%d0%bf%d1%96%d0%b4%d0%b1%d0%be%d1%80-2/,/uk/одиниці/естетична-хірургія-обличчя-2/мініліфтинг-шиї-та-подвійного-підбор/
/en/units-2/cosmetic-medicine-unit-girona/,/en/units/cosmetic-medicine-girona/
/fr/unites-2/unite-de-medecine-cosmetique-gerone/,/fr/unites/medecine-esthetique-gerone/
/ru/%d1%8e%d0%bd%d0%b8%d1%82%d0%b0%d1%86/%d0%be%d1%82%d0%b4%d0%b5%d0%bb%d0%b5%d0%bd%d0%b8%d0%b5-%d0%ba%d0%be%d1%81%d0%bc%d0%b5%d1%82%d0%b8%d1%87%d0%b5%d1%81%d0%ba%d0%be%d0%b9-%d0%bc%d0%b5%d0%b4%d0%b8%d1%86%d0%b8%d0%bd%d1%8b-%d0%b6%d0%b8/,/ru/единицы/medicina-cosmetica-girona/
/uk/%d0%be%d0%b4%d0%b8%d0%bd%d0%b8%d1%86%d1%96-2/%d0%b2%d1%96%d0%b4%d0%b4%d1%96%d0%bb%d0%b5%d0%bd%d0%bd%d1%8f-%d0%ba%d0%be%d1%81%d0%bc%d0%b5%d1%82%d0%b8%d1%87%d0%bd%d0%be%d1%97-%d0%bc%d0%b5%d0%b4%d0%b8%d1%86%d0%b8%d0%bd%d0%b8-%d0%b2-%d0%b6%d0%b8/,/uk/одиниці/medicina-cosmetica-girona/
/ca/unitats/unitat-de-medicina-cosmetica-girona/,/ca/unitats/medicina-estetica-girona/
/en/units-2/overweight-and-obesity/bariatric-surgery/gastrectomia-vertical/,/en/units/overweight-and-obesity-2/bariatric-surgery-2/gastrectomia-vertical/
/fr/unites-2/surpoids-et-obesite/chirurgie-bariatrique/gastrectomie-verticale/,/fr/unites/surpoids-et-obesite-2/chirurgie-bariatrique-2/gastrectomie-verticale/
/ru/%d1%8e%d0%bd%d0%b8%d1%82%d0%b0%d1%86/%d0%b8%d0%b7%d0%b1%d1%8b%d1%82%d0%be%d1%87%d0%bd%d1%8b%d0%b9-%d0%b2%d0%b5%d1%81-%d0%b8-%d0%be%d0%b6%d0%b8%d1%80%d0%b5%d0%bd%d0%b8%d0%b5/%d0%b1%d0%b0%d1%80%d0%b8%d0%b0%d1%82%d1%80%d0%b8%d1%87%d0%b5%d1%81%d0%ba%d0%b0%d1%8f-%d1%85%d0%b8%d1%80%d1%83%d1%80%d0%b3%d0%b8%d1%8f/%d0%b2%d0%b5%d1%80%d1%82%d0%b8%d0%ba%d0%b0%d0%bb%d1%8c%d0%bd%d0%b0%d1%8f-%d0%b3%d0%b0%d1%81%d1%82%d1%80%d1%8d%d0%ba%d1%82%d0%be%d0%bc%d0%b8%d1%8f/,/ru/единицы/избыточный-вес-и-ожирение-2/бариатрическая-хирургия-2/вертикальная-гастрэктомия/
/uk/%d0%be%d0%b4%d0%b8%d0%bd%d0%b8%d1%86%d1%96-2/%d0%bd%d0%b0%d0%b4%d0%bc%d1%96%d1%80%d0%bd%d0%b0-%d0%b2%d0%b0%d0%b3%d0%b0-%d1%82%d0%b0-%d0%be%d0%b6%d0%b8%d1%80%d1%96%d0%bd%d0%bd%d1%8f/%d0%b1%d0%b0%d1%80%d1%96%d0%b0%d1%82%d1%80%d0%b8%d1%87%d0%bd%d0%b0-%d1%85%d1%96%d1%80%d1%83%d1%80%d0%b3%d1%96%d1%8f/%d0%b2%d0%b5%d1%80%d1%82%d0%b8%d0%ba%d0%b0%d0%bb%d1%8c%d0%bd%d0%b0-%d0%b3%d0%b0%d1%81%d1%82%d1%80%d0%b5%d0%ba%d1%82%d0%be%d0%bc%d1%96%d1%8f/,/uk/одиниці/надмірна-вага-та-ожиріння-2/баріатрична-хірургія-2/вертикальна-гастректомія/
/en/funding/,/en/financing/
/fr/financement-2/,/fr/financement/
/ru/%d1%84%d0%b8%d0%bd%d0%b0%d0%bd%d1%81%d0%b8%d1%80%d0%be%d0%b2%d0%b0%d0%bd%d0%b8%d0%b5-2/,/ru/финансирование/
/uk/%d1%84%d1%96%d0%bd%d0%b0%d0%bd%d1%81%d1%83%d0%b2%d0%b0%d0%bd%d0%bd%d1%8f-2/,/uk/фінансування/
/en/beauty-days-blepharoplasty/,/en/eyelid-surgery/
/fr/beauty-days-blepharoplastie/,/fr/blepharoplastie/
/ru/%d0%b4%d0%bd%d0%b8-%d0%ba%d1%80%d0%b0%d1%81%d0%be%d1%82%d1%8b-%d0%b1%d0%bb%d0%b5%d1%84%d0%b0%d1%80%d0%be%d0%bf%d0%bb%d0%b0%d1%81%d1%82%d0%b8%d0%ba%d0%b0/,/ru/блефаропластика/
/uk/beauty-days-%d0%b1%d0%bb%d0%b5%d1%84%d0%b0%d1%80%d0%be%d0%bf%d0%bb%d0%b0%d1%81%d1%82%d0%b8%d0%ba%d0%b0/,/uk/блефаропластика/
/ca/dies-de-bellesa-blefaroplastia/,/ca/blefaroplastia/
/en/units-2/aesthetic-cabinet/get-rid-of-cellulite/,/en/units/beauty-salon/get-rid-of-cellulite/
/fr/unites-2/cabinet-desthetique/eliminer-la-cellulite/,/fr/unites/institut-de-beaute/eliminer-la-cellulite/
/ru/%d1%8e%d0%bd%d0%b8%d1%82%d0%b0%d1%86/%d0%ba%d0%b0%d0%b1%d0%b8%d0%bd%d0%b5%d1%82-%d1%8d%d1%81%d1%82%d0%b5%d1%82%d0%b8%d0%ba%d0%b8-2/%d1%83%d1%81%d1%82%d1%80%d0%b0%d0%bd%d0%b8%d1%82%d1%8c-%d1%86%d0%b5%d0%bb%d0%bb%d1%8e%d0%bb%d0%b8%d1%82/,/ru/единицы/кабинет-эстетики/устранить-целлюлит/
/uk/%d0%be%d0%b4%d0%b8%d0%bd%d0%b8%d1%86%d1%96-2/%d1%81%d0%b0%d0%bb%d0%be%d0%bd-%d0%ba%d1%80%d0%b0%d1%81%d0%b8-2/%d0%bf%d0%be%d0%b7%d0%b1%d1%83%d1%82%d0%b8%d1%81%d1%8f-%d1%86%d0%b5%d0%bb%d1%8e%d0%bb%d1%96%d1%82%d1%83/,/uk/одиниці/салон-краси/позбутися-целюліту/
/en/units-2/facial-aesthetic-medicine/,/en/units/facial-aesthetic-medicine/
/fr/unites-2/medecine-esthetique-faciale/,/fr/unites/medecine-esthetique-faciale/
/ru/%d1%8e%d0%bd%d0%b8%d1%82%d0%b0%d1%86/%d1%8d%d1%81%d1%82%d0%b5%d1%82%d0%b8%d1%87%d0%b5%d1%81%d0%ba%d0%b0%d1%8f-%d0%bc%d0%b5%d0%b4%d0%b8%d1%86%d0%b8%d0%bd%d0%b0-%d0%bb%d0%b8%d1%86%d0%b0/,/ru/единицы/эстетическая-медицина-лица/
/uk/%d0%be%d0%b4%d0%b8%d0%bd%d0%b8%d1%86%d1%96-2/%d0%b5%d1%81%d1%82%d0%b5%d1%82%d0%b8%d1%87%d0%bd%d0%b0-%d0%bc%d0%b5%d0%b4%d0%b8%d1%86%d0%b8%d0%bd%d0%b0-%d0%b4%d0%bb%d1%8f-%d0%be%d0%b1%d0%bb%d0%b8%d1%87%d1%87%d1%8f/,/uk/одиниці/естетична-медицина-для-обличчя/
/en/units-2/cosmetic-body-medicine/cellulite/,/en/units/cosmetic-body-medicine/cellulite/
/fr/unites-2/medecine-esthetique-corporelle/cellulite/,/fr/unites/medecine-esthetique-corporelle/cellulite/
/ru/%d1%8e%d0%bd%d0%b8%d1%82%d0%b0%d1%86/%d1%8d%d1%81%d1%82%d0%b5%d1%82%d0%b8%d1%87%d0%b5%d1%81%d0%ba%d0%b0%d1%8f-%d0%bc%d0%b5%d0%b4%d0%b8%d1%86%d0%b8%d0%bd%d0%b0-%d1%82%d0%b5%d0%bb%d0%b0/%d1%86%d0%b5%d0%bb%d0%bb%d1%8e%d0%bb%d0%b8%d1%82/,/ru/единицы/эстетическая-медицина-тела/целлюлит/
/uk/%d0%be%d0%b4%d0%b8%d0%bd%d0%b8%d1%86%d1%96-2/%d0%b5%d1%81%d1%82%d0%b5%d1%82%d0%b8%d1%87%d0%bd%d0%b0-%d0%bc%d0%b5%d0%b4%d0%b8%d1%86%d0%b8%d0%bd%d0%b0-%d0%b4%d0%bb%d1%8f-%d1%82%d1%96%d0%bb%d0%b0/%d1%86%d0%b5%d0%bb%d1%8e%d0%bb%d1%96%d1%82/,/uk/одиниці/естетична-медицина-для-тіла/целюліт/
/en/units-2/aesthetic-cabinet/detoxifying-2/,/en/units/beauty-salon/detoxifying/
/fr/unites-2/cabinet-desthetique/detoxifiant/,/fr/unites/institut-de-beaute/detoxifiante/
/ru/%d1%8e%d0%bd%d0%b8%d1%82%d0%b0%d1%86/%d0%ba%d0%b0%d0%b1%d0%b8%d0%bd%d0%b5%d1%82-%d1%8d%d1%81%d1%82%d0%b5%d1%82%d0%b8%d0%ba%d0%b8-2/%d0%b4%d0%b5%d1%82%d0%be%d0%ba%d1%81%d0%b8%d0%ba%d0%b0%d0%bd%d1%82-2/,/ru/единицы/кабинет-эстетики/детоксикант/
/uk/%d0%be%d0%b4%d0%b8%d0%bd%d0%b8%d1%86%d1%96-2/%d1%81%d0%b0%d0%bb%d0%be%d0%bd-%d0%ba%d1%80%d0%b0%d1%81%d0%b8-2/%d0%b4%d0%b5%d1%82%d0%be%d0%ba%d1%81%d0%b8%d0%ba%d0%b0%d0%bd%d1%82/,/uk/одиниці/салон-краси/desintoxicante/
/en/units-2/aesthetic-cabinet/clearance/,/en/units/beauty-salon/clearance/
/fr/unites-2/cabinet-desthetique/hidreclat/,/fr/unites/institut-de-beaute/hidreclat/
/ru/%d1%8e%d0%bd%d0%b8%d1%82%d0%b0%d1%86/%d0%ba%d0%b0%d0%b1%d0%b8%d0%bd%d0%b5%d1%82-%d1%8d%d1%81%d1%82%d0%b5%d1%82%d0%b8%d0%ba%d0%b8-2/%d1%85%d0%b8%d0%b4%d1%80%d0%b5%d0%ba%d0%bb%d0%b0%d1%82/,/ru/единицы/кабинет-эстетики/хидреклат/
/uk/%d0%be%d0%b4%d0%b8%d0%bd%d0%b8%d1%86%d1%96-2/%d1%81%d0%b0%d0%bb%d0%be%d0%bd-%d0%ba%d1%80%d0%b0%d1%81%d0%b8-2/%d0%b3%d1%96%d0%b4%d1%80%d0%b5%d0%ba%d0%bb%d0%b0%d1%82/,/uk/одиниці/салон-краси/гідреклат/
/en/units-2/cosmetic-facial-surgery/nasal-septum-piercing-2/,/en/units/cosmetic-facial-surgery-2/nasal-septum-piercing/
/fr/unites-2/chirurgie-esthetique-du-visage/perforation-de-la-cloison-nasale-2/,/fr/unites/chirurgie-esthetique-faciale/perforation-de-la-cloison-nasale/
/ru/%d1%8e%d0%bd%d0%b8%d1%82%d0%b0%d1%86/%d0%bf%d0%bb%d0%b0%d1%81%d1%82%d0%b8%d1%87%d0%b5%d1%81%d0%ba%d0%b0%d1%8f-%d0%be%d0%bf%d0%b5%d1%80%d0%b0%d1%86%d0%b8%d1%8f-%d0%bd%d0%b0-%d0%bb%d0%b8%d1%86%d0%b5/%d0%bf%d0%b5%d1%80%d1%84%d0%be%d1%80%d0%b0%d1%86%d0%b8%d1%8f-%d0%bd%d0%be%d1%81%d0%be%d0%b2%d0%be%d0%b9-%d0%bf%d0%b5%d1%80%d0%b5%d0%b3%d0%be%d1%80%d0%be%d0%b4%d0%ba%d0%b8/,/ru/единицы/пластическая-хирургия-лица/прокол-носовой-перегородки/
/uk/%d0%be%d0%b4%d0%b8%d0%bd%d0%b8%d1%86%d1%96-2/%d0%b5%d1%81%d1%82%d0%b5%d1%82%d0%b8%d1%87%d0%bd%d0%b0-%d1%85%d1%96%d1%80%d1%83%d1%80%d0%b3%d1%96%d1%8f-%d0%be%d0%b1%d0%bb%d0%b8%d1%87%d1%87%d1%8f/%d0%bf%d0%b5%d1%80%d1%84%d0%be%d1%80%d0%b0%d1%86%d1%96%d1%8f-%d0%bd%d0%be%d1%81%d0%be%d0%b2%d0%be%d1%97-%d0%bf%d0%b5%d1%80%d0%b5%d0%b3%d0%be%d1%80%d0%be%d0%b4%d0%ba%d0%b8-2/,/uk/одиниці/естетична-хірургія-обличчя-2/перфорація-носової-перегородки/
/ca/unitats/cirurgia-estetica-facial/perforacio-del-tabic-nasal-2/,/ca/unitats/cirurgia-estetica-facial/perforacio-del-tabic-nasal/
/en/units-2/cosmetic-facial-surgery/otoplasty/,/en/units/cosmetic-facial-surgery-2/otoplasty/
/fr/unites-2/chirurgie-esthetique-du-visage/otoplastie/,/fr/unites/chirurgie-esthetique-faciale/otoplastie/
/ru/%d1%8e%d0%bd%d0%b8%d1%82%d0%b0%d1%86/%d0%bf%d0%bb%d0%b0%d1%81%d1%82%d0%b8%d1%87%d0%b5%d1%81%d0%ba%d0%b0%d1%8f-%d0%be%d0%bf%d0%b5%d1%80%d0%b0%d1%86%d0%b8%d1%8f-%d0%bd%d0%b0-%d0%bb%d0%b8%d1%86%d0%b5/%d0%be%d1%82%d0%be%d0%bf%d0%bb%d0%b0%d1%81%d1%82%d0%b8%d0%ba%d0%b0/,/ru/единицы/пластическая-хирургия-лица/отопластика/
/uk/%d0%be%d0%b4%d0%b8%d0%bd%d0%b8%d1%86%d1%96-2/%d0%b5%d1%81%d1%82%d0%b5%d1%82%d0%b8%d1%87%d0%bd%d0%b0-%d1%85%d1%96%d1%80%d1%83%d1%80%d0%b3%d1%96%d1%8f-%d0%be%d0%b1%d0%bb%d0%b8%d1%87%d1%87%d1%8f/%d0%be%d1%82%d0%be%d0%bf%d0%bb%d0%b0%d1%81%d1%82%d0%b8%d0%ba%d0%b0/,/uk/одиниці/естетична-хірургія-обличчя-2/отопластика/
/en/units-2/body-contouring-surgery/body-fat-transfer/,/en/units/cosmetic-surgery-3/body-fat-transfer/
/fr/unites-2/chirurgie-esthetique-corporelle/lipofilling-corporel/,/fr/unites/chirurgie-esthetique-corporelle-2/lipofilling-corporel/
/ru/%d1%8e%d0%bd%d0%b8%d1%82%d0%b0%d1%86/%d1%8d%d1%81%d1%82%d0%b5%d1%82%d0%b8%d1%87%d0%b5%d1%81%d0%ba%d0%b0%d1%8f-%d1%85%d0%b8%d1%80%d1%83%d1%80%d0%b3%d0%b8%d1%8f-%d1%82%d0%b5%d0%bb%d0%b0/%d0%bb%d0%b8%d0%bf%d0%be%d1%84%d0%b8%d0%bb%d0%b8%d0%bd%d0%b3-%d1%82%d0%b5%d0%bb%d0%b0/,/ru/единицы/эстетическая-операция-тела/липофилинг-тела/
/uk/%d0%be%d0%b4%d0%b8%d0%bd%d0%b8%d1%86%d1%96-2/%d0%b5%d1%81%d1%82%d0%b5%d1%82%d0%b8%d1%87%d0%bd%d0%b0-%d1%85%d1%96%d1%80%d1%83%d1%80%d0%b3%d1%96%d1%8f-%d1%82%d1%96%d0%bb%d0%b0/%d0%bb%d1%96%d0%bf%d0%be%d1%84%d1%96%d0%bb%d1%96%d0%bd%d0%b3-%d1%82%d1%96%d0%bb%d0%b0/,/uk/одиниці/естетична-хірургія-тіла-2/ліпофілінг-тіла/
/en/units-2/male-cosmetic-surgery-2/neck-and-double-chin-lift-2/,/en/units/male-cosmetic-surgery/neck-and-double-chin-lift/
/fr/unites-2/chirurgie-esthetique-masculine-2/lifting-du-cou-et-du-menton-2/,/fr/unites/chirurgie-esthetique-masculine/lifting-du-cou-et-du-menton/
/ru/%d1%8e%d0%bd%d0%b8%d1%82%d0%b0%d1%86/%d0%bc%d1%83%d0%b6%d1%81%d0%ba%d0%b0%d1%8f-%d0%bf%d0%bb%d0%b0%d1%81%d1%82%d0%b8%d1%87%d0%b5%d1%81%d0%ba%d0%b0%d1%8f-%d1%85%d0%b8%d1%80%d1%83%d1%80%d0%b3%d0%b8%d1%8f/%d0%bf%d0%be%d0%b4%d1%82%d1%8f%d0%b6%d0%ba%d0%b0-%d1%88%d0%b5%d0%b8-%d0%b8-%d0%bf%d0%be%d0%b4%d0%b1%d0%be%d1%80%d0%be%d0%b4%d0%ba%d0%b0-2/,/ru/единицы/мужская-косметическая-хирургия/подтяжка-шеи-и-второго-подбородка/
/uk/%d0%be%d0%b4%d0%b8%d0%bd%d0%b8%d1%86%d1%96-2/%d1%87%d0%be%d0%bb%d0%be%d0%b2%d1%96%d1%87%d0%b0-%d0%b5%d1%81%d1%82%d0%b5%d1%82%d0%b8%d1%87%d0%bd%d0%b0-%d1%85%d1%96%d1%80%d1%83%d1%80%d0%b3%d1%96%d1%8f-2/%d0%bf%d1%96%d0%b4%d1%82%d1%8f%d0%b6%d0%ba%d0%b0-%d1%88%d0%b8%d1%97-%d1%82%d0%b0-%d0%bf%d0%be%d0%b4%d0%b2%d1%96%d0%b9%d0%bd%d0%be%d0%b3%d0%be-%d0%bf%d1%96%d0%b4%d0%b1%d0%be%d1%80%d1%96%d0%b4%d0%b4/,/uk/одиниці/чоловіча-естетична-хірургія/liftting-de-cuello-y-papada/
/ca/unitats/cirurgia-estetica-masculina/lifting-de-coll-i-papada/,/ca/unitats/cirurgia-estetica-masculina/estirament-de-coll-i-papada/
/en/units-2/facial-aesthetic-medicine/expression-wrinkles/,/en/units/facial-aesthetic-medicine/expression-lines/
/fr/unites-2/medecine-esthetique-faciale/rides-dexpression-2/,/fr/unites/medecine-esthetique-faciale/rides-dexpression/
/ru/%d1%8e%d0%bd%d0%b8%d1%82%d0%b0%d1%86/%d1%8d%d1%81%d1%82%d0%b5%d1%82%d0%b8%d1%87%d0%b5%d1%81%d0%ba%d0%b0%d1%8f-%d0%bc%d0%b5%d0%b4%d0%b8%d1%86%d0%b8%d0%bd%d0%b0-%d0%bb%d0%b8%d1%86%d0%b0/%d0%bc%d0%be%d1%80%d1%89%d0%b8%d0%bd%d1%8b-%d0%be%d1%82-%d1%83%d0%bb%d1%8b%d0%b1%d0%ba%d0%b8/,/ru/единицы/эстетическая-медицина-лица/морщины-от-мимики/
/uk/%d0%be%d0%b4%d0%b8%d0%bd%d0%b8%d1%86%d1%96-2/%d0%b5%d1%81%d1%82%d0%b5%d1%82%d0%b8%d1%87%d0%bd%d0%b0-%d0%bc%d0%b5%d0%b4%d0%b8%d1%86%d0%b8%d0%bd%d0%b0-%d0%b4%d0%bb%d1%8f-%d0%be%d0%b1%d0%bb%d0%b8%d1%87%d1%87%d1%8f/%d0%bc%d1%96%d0%bc%d1%96%d1%87%d0%bd%d1%96-%d0%b7%d0%bc%d0%be%d1%80%d1%88%d0%ba%d0%b8-2/,/uk/одиниці/естетична-медицина-для-обличчя/мімічні-зморшки/
/en/units-2/overweight-and-obesity/endomanga/,/en/units/overweight-and-obesity-2/endomanga/
/fr/unites-2/surpoids-et-obesite/endomanga/,/fr/unites/surpoids-et-obesite-2/endomanga/
/ru/%d1%8e%d0%bd%d0%b8%d1%82%d0%b0%d1%86/%d0%b8%d0%b7%d0%b1%d1%8b%d1%82%d0%be%d1%87%d0%bd%d1%8b%d0%b9-%d0%b2%d0%b5%d1%81-%d0%b8-%d0%be%d0%b6%d0%b8%d1%80%d0%b5%d0%bd%d0%b8%d0%b5/%d1%8d%d0%bd%d0%b4%d0%be%d0%bc%d0%b0%d0%bd%d0%b3%d0%b0/,/ru/единицы/избыточный-вес-и-ожирение-2/эндоманга/
/uk/%d0%be%d0%b4%d0%b8%d0%bd%d0%b8%d1%86%d1%96-2/%d0%bd%d0%b0%d0%b4%d0%bc%d1%96%d1%80%d0%bd%d0%b0-%d0%b2%d0%b0%d0%b3%d0%b0-%d1%82%d0%b0-%d0%be%d0%b6%d0%b8%d1%80%d1%96%d0%bd%d0%bd%d1%8f/%d0%b2%d0%bd%d1%83%d1%82%d1%80%d1%96%d1%88%d0%bd%d1%8f-%d1%87%d0%b0%d1%81%d1%82%d0%b8%d0%bd%d0%b0-%d1%80%d1%83%d0%ba%d0%b0%d0%b2%d0%b0/,/uk/одиниці/надмірна-вага-та-ожиріння-2/внутрішня-частина-рукава/
/en/units-2/overweight-and-obesity/bariatric-surgery/,/en/units/overweight-and-obesity-2/bariatric-surgery-2/
/fr/unites-2/surpoids-et-obesite/chirurgie-bariatrique/,/fr/unites/surpoids-et-obesite-2/chirurgie-bariatrique-2/
/ru/%d1%8e%d0%bd%d0%b8%d1%82%d0%b0%d1%86/%d0%b8%d0%b7%d0%b1%d1%8b%d1%82%d0%be%d1%87%d0%bd%d1%8b%d0%b9-%d0%b2%d0%b5%d1%81-%d0%b8-%d0%be%d0%b6%d0%b8%d1%80%d0%b5%d0%bd%d0%b8%d0%b5/%d0%b1%d0%b0%d1%80%d0%b8%d0%b0%d1%82%d1%80%d0%b8%d1%87%d0%b5%d1%81%d0%ba%d0%b0%d1%8f-%d1%85%d0%b8%d1%80%d1%83%d1%80%d0%b3%d0%b8%d1%8f/,/ru/единицы/избыточный-вес-и-ожирение-2/бариатрическая-хирургия-2/
/uk/%d0%be%d0%b4%d0%b8%d0%bd%d0%b8%d1%86%d1%96-2/%d0%bd%d0%b0%d0%b4%d0%bc%d1%96%d1%80%d0%bd%d0%b0-%d0%b2%d0%b0%d0%b3%d0%b0-%d1%82%d0%b0-%d0%be%d0%b6%d0%b8%d1%80%d1%96%d0%bd%d0%bd%d1%8f/%d0%b1%d0%b0%d1%80%d1%96%d0%b0%d1%82%d1%80%d0%b8%d1%87%d0%bd%d0%b0-%d1%85%d1%96%d1%80%d1%83%d1%80%d0%b3%d1%96%d1%8f/,/uk/одиниці/надмірна-вага-та-ожиріння-2/баріатрична-хірургія-2/
/en/units-2/overweight-and-obesity/dietetics-and-nutrition/,/en/units/overweight-and-obesity-2/dietetics-and-nutrition-2/
/fr/unites-2/surpoids-et-obesite/dietetique-et-nutrition-2/,/fr/unites/surpoids-et-obesite-2/dietetique-et-nutrition/
/ru/%d1%8e%d0%bd%d0%b8%d1%82%d0%b0%d1%86/%d0%b8%d0%b7%d0%b1%d1%8b%d1%82%d0%be%d1%87%d0%bd%d1%8b%d0%b9-%d0%b2%d0%b5%d1%81-%d0%b8-%d0%be%d0%b6%d0%b8%d1%80%d0%b5%d0%bd%d0%b8%d0%b5/%d0%b4%d0%b8%d0%b5%d1%82%d0%be%d0%bb%d0%be%d0%b3%d0%b8%d1%8f-%d0%b8-%d0%bf%d0%b8%d1%82%d0%b0%d0%bd%d0%b8%d0%b5-2/,/ru/единицы/избыточный-вес-и-ожирение-2/диетология-и-питание/
/uk/%d0%be%d0%b4%d0%b8%d0%bd%d0%b8%d1%86%d1%96-2/%d0%bd%d0%b0%d0%b4%d0%bc%d1%96%d1%80%d0%bd%d0%b0-%d0%b2%d0%b0%d0%b3%d0%b0-%d1%82%d0%b0-%d0%be%d0%b6%d0%b8%d1%80%d1%96%d0%bd%d0%bd%d1%8f/%d0%b4%d1%96%d1%94%d1%82%d0%be%d0%bb%d0%be%d0%b3%d1%96%d1%8f-%d1%82%d0%b0-%d1%85%d0%b0%d1%80%d1%87%d1%83%d0%b2%d0%b0%d0%bd%d0%bd%d1%8f-2/,/uk/одиниці/надмірна-вага-та-ожиріння-2/дієтологія-та-харчування/
/en/units-2/cosmetic-facial-surgery/rhinoplasty/,/en/units/cosmetic-facial-surgery-2/rhinoplasty/
/fr/unites-2/chirurgie-esthetique-du-visage/rhinoplastie/,/fr/unites/chirurgie-esthetique-faciale/rhinoplastie/
/ru/%d1%8e%d0%bd%d0%b8%d1%82%d0%b0%d1%86/%d0%bf%d0%bb%d0%b0%d1%81%d1%82%d0%b8%d1%87%d0%b5%d1%81%d0%ba%d0%b0%d1%8f-%d0%be%d0%bf%d0%b5%d1%80%d0%b0%d1%86%d0%b8%d1%8f-%d0%bd%d0%b0-%d0%bb%d0%b8%d1%86%d0%b5/%d1%80%d0%b8%d0%bd%d0%be%d0%bf%d0%bb%d0%b0%d1%81%d1%82%d0%b8%d0%ba%d0%b0/,/ru/единицы/пластическая-хирургия-лица/ринопластика/
/uk/%d0%be%d0%b4%d0%b8%d0%bd%d0%b8%d1%86%d1%96-2/%d0%b5%d1%81%d1%82%d0%b5%d1%82%d0%b8%d1%87%d0%bd%d0%b0-%d1%85%d1%96%d1%80%d1%83%d1%80%d0%b3%d1%96%d1%8f-%d0%be%d0%b1%d0%bb%d0%b8%d1%87%d1%87%d1%8f/%d1%80%d0%b8%d0%bd%d0%be%d0%bf%d0%bb%d0%b0%d1%81%d1%82%d0%b8%d0%ba%d0%b0-2/,/uk/одиниці/естетична-хірургія-обличчя-2/ринопластика-2/
/en/units-2/facial-aesthetic-medicine/ulleres/,/en/units/facial-aesthetic-medicine/dark-circles/
/fr/unites-2/medecine-esthetique-faciale/ulleres/,/fr/unites/medecine-esthetique-faciale/cernes/
/ru/%d1%8e%d0%bd%d0%b8%d1%82%d0%b0%d1%86/%d1%8d%d1%81%d1%82%d0%b5%d1%82%d0%b8%d1%87%d0%b5%d1%81%d0%ba%d0%b0%d1%8f-%d0%bc%d0%b5%d0%b4%d0%b8%d1%86%d0%b8%d0%bd%d0%b0-%d0%bb%d0%b8%d1%86%d0%b0/ulleres/,/ru/единицы/эстетическая-медицина-лица/темные-круги-под-глазами/
/uk/%d0%be%d0%b4%d0%b8%d0%bd%d0%b8%d1%86%d1%96-2/%d0%b5%d1%81%d1%82%d0%b5%d1%82%d0%b8%d1%87%d0%bd%d0%b0-%d0%bc%d0%b5%d0%b4%d0%b8%d1%86%d0%b8%d0%bd%d0%b0-%d0%b4%d0%bb%d1%8f-%d0%be%d0%b1%d0%bb%d0%b8%d1%87%d1%87%d1%8f/ulleres/,/uk/одиниці/естетична-медицина-для-обличчя/темні-кола-під-очима/
/ca/unitats/medicina-estetica-facial/ulleres/,/ca/unitats/medicina-estetica-facial/ulleres-fosques/
/ca/unitats-2/sobrepes-i-obesitat-2/cirurgia-postbariatrica/,/ca/unitats/sobrepes-i-obesitat/cirurgia-postbariatrica/
/en/units-2/cosmetic-breast-surgery/augment-of-pit/,/en/units/cosmetic-breast-surgery-2/breast-augmentation/
/fr/unites-2/chirurgie-esthetique-des-seins/augmenter-de-pit/,/fr/unites/chirurgie-esthetique-des-seins-2/augmentation-mammaire/
/ru/%d1%8e%d0%bd%d0%b8%d1%82%d0%b0%d1%86/%d1%8d%d1%81%d1%82%d0%b5%d1%82%d0%b8%d1%87%d0%b5%d1%81%d0%ba%d0%b0%d1%8f-%d1%85%d0%b8%d1%80%d1%83%d1%80%d0%b3%d0%b8%d1%8f-%d0%b3%d1%80%d1%83%d0%b4%d0%b8/%d1%83%d0%b2%d0%b5%d0%bb%d0%b8%d1%87%d0%b8%d1%82%d1%8c-%d1%8f%d0%bc%d1%83/,/ru/единицы/пластическая-хирургия-груди/увеличение-груди/
/uk/%d0%be%d0%b4%d0%b8%d0%bd%d0%b8%d1%86%d1%96-2/%d0%b5%d1%81%d1%82%d0%b5%d1%82%d0%b8%d1%87%d0%bd%d0%b0-%d1%85%d1%96%d1%80%d1%83%d1%80%d0%b3%d1%96%d1%8f-%d0%b3%d1%80%d1%83%d0%b4%d0%b5%d0%b9/%d0%b7%d0%b1%d1%96%d0%bb%d1%8c%d1%88%d0%b5%d0%bd%d0%bd%d1%8f-%d0%bf%d1%96%d1%82%d1%83/,/uk/одиниці/естетична-хірургія-грудей-2/збільшення-грудей/
/ca/unitats/cirurgia-estetica-pits/augment-de-pit/,/ca/unitats/cirurgia-estetica-de-mames/augmentacio-mamaria/
/ca/unitats-2/,/ca/unitats/
/ca/unitats-2/medicina-estetica-facial/,/ca/unitats/medicina-estetica-facial/
/ca/unitats-2/medicina-estetica-corporal/,/ca/unitats/medicina-estetica-corporal/
/ca/unitats-2/cirurgia-estetica-corporal-2/,/ca/unitats/cirurgia-estetica-corporal/
/ca/unitats-2/cirurgia-estetica-masculina-2/,/ca/unitats/cirurgia-estetica-masculina/
/en/units-2/cosmetic-breast-surgery/reduccio-de-pit/,/en/units/cosmetic-breast-surgery-2/breast-reduction/
/fr/unites-2/chirurgie-esthetique-des-seins/reduction-mammaire-2/,/fr/unites/chirurgie-esthetique-des-seins-2/reduction-mammaire/
/ru/%d1%8e%d0%bd%d0%b8%d1%82%d0%b0%d1%86/%d1%8d%d1%81%d1%82%d0%b5%d1%82%d0%b8%d1%87%d0%b5%d1%81%d0%ba%d0%b0%d1%8f-%d1%85%d0%b8%d1%80%d1%83%d1%80%d0%b3%d0%b8%d1%8f-%d0%b3%d1%80%d1%83%d0%b4%d0%b8/reduccio-de-pit/,/ru/единицы/пластическая-хирургия-груди/редукция-груди/
/uk/%d0%be%d0%b4%d0%b8%d0%bd%d0%b8%d1%86%d1%96-2/%d0%b5%d1%81%d1%82%d0%b5%d1%82%d0%b8%d1%87%d0%bd%d0%b0-%d1%85%d1%96%d1%80%d1%83%d1%80%d0%b3%d1%96%d1%8f-%d0%b3%d1%80%d1%83%d0%b4%d0%b5%d0%b9/%d1%80%d0%b5%d0%b4%d1%83%d0%ba%d1%86%d1%96%d1%8f-%d0%bf%d1%96%d1%82%d0%b0/,/uk/одиниці/естетична-хірургія-грудей-2/зменшення-грудей/
/ca/unitats/cirurgia-estetica-pits/reduccio-de-pit/,/ca/unitats/cirurgia-estetica-de-mames/reduccio-de-pits/
/en/units-2/cosmetic-breast-surgery/elevacio-de-pit-pexia/,/en/units/cosmetic-breast-surgery-2/breast-lift/
/fr/unites-2/chirurgie-esthetique-des-seins/elevacio-de-pit-pexia/,/fr/unites/chirurgie-esthetique-des-seins-2/lifting-des-seins-pexie-mammaire/
/ru/%d1%8e%d0%bd%d0%b8%d1%82%d0%b0%d1%86/%d1%8d%d1%81%d1%82%d0%b5%d1%82%d0%b8%d1%87%d0%b5%d1%81%d0%ba%d0%b0%d1%8f-%d1%85%d0%b8%d1%80%d1%83%d1%80%d0%b3%d0%b8%d1%8f-%d0%b3%d1%80%d1%83%d0%b4%d0%b8/elevacio-de-pit-pexia/,/ru/единицы/пластическая-хирургия-груди/маммопластика/
/uk/%d0%be%d0%b4%d0%b8%d0%bd%d0%b8%d1%86%d1%96-2/%d0%b5%d1%81%d1%82%d0%b5%d1%82%d0%b8%d1%87%d0%bd%d0%b0-%d1%85%d1%96%d1%80%d1%83%d1%80%d0%b3%d1%96%d1%8f-%d0%b3%d1%80%d1%83%d0%b4%d0%b5%d0%b9/elevacio-de-pit-pexia/,/uk/одиниці/естетична-хірургія-грудей-2/підтяжка-грудей-пексія/
/ca/unitats/cirurgia-estetica-pits/elevacio-de-pit-i-pexia/,/ca/unitats/cirurgia-estetica-de-mames/elevacio-de-pit-pexia/
/ca/unitats-2/sobrepes-i-obesitat-2/balo-12-mesos-reajustable-2/,/ca/unitats/sobrepes-i-obesitat/balo-12-mesos-reajustable/
/ca/unitats-2/cirurgia-estetica-facial-2/otoplastia/,/ca/unitats/cirurgia-estetica-facial/otoplastia/
/ca/unitats-2/cirurgia-estetica-de-mames/augmentacio-mamaria/,/ca/unitats/cirurgia-estetica-de-mames/augmentacio-mamaria/
/ca/unitats-2/cirurgia-estetica-facial-2/rinoplastia/,/ca/unitats/cirurgia-estetica-facial/rinoplastia/
/ca/contacte-2/,/ca/contacte/
/en/home/,/en/
/fr/maison/,/fr/
/ru/home/,/ru/
/uk/home/,/uk/
/ca/home/,/ca/
/ca/unitats-2/sobrepes-i-obesitat-2/,/ca/unitats/sobrepes-i-obesitat/
/ca/unitats-2/cirurgia-estetica-facial-2/blefaroplastia/,/ca/unitats/cirurgia-estetica-facial/blefaroplastia/
/ca/unitats-2/cirurgia-estetica-facial-2/,/ca/unitats/cirurgia-estetica-facial/
/ca/blog-2/,/ca/blog/
/ca/unitats-2/medicina-estetica-facial/augmentacio-de-llavis/,/ca/unitats/medicina-estetica-facial/augmentacio-de-llavis/
/ca/unitats-2/gabinet-destetica-2/desintoxicant-2/,/ca/unitats/gabinet-destetica/desintoxicant/
/ca/unitats-2/gabinet-destetica-2/hidroclorat/,/ca/unitats/gabinet-destetica/hidroclorat/
/ca/unitats-2/gabinet-destetica-2/recuperador/,/ca/unitats/gabinet-destetica/recuperador/
/ca/unitats-2/gabinet-destetica-2/anti-edat-mc-110/,/ca/unitats/gabinet-destetica/anti-edat-mc-110/
/ca/unitats-2/gabinet-destetica-2/acido-de-frutas/,/ca/unitats/gabinet-destetica/acido-de-frutas/
/ca/unitats-2/gabinet-destetica-2/p50-rostre/,/ca/unitats/gabinet-destetica/p50-rostre/
/ca/unitats-2/gabinet-destetica-2/eliminar-cel%c2%b7lulitis/,/ca/unitats/gabinet-destetica/eliminar-cel%c2%b7lulitis/
/ca/unitats-2/gabinet-destetica-2/reduccio-de-volum-girona-2/,/ca/unitats/gabinet-destetica/reduccio-de-volum-girona/
/ca/unitats-2/cirurgia-estetica-corporal-2/liposuccio-vaser-2/,/ca/unitats/cirurgia-estetica-corporal/liposuccio-vaser/
/ca/unitats-2/cirurgia-estetica-facial-2/perforacio-del-tabic-nasal/,/ca/unitats/cirurgia-estetica-facial/perforacio-del-tabic-nasal/
/ca/unitats-2/medicina-estetica-facial/ulleres-fosques/,/ca/unitats/medicina-estetica-facial/ulleres-fosques/
/ca/unitats-2/medicina-estetica-facial/arrugues-dexpressio-2/,/ca/unitats/medicina-estetica-facial/arrugues-dexpressio/
/ca/unitats-2/medicina-estetica-facial/flacidesa-fils-tensors/,/ca/unitats/medicina-estetica-facial/flacidesa-fils-tensors/
/ca/unitats-2/medicina-estetica-facial/hidratacio-i-nutricio-2/,/ca/unitats/medicina-estetica-facial/hidratacio-i-nutricio/
/ca/unitats-2/medicina-estetica-facial/pela/,/ca/unitats/medicina-estetica-facial/pela/
/ca/unitats-2/cirurgia-estetica-facial-2/farciment-darrugues-2/,/ca/unitats/cirurgia-estetica-facial/farciment-darrugues/
/ca/unitats-2/medicina-estetica-corporal/liposuccio-sense-cirurgia-2/,/ca/unitats/medicina-estetica-corporal/liposuccio-sense-cirurgia/
/ca/unitats-2/medicina-estetica-corporal/cel%c2%b7lulitis/,/ca/unitats/medicina-estetica-corporal/cel%c2%b7lulitis/
/ca/unitats-2/sobrepes-i-obesitat-2/pilota-ingerible-el%c2%b7lipse/,/ca/unitats/sobrepes-i-obesitat/pilota-ingerible-el%c2%b7lipse/
/ca/unitats-2/sobrepes-i-obesitat-2/bota-6-mesos/,/ca/unitats/sobrepes-i-obesitat/bota-6-mesos/
/ca/unitats-2/sobrepes-i-obesitat-2/endomanga/,/ca/unitats/sobrepes-i-obesitat/endomanga/
/ca/unitats-2/sobrepes-i-obesitat-2/dietetica-i-nutricio-2/,/ca/unitats/sobrepes-i-obesitat/dietetica-i-nutricio/
/ca/unitats-2/sobrepes-i-obesitat-2/cirurgia-bariatrica-2/,/ca/unitats/sobrepes-i-obesitat/cirurgia-bariatrica/
/ca/unitats-2/cirurgia-estetica-de-mames/elevacio-de-pit-pexia-2/,/ca/unitats/cirurgia-estetica-de-mames/elevacio-de-pit-pexia/
/ca/unitats-2/cirurgia-estetica-de-mames/reduccio-de-pits/,/ca/unitats/cirurgia-estetica-de-mames/reduccio-de-pits/
/ca/unitats-2/cirurgia-estetica-facial-2/minilifting-de-coll-i-papada-2/,/ca/unitats/cirurgia-estetica-facial/minilifting-de-coll-i-papada/
/ca/unitats-2/cirurgia-estetica-facial-2/lifting-facial/,/ca/unitats/cirurgia-estetica-facial/lifting-facial/
/ca/unitats-2/cirurgia-estetica-facial-2/cirurgia-de-barbeta-i-pomuls/,/ca/unitats/cirurgia-estetica-facial/cirurgia-de-barbeta-i-pomuls/
/ca/unitats-2/cirurgia-estetica-corporal-2/augment-de-glutis-2/,/ca/unitats/cirurgia-estetica-corporal/augment-de-glutis/
/ca/unitats-2/cirurgia-estetica-corporal-2/cirurgia-genital-femenina-2/,/ca/unitats/cirurgia-estetica-corporal/cirurgia-genital-femenina/
/ca/unitats-2/cirurgia-estetica-corporal-2/aixecament-de-bracos-i-cames-2/,/ca/unitats/cirurgia-estetica-corporal/aixecament-de-bracos-i-cames/
/ca/unitats-2/cirurgia-estetica-corporal-2/lipofilling-corporal/,/ca/unitats/cirurgia-estetica-corporal/lipofilling-corporal/
/ca/unitats-2/cirurgia-estetica-corporal-2/abdominoplastia/,/ca/unitats/cirurgia-estetica-corporal/abdominoplastia/
/ca/unitats-2/cirurgia-estetica-masculina-2/ginecomastia/,/ca/unitats/cirurgia-estetica-masculina/ginecomastia/
/ca/unitats-2/cirurgia-estetica-masculina-2/augment-de-pectoral-2/,/ca/unitats/cirurgia-estetica-masculina/augment-de-pectoral/
/ca/unitats-2/cirurgia-estetica-masculina-2/estirament-de-coll-i-papada/,/ca/unitats/cirurgia-estetica-masculina/estirament-de-coll-i-papada/
/ca/unitats-2/cirurgia-estetica-de-mames/canvi-de-protesi/,/ca/unitats/cirurgia-estetica-de-mames/canvi-de-protesi/
/ca/unitats-2/medicina-estetica-facial/rinomodelacio/,/ca/unitats/medicina-estetica-facial/rinomodelacio/
/ca/unitats-2/cirurgia-estetica-de-mames/augment-de-pits-tecnica-ami/,/ca/unitats/cirurgia-estetica-de-mames/augment-de-pits-tecnica-ami/
/ca/unitats-2/sobrepes-i-obesitat-2/cirurgia-bariatrica-2/gastrectomia-vertical/,/ca/unitats/sobrepes-i-obesitat/cirurgia-bariatrica/gastrectomia-vertical/
/ca/unitats-2/sobrepes-i-obesitat-2/cirurgia-bariatrica-2/bypass-gastrico/,/ca/unitats/sobrepes-i-obesitat/cirurgia-bariatrica/bypass-gastrico/
/ca/unitats-2/sobrepes-i-obesitat-2/cirurgia-bariatrica-2/cruilla-duodenal/,/ca/unitats/sobrepes-i-obesitat/cirurgia-bariatrica/cruilla-duodenal/
/ca/unitats-2/medicina-estetica-girona/,/ca/unitats/medicina-estetica-girona/
/ca/unitats-2/cirurgia-estetica-corporal-2/liposuccio-2/,/ca/unitats/cirurgia-estetica-corporal/liposuccio/
/ca/unitats-2/cirurgia-estetica-facial-2/rinoplastia-girona/,/ca/unitats/cirurgia-estetica-facial/rinoplastia-girona/
/ca/unitats-2/cirurgia-estetica-facial-2/blefaroplastia-girona/,/ca/unitats/cirurgia-estetica-facial/blefaroplastia-girona/
/ca/unitats-2/cirurgia-estetica-facial-2/otoplastia-girona/,/ca/unitats/cirurgia-estetica-facial/otoplastia-girona/
/ca/unitats-2/cirurgia-estetica-de-mames/augment-de-pit-girona-2/,/ca/unitats/cirurgia-estetica-de-mames/augment-de-pit-girona/
/ca/unitats-2/sobrepes-i-obesitat-2/bandol-gastric-girona/,/ca/unitats/sobrepes-i-obesitat/bandol-gastric-girona/
/team/emma-brugue-i-pascual/,/cirugia-plastica-girona-equipo-medico/
/en/team/emma-brugue-i-pascual/,/en/plastic-surgery-girona-medical-team/
/fr/equipe/emma-brugue-i-pascual/,/fr/chirurgie-plastique-gerone-equipe-medicale/
/ru/team/emma-brugue-i-pascual/,/ru/%d0%bf%d0%bb%d0%b0%d1%81%d1%82%d0%b8%d1%87%d0%b5%d1%81%d0%ba%d0%b0%d1%8f-%d1%85%d0%b8%d1%80%d1%83%d1%80%d0%b3%d0%b8%d1%8f-%d0%b6%d0%b8%d1%80%d0%be%d0%bd%d0%b0-%d0%bc%d0%b5%d0%b4%d0%b8%d1%86%d0%b8/
/uk/%d0%ba%d0%be%d0%bc%d0%b0%d0%bd%d0%b4%d0%b0/emma-brugue-i-pascual/,/uk/%d0%bf%d0%bb%d0%b0%d1%81%d1%82%d0%b8%d1%87%d0%bd%d0%b0-%d1%85%d1%96%d1%80%d1%83%d1%80%d0%b3%d1%96%d1%8f-%d0%b2-%d0%b6%d0%b8%d1%80%d0%be%d0%bd%d1%96-%d0%bc%d0%b5%d0%b4%d0%b8%d1%87%d0%bd%d0%b8%d0%b9/
/ca/equip/emma-brugue-i-pascual/,/ca/cirurgia-plastica-girona-equip-medic/
/ca/equip/dr-sergio-angeles-montanez/,/ca/equip/dr-mike-dewever-3/
/ca/equip/dr-amador-garcia-ruiz-de-gordejuela/,/ca/equip/dr-valenti-puig-divi/
/ca/equip/dra-claudia-vera/,/ca/equip/dra-cristina-vera/
/category/cirugia-estetica-corporal/,/blog/
/en/category/cosmetic-surgery-3/,/en/blog/
/fr/categorie/chirurgie-esthetique-corporelle-2/,/fr/blog/
/ru/%d0%ba%d0%b0%d1%82%d0%b5%d0%b3%d0%be%d1%80%d0%b8%d1%8f/%d1%8d%d1%81%d1%82%d0%b5%d1%82%d0%b8%d1%87%d0%b5%d1%81%d0%ba%d0%b0%d1%8f-%d0%be%d0%bf%d0%b5%d1%80%d0%b0%d1%86%d0%b8%d1%8f-%d1%82%d0%b5%d0%bb%d0%b0/,/ru/%d0%b1%d0%bb%d0%be%d0%b3/
/uk/%d0%ba%d0%b0%d1%82%d0%b5%d0%b3%d0%be%d1%80%d1%96%d1%8f/%d0%b5%d1%81%d1%82%d0%b5%d1%82%d0%b8%d1%87%d0%bd%d0%b0-%d1%85%d1%96%d1%80%d1%83%d1%80%d0%b3%d1%96%d1%8f-%d1%82%d1%96%d0%bb%d0%b0-2/,/uk/%d0%b1%d0%bb%d0%be%d0%b3/
/ca/categoria/cirurgia-estetica-corporal-2/,/ca/bloc/
/category/cirugia-estetica-facial/,/blog/
/en/category/cosmetic-facial-surgery-2/,/en/blog/
/fr/categorie/chirurgie-esthetique-faciale/,/fr/blog/
/ru/%d0%ba%d0%b0%d1%82%d0%b5%d0%b3%d0%be%d1%80%d0%b8%d1%8f/%d0%bf%d0%bb%d0%b0%d1%81%d1%82%d0%b8%d1%87%d0%b5%d1%81%d0%ba%d0%b0%d1%8f-%d1%85%d0%b8%d1%80%d1%83%d1%80%d0%b3%d0%b8%d1%8f-%d0%bb%d0%b8%d1%86%d0%b0/,/ru/%d0%b1%d0%bb%d0%be%d0%b3/
/uk/%d0%ba%d0%b0%d1%82%d0%b5%d0%b3%d0%be%d1%80%d1%96%d1%8f/%d0%b5%d1%81%d1%82%d0%b5%d1%82%d0%b8%d1%87%d0%bd%d0%b0-%d1%85%d1%96%d1%80%d1%83%d1%80%d0%b3%d1%96%d1%8f-%d0%be%d0%b1%d0%bb%d0%b8%d1%87%d1%87%d1%8f-2/,/uk/%d0%b1%d0%bb%d0%be%d0%b3/
/ca/categoria/cirurgia-estetica-facial-2/,/ca/bloc/
/category/cirugia-estetica-mamas/,/blog/
/en/category/cosmetic-breast-surgery-2/,/en/blog/
/fr/categorie/chirurgie-esthetique-des-seins-2/,/fr/blog/
/ru/%d0%ba%d0%b0%d1%82%d0%b5%d0%b3%d0%be%d1%80%d0%b8%d1%8f/%d0%bf%d0%bb%d0%b0%d1%81%d1%82%d0%b8%d1%87%d0%b5%d1%81%d0%ba%d0%b0%d1%8f-%d1%85%d0%b8%d1%80%d1%83%d1%80%d0%b3%d0%b8%d1%8f-%d0%b3%d1%80%d1%83%d0%b4%d0%b8/,/ru/%d0%b1%d0%bb%d0%be%d0%b3/
/uk/%d0%ba%d0%b0%d1%82%d0%b5%d0%b3%d0%be%d1%80%d1%96%d1%8f/%d0%b5%d1%81%d1%82%d0%b5%d1%82%d0%b8%d1%87%d0%bd%d0%b0-%d1%85%d1%96%d1%80%d1%83%d1%80%d0%b3%d1%96%d1%8f-%d0%b3%d1%80%d1%83%d0%b4%d0%b5%d0%b9-2/,/uk/%d0%b1%d0%bb%d0%be%d0%b3/
/ca/categoria/cirurgia-estetica-de-mames/,/ca/bloc/
/category/cirugia-estetica-masculina/,/blog/
/en/category/male-cosmetic-surgery/,/en/blog/
/fr/categorie/chirurgie-esthetique-masculine/,/fr/blog/
/ru/%d0%ba%d0%b0%d1%82%d0%b5%d0%b3%d0%be%d1%80%d0%b8%d1%8f/%d0%bc%d1%83%d0%b6%d1%81%d0%ba%d0%b0%d1%8f-%d0%ba%d0%be%d1%81%d0%bc%d0%b5%d1%82%d0%b8%d1%87%d0%b5%d1%81%d0%ba%d0%b0%d1%8f-%d1%85%d0%b8%d1%80%d1%83%d1%80%d0%b3%d0%b8%d1%8f/,/ru/%d0%b1%d0%bb%d0%be%d0%b3/
/uk/%d0%ba%d0%b0%d1%82%d0%b5%d0%b3%d0%be%d1%80%d1%96%d1%8f/%d1%87%d0%be%d0%bb%d0%be%d0%b2%d1%96%d1%87%d0%b0-%d0%b5%d1%81%d1%82%d0%b5%d1%82%d0%b8%d1%87%d0%bd%d0%b0-%d1%85%d1%96%d1%80%d1%83%d1%80%d0%b3%d1%96%d1%8f/,/uk/%d0%b1%d0%bb%d0%be%d0%b3/
/ca/categoria/cirurgia-estetica-masculina-2/,/ca/bloc/
/category/cirurgia-estetica-corporal/,/blog/
/en/category/body-contouring-surgery/,/en/blog/
/fr/categorie/chirurgie-esthetique-corporelle/,/fr/blog/
/ru/%d0%ba%d0%b0%d1%82%d0%b5%d0%b3%d0%be%d1%80%d0%b8%d1%8f/%d1%8d%d1%81%d1%82%d0%b5%d1%82%d0%b8%d1%87%d0%b5%d1%81%d0%ba%d0%b0%d1%8f-%d1%85%d0%b8%d1%80%d1%83%d1%80%d0%b3%d0%b8%d1%8f-%d1%82%d0%b5%d0%bb%d0%b0/,/ru/%d0%b1%d0%bb%d0%be%d0%b3/
/uk/%d0%ba%d0%b0%d1%82%d0%b5%d0%b3%d0%be%d1%80%d1%96%d1%8f/%d0%b5%d1%81%d1%82%d0%b5%d1%82%d0%b8%d1%87%d0%bd%d0%b0-%d1%85%d1%96%d1%80%d1%83%d1%80%d0%b3%d1%96%d1%8f-%d1%82%d1%96%d0%bb%d0%b0/,/uk/%d0%b1%d0%bb%d0%be%d0%b3/
/ca/categoria/cirurgia-estetica-corporal/,/ca/bloc/
/category/cirurgia-estetica-facial/,/blog/
/en/category/cosmetic-facial-surgery/,/en/blog/
/fr/categorie/chirurgie-esthetique-du-visage/,/fr/blog/
/ru/%d0%ba%d0%b0%d1%82%d0%b5%d0%b3%d0%be%d1%80%d0%b8%d1%8f/%d0%bf%d0%bb%d0%b0%d1%81%d1%82%d0%b8%d1%87%d0%b5%d1%81%d0%ba%d0%b0%d1%8f-%d0%be%d0%bf%d0%b5%d1%80%d0%b0%d1%86%d0%b8%d1%8f-%d0%bd%d0%b0-%d0%bb%d0%b8%d1%86%d0%b5/,/ru/%d0%b1%d0%bb%d0%be%d0%b3/
/uk/%d0%ba%d0%b0%d1%82%d0%b5%d0%b3%d0%be%d1%80%d1%96%d1%8f/%d0%b5%d1%81%d1%82%d0%b5%d1%82%d0%b8%d1%87%d0%bd%d0%b0-%d1%85%d1%96%d1%80%d1%83%d1%80%d0%b3%d1%96%d1%8f-%d0%be%d0%b1%d0%bb%d0%b8%d1%87%d1%87%d1%8f/,/uk/%d0%b1%d0%bb%d0%be%d0%b3/
/ca/categoria/cirurgia-estetica-facial/,/ca/bloc/
/category/cirurgia-estetica-mames/,/blog/
/en/category/cosmetic-breast-surgery/,/en/blog/
/fr/categorie/chirurgie-esthetique-des-seins/,/fr/blog/
/ru/%d0%ba%d0%b0%d1%82%d0%b5%d0%b3%d0%be%d1%80%d0%b8%d1%8f/%d1%8d%d1%81%d1%82%d0%b5%d1%82%d0%b8%d1%87%d0%b5%d1%81%d0%ba%d0%b0%d1%8f-%d1%85%d0%b8%d1%80%d1%83%d1%80%d0%b3%d0%b8%d1%8f-%d0%b3%d1%80%d1%83%d0%b4%d0%b8/,/ru/%d0%b1%d0%bb%d0%be%d0%b3/
/uk/%d0%ba%d0%b0%d1%82%d0%b5%d0%b3%d0%be%d1%80%d1%96%d1%8f/%d0%b5%d1%81%d1%82%d0%b5%d1%82%d0%b8%d1%87%d0%bd%d0%b0-%d1%85%d1%96%d1%80%d1%83%d1%80%d0%b3%d1%96%d1%8f-%d0%b3%d1%80%d1%83%d0%b4%d0%b5%d0%b9/,/uk/%d0%b1%d0%bb%d0%be%d0%b3/
/ca/categoria/cirurgia-estetica-pits/,/ca/bloc/
/category/cirurgia-estetica-masculina/,/blog/
/en/category/male-cosmetic-surgery-2/,/en/blog/
/fr/categorie/chirurgie-esthetique-masculine-2/,/fr/blog/
/ru/%d0%ba%d0%b0%d1%82%d0%b5%d0%b3%d0%be%d1%80%d0%b8%d1%8f/%d0%bc%d1%83%d0%b6%d1%81%d0%ba%d0%b0%d1%8f-%d0%bf%d0%bb%d0%b0%d1%81%d1%82%d0%b8%d1%87%d0%b5%d1%81%d0%ba%d0%b0%d1%8f-%d1%85%d0%b8%d1%80%d1%83%d1%80%d0%b3%d0%b8%d1%8f/,/ru/%d0%b1%d0%bb%d0%be%d0%b3/
/uk/%d0%ba%d0%b0%d1%82%d0%b5%d0%b3%d0%be%d1%80%d1%96%d1%8f/%d1%87%d0%be%d0%bb%d0%be%d0%b2%d1%96%d1%87%d0%b0-%d0%b5%d1%81%d1%82%d0%b5%d1%82%d0%b8%d1%87%d0%bd%d0%b0-%d1%85%d1%96%d1%80%d1%83%d1%80%d0%b3%d1%96%d1%8f-2/,/uk/%d0%b1%d0%bb%d0%be%d0%b3/
/ca/categoria/cirurgia-estetica-masculina/,/ca/bloc/
/category/gabinet-destetica/,/blog/
/en/category/aesthetic-cabinet/,/en/blog/
/fr/categorie/cabinet-desthetique/,/fr/blog/
/ru/%d0%ba%d0%b0%d1%82%d0%b5%d0%b3%d0%be%d1%80%d0%b8%d1%8f/%d0%ba%d0%b0%d0%b1%d0%b8%d0%bd%d0%b5%d1%82-%d1%8d%d1%81%d1%82%d0%b5%d1%82%d0%b8%d0%ba%d0%b8-2/,/ru/%d0%b1%d0%bb%d0%be%d0%b3/
/uk/%d0%ba%d0%b0%d1%82%d0%b5%d0%b3%d0%be%d1%80%d1%96%d1%8f/%d1%81%d0%b0%d0%bb%d0%be%d0%bd-%d0%ba%d1%80%d0%b0%d1%81%d0%b8-2/,/uk/%d0%b1%d0%bb%d0%be%d0%b3/
/ca/categoria/gabinet-destetica/,/ca/bloc/
/category/gabinete-de-estetica/,/blog/
/en/category/beauty-salon/,/en/blog/
/fr/categorie/institut-de-beaute/,/fr/blog/
/ru/%d0%ba%d0%b0%d1%82%d0%b5%d0%b3%d0%be%d1%80%d0%b8%d1%8f/%d0%ba%d0%b0%d0%b1%d0%b8%d0%bd%d0%b5%d1%82-%d1%8d%d1%81%d1%82%d0%b5%d1%82%d0%b8%d0%ba%d0%b8/,/ru/%d0%b1%d0%bb%d0%be%d0%b3/
/uk/%d0%ba%d0%b0%d1%82%d0%b5%d0%b3%d0%be%d1%80%d1%96%d1%8f/%d1%81%d0%b0%d0%bb%d0%be%d0%bd-%d0%ba%d1%80%d0%b0%d1%81%d0%b8/,/uk/%d0%b1%d0%bb%d0%be%d0%b3/
/ca/categoria/gabinet-destetica-2/,/ca/bloc/
/category/medicina-estetica-corporal-ca/,/blog/
/en/category/medicina-estetica-corporal-ca/,/en/blog/
/fr/categorie/medicina-estetica-corporal-ca/,/fr/blog/
/ru/%d0%ba%d0%b0%d1%82%d0%b5%d0%b3%d0%be%d1%80%d0%b8%d1%8f/%d1%8d%d1%81%d1%82%d0%b5%d1%82%d0%b8%d1%87%d0%b5%d1%81%d0%ba%d0%b0%d1%8f-%d0%bc%d0%b5%d0%b4%d0%b8%d1%86%d0%b8%d0%bd%d0%b0-%d1%82%d0%b5%d0%bb%d0%b0-2/,/ru/%d0%b1%d0%bb%d0%be%d0%b3/
/uk/%d0%ba%d0%b0%d1%82%d0%b5%d0%b3%d0%be%d1%80%d1%96%d1%8f/%d0%b5%d1%81%d1%82%d0%b5%d1%82%d0%b8%d1%87%d0%bd%d0%b0-%d0%bc%d0%b5%d0%b4%d0%b8%d1%86%d0%b8%d0%bd%d0%b0-%d0%b4%d0%bb%d1%8f-%d1%82%d1%96%d0%bb%d0%b0-ca/,/uk/%d0%b1%d0%bb%d0%be%d0%b3/
/ca/categoria/medicina-estetica-corporal-ca/,/ca/bloc/
/category/medicina-estetica-corporal/,/blog/
/en/category/cosmetic-body-medicine/,/en/blog/
/fr/categorie/medecine-esthetique-corporelle/,/fr/blog/
/ru/%d0%ba%d0%b0%d1%82%d0%b5%d0%b3%d0%be%d1%80%d0%b8%d1%8f/%d1%8d%d1%81%d1%82%d0%b5%d1%82%d0%b8%d1%87%d0%b5%d1%81%d0%ba%d0%b0%d1%8f-%d0%bc%d0%b5%d0%b4%d0%b8%d1%86%d0%b8%d0%bd%d0%b0-%d1%82%d0%b5%d0%bb%d0%b0/,/ru/%d0%b1%d0%bb%d0%be%d0%b3/
/uk/%d0%ba%d0%b0%d1%82%d0%b5%d0%b3%d0%be%d1%80%d1%96%d1%8f/%d0%b5%d1%81%d1%82%d0%b5%d1%82%d0%b8%d1%87%d0%bd%d0%b0-%d0%bc%d0%b5%d0%b4%d0%b8%d1%86%d0%b8%d0%bd%d0%b0-%d0%b4%d0%bb%d1%8f-%d1%82%d1%96%d0%bb%d0%b0/,/uk/%d0%b1%d0%bb%d0%be%d0%b3/
/ca/categoria/medicina-estetica-corporal/,/ca/bloc/
/category/medicina-estetica-facial/,/blog/
/en/category/facial-aesthetic-medicine/,/en/blog/
/fr/categorie/medecine-esthetique-faciale/,/fr/blog/
/ru/%d0%ba%d0%b0%d1%82%d0%b5%d0%b3%d0%be%d1%80%d0%b8%d1%8f/%d1%8d%d1%81%d1%82%d0%b5%d1%82%d0%b8%d1%87%d0%b5%d1%81%d0%ba%d0%b0%d1%8f-%d0%bc%d0%b5%d0%b4%d0%b8%d1%86%d0%b8%d0%bd%d0%b0-%d0%bb%d0%b8%d1%86%d0%b0/,/ru/%d0%b1%d0%bb%d0%be%d0%b3/
/uk/%d0%ba%d0%b0%d1%82%d0%b5%d0%b3%d0%be%d1%80%d1%96%d1%8f/%d0%b5%d1%81%d1%82%d0%b5%d1%82%d0%b8%d1%87%d0%bd%d0%b0-%d0%bc%d0%b5%d0%b4%d0%b8%d1%86%d0%b8%d0%bd%d0%b0-%d0%b4%d0%bb%d1%8f-%d0%be%d0%b1%d0%bb%d0%b8%d1%87%d1%87%d1%8f/,/uk/%d0%b1%d0%bb%d0%be%d0%b3/
/ca/categoria/medicina-estetica-facial/,/ca/bloc/
/category/medicina-estetica-facial-ca/,/blog/
/en/category/medicina-estetica-facial-ca/,/en/blog/
/fr/categorie/medicina-estetica-facial-ca/,/fr/blog/
/ru/%d0%ba%d0%b0%d1%82%d0%b5%d0%b3%d0%be%d1%80%d0%b8%d1%8f/medicina-estetica-facial-ca/,/ru/%d0%b1%d0%bb%d0%be%d0%b3/
/uk/%d0%ba%d0%b0%d1%82%d0%b5%d0%b3%d0%be%d1%80%d1%96%d1%8f/medicina-estetica-facial-ca/,/uk/%d0%b1%d0%bb%d0%be%d0%b3/
/ca/categoria/medicina-estetica-facial-ca/,/ca/bloc/
/category/sobrepes-i-obesitat/,/blog/
/en/category/overweight-and-obesity/,/en/blog/
/fr/categorie/surpoids-et-obesite/,/fr/blog/
/ru/%d0%ba%d0%b0%d1%82%d0%b5%d0%b3%d0%be%d1%80%d0%b8%d1%8f/%d0%b8%d0%b7%d0%b1%d1%8b%d1%82%d0%be%d1%87%d0%bd%d1%8b%d0%b9-%d0%b2%d0%b5%d1%81-%d0%b8-%d0%be%d0%b6%d0%b8%d1%80%d0%b5%d0%bd%d0%b8%d0%b5/,/ru/%d0%b1%d0%bb%d0%be%d0%b3/
/uk/%d0%ba%d0%b0%d1%82%d0%b5%d0%b3%d0%be%d1%80%d1%96%d1%8f/%d0%bd%d0%b0%d0%b4%d0%bc%d1%96%d1%80%d0%bd%d0%b0-%d0%b2%d0%b0%d0%b3%d0%b0-%d1%82%d0%b0-%d0%be%d0%b6%d0%b8%d1%80%d1%96%d0%bd%d0%bd%d1%8f/,/uk/%d0%b1%d0%bb%d0%be%d0%b3/
/ca/categoria/sobrepes-i-obesitat/,/ca/bloc/
/category/sobrepeso-obesidad/,/blog/
/en/category/sobrepeso-obesidad/,/en/blog/
/fr/categorie/sobrepeso-obesidad/,/fr/blog/
/ru/%d0%ba%d0%b0%d1%82%d0%b5%d0%b3%d0%be%d1%80%d0%b8%d1%8f/%d0%b8%d0%b7%d0%b1%d1%8b%d1%82%d0%be%d1%87%d0%bd%d1%8b%d0%b9-%d0%b2%d0%b5%d1%81-%d0%be%d0%b6%d0%b8%d1%80%d0%b5%d0%bd%d0%b8%d0%b5/,/ru/%d0%b1%d0%bb%d0%be%d0%b3/
/uk/%d0%ba%d0%b0%d1%82%d0%b5%d0%b3%d0%be%d1%80%d1%96%d1%8f/%d0%bd%d0%b0%d0%b4%d0%bc%d1%96%d1%80%d0%bd%d0%b0-%d0%b2%d0%b0%d0%b3%d0%b0-%d0%be%d0%b6%d0%b8%d1%80%d1%96%d0%bd%d0%bd%d1%8f/,/uk/%d0%b1%d0%bb%d0%be%d0%b3/
/ca/categoria/sobrepeso-obesidad/,/ca/bloc/
/author/nicols/,/blog/
/en/author/nicols/,/en/blog/
/fr/auteur/nicols/,/fr/blog/
/ru/%d0%b0%d0%b2%d1%82%d0%be%d1%80/nicols/,/ru/%d0%b1%d0%bb%d0%be%d0%b3/
/uk/%d0%b0%d0%b2%d1%82%d0%be%d1%80/nicols/,/uk/%d0%b1%d0%bb%d0%be%d0%b3/
/ca/autor/nicols/,/ca/bloc/
/author/infomedicstetics/,/blog/
/en/author/infomedicstetics/,/en/blog/
/fr/auteur/infomedicestetique/,/fr/blog/
/ru/%d0%b0%d0%b2%d1%82%d0%be%d1%80/%d0%b8%d0%bd%d1%84%d0%be%d0%bc%d0%b5%d0%b4%d0%b8%d0%ba%d1%8d%d1%81%d1%82%d0%b5%d1%82%d0%b8%d0%ba%d1%81/,/ru/%d0%b1%d0%bb%d0%be%d0%b3/
/uk/%d0%b0%d0%b2%d1%82%d0%be%d1%80/infomedicstetics/,/uk/%d0%b1%d0%bb%d0%be%d0%b3/
/ca/autor/infomedicsestetics/,/ca/bloc/
/unidades/medicina-estetica-facial/relleno-de-arrugas/,/unidades/cirugia-estetica-facial/relleno-de-arrugas/
/wp-content/uploads/2022/10/slider_MedicsIntegralSalut5.jpg,/images/wp/2022/10/slider_MedicsIntegralSalut5.webp
/wp-content/uploads/2022/10/slider_MedicsIntegralSalut4.jpg,/images/wp/2022/10/slider_MedicsIntegralSalut4.webp
/wp-content/uploads/2022/10/slider_MedicsIntegralSalut3.jpg,/images/wp/2022/10/slider_MedicsIntegralSalut3.webp
/wp-content/uploads/2022/10/slider_MedicsIntegralSalut2.jpg,/images/wp/2022/10/slider_MedicsIntegralSalut2.webp
/wp-content/uploads/2022/10/slider_MedicsIntegralSalut1.jpg,/images/wp/2022/10/slider_MedicsIntegralSalut1.webp
/wp-content/uploads/2022/10/slider_MedicsIntegralSalut0.jpg,/images/wp/2022/10/slider_MedicsIntegralSalut0.webp
/wp-content/uploads/2022/10/slider_MedicsIntegralSalut6.jpg,/images/wp/2022/10/slider_MedicsIntegralSalut6.webp
/medicina-estetica-corporal/liposuccion-sin-cirugia/,/unidades/medicina-estetica-corporal/liposuccion-sin-cirugia/
/unidades/reduccion-de-volumen-girona/,/unidades/gabinete-de-estetica/reduccion-de-volumen-girona/
/unidades/sobrepeso-y-obesidad/cirugia-bariatrica/bypass-gastrico-2/,/unidades/sobrepeso-y-obesidad/cirugia-bariatrica/bypass-gastrico/
/unidades/sobrepeso-y-obesidad/cirugia-bariatrica/cruce-duodenal-2/,/unidades/sobrepeso-y-obesidad/cirugia-bariatrica/cruce-duodenal/
/en/units/cosmetic-breast-surgery-2/,/en/units/cosmetic-breast-surgery-2/breast-augmentation-girona-3/
/fr/unites/chirurgie-esthetique-des-seins-2/,/fr/unites/chirurgie-esthetique-des-seins-2/augmentation-mammaire-gerone/
/ru/%d0%b5%d0%b4%d0%b8%d0%bd%d0%b8%d1%86%d1%8b/%d0%bf%d0%bb%d0%b0%d1%81%d1%82%d0%b8%d1%87%d0%b5%d1%81%d0%ba%d0%b0%d1%8f-%d1%85%d0%b8%d1%80%d1%83%d1%80%d0%b3%d0%b8%d1%8f-%d0%b3%d1%80%d1%83%d0%b4%d0%b8/,/ru/единицы/пластическая-хирургия-груди/увеличение-груди-жирона-2/
/uk/%d0%be%d0%b4%d0%b8%d0%bd%d0%b8%d1%86%d1%96/%d0%b5%d1%81%d1%82%d0%b5%d1%82%d0%b8%d1%87%d0%bd%d0%b0-%d1%85%d1%96%d1%80%d1%83%d1%80%d0%b3%d1%96%d1%8f-%d0%b3%d1%80%d1%83%d0%b4%d0%b5%d0%b9-2/,/uk/одиниці/естетична-хірургія-грудей-2/збільшення-грудей-у-жироні-2/
/ca/unitats-2/cirurgia-estetica-de-mames/,/ca/unitats/cirurgia-estetica-de-mames/augment-de-pit-girona/
/category/sin-categorizar/,/blog/
/tag/abans-i-despres-otoplastia/,/blog/
/tag/alimentacio/,/blog/
/tag/alimentacion/,/blog/
/tag/antes-y-despues-otoplastia/,/blog/
/tag/augment-de-pit/,/blog/
/tag/aumento-de-pecho/,/blog/
/tag/bellesa/,/blog/
/tag/belleza/,/blog/
/tag/cirurgia-bariatrica/,/blog/
/tag/cures-per-la-pell/,/blog/
/tag/estetica-ca/,/blog/
/tag/estetica/,/blog/
/tag/evaluacio/,/blog/
/tag/flacidez/,/blog/
/tag/glutis/,/blog/
/tag/greix/,/blog/
/tag/implantes-mamarios/,/blog/
/tag/lifting-ca/,/blog/
/tag/lipofilling-ca/,/blog/
/tag/liposuccion/,/blog/
/tag/liposuccion-vaser/,/blog/
/tag/lipovaser/,/blog/
/tag/mamas-tuberosas/,/blog/
/tag/mames-tuberoses/,/blog/
/tag/mida-de-protesi/,/blog/
/tag/mounjaro/,/la-importante-ayuda-de-los-farmacos-en-la-perdida-de-peso-ozempic-y-mounjaro-en-nuestra-clinica/
/tag/obesidad/,/blog/
/tag/obesitat/,/blog/
/tag/ozempic/,/la-importante-ayuda-de-los-farmacos-en-la-perdida-de-peso-ozempic-y-mounjaro-en-nuestra-clinica/
/tag/pell/,/blog/
/tag/piel/,/blog/
/tag/postoperatorio-rinoplastia/,/blog/
/tag/protesis-ergonomicas/,/blog/
/tag/protesis-redondas-vs-protesis-ergonomicas/,/blog/
/tag/radiofrecuencia/,/blog/
/tag/reduccion-de-pecho/,/blog/
/tag/resultats/,/blog/
/tag/rostre/,/blog/
/tag/tractaments/,/blog/
/tag/tecnica-quirurgica-ca/,/blog/
/tag/tecniques/,/blog/
/tag/tecnica-quirurgica/,/blog/
/tag/tecnicas/,/blog/
/tag/ulls/,/blog/
/tag/vida-saludable-ca/,/blog/
/portfolio_page/bypass-gastric-amador-emili/,/ca/portfoli_pagina/bypass-gastric-amador-emili/
/ca/portfoli_pagina/video-prueba-2/,/ca/portfoli_pagina/video-prueba/
/en/cosmetic-body-medicine/non-surgical-liposuction/,/en/units/cosmetic-body-medicine/non-surgical-liposuction/
/en/units/volume-reduction-girona-2/,/en/units/beauty-salon/volume-reduction-girona-2/
/en/units/overweight-and-obesity-2/bariatric-surgery-2/duodenal-crossing-2/,/en/units/overweight-and-obesity-2/bariatric-surgery-2/duodenal-crossing/
/tag/rinoplastia-sin-cirugia/,/blog/
/ca/unitats/cirurgia-estetica-mames/augment-de-pit/,/ca/unitats/cirurgia-estetica-de-mames/augmentacio-mamaria/
/wp-content/uploads/2022/02/Cirugia-Bariatrica-BYPASS.mp4,/media/Cirugia-Bariatrica-BYPASS.mp4
/tag/rinoplastia-ca/,/blog/
/tag/rinoplastia/,/blog/
/tag/cirugia-bariatrica/,/blog/
/tag/rostro/,/blog/
/tag/resultados/,/blog/
/tag/tratamientos/,/blog/
/tag/grasa/,/blog/
/tag/lipofilling/,/blog/
/en/tag/before-and-after-otoplasty/,/en/blog/
/fr/etiquette/avant-et-apres-otoplastie/,/fr/blog/
/ca/etiqueta/abans-i-despres-otoplastia/,/ca/bloc/
/en/tag/alimentacio/,/en/blog/
/fr/etiquette/alimentation/,/fr/blog/
/ca/etiqueta/alimentacio/,/ca/bloc/
/en/tag/feeding/,/en/blog/
/fr/etiquette/alimentacion/,/fr/blog/
/ca/etiqueta/alimentacion/,/ca/bloc/
/en/tag/antes-y-despues-otoplastia/,/en/blog/
/fr/etiquette/avant-et-apres-otoplastie-2/,/fr/blog/
/ca/etiqueta/antes-y-despues-otoplastia/,/ca/bloc/
/wp-content/uploads/2019/10/blefaroplastia.jpg,/images/wp/2019/10/blefaroplastia.webp
/wp-content/uploads/2019/10/1-1.jpg,/images/wp/2019/10/1-1.webp
/wp-content/uploads/2019/10/Blefaroplastia-3.jpg,/images/wp/2019/10/Blefaroplastia-3.webp
/wp-content/uploads/2019/10/Operacion-pecho1.jpg,/images/wp/2019/10/Operacion-pecho1.webp
/wp-content/uploads/2019/10/Operacion-pecho8.jpg,/images/wp/2019/10/Operacion-pecho8.webp
/wp-content/uploads/2019/10/Operacion-pecho4.jpg,/images/wp/2019/10/Operacion-pecho4.webp
/wp-content/uploads/2019/10/Operacion-pecho5.jpg,/images/wp/2019/10/Operacion-pecho5.webp
/wp-content/uploads/2019/10/Operacion-pecho6.jpg,/images/wp/2019/10/Operacion-pecho6.webp
/wp-content/uploads/2019/10/Operacion-pecho7.jpg,/images/wp/2019/10/Operacion-pecho7.webp
/wp-content/uploads/2019/10/antes-despues-rinoplastia.jpg,/images/wp/2019/10/antes-despues-rinoplastia.webp
/wp-content/uploads/2019/10/antes-despues-rinoplastia-2.jpg,/images/wp/2019/10/antes-despues-rinoplastia-2.webp
/wp-content/uploads/2019/10/antes-despues-rinoplastia-3.jpg,/images/wp/2019/10/antes-despues-rinoplastia-3.webp
/ca/politica-de-privacitat/,/ca/politica-de-privadesa/
/en/tag/non-surgical-rhinoplasty/,/en/blog/
/fr/etiquette/rhinoplastie-sans-chirurgie/,/fr/blog/
/ca/etiqueta/rinoplastia-sin-cirugia/,/ca/bloc/
/ca/unitats/medicina-estetica-facial/arrugues-expressio/,/ca/unitats/medicina-estetica-facial/arrugues-dexpressio/
/en/tag/rinoplastia-ca/,/en/blog/
/fr/etiquette/rinoplastia-ca/,/fr/blog/
/ca/etiqueta/rinoplastia-ca/,/ca/bloc/
/en/tag/rhinoplasty/,/en/blog/
/fr/etiquette/rhinoplastie/,/fr/blog/
/ca/etiqueta/rinoplastia/,/ca/bloc/
/en/tag/bariatric-surgery-2/,/en/blog/
/fr/etiquette/chirurgie-bariatrique-2/,/fr/blog/
/ca/etiqueta/cirurgia-bariatrica-2/,/ca/bloc/
/en/tag/face/,/en/blog/
/fr/etiquette/rostro/,/fr/blog/
/ca/etiqueta/rostro/,/ca/bloc/
/en/tag/resultados/,/en/blog/
/fr/etiquette/resultados/,/fr/blog/
/ca/etiqueta/resultats-2/,/ca/bloc/
/en/tag/tratamientos/,/en/blog/
/fr/etiquette/tratamientos/,/fr/blog/
/ca/etiqueta/tractaments-2/,/ca/bloc/
/en/tag/grease/,/en/blog/
/fr/etiquette/graisse-2/,/fr/blog/
/ca/etiqueta/greix-2/,/ca/bloc/
/en/tag/lipofilling/,/en/blog/
/fr/etiquette/lipofilling/,/fr/blog/
/ca/etiqueta/lipofilling/,/ca/bloc/
/en/category/uncategorised/,/en/blog/
/en/tag/augment-of-pit/,/en/blog/
/en/tag/breast-augmentation/,/en/blog/
/en/tag/beauty/,/en/blog/
/en/tag/beauty-2/,/en/blog/
/en/tag/bariatric-surgery/,/en/blog/
/en/tag/skin-cures/,/en/blog/
/en/tag/estetica-ca/,/en/blog/
/en/tag/estetica/,/en/blog/
/en/tag/evaluation/,/en/blog/
/en/tag/slackness/,/en/blog/
/en/tag/gluteus/,/en/blog/
/en/tag/grease-2/,/en/blog/
/en/tag/breast-implants/,/en/blog/
/en/tag/lifting-ca/,/en/blog/
/en/tag/lipofilling-ca/,/en/blog/
/en/tag/liposuction-2/,/en/blog/
/en/tag/vaser-liposuction-2/,/en/blog/
/en/tag/lipo-laser/,/en/blog/
/en/tag/tubular-breasts/,/en/blog/
/en/tag/tuberous-mame/,/en/blog/
/en/tag/mida-de-protesi/,/en/blog/
/en/tag/mounjaro/,/en/blog/
/en/tag/obesity/,/en/blog/
/en/tag/obesity-2/,/en/blog/
/en/tag/ozempic/,/en/blog/
/en/tag/pell/,/en/blog/
/en/tag/skin/,/en/blog/
/en/tag/rhinoplasty-post-operative/,/en/blog/
/en/tag/protesis-ergonomicas/,/en/blog/
/en/tag/round-prostheses-vs-ergonomic-prostheses/,/en/blog/
/en/tag/radiofrequency/,/en/blog/
/en/tag/breast-reduction/,/en/blog/
/en/tag/results/,/en/blog/
/en/tag/beak/,/en/blog/
/en/tag/treatments/,/en/blog/
/en/tag/tecnica-quirurgica-ca/,/en/blog/
/en/tag/tecniques/,/en/blog/
/en/tag/tecnica-quirurgica/,/en/blog/
/en/tag/tecnicas/,/en/blog/
/en/tag/bulls/,/en/blog/
/en/tag/healthy-lifestyle/,/en/blog/
/en/category/cosmetic-facial-surgery/page/2/,/en/blog/
/wp-content/uploads/2019/10/Otoplastica-steticsmedic1.jpg,/images/wp/2019/10/Otoplastica-steticsmedic1.webp
/wp-content/uploads/2019/10/Otoplastia-steticsmedic2.jpg,/images/wp/2019/10/Otoplastia-steticsmedic2.webp
/politica-de-privacitat,/ca/politica-de-privadesa-en-xarxes-socials/
/en/politica-de-privacitat/,/en/privacy-policy/
/fr/politica-de-privacitat/,/fr/politique-de-confidentialite/
/ru/politica-de-privacitat/,/ru/%d0%bf%d0%be%d0%bb%d0%b8%d1%82%d0%b8%d0%ba%d0%b0-%d0%ba%d0%be%d0%bd%d1%84%d0%b8%d0%b4%d0%b5%d0%bd%d1%86%d0%b8%d0%b0%d0%bb%d1%8c%d0%bd%d0%be%d1%81%d1%82%d0%b8/
/uk/politica-de-privacitat/,/uk/%d0%bf%d0%be%d0%bb%d1%96%d1%82%d0%b8%d0%ba%d0%b0-%d0%ba%d0%be%d0%bd%d1%84%d1%96%d0%b4%d0%b5%d0%bd%d1%86%d1%96%d0%b9%d0%bd%d0%be%d1%81%d1%82%d1%96/
/ca/unidtats/cirurgia-estetica-masculina/blefaroplastia/,/ca/unitats/cirurgia-estetica-facial/blefaroplastia/
/wp-content/uploads/2019/10/arrugas-expresion-tratamiento2.jpg,/images/wp/2019/10/arrugas-expresion-tratamiento2.webp
/wp-content/uploads/2019/10/arrugas-expresion-tratamiento1.jpg,/images/wp/2019/10/arrugas-expresion-tratamiento1.webp
/fr/author/infomedicstetics/,/fr/blog/
/fr/etiquette/technique-chirurgicale-ca/,/fr/blog/
/fr/categorie/sans-categorie/,/fr/blog/
/fr/etiquette/augmenter-de-pit/,/fr/blog/
/fr/etiquette/augmentation-mammaire/,/fr/blog/
/fr/etiquette/beaute/,/fr/blog/
/fr/etiquette/beaute-2/,/fr/blog/
/fr/etiquette/chirurgie-bariatrique/,/fr/blog/
/fr/etiquette/soins-pour-la-peau/,/fr/blog/
/fr/etiquette/estetica-ca/,/fr/blog/
/fr/etiquette/estetica/,/fr/blog/
/fr/etiquette/evaluacio/,/fr/blog/
/fr/etiquette/flaccidite/,/fr/blog/
/fr/etiquette/fessier/,/fr/blog/
/fr/etiquette/graisse/,/fr/blog/
/fr/etiquette/implants-mammaires/,/fr/blog/
/fr/etiquette/levage-ca/,/fr/blog/
/fr/etiquette/lipofilling-ca/,/fr/blog/
/fr/etiquette/liposuccion/,/fr/blog/
/fr/etiquette/liposuccion-vaser/,/fr/blog/
/fr/etiquette/lipovaser/,/fr/blog/
/fr/etiquette/mammans-tubereuses/,/fr/blog/
/fr/etiquette/mames-tubereuses/,/fr/blog/
/fr/etiquette/mida-de-protesi/,/fr/blog/
/fr/etiquette/mounjaro/,/fr/blog/
/fr/etiquette/obesite-2/,/fr/blog/
/fr/etiquette/obesite/,/fr/blog/
/fr/etiquette/ozempic/,/fr/blog/
/fr/etiquette/pel/,/fr/blog/
/fr/etiquette/peau/,/fr/blog/
/fr/etiquette/postoperatoire-rhinoplastie/,/fr/blog/
/fr/etiquette/protheses-ergonomiques/,/fr/blog/
/fr/etiquette/protesis-redondas-vs-protesis-ergonomicas/,/fr/blog/
/fr/etiquette/radiofrequence/,/fr/blog/
/fr/etiquette/reduction-mammaire/,/fr/blog/
/fr/etiquette/resultats/,/fr/blog/
/fr/etiquette/rostre/,/fr/blog/
/fr/etiquette/traitements/,/fr/blog/
/fr/etiquette/tecniques/,/fr/blog/
/fr/etiquette/technique-chirurgicale/,/fr/blog/
/fr/etiquette/techniques/,/fr/blog/
/fr/etiquette/taureaux/,/fr/blog/
/fr/etiquette/vie-saine/,/fr/blog/
/ru/author/infomedicstetics/,/ru/%d0%b1%d0%bb%d0%be%d0%b3/
/ru/%d0%ba%d0%b0%d1%82%d0%b5%d0%b3%d0%be%d1%80%d0%b8%d1%8f/%d0%bd%d0%b5-%d0%ba%d0%b0%d1%82%d0%b5%d0%b3%d0%be%d1%80%d0%b8%d0%b7%d0%b8%d1%80%d0%be%d0%b2%d0%b0%d0%bd%d0%bd%d1%8b%d0%b9/,/ru/%d0%b1%d0%bb%d0%be%d0%b3/
/uk/author/infomedicstetics/,/uk/%d0%b1%d0%bb%d0%be%d0%b3/
/uk/%d0%ba%d0%b0%d1%82%d0%b5%d0%b3%d0%be%d1%80%d1%96%d1%8f/%d0%b1%d0%b5%d0%b7-%d0%ba%d0%b0%d1%82%d0%b5%d0%b3%d0%be%d1%80%d1%96%d1%97/,/uk/%d0%b1%d0%bb%d0%be%d0%b3/
/ca/author/infomedicstetics/,/ca/bloc/
/ca/etiqueta/tecnica-quirurgica-ca/,/ca/bloc/
/ca/categoria/sense-categoritzar/,/ca/bloc/
/ca/etiqueta/augment-de-pit/,/ca/bloc/
/ca/etiqueta/augmentacio-mamaria/,/ca/bloc/
/ca/etiqueta/bellesa/,/ca/bloc/
/ca/etiqueta/cirurgia-bariatrica/,/ca/bloc/
/ca/etiqueta/cures-per-a-la-pell/,/ca/bloc/
/ca/etiqueta/estetica-ca/,/ca/bloc/
/ca/etiqueta/estetica/,/ca/bloc/
/ca/etiqueta/avaluacio/,/ca/bloc/
/ca/etiqueta/flacciditat/,/ca/bloc/
/ca/etiqueta/glutis/,/ca/bloc/
/ca/etiqueta/greix/,/ca/bloc/
/ca/etiqueta/implants-mamaris/,/ca/bloc/
/ca/etiqueta/lifting-ca/,/ca/bloc/
/ca/etiqueta/lipofilling-de-calci/,/ca/bloc/
/ca/etiqueta/liposuccio-2/,/ca/bloc/
/ca/etiqueta/liposuccio-vaser-2/,/ca/bloc/
/ca/etiqueta/lipovaser/,/ca/bloc/
/ca/etiqueta/mames-tuberoses-2/,/ca/bloc/
/ca/etiqueta/mamelles-tuberoses/,/ca/bloc/
/ca/etiqueta/mida-de-protesi/,/ca/bloc/
/ca/etiqueta/mounjaro/,/ca/bloc/
/ca/etiqueta/obesitat-2/,/ca/bloc/
/ca/etiqueta/obesitat/,/ca/bloc/
/ca/etiqueta/ozempic/,/ca/bloc/
/ca/etiqueta/pell/,/ca/bloc/
/ca/etiqueta/postoperatori-rinoplastia/,/ca/bloc/
/ca/etiqueta/protesis-ergonomiques/,/ca/bloc/
/ca/etiqueta/protesis-redondas-vs-protesis-ergonomicas/,/ca/bloc/
/ca/etiqueta/radiofrequencia/,/ca/bloc/
/ca/etiqueta/reduccio-de-pits/,/ca/bloc/
/ca/etiqueta/resultats/,/ca/bloc/
/ca/etiqueta/cara/,/ca/bloc/
/ca/etiqueta/tractaments/,/ca/bloc/
/ca/etiqueta/tecniques/,/ca/bloc/
/ca/etiqueta/tecnica-quirurgica/,/ca/bloc/
/ca/etiqueta/tecnicas/,/ca/bloc/
/ca/etiqueta/ulls/,/ca/bloc/
/ca/etiqueta/vida-saludable-catala/,/ca/bloc/
/en/category/cosmetic-facial-surgery-2/page/2/,/en/blog/
/en/category/cosmetic-breast-surgery-2/page/2/,/en/blog/
/en/category/cosmetic-body-medicine/page/2/,/en/blog/
/en/category/medicina-estetica-corporal-ca/page/2/,/en/blog/
/fr/author/nicols/,/fr/blog/
/ru/author/nicols/,/ru/%d0%b1%d0%bb%d0%be%d0%b3/
/uk/author/nicols/,/uk/%d0%b1%d0%bb%d0%be%d0%b3/
/ca/author/nicols/,/ca/bloc/
/en/tag/rinoplastia-sense-cirurgia/,/en/blog/
/en/tag/rinoplastia-ultrasonica-ca/,/en/blog/
/category/cirurgia-estetica-facial/page/2/,/blog/
/fr/categorie/chirurgie-esthetique-du-visage/page/2/,/fr/blog/
/ru/%d0%ba%d0%b0%d1%82%d0%b5%d0%b3%d0%be%d1%80%d0%b8%d1%8f/%d0%bf%d0%bb%d0%b0%d1%81%d1%82%d0%b8%d1%87%d0%b5%d1%81%d0%ba%d0%b0%d1%8f-%d0%be%d0%bf%d0%b5%d1%80%d0%b0%d1%86%d0%b8%d1%8f-%d0%bd%d0%b0-%d0%bb%d0%b8%d1%86%d0%b5/%d1%81%d1%82%d1%80%d0%b0%d0%bd%d0%b8%d1%86%d0%b0/2/,/ru/%d0%b1%d0%bb%d0%be%d0%b3/
/uk/%d0%ba%d0%b0%d1%82%d0%b5%d0%b3%d0%be%d1%80%d1%96%d1%8f/%d0%b5%d1%81%d1%82%d0%b5%d1%82%d0%b8%d1%87%d0%bd%d0%b0-%d1%85%d1%96%d1%80%d1%83%d1%80%d0%b3%d1%96%d1%8f-%d0%be%d0%b1%d0%bb%d0%b8%d1%87%d1%87%d1%8f/%d1%81%d1%82%d0%be%d1%80%d1%96%d0%bd%d0%ba%d0%b0/2/,/uk/%d0%b1%d0%bb%d0%be%d0%b3/
/ca/categoria/cirurgia-estetica-facial/pagina/2/,/ca/bloc/
/en/tag/ultrasonic-rhinoplasty/,/en/blog/
/fr/etiquette/rhinoplastie-ultrasonique/,/fr/blog/
/ca/etiqueta/rinoplastia-ultrasonica/,/ca/bloc/
/en/author/infomedicstetics/page/2/,/en/blog/
/fr/auteur/infomedicestetique/page/2/,/fr/blog/
/fr/categorie/chirurgie-esthetique-faciale/page/2/,/fr/blog/
/fr/categorie/chirurgie-esthetique-des-seins-2/page/2/,/fr/blog/
/fr/categorie/medecine-esthetique-corporelle/page/2/,/fr/blog/
/fr/categorie/medicina-estetica-corporal-ca/page/2/,/fr/blog/
/ru/%d0%b0%d0%b2%d1%82%d0%be%d1%80/%d0%b8%d0%bd%d1%84%d0%be%d0%bc%d0%b5%d0%b4%d0%b8%d0%ba%d1%8d%d1%81%d1%82%d0%b5%d1%82%d0%b8%d0%ba%d1%81/%d1%81%d1%82%d1%80%d0%b0%d0%bd%d0%b8%d1%86%d0%b0/2/,/ru/%d0%b1%d0%bb%d0%be%d0%b3/
/ru/%d0%ba%d0%b0%d1%82%d0%b5%d0%b3%d0%be%d1%80%d0%b8%d1%8f/%d0%bf%d0%bb%d0%b0%d1%81%d1%82%d0%b8%d1%87%d0%b5%d1%81%d0%ba%d0%b0%d1%8f-%d1%85%d0%b8%d1%80%d1%83%d1%80%d0%b3%d0%b8%d1%8f-%d0%bb%d0%b8%d1%86%d0%b0/%d1%81%d1%82%d1%80%d0%b0%d0%bd%d0%b8%d1%86%d0%b0/2/,/ru/%d0%b1%d0%bb%d0%be%d0%b3/
/ru/%d0%ba%d0%b0%d1%82%d0%b5%d0%b3%d0%be%d1%80%d0%b8%d1%8f/%d0%bf%d0%bb%d0%b0%d1%81%d1%82%d0%b8%d1%87%d0%b5%d1%81%d0%ba%d0%b0%d1%8f-%d1%85%d0%b8%d1%80%d1%83%d1%80%d0%b3%d0%b8%d1%8f-%d0%b3%d1%80%d1%83%d0%b4%d0%b8/%d1%81%d1%82%d1%80%d0%b0%d0%bd%d0%b8%d1%86%d0%b0/2/,/ru/%d0%b1%d0%bb%d0%be%d0%b3/
/ru/%d0%ba%d0%b0%d1%82%d0%b5%d0%b3%d0%be%d1%80%d0%b8%d1%8f/%d1%8d%d1%81%d1%82%d0%b5%d1%82%d0%b8%d1%87%d0%b5%d1%81%d0%ba%d0%b0%d1%8f-%d0%bc%d0%b5%d0%b4%d0%b8%d1%86%d0%b8%d0%bd%d0%b0-%d1%82%d0%b5%d0%bb%d0%b0/%d1%81%d1%82%d1%80%d0%b0%d0%bd%d0%b8%d1%86%d0%b0/2/,/ru/%d0%b1%d0%bb%d0%be%d0%b3/
/ru/%d0%ba%d0%b0%d1%82%d0%b5%d0%b3%d0%be%d1%80%d0%b8%d1%8f/%d1%8d%d1%81%d1%82%d0%b5%d1%82%d0%b8%d1%87%d0%b5%d1%81%d0%ba%d0%b0%d1%8f-%d0%bc%d0%b5%d0%b4%d0%b8%d1%86%d0%b8%d0%bd%d0%b0-%d1%82%d0%b5%d0%bb%d0%b0-2/%d1%81%d1%82%d1%80%d0%b0%d0%bd%d0%b8%d1%86%d0%b0/2/,/ru/%d0%b1%d0%bb%d0%be%d0%b3/
/uk/%d0%b0%d0%b2%d1%82%d0%be%d1%80/infomedicstetics/%d1%81%d1%82%d0%be%d1%80%d1%96%d0%bd%d0%ba%d0%b0/2/,/uk/%d0%b1%d0%bb%d0%be%d0%b3/
/uk/%d0%ba%d0%b0%d1%82%d0%b5%d0%b3%d0%be%d1%80%d1%96%d1%8f/%d0%b5%d1%81%d1%82%d0%b5%d1%82%d0%b8%d1%87%d0%bd%d0%b0-%d1%85%d1%96%d1%80%d1%83%d1%80%d0%b3%d1%96%d1%8f-%d0%be%d0%b1%d0%bb%d0%b8%d1%87%d1%87%d1%8f-2/%d1%81%d1%82%d0%be%d1%80%d1%96%d0%bd%d0%ba%d0%b0/2/,/uk/%d0%b1%d0%bb%d0%be%d0%b3/
/uk/%d0%ba%d0%b0%d1%82%d0%b5%d0%b3%d0%be%d1%80%d1%96%d1%8f/%d0%b5%d1%81%d1%82%d0%b5%d1%82%d0%b8%d1%87%d0%bd%d0%b0-%d1%85%d1%96%d1%80%d1%83%d1%80%d0%b3%d1%96%d1%8f-%d0%b3%d1%80%d1%83%d0%b4%d0%b5%d0%b9-2/%d1%81%d1%82%d0%be%d1%80%d1%96%d0%bd%d0%ba%d0%b0/2/,/uk/%d0%b1%d0%bb%d0%be%d0%b3/
/uk/%d0%ba%d0%b0%d1%82%d0%b5%d0%b3%d0%be%d1%80%d1%96%d1%8f/%d0%b5%d1%81%d1%82%d0%b5%d1%82%d0%b8%d1%87%d0%bd%d0%b0-%d0%bc%d0%b5%d0%b4%d0%b8%d1%86%d0%b8%d0%bd%d0%b0-%d0%b4%d0%bb%d1%8f-%d1%82%d1%96%d0%bb%d0%b0/%d1%81%d1%82%d0%be%d1%80%d1%96%d0%bd%d0%ba%d0%b0/2/,/uk/%d0%b1%d0%bb%d0%be%d0%b3/
/uk/%d0%ba%d0%b0%d1%82%d0%b5%d0%b3%d0%be%d1%80%d1%96%d1%8f/%d0%b5%d1%81%d1%82%d0%b5%d1%82%d0%b8%d1%87%d0%bd%d0%b0-%d0%bc%d0%b5%d0%b4%d0%b8%d1%86%d0%b8%d0%bd%d0%b0-%d0%b4%d0%bb%d1%8f-%d1%82%d1%96%d0%bb%d0%b0-ca/%d1%81%d1%82%d0%be%d1%80%d1%96%d0%bd%d0%ba%d0%b0/2/,/uk/%d0%b1%d0%bb%d0%be%d0%b3/
/ca/autor/infomedicsestetics/pagina/2/,/ca/bloc/
/ca/categoria/cirurgia-estetica-facial-2/pagina/2/,/ca/bloc/
/ca/categoria/cirurgia-estetica-de-mames/pagina/2/,/ca/bloc/
/ca/categoria/medicina-estetica-corporal/pagina/2/,/ca/bloc/
/ca/categoria/medicina-estetica-corporal-ca/pagina/2/,/ca/bloc/
/en/category/cosmetic-facial-surgery-2/page/3/,/en/blog/
/category/cirugia-estetica-facial/page/2/,/blog/
/en/category/cosmetic-breast-surgery-2/page/3/,/en/blog/
/category/cirugia-estetica-mamas/page/2/,/blog/
/en/tag/cuidados-para-la-piel/,/en/blog/
/en/tag/ojos/,/en/blog/
/en/tag/lifting/,/en/blog/
/category/medicina-estetica-corporal/page/2/,/blog/
/category/medicina-estetica-corporal-ca/page/2/,/blog/
/en/tag/healthy-lifestyle-2/,/en/blog/
/ca/unitats/cirurgia-estetica-mames/recanvi-de-protesis/,/ca/unitats/cirurgia-estetica-de-mames/canvi-de-protesi/
/ca/equip-quadre-medic/,/ca/equip-medic-del-quadre/
/en/tag/capsular-contracture/,/en/blog/
/en/tag/what-you-need-to-know-about-breast-augmentation/,/en/blog/
/en/tag/tipus-de-protesi/,/en/blog/
/en/tag/contractura-capsular/,/en/blog/
/en/tag/lo-que-debes-saber-sobre-el-aumento-de-pecho/,/en/blog/
/en/tag/tipo-de-protesis/,/en/blog/
/en/tag/prosthetic-size/,/en/blog/
/tag/rinoplastia-sense-cirurgia/,/blog/
/fr/etiquette/rinoplastia-sense-cirurgia/,/fr/blog/
/ca/etiqueta/rinoplastia-sense-cirurgia/,/ca/bloc/
/tag/rinoplastia-ultrasonica-ca/,/blog/
/fr/etiquette/rinoplastia-ultrasonica-ca/,/fr/blog/
/ca/etiqueta/rinoplastia-ultrasonica-ca/,/ca/bloc/
/ca/portfoli_pagina/obesitat-2/,/ca/portfoli_pagina/obesitat/
/tag/rinoplastia-ultrasonica/,/blog/
/en/author/infomedicstetics/page/3/,/en/blog/
/fr/auteur/infomedicestetique/page/3/,/fr/blog/
/fr/categorie/chirurgie-esthetique-faciale/page/3/,/fr/blog/
/fr/categorie/chirurgie-esthetique-des-seins-2/page/3/,/fr/blog/
/fr/etiquette/contractura-capsular-ca/,/fr/blog/
/fr/etiquette/ce-que-vous-devez-savoir-sur-laugmentation-mammaire/,/fr/blog/
/fr/etiquette/types-de-protheses/,/fr/blog/
/fr/etiquette/cuidados-para-la-piel/,/fr/blog/
/fr/etiquette/yeux/,/fr/blog/
/fr/etiquette/levage/,/fr/blog/
/fr/etiquette/une-vie-saine/,/fr/blog/
/fr/etiquette/contractura-capsular/,/fr/blog/
/fr/etiquette/lo-que-debes-saber-sobre-el-aumento-de-pecho/,/fr/blog/
/fr/etiquette/tipo-de-protesis/,/fr/blog/
/fr/etiquette/tamano-de-protesis/,/fr/blog/
/ru/%d0%b0%d0%b2%d1%82%d0%be%d1%80/%d0%b8%d0%bd%d1%84%d0%be%d0%bc%d0%b5%d0%b4%d0%b8%d0%ba%d1%8d%d1%81%d1%82%d0%b5%d1%82%d0%b8%d0%ba%d1%81/%d1%81%d1%82%d1%80%d0%b0%d0%bd%d0%b8%d1%86%d0%b0/3/,/ru/%d0%b1%d0%bb%d0%be%d0%b3/
/ru/%d0%ba%d0%b0%d1%82%d0%b5%d0%b3%d0%be%d1%80%d0%b8%d1%8f/%d0%bf%d0%bb%d0%b0%d1%81%d1%82%d0%b8%d1%87%d0%b5%d1%81%d0%ba%d0%b0%d1%8f-%d1%85%d0%b8%d1%80%d1%83%d1%80%d0%b3%d0%b8%d1%8f-%d0%bb%d0%b8%d1%86%d0%b0/%d1%81%d1%82%d1%80%d0%b0%d0%bd%d0%b8%d1%86%d0%b0/3/,/ru/%d0%b1%d0%bb%d0%be%d0%b3/
/ru/%d0%ba%d0%b0%d1%82%d0%b5%d0%b3%d0%be%d1%80%d0%b8%d1%8f/%d0%bf%d0%bb%d0%b0%d1%81%d1%82%d0%b8%d1%87%d0%b5%d1%81%d0%ba%d0%b0%d1%8f-%d1%85%d0%b8%d1%80%d1%83%d1%80%d0%b3%d0%b8%d1%8f-%d0%b3%d1%80%d1%83%d0%b4%d0%b8/%d1%81%d1%82%d1%80%d0%b0%d0%bd%d0%b8%d1%86%d0%b0/3/,/ru/%d0%b1%d0%bb%d0%be%d0%b3/
/uk/%d0%b0%d0%b2%d1%82%d0%be%d1%80/infomedicstetics/%d1%81%d1%82%d0%be%d1%80%d1%96%d0%bd%d0%ba%d0%b0/3/,/uk/%d0%b1%d0%bb%d0%be%d0%b3/
/uk/%d0%ba%d0%b0%d1%82%d0%b5%d0%b3%d0%be%d1%80%d1%96%d1%8f/%d0%b5%d1%81%d1%82%d0%b5%d1%82%d0%b8%d1%87%d0%bd%d0%b0-%d1%85%d1%96%d1%80%d1%83%d1%80%d0%b3%d1%96%d1%8f-%d0%be%d0%b1%d0%bb%d0%b8%d1%87%d1%87%d1%8f-2/%d1%81%d1%82%d0%be%d1%80%d1%96%d0%bd%d0%ba%d0%b0/3/,/uk/%d0%b1%d0%bb%d0%be%d0%b3/
/uk/%d0%ba%d0%b0%d1%82%d0%b5%d0%b3%d0%be%d1%80%d1%96%d1%8f/%d0%b5%d1%81%d1%82%d0%b5%d1%82%d0%b8%d1%87%d0%bd%d0%b0-%d1%85%d1%96%d1%80%d1%83%d1%80%d0%b3%d1%96%d1%8f-%d0%b3%d1%80%d1%83%d0%b4%d0%b5%d0%b9-2/%d1%81%d1%82%d0%be%d1%80%d1%96%d0%bd%d0%ba%d0%b0/3/,/uk/%d0%b1%d0%bb%d0%be%d0%b3/
/ca/autor/infomedicsestetics/pagina/3/,/ca/bloc/
/ca/categoria/cirurgia-estetica-facial-2/pagina/3/,/ca/bloc/
/ca/categoria/cirurgia-estetica-de-mames/pagina/3/,/ca/bloc/
/ca/etiqueta/contractura-capsular-ca/,/ca/bloc/
/ca/etiqueta/el-que-has-de-saber-sobre-laugment-de-pit/,/ca/bloc/
/ca/etiqueta/tipus-de-protesi/,/ca/bloc/
/ca/etiqueta/cura-de-la-pell/,/ca/bloc/
/ca/etiqueta/ojos/,/ca/bloc/
/ca/etiqueta/aixecar/,/ca/bloc/
/ca/etiqueta/vida-saludable/,/ca/bloc/
/ca/etiqueta/contractura-capsular/,/ca/bloc/
/ca/etiqueta/lo-que-debes-saber-sobre-el-aumento-de-pecho/,/ca/bloc/
/ca/etiqueta/tipo-de-protesis/,/ca/bloc/
/ca/etiqueta/tamano-de-protesis/,/ca/bloc/
/category/cirugia-estetica-facial/page/3/,/blog/
/category/cirugia-estetica-mamas/page/3/,/blog/
/tag/cuidados-para-la-piel/,/blog/
/en/tag/evaluacion/,/en/blog/
/en/tag/gluteos/,/en/blog/
/tag/ojos/,/blog/
/tag/lifting/,/blog/
/tag/vida-saludable/,/blog/
/tag/contractura-capsular-ca/,/blog/
/tag/el-que-has-saber-sobre-laugment-de-pit/,/blog/
/tag/tipus-de-protesi/,/blog/
/tag/contractura-capsular/,/blog/
/tag/lo-que-debes-saber-sobre-el-aumento-de-pecho/,/blog/
/tag/tipo-de-protesis/,/blog/
/tag/tamano-de-protesis/,/blog/
/en/author/infomedicstetics/page/4/,/en/blog/
/ca/unitats/cirurgia-estetica-masculina/liftting-de-coll-i-papada/,/ca/unitats/cirurgia-estetica-masculina/estirament-de-coll-i-papada/
/fr/auteur/infomedicestetique/page/4/,/fr/blog/
/fr/etiquette/evaluacion/,/fr/blog/
/fr/etiquette/fessiers/,/fr/blog/
/ru/%d0%b0%d0%b2%d1%82%d0%be%d1%80/%d0%b8%d0%bd%d1%84%d0%be%d0%bc%d0%b5%d0%b4%d0%b8%d0%ba%d1%8d%d1%81%d1%82%d0%b5%d1%82%d0%b8%d0%ba%d1%81/%d1%81%d1%82%d1%80%d0%b0%d0%bd%d0%b8%d1%86%d0%b0/4/,/ru/%d0%b1%d0%bb%d0%be%d0%b3/
/uk/%d0%b0%d0%b2%d1%82%d0%be%d1%80/infomedicstetics/%d1%81%d1%82%d0%be%d1%80%d1%96%d0%bd%d0%ba%d0%b0/4/,/uk/%d0%b1%d0%bb%d0%be%d0%b3/
/ca/autor/infomedicsestetics/pagina/4/,/ca/bloc/
/ca/etiqueta/avaluacio-2/,/ca/bloc/
/ca/etiqueta/glutis-2/,/ca/bloc/
/tag/evaluacion/,/blog/
/tag/gluteos/,/blog/
/en/author/infomedicstetics/page/5/,/en/blog/
/wp-content/uploads/2019/10/Ginecomastia_1.jpg,/images/wp/2019/10/Ginecomastia_1.webp
/wp-content/uploads/2019/10/Ginecomastia_2.jpg,/images/wp/2019/10/Ginecomastia_2.webp
/wp-content/uploads/2019/10/Ginecomastia_3.jpg,/images/wp/2019/10/Ginecomastia_3.webp
/wp-content/uploads/2019/10/Ginecomastia_4.jpg,/images/wp/2019/10/Ginecomastia_4.webp
/wp-content/uploads/2019/10/Ginecomastia_5.jpg,/images/wp/2019/10/Ginecomastia_5.webp
/wp-content/uploads/2019/10/Ginecomastia_6.jpg,/images/wp/2019/10/Ginecomastia_6.webp
/wp-content/uploads/2019/10/Ginecomastia_7.jpg,/images/wp/2019/10/Ginecomastia_7.webp
/wp-content/uploads/2019/10/Ginecomastia_8.jpg,/images/wp/2019/10/Ginecomastia_8.webp
/ca/unitats/medicina-estetica-facial/arrugues-dexpresio/,/ca/unitats/medicina-estetica-facial/arrugues-dexpressio/
/fr/auteur/infomedicestetique/page/5/,/fr/blog/
/ru/%d0%b0%d0%b2%d1%82%d0%be%d1%80/%d0%b8%d0%bd%d1%84%d0%be%d0%bc%d0%b5%d0%b4%d0%b8%d0%ba%d1%8d%d1%81%d1%82%d0%b5%d1%82%d0%b8%d0%ba%d1%81/%d1%81%d1%82%d1%80%d0%b0%d0%bd%d0%b8%d1%86%d0%b0/5/,/ru/%d0%b1%d0%bb%d0%be%d0%b3/
/uk/%d0%b0%d0%b2%d1%82%d0%be%d1%80/infomedicstetics/%d1%81%d1%82%d0%be%d1%80%d1%96%d0%bd%d0%ba%d0%b0/5/,/uk/%d0%b1%d0%bb%d0%be%d0%b3/
/ca/autor/infomedicsestetics/pagina/5/,/ca/bloc/
/en/author/infomedicstetics/page/6/,/en/blog/
/fr/auteur/infomedicestetique/page/6/,/fr/blog/
/ru/%d0%b0%d0%b2%d1%82%d0%be%d1%80/%d0%b8%d0%bd%d1%84%d0%be%d0%bc%d0%b5%d0%b4%d0%b8%d0%ba%d1%8d%d1%81%d1%82%d0%b5%d1%82%d0%b8%d0%ba%d1%81/%d1%81%d1%82%d1%80%d0%b0%d0%bd%d0%b8%d1%86%d0%b0/6/,/ru/%d0%b1%d0%bb%d0%be%d0%b3/
/uk/%d0%b0%d0%b2%d1%82%d0%be%d1%80/infomedicstetics/%d1%81%d1%82%d0%be%d1%80%d1%96%d0%bd%d0%ba%d0%b0/6/,/uk/%d0%b1%d0%bb%d0%be%d0%b3/
/ca/autor/infomedicsestetics/pagina/6/,/ca/bloc/
/en/author/infomedicstetics/page/7/,/en/blog/
/fr/auteur/infomedicestetique/page/7/,/fr/blog/
/ru/%d0%b0%d0%b2%d1%82%d0%be%d1%80/%d0%b8%d0%bd%d1%84%d0%be%d0%bc%d0%b5%d0%b4%d0%b8%d0%ba%d1%8d%d1%81%d1%82%d0%b5%d1%82%d0%b8%d0%ba%d1%81/%d1%81%d1%82%d1%80%d0%b0%d0%bd%d0%b8%d1%86%d0%b0/7/,/ru/%d0%b1%d0%bb%d0%be%d0%b3/
/uk/%d0%b0%d0%b2%d1%82%d0%be%d1%80/infomedicstetics/%d1%81%d1%82%d0%be%d1%80%d1%96%d0%bd%d0%ba%d0%b0/7/,/uk/%d0%b1%d0%bb%d0%be%d0%b3/
/ca/autor/infomedicsestetics/pagina/7/,/ca/bloc/
/en/author/infomedicstetics/page/8/,/en/blog/
/fr/auteur/infomedicestetique/page/8/,/fr/blog/
/ru/%d0%b0%d0%b2%d1%82%d0%be%d1%80/%d0%b8%d0%bd%d1%84%d0%be%d0%bc%d0%b5%d0%b4%d0%b8%d0%ba%d1%8d%d1%81%d1%82%d0%b5%d1%82%d0%b8%d0%ba%d1%81/%d1%81%d1%82%d1%80%d0%b0%d0%bd%d0%b8%d1%86%d0%b0/8/,/ru/%d0%b1%d0%bb%d0%be%d0%b3/
/uk/%d0%b0%d0%b2%d1%82%d0%be%d1%80/infomedicstetics/%d1%81%d1%82%d0%be%d1%80%d1%96%d0%bd%d0%ba%d0%b0/8/,/uk/%d0%b1%d0%bb%d0%be%d0%b3/
/ca/autor/infomedicsestetics/pagina/8/,/ca/bloc/
/en/author/infomedicstetics/page/9/,/en/blog/
/fr/auteur/infomedicestetique/page/9/,/fr/blog/
/ru/%d0%b0%d0%b2%d1%82%d0%be%d1%80/%d0%b8%d0%bd%d1%84%d0%be%d0%bc%d0%b5%d0%b4%d0%b8%d0%ba%d1%8d%d1%81%d1%82%d0%b5%d1%82%d0%b8%d0%ba%d1%81/%d1%81%d1%82%d1%80%d0%b0%d0%bd%d0%b8%d1%86%d0%b0/9/,/ru/%d0%b1%d0%bb%d0%be%d0%b3/
/uk/%d0%b0%d0%b2%d1%82%d0%be%d1%80/infomedicstetics/%d1%81%d1%82%d0%be%d1%80%d1%96%d0%bd%d0%ba%d0%b0/9/,/uk/%d0%b1%d0%bb%d0%be%d0%b3/
/ca/autor/infomedicsestetics/pagina/9/,/ca/bloc/
/en/author/infomedicstetics/page/10/,/en/blog/
/fr/auteur/infomedicestetique/page/10/,/fr/blog/
/ru/%d0%b0%d0%b2%d1%82%d0%be%d1%80/%d0%b8%d0%bd%d1%84%d0%be%d0%bc%d0%b5%d0%b4%d0%b8%d0%ba%d1%8d%d1%81%d1%82%d0%b5%d1%82%d0%b8%d0%ba%d1%81/%d1%81%d1%82%d1%80%d0%b0%d0%bd%d0%b8%d1%86%d0%b0/10/,/ru/%d0%b1%d0%bb%d0%be%d0%b3/
/uk/%d0%b0%d0%b2%d1%82%d0%be%d1%80/infomedicstetics/%d1%81%d1%82%d0%be%d1%80%d1%96%d0%bd%d0%ba%d0%b0/10/,/uk/%d0%b1%d0%bb%d0%be%d0%b3/
/ca/autor/infomedicsestetics/pagina/10/,/ca/bloc/
/en/author/infomedicstetics/page/11/,/en/blog/
/fr/auteur/infomedicestetique/page/11/,/fr/blog/
/ru/%d0%b0%d0%b2%d1%82%d0%be%d1%80/%d0%b8%d0%bd%d1%84%d0%be%d0%bc%d0%b5%d0%b4%d0%b8%d0%ba%d1%8d%d1%81%d1%82%d0%b5%d1%82%d0%b8%d0%ba%d1%81/%d1%81%d1%82%d1%80%d0%b0%d0%bd%d0%b8%d1%86%d0%b0/11/,/ru/%d0%b1%d0%bb%d0%be%d0%b3/
/uk/%d0%b0%d0%b2%d1%82%d0%be%d1%80/infomedicstetics/%d1%81%d1%82%d0%be%d1%80%d1%96%d0%bd%d0%ba%d0%b0/11/,/uk/%d0%b1%d0%bb%d0%be%d0%b3/
/ca/autor/infomedicsestetics/pagina/11/,/ca/bloc/
/1583-2/,/solucion-mamas-tuberosas/
/5268/,/como-eliminar-ojeras/
/author/infomedicstetics/page/4/,/blog-2/
/author/infomedicstetics/page/6/,/blog-2/
/author/infomedicstetics/page/7/,/blog-2/
/ca/author/infomedicstetics/page/2/,/ca/bloc/
/ca/author/infomedicstetics/page/3/,/ca/bloc/
/ca/author/infomedicstetics/page/4/,/ca/bloc/
/ca/beauty-days/,/ca/dies-de-bellesa/
/ca/categoria/cirugia-estetica-mamas/,/ca/bloc/
/ca/categoria/cirugia-estetica-mamas/pagina/2/,/ca/bloc/
/ca/categoria/cirugia-estetica-mamas/pagina/3/,/ca/bloc/
/ca/category/cirurgia-estetica-corporal/,/ca/bloc/
/ca/category/cirurgia-estetica-facial/,/ca/bloc/
/ca/category/cirurgia-estetica-facial/page/2/,/ca/bloc/
/ca/category/cirurgia-estetica-mames/,/ca/bloc/
/ca/category/cirurgia-estetica-masculina-2/,/ca/bloc/
/ca/category/cirurgia-estetica-masculina/,/ca/bloc/
/ca/category/gabinet-destetica-2/,/ca/bloc/
/ca/category/gabinet-destetica/,/ca/bloc/
/ca/category/medicina-estetica-corporal-ca/,/ca/bloc/
/ca/category/medicina-estetica-corporal-ca/page/2/,/ca/bloc/
/ca/category/medicina-estetica-facial-ca/,/ca/bloc/
/ca/category/sobrepes-i-obesitat/,/ca/bloc/
/ca/category/uncategorized-ca/,/ca/blog/
/ca/cirugia-plastica-girona-equipo-medico/,/ca/cirurgia-plastica-girona-equip-medic/
/ca/como-cuidarse-despues-de-una-rinoplastia-los-mejores-consejos-para-un-rapido-postoperatorio/,/ca/com-cuidar-se-despres-duna-rinoplastia-els-millors-consells-per-a-un-postoperatori-rapid/
/ca/como-eliminar-la-celulitis/,/ca/com-eliminar-la-cel%c2%b7lulitis/
/ca/como-mejorar-la-estetica-de-las-cicatrices/,/ca/com-millorar-lestetica-de-les-cicatrius/
/ca/cuanto-cuesta-rinoplastia-espana/,/ca/quant-val-una-rinoplastia-a-espanya/
/ca/la-reduccion-de-mamas-mas-que-un-cambio-de-volumen-un-cambio-de-vida/,/ca/la-reduccio-de-pits-mes-que-un-canvi-de-volum-un-canvi-de-vida/
/ca/lipofilling-resultados-permanentes-solo-con-grasa/,/ca/lipofilling-resultats-permanents-nomes-amb-greix/
/ca/medicina-estetica-corporal/cellulitis/,/ca/unitats/medicina-estetica-corporal/cel%c2%b7lulitis/
/ca/medicina-estetica-corporal/liposuccio-sense-cirurgia/,/ca/unitats/medicina-estetica-corporal/liposuccio-sense-cirurgia/
/ca/mis-tratamientos-preferidos-resultados-inmediatos/,/ca/els-meus-tractaments-preferits-resultats-immediats/
/ca/novedad-hilos-360o-efecto-lifting/,/ca/novetat-fils-360o-efecte-lifting/
/ca/nuestra-experiencia-con-la-rinoplastia-ultrasonica/,/ca/la-nostra-experiencia-amb-la-rinoplastia-ultrasonica/
/ca/otoplastia-orejas-de-soplillo-girona/,/ca/otoplastia-orelles-de-punxa-girona/
/ca/portfoli_pagina/pagina/2/,/ca/portfoli_pagina/
/ca/portfolio_page/,/ca/portfoli_pagina/
/ca/portfolio_page/augment-de-llavis/,/ca/portfoli_pagina/augment-de-llavis/
/ca/portfolio_page/augment-pit-mike-eli/,/ca/portfoli_pagina/augment-pit-mike-eli/
/ca/portfolio_page/augment-pit/,/ca/portfoli_pagina/augmentar-forat/
/ca/portfolio_page/botoox-mike-lidia/,/ca/portfoli_pagina/video-prueba-4/
/ca/portfolio_page/bypass-gastric-amador-emili/,/ca/portfoli_pagina/bypass-gastric-amador-emili/
/ca/portfolio_page/liposuccio/,/ca/portfoli_pagina/lipoescultura/
/ca/portfolio_page/obesitat/,/ca/portfoli_pagina/obesitat/
/ca/portfolio_page/rinoplastia-sergio-judith/,/ca/portfoli_pagina/rinoplastia-sergio-judith/
/ca/portfolio_page/rinoplastia/,/ca/portfoli_pagina/rinoplastia/
/ca/que-es-faci-la-llum-al-rostre/,/ca/fes-llum-al-rostre/
/ca/rinoplastia-o-septoplastia/,/ca/rinoplastia-o-setoplastia/
/ca/rinoplastia-ultrasonica-o-rinomodelacio-quines-son-les-diferencies/,/ca/rinoplastia-ultrasonica-o-rinomodulacio-quines-son-les-diferencies/
/ca/sk-10-el-tractament-amb-una-injeccio-que-aprima/,/ca/sk-10-el-tratamiento-con-una-inyeccion-que-adelgaza/
/ca/solucio-per-mames-tuberoses/,/ca/solucio-per-pits-tuberosos/
/ca/tag/abans-i-despres-otoplastia/,/ca/bloc/
/ca/tag/alimentacio/,/ca/bloc/
/ca/tag/augment-de-pit/,/ca/bloc/
/ca/tag/bellesa/,/ca/bloc/
/ca/tag/cirurgia-bariatrica/,/ca/bloc/
/ca/tag/contractura-capsular-ca/,/ca/bloc/
/ca/tag/cures-per-la-pell/,/ca/bloc/
/ca/tag/el-que-has-saber-sobre-laugment-de-pit/,/ca/bloc/
/ca/tag/estetica-ca/,/ca/bloc/
/ca/tag/evaluacio/,/ca/bloc/
/ca/tag/glutis/,/ca/bloc/
/ca/tag/greix/,/ca/bloc/
/ca/tag/lifting-ca/,/ca/bloc/
/ca/tag/lipofilling-ca/,/ca/bloc/
/ca/tag/mames-tuberoses/,/ca/bloc/
/ca/tag/mida-de-protesi/,/ca/bloc/
/ca/tag/obesitat/,/ca/bloc/
/ca/tag/pell/,/ca/bloc/
/ca/tag/resultats/,/ca/bloc/
/ca/tag/rinoplastia-ca/,/ca/bloc/
/ca/tag/rinoplastia-sense-cirurgia/,/ca/bloc/
/ca/tag/rinoplastia-ultrasonica-ca/,/ca/bloc/
/ca/tag/rostre/,/ca/bloc/
/ca/tag/tecnica-quirurgica-ca/,/ca/bloc/
/ca/tag/tecniques/,/ca/bloc/
/ca/tag/tipus-de-protesi/,/ca/bloc/
/ca/tag/tractaments/,/ca/bloc/
/ca/tag/ulls/,/ca/bloc/
/ca/tag/vida-saludable-ca/,/ca/bloc/
/ca/team/dr-amador-garcia-ruiz-de-gordejuela/,/ca/equip/dr-valenti-puig-divi/
/ca/team/dr-david-perez-asensio/,/ca/equip/dr-david-perez-asensio/
/ca/team/dr-valenti-puig-divi/,/ca/equip/dr-valenti-puig-divi/
/ca/team/dra-ainitze-ibarzabal/,/ca/equip/dra-ainitze-ibarzabal/
/ca/tecnicas-de-medicina-estetica-que-ens-fan-rejovenir/,/ca/tecniques-de-medicina-estetica-que-ens-fan-rejovenir/
/ca/unidades/cirugia-estetica-masculina/blefaroplastia/,/ca/unitats/cirurgia-estetica-masculina/blefaroplastia/
/ca/unitaas/medicina-estetica-facial/arrugues-expresion/,/ca/unitats/medicina-estetica-facial/arrugues-dexpressio/
/ca/unitats-2/cirugia-estetica-corporal/,/ca/unitats/cirurgia-estetica-corporal/
/ca/unitats-2/cirugia-estetica-corporal/aumento-de-gluteos/,/ca/unitats/cirurgia-estetica-corporal/augment-de-glutis/
/ca/unitats-2/cirugia-estetica-corporal/lifting-brazos-y-piernas/,/ca/unitats/cirurgia-estetica-corporal/aixecament-de-bracos-i-cames/
/ca/unitats-2/cirugia-estetica-corporal/liposuccio-2/,/ca/unitats/cirurgia-estetica-corporal/liposuccio/
/ca/unitats-2/cirugia-estetica-corporal/liposuccion/,/ca/unitats/cirurgia-estetica-corporal/liposuccio/
/ca/unitats-2/cirugia-estetica-facial/,/ca/unitats/cirurgia-estetica-facial/
/ca/unitats-2/cirugia-estetica-facial/blefaroplastia-girona/,/ca/unitats/cirurgia-estetica-facial/blefaroplastia-girona/
/ca/unitats-2/cirugia-estetica-facial/lifting-facial/,/ca/unitats/cirurgia-estetica-facial/lifting-facial/
/ca/unitats-2/cirugia-estetica-facial/otoplastia-girona/,/ca/unitats/cirurgia-estetica-facial/otoplastia-girona/
/ca/unitats-2/cirugia-estetica-facial/otoplastia/,/ca/unitats/cirurgia-estetica-facial/otoplastia/
/ca/unitats-2/cirugia-estetica-facial/relleno-de-arrugas/,/ca/unitats/cirurgia-estetica-facial/farciment-darrugues/
/ca/unitats-2/cirugia-estetica-mamas/aumento-de-pecho-girona/,/ca/unitats/cirurgia-estetica-de-mames/augment-de-pit-girona/
/ca/unitats-2/cirugia-estetica-mamas/aumento-de-pecho-tecnica-ami/,/ca/unitats/cirurgia-estetica-de-mames/augment-de-pits-tecnica-ami/
/ca/unitats-2/cirugia-estetica-mamas/elevacion-de-pecho-pexia/,/ca/unitats/cirurgia-estetica-de-mames/elevacio-de-pit-pexia/
/ca/unitats-2/cirurgia-estetica-corporal-2/cirugia-genital-femenina/,/ca/unitats/cirurgia-estetica-corporal/cirurgia-genital-femenina/
/ca/unitats-2/cirurgia-estetica-masculina-2/aumento-de-pectoral/,/ca/unitats/cirurgia-estetica-masculina/augment-de-pectoral/
/ca/unitats-2/cirurgia-estetica-masculina-2/liftting-de-cuello-y-papada/,/ca/unitats/cirurgia-estetica-masculina/estirament-de-coll-i-papada/
/ca/unitats-2/gabinet-destetica-2/reduccion-de-volumen-girona/,/ca/unitats/gabinet-destetica/reduccio-de-volum-girona/
/ca/unitats-2/medicina-cosmetica-girona/,/ca/unitats/medicina-estetica-girona/
/ca/unitats-2/medicina-estetica-corporal/celulitis/,/ca/unitats/medicina-estetica-corporal/cel%c2%b7lulitis/
/ca/unitats-2/medicina-estetica-corporal/liposuccion-sin-cirugia/,/ca/unitats/medicina-estetica-corporal/liposuccio-sense-cirurgia/
/ca/unitats-2/medicina-estetica-facial/arrugas-de-expresion/,/ca/unitats/medicina-estetica-facial/arrugues-dexpressio/
/ca/unitats-2/medicina-estetica-facial/aumento-labios/,/ca/unitats/medicina-estetica-facial/augmentacio-de-llavis/
/ca/unitats-2/medicina-estetica-facial/flacidez-hilos-tensores/,/ca/unitats/medicina-estetica-facial/flacidesa-fils-tensors/
/ca/unitats-2/medicina-estetica-facial/hidratacion-y-nutricion/,/ca/unitats/medicina-estetica-facial/hidratacio-i-nutricio/
/ca/unitats-2/medicina-estetica-facial/ojeras/,/ca/unitats/medicina-estetica-facial/ulleres-fosques/
/ca/unitats-2/medicina-estetica-facial/rinomodelacion/,/ca/unitats/medicina-estetica-facial/rinomodelacio/
/ca/unitats-2/sobrepes-i-obesitat-2/balon-12-meses-reajustable/,/ca/unitats/sobrepes-i-obesitat/balo-12-mesos-reajustable/
/ca/unitats-2/sobrepes-i-obesitat-2/balon-6-meses/,/ca/unitats/sobrepes-i-obesitat/bota-6-mesos/
/ca/unitats-2/sobrepeso-y-obesidad/,/ca/unitats/sobrepes-i-obesitat/
/ca/unitats-2/sobrepeso-y-obesidad/balon-12-meses-reajustable/,/ca/unitats/sobrepes-i-obesitat/balo-12-mesos-reajustable/
/ca/unitats-2/sobrepeso-y-obesidad/balon-ingerible-elipse/,/ca/unitats/sobrepes-i-obesitat/pilota-ingerible-el%c2%b7lipse/
/ca/unitats-2/sobrepeso-y-obesidad/cirugia-bariatrica/,/ca/unitats/sobrepes-i-obesitat/cirurgia-bariatrica/
/ca/unitats-2/sobrepeso-y-obesidad/endomanga/,/ca/unitats/sobrepes-i-obesitat/endomanga/
/ca/unitats/cirurgia-estetica-corporal/lifting-bra%C3%A7os-i-cames/,/ca/unitats/cirurgia-estetica-corporal/aixecament-de-bracos-i-cames/
/ca/unitats/cirurgia-estetica-corporal/lifting-bracos-i-cames/,/ca/unitats/cirurgia-estetica-corporal/aixecament-de-bracos-i-cames/
/ca/unitats/cirurgia-estetica-corporal/lipofiling-corporal/,/ca/unitats/cirurgia-estetica-corporal/lipofilling-corporal/
/ca/unitats/cirurgia-estetica-facial/cirurgia-mento-i-pomuls/,/ca/unitats/cirurgia-estetica-facial/mento-i-pomuls-cirurgia/
/ca/unitats/cirurgia-estetica-facial/perforacio-de-lenva-nasal/,/ca/unitats/cirurgia-estetica-facial/perforacio-del-tabic-nasal/
/ca/unitats/cirurgia-estetica-mames/,/ca/unitats/cirurgia-estetica-de-mames/augment-de-pit-girona/
/ca/unitats/cirurgia-estetica-mames/elevacio-de-pit-pexia/,/ca/unitats/cirurgia-estetica-de-mames/elevacio-de-pit-pexia/
/ca/unitats/cirurgia-estetica-mames/reduccio-de-pit/,/ca/unitats/cirurgia-estetica-de-mames/reduccio-de-pits/
/ca/unitats/gabinet-destetica/antiedat-mc-110/,/ca/unitats/gabinet-destetica/anti-edat-mc-110/
/ca/unitats/gabinet-destetica/antiedat-mc110/,/ca/unitats/gabinet-destetica/anti-edat-mc-110/
/ca/unitats/gabinet-destetica/eliminar-cellulitis/,/ca/unitats/gabinet-destetica/eliminar-cel%c2%b7lulitis/
/ca/unitats/gabinet-destetica/eliminar-celulitis/,/ca/unitats/gabinet-destetica/eliminar-cel%c2%b7lulitis/
/ca/unitats/gabinet-destetica/hidreclat/,/ca/unitats/gabinet-destetica/hidroclorat/
/ca/unitats/gabinet-destetica/p50-visage/,/ca/unitats/gabinet-destetica/p50-rostre/
/ca/unitats/gabinet-destetica/radiofrequencia-facial-y-corporal/,/ca/unitats/gabinet-destetica/radiofrequencia-facial-i-corporal/
/ca/unitats/medicina-cosmetica-girona/,/ca/unitats/medicina-estetica-girona/
/ca/unitats/medicina-estetica-corporal/celulitis/,/ca/unitats/medicina-estetica-corporal/cel%c2%b7lulitis/
/ca/unitats/medicina-estetica-facial/augment-llavis/,/ca/unitats/medicina-estetica-facial/augmentacio-de-llavis/
/ca/unitats/medicina-estetica-facial/farciment-darrugues/,/ca/unitats/cirurgia-estetica-facial/farciment-darrugues/
/ca/unitats/medicina-estetica-facial/peeling/,/ca/unitats/medicina-estetica-facial/pela/
/ca/unitats/sobrepes-i-obesitat/balo-6-mesos/,/ca/unitats/sobrepes-i-obesitat/6-mesos/
/ca/unitats/sobrepes-i-obesitat/balo-ingerible-elipse/,/ca/unitats/sobrepes-i-obesitat/balo-ingerible-el%c2%b7lipse/
/capilar,/
/cuanto-cuesta-una-rinoplastia-espana/,/unidades/cirugia-estetica-facial/rinoplastia-girona/
/en/aumento-mamario-con-protesis-motiva/,/en/breast-augmentation-with-implants-motivations/
/en/beauty-days-blefaroplastia/,/en/eyelid-surgery/
/en/beneficios-de-la-cirugia-bariatrica/,/en/benefits-of-bariatric-surgery/
/en/category/sobrepes-i-obesitat/,/en/blog/
/en/cirugia-plastica-girona-equipo-medico/,/en/plastic-surgery-girona-medical-team/
/en/com-cuidar-la-pell-als-50/,/en/how-to-care-for-your-skin-at-50/
/en/cosmetic-body-medicine/liposuccion-sin-cirugia/,/en/units/cosmetic-body-medicine/non-surgical-liposuction/
/en/equip-quadre-medic/,/en/medical-unit/
/en/financament/,/en/financing/
/en/la-belleza-del-rostro-el-triangulo-invertido/,/en/the-beauty-of-the-face-the-inverted-triangle/
/en/la-importante-ayuda-de-los-farmacos-en-la-perdida-de-peso-ozempic-y-mounjaro-en-nuestra-clinica/,/en/the-significant-help-of-ozempic-and-mounjaro-drugs-in-weight-loss-at-our-clinic/
/en/novetat-fils-360o-efecte-lifting/,/en/360-novelty-lifting-effect/
/en/page/2/,/en/blog-2/
/en/por-que-envejecemos/,/en/why-do-we-age/
/en/protesis-redondas-vs-protesis-ergonomicas/,/en/round-prostheses-vs-ergonomic-prostheses/
/en/solucion-mamas-tuberosas/,/en/tubular-breast-correction/
/en/unidades/cirugia-estetica-facial/,/en/units/cosmetic-facial-surgery-2/
/en/unidades/cirugia-estetica-facial/blefaroplastia/,/en/units/cosmetic-facial-surgery-2/eyelid-surgery/
/en/unidades/medicina-estetica-facial/flacidez-hilos-tensores/,/en/units/facial-aesthetic-medicine/sagging-and-thread-lifts/
/en/unidades/sobrepeso-y-obesidad/dietetica-y-nutricion/,/en/units/overweight-and-obesity-2/dietetics-and-nutrition-2/
/en/units-2/aesthetic-cabinet/desintoxicant/,/en/units/beauty-salon/detoxifying/
/en/units-2/aesthetic-cabinet/eliminar-celulitis/,/en/units/beauty-salon/get-rid-of-cellulite/
/en/units-2/body-contouring-surgery/lipofiling-corporal/,/en/units/cosmetic-surgery-3/body-fat-transfer/
/en/units-2/cosmetic-body-medicine/celulitis/,/en/units/cosmetic-body-medicine/cellulite/
/en/units-2/cosmetic-facial-surgery/minilifting-de-coll-i-papada/,/en/units/cosmetic-facial-surgery-2/neck-and-double-chin-mini-lift/
/en/units-2/cosmetic-facial-surgery/perforacio-de-lenva-nasal/,/en/units/cosmetic-facial-surgery-2/nasal-septum-piercing/
/en/units-2/cosmetic-facial-surgery/rinoplastia/,/en/units/cosmetic-facial-surgery-2/rhinoplasty/
/en/units-2/male-cosmetic-surgery-2/augment-de-pectoral/,/en/units/male-cosmetic-surgery/chest-augmentation/
/en/units-2/male-cosmetic-surgery-2/ginecomastia/,/en/units/male-cosmetic-surgery/gynaecomastia/
/en/units-2/overweight-and-obesity/balo-12-mesos-reajustable/,/en/units-2/overweight-and-obesity/12-month-adjustable-backpack/
/en/units-2/overweight-and-obesity/balo-6-mesos/,/en/units-2/overweight-and-obesity/six-months-old/
/en/units-2/overweight-and-obesity/bariatric-surgery/encreuament-duodenal/,/en/units-2/overweight-and-obesity/bariatric-surgery/duodenal-crossing-3/
/en/units-2/overweight-and-obesity/dietetica-i-nutricio/,/en/units/overweight-and-obesity-2/dietetics-and-nutrition-2/
/en/units-2/unitat-de-medicina-cosmetica-girona/,/en/units/cosmetic-medicine-girona/
/en/units/beauty-salon/acido-de-frutas/,/en/units/beauty-salon/fruit-acid-2/
/en/units/beauty-salon/antiedad-mc-110/,/en/units/beauty-salon/anti-ageing-mc-110/
/en/units/beauty-salon/desintoxicante/,/en/units/beauty-salon/detoxifying/
/en/units/beauty-salon/eliminar-celulitis/,/en/units/beauty-salon/get-rid-of-cellulite/
/en/units/beauty-salon/hidreclat/,/en/units/beauty-salon/clearance/
/en/units/beauty-salon/p50-visage/,/en/units/beauty-salon/p50-face/
/en/units/cirugia-estetica-corporal/abdominoplastia/,/en/units/cosmetic-surgery-3/abdominoplasty/
/en/units/cirugia-estetica-corporal/abdominoplasty/,/en/units/cosmetic-surgery-3/abdominoplasty/
/en/units/cirugia-estetica-corporal/cirugia-genital-femenina/,/en/units/cosmetic-surgery-3/female-genital-surgery-2/
/en/units/cirugia-estetica-corporal/lipofiling-corporal/,/en/units/cosmetic-surgery-3/body-fat-transfer/
/en/units/cirugia-estetica-corporal/liposuction-2/,/en/units/cosmetic-surgery-3/liposuction-2/
/en/units/cirugia-estetica-facial/,/en/units/cosmetic-facial-surgery-2/
/en/units/cirugia-estetica-facial/eyelid-surgery/,/en/units/cosmetic-facial-surgery-2/eyelid-surgery/
/en/units/cirugia-estetica-facial/facial-lift/,/en/units/cosmetic-facial-surgery-2/facial-lift/
/en/units/cirugia-estetica-facial/rinoplastia-girona/,/en/units/cosmetic-facial-surgery-2/rhinoplasty-girona/
/en/units/cirugia-estetica-mamas/aumento-de-pecho-girona/,/en/units/cosmetic-breast-surgery-2/breast-augmentation-girona-3/
/en/units/cirugia-estetica-mamas/aumento-de-pecho-tecnica-ami/,/en/units/cosmetic-breast-surgery-2/breast-augmentation-ami-technique/
/en/units/cirugia-estetica-mamas/recambiodeprotesis/,/en/units/cosmetic-breast-surgery-2/prosthetic-replacement-2/
/en/units/cosmetic-body-medicine/liposuccion-sin-cirugia/,/en/units/cosmetic-body-medicine/non-surgical-liposuction/
/en/units/cosmetic-facial-surgery-2/perforacion-tabique-nasal/,/en/units/cosmetic-facial-surgery-2/nasal-septum-piercing/
/en/units/facial-aesthetic-medicine/hidratacion-y-nutricion/,/en/units/facial-aesthetic-medicine/hydration-and-nutrition-2/
/en/units/facial-aesthetic-medicine/ojeras/,/en/units/facial-aesthetic-medicine/dark-circles/
/en/units/facial-aesthetic-medicine/rinomodelacion/,/en/units/facial-aesthetic-medicine/rhinomodelling/
/en/units/gabinete-de-estetica/hidreclat/,/en/units/beauty-salon/clearance/
/en/units/gabinete-de-estetica/reduccion-de-volumen-girona/,/en/units/beauty-salon/volume-reduction-girona-2/
/en/units/male-cosmetic-surgery/ginecomastia/,/en/units/male-cosmetic-surgery/gynaecomastia/
/en/units/medicina-cosmetica-girona/,/en/units/cosmetic-medicine-girona/
/en/units/sobrepeso-y-obesidad/,/en/units/overweight-and-obesity-2/
/en/units/sobrepeso-y-obesidad/balon-6-meses/,/en/units/overweight-and-obesity-2/balloon-6-months/
/en/units/sobrepeso-y-obesidad/balon-gastrico-girona/,/en/units/overweight-and-obesity-2/gastric-balloon-girona/
/en/units/sobrepeso-y-obesidad/cirugia-bariatrica/,/en/units/overweight-and-obesity-2/bariatric-surgery-2/
/en/units/sobrepeso-y-obesidad/dietetica-y-nutricion/,/en/units/overweight-and-obesity-2/dietetics-and-nutrition-2/
/equipo-cuadro-medico/,/cirugia-plastica-girona-equipo-medico/
/equipo/,/cirugia-plastica-girona-equipo-medico/
/fr/algunas-razones-por-las-que-no-perdemos-peso/,/fr/voici-quelques-raisons-pour-lesquelles-on-ne-perd-pas-de-poids/
/fr/augment-mamari-amb-protesi-motiva/,/fr/augmentation-mammaire-avec-protheses-motivation/
/fr/author/infomedicstetics/page/11/,/fr/blog/
/fr/benvingut-dr-langdon/,/fr/bienvenue-dr-langdon/
/fr/category/chirurgie-esthetique-corporelle/,/fr/blog/
/fr/category/chirurgie-esthetique-des-seins-2/page/3/,/fr/blog/
/fr/category/cirugia-estetica-facial/page/2/,/fr/blog/
/fr/category/cirugia-estetica-mamas/,/fr/blog/
/fr/category/cirurgia-estetica-mames/,/fr/blog/
/fr/category/gabinete-de-estetica/,/fr/blog/
/fr/category/medecine-esthetique-corporelle/page/2/,/fr/blog/
/fr/category/sobrepes-i-obesitat/,/fr/blog/
/fr/category/sobrepeso-obesidad/,/fr/blog/
/fr/cirugia-plastica-girona-equipo-medico/,/fr/chirurgie-plastique-gerone-equipe-medicale/
/fr/cuales-son-las-mejores-protesis-de-mama/,/fr/quelles-sont-les-meilleures-protheses-mammaires/
/fr/cuales-son-los-mejores-implantes-de-protesis-de-pechos/,/fr/quels-sont-les-meilleurs-implants-de-protheses-mammaires/
/fr/el-unico-balon-que-puede-estar-implantado-un-ano/,/fr/le-seul-ballonnet-qui-peut-etre-implante-une-annee/
/fr/equip-quadre-medic/,/fr/equipement-du-cadre-medical/
/fr/factores-de-crecimiento-obtenidos-de-las-plaquetas-prp/,/fr/facteurs-de-croissance-obtenus-a-partir-de-plaquettes-prp/
/fr/financiacion/,/fr/financement/
/fr/home/,/fr/
/fr/la-importancia-de-seleccionar-el-tratamiento-adecuado-para-la-perdida-de-peso/,/fr/limportance-de-selectionner-le-traitement-approprie-pour-la-perte-de-poids/
/fr/medicina-estetica-corporal/liposuccion-sin-cirugia/,/fr/unites/medecine-esthetique-corporelle/liposuccion-sans-chirurgie/
/fr/politica-de-cookies/,/fr/politique-de-cookies/
/fr/solucion-mamas-tuberosas/,/fr/solution-pour-seins-tubereux/
/fr/team/dr-amador-garcia-ruiz-de-gordejuela/,/fr/equipe/dr-amador-garcia-ruiz-de-gordejuela/
/fr/team/dr-mike-dewever-3/,/fr/equipe/dr-mike-dewever-3/
/fr/team/dr-mike-dewever/,/fr/equipe/dr-mike-dewever/
/fr/team/dr-valenti-puig-divi/,/fr/equipe/dr-valenti-puig-divi/
/fr/unidades/cirugia-estetica-facial/lifting-facial/,/fr/unites/chirurgie-esthetique-faciale/lifting-du-visage/
/fr/unidades/cirugia-estetica-facial/otoplastia-girona/,/fr/unites/chirurgie-esthetique-faciale/otoplastie-gerone/
/fr/unidades/cirugia-estetica-facial/otoplastia/,/fr/unites/chirurgie-esthetique-faciale/otoplastie/
/fr/unidades/cirugia-estetica-mamas/,/fr/unites/chirurgie-esthetique-des-seins-2/augmentation-mammaire-gerone/
/fr/unidades/cirugia-estetica-mamas/aumento-de-pecho-girona/,/fr/unites/chirurgie-esthetique-des-seins-2/augmentation-mammaire-gerone/
/fr/unidades/cirugia-estetica-masculina/,/fr/unites/chirurgie-esthetique-masculine/
/fr/unidades/cirugia-estetica-masculina/aumento-de-pectoral/,/fr/unites/chirurgie-esthetique-masculine/aumento-de-pectoral/
/fr/unidades/cirugia-estetica-masculina/blefaroplastia/,/fr/unites/chirurgie-esthetique-masculine/blepharoplastie/
/fr/unidades/cirugia-estetica-masculina/ginecomastia/,/fr/unites/chirurgie-esthetique-masculine/gynecomastie/
/fr/unidades/cirugia-estetica-masculina/liftting-de-cuello-y-papada/,/fr/unites/chirurgie-esthetique-masculine/lifting-du-cou-et-du-menton/
/fr/unidades/medicina-estetica-corporal/celulitis/,/fr/unites/medecine-esthetique-corporelle/cellulite/
/fr/unidades/medicina-estetica-facial/,/fr/unites/medecine-esthetique-faciale/
/fr/unidades/medicina-estetica-facial/peeling/,/fr/unites/medecine-esthetique-faciale/epluchage/
/fr/unidades/sobrepeso-y-obesidad/cirugia-bariatrica/gastrectomia-vertical/,/fr/unites/surpoids-et-obesite-2/chirurgie-bariatrique-2/gastrectomie-verticale/
/fr/unidades/sobrepeso-y-obesidad/endomanga/,/fr/unites/surpoids-et-obesite-2/endomanga/
/fr/unites-2/cabinet-desthetique/desintoxicant/,/fr/unites/institut-de-beaute/detoxifiante/
/fr/unites-2/chirurgie-esthetique-du-visage/otoplastia/,/fr/unites/chirurgie-esthetique-faciale/otoplastie/
/fr/unites-2/chirurgie-esthetique-masculine-2/lifting-de-coll-i-papada/,/fr/unites/chirurgie-esthetique-masculine/lifting-du-cou-et-du-menton/
/fr/unites-2/medecine-esthetique-corporelle/celulitis/,/fr/unites/medecine-esthetique-corporelle/cellulite/
/fr/unites-2/medecine-esthetique-faciale/arrugues-dexpressio/,/fr/unites/medecine-esthetique-faciale/rides-dexpression/
/fr/unites-2/surpoids-et-obesite/balo-12-mesos-reajustable/,/fr/unites-2/surpoids-et-obesite/12-mois-reajustables/
/fr/unites-2/surpoids-et-obesite/chirurgie-bariatrique/gastrectomia-vertical/,/fr/unites/surpoids-et-obesite-2/chirurgie-bariatrique-2/gastrectomie-verticale/
/fr/unites/chirurgie-esthetique-corporelle-2/aumento-de-gluteos/,/fr/unites/chirurgie-esthetique-corporelle-2/augmentation-des-fessiers/
/fr/unites/chirurgie-esthetique-des-seins-2/elevacion-de-pecho-pexia/,/fr/unites/chirurgie-esthetique-des-seins-2/lifting-des-seins-pexie-mammaire/
/fr/unites/chirurgie-esthetique-faciale/rinoplastia-girona/,/fr/unites/chirurgie-esthetique-faciale/rhinoplastie-gerone/
/fr/unites/chirurgie-esthetique-masculine/liftting-de-cuello-y-papada/,/fr/unites/chirurgie-esthetique-masculine/lifting-du-cou-et-du-menton/
/fr/unites/cirugia-estetica-corporal/abdominoplastia/,/fr/unites/chirurgie-esthetique-corporelle-2/abdominoplastie/
/fr/unites/cirugia-estetica-corporal/abdominoplastie/,/fr/unites/chirurgie-esthetique-corporelle-2/abdominoplastie/
/fr/unites/cirugia-estetica-corporal/aumento-de-gluteos/,/fr/unites/chirurgie-esthetique-corporelle-2/augmentation-des-fessiers/
/fr/unites/cirugia-estetica-corporal/cirugia-genital-femenina/,/fr/unites/chirurgie-esthetique-corporelle-2/chirurgie-genitale-feminine-2/
/fr/unites/cirugia-estetica-corporal/lifting-brazos-y-piernas/,/fr/unites/chirurgie-esthetique-corporelle-2/soulever-les-bras-et-les-jambes/
/fr/unites/cirugia-estetica-corporal/lipofiling-corporal/,/fr/unites/chirurgie-esthetique-corporelle-2/lipofilling-corporel/
/fr/unites/cirugia-estetica-corporal/liposuccion-vaser/,/fr/unites/chirurgie-esthetique-corporelle-2/liposuccion-vaser/
/fr/unites/cirugia-estetica-corporal/liposuccion/,/fr/unites/chirurgie-esthetique-corporelle-2/liposuccion/
/fr/unites/cirugia-estetica-facial/,/fr/unites/chirurgie-esthetique-faciale/
/fr/unites/cirugia-estetica-facial/blefaroplastia-girona/,/fr/unites/chirurgie-esthetique-faciale/blepharoplastie-gerone/
/fr/unites/cirugia-estetica-facial/blefaroplastia/,/fr/unites/chirurgie-esthetique-faciale/blepharoplastie/
/fr/unites/cirugia-estetica-facial/cirugia-menton-y-pomulos/,/fr/unites/chirurgie-esthetique-faciale/chirurgie-du-menton-et-des-pommettes-2/
/fr/unites/cirugia-estetica-facial/lifting-du-visage/,/fr/unites/chirurgie-esthetique-faciale/lifting-du-visage/
/fr/unites/cirugia-estetica-facial/lifting-facial/,/fr/unites/chirurgie-esthetique-faciale/lifting-du-visage/
/fr/unites/cirugia-estetica-facial/minilifting-de-cuello-y-papada/,/fr/unites/chirurgie-esthetique-faciale/mini-lifting-du-cou-et-du-double-menton/
/fr/unites/cirugia-estetica-facial/otoplastia-girona/,/fr/unites/chirurgie-esthetique-faciale/otoplastie-gerone/
/fr/unites/cirugia-estetica-facial/otoplastia/,/fr/unites/chirurgie-esthetique-faciale/otoplastie/
/fr/unites/cirugia-estetica-facial/perforacion-tabique-nasal/,/fr/unites/chirurgie-esthetique-faciale/perforation-de-la-cloison-nasale/
/fr/unites/cirugia-estetica-facial/relleno-de-arrugas/,/fr/unites/chirurgie-esthetique-faciale/remplissage-de-rides/
/fr/unites/cirugia-estetica-facial/rinoplastia-girona/,/fr/unites/chirurgie-esthetique-faciale/rhinoplastie-gerone/
/fr/unites/cirugia-estetica-mamas/,/fr/unites/chirurgie-esthetique-des-seins-2/augmentation-mammaire-gerone/
/fr/unites/cirugia-estetica-mamas/aumento-de-pecho-girona/,/fr/unites/chirurgie-esthetique-des-seins-2/augmentation-mammaire-gerone/
/fr/unites/cirugia-estetica-mamas/aumento-de-pecho-tecnica-ami/,/fr/unites/chirurgie-esthetique-des-seins-2/augmentation-mammaire-technique-ami/
/fr/unites/cirugia-estetica-mamas/recambiodeprotesis/,/fr/unites/chirurgie-esthetique-des-seins-2/remplacement-de-prothese/
/fr/unites/cirugia-estetica-mamas/reduccion-de-pecho/,/fr/unites/chirurgie-esthetique-des-seins-2/reduction-mammaire/
/fr/unites/gabinete-de-estetica/desintoxicante/,/fr/unites/institut-de-beaute/detoxifiante/
/fr/unites/gabinete-de-estetica/eliminar-celulitis/,/fr/unites/institut-de-beaute/eliminer-la-cellulite/
/fr/unites/gabinete-de-estetica/recuperador/,/fr/unites/institut-de-beaute/recuperateur/
/fr/unites/gabinete-de-estetica/reduccion-de-volumen-girona/,/fr/unites/institut-de-beaute/reduccion-de-volumen-girona/
/fr/unites/institut-de-beaute/acido-de-frutas/,/fr/unites/institut-de-beaute/acide-de-fruits/
/fr/unites/institut-de-beaute/antiedad-mc-110/,/fr/unites/institut-de-beaute/anti-age-mc-110/
/fr/unites/institut-de-beaute/desintoxicante/,/fr/unites/institut-de-beaute/detoxifiante/
/fr/unites/institut-de-beaute/eliminar-celulitis/,/fr/unites/institut-de-beaute/eliminer-la-cellulite/
/fr/unites/medecine-esthetique-corporelle/liposuccion-sin-cirugia/,/fr/unites/medecine-esthetique-corporelle/liposuccion-sans-chirurgie/
/fr/unites/medecine-esthetique-faciale/ojeras/,/fr/unites/medecine-esthetique-faciale/cernes/
/fr/unites/medicina-cosmetica-girona/,/fr/unites/medecine-esthetique-gerone/
/fr/unites/medicina-estetica-corporal/,/fr/unites/medecine-esthetique-corporelle/
/fr/unites/medicina-estetica-corporal/celulitis/,/fr/unites/medecine-esthetique-corporelle/cellulite/
/fr/unites/medicina-estetica-corporal/liposuccion-sin-cirugia/,/fr/unites/medecine-esthetique-corporelle/liposuccion-sans-chirurgie/
/fr/unites/medicina-estetica-facial/,/fr/unites/medecine-esthetique-faciale/
/fr/unites/medicina-estetica-facial/aumento-labios/,/fr/unites/medecine-esthetique-faciale/augmentation-des-levres/
/fr/unites/medicina-estetica-facial/flacidez-hilos-tensores/,/fr/unites/medecine-esthetique-faciale/flaccidite-fils-tenseurs/
/fr/unites/medicina-estetica-facial/hidratacion-y-nutricion/,/fr/unites/medecine-esthetique-faciale/hydratation-et-nutrition-2/
/fr/unites/medicina-estetica-facial/ojeras/,/fr/unites/medecine-esthetique-faciale/cernes/
/fr/unites/medicina-estetica-facial/peeling/,/fr/unites/medecine-esthetique-faciale/epluchage/
/fr/unites/medicina-estetica-facial/rinomodelacion/,/fr/unites/medecine-esthetique-faciale/rinomodelisation/
/fr/unites/sobrepeso-y-obesidad/,/fr/unites/surpoids-et-obesite-2/
/fr/unites/sobrepeso-y-obesidad/balon-12-meses-reajustable/,/fr/unites/surpoids-et-obesite-2/boule-12-mois-ajustable/
/fr/unites/sobrepeso-y-obesidad/balon-6-meses/,/fr/unites/surpoids-et-obesite-2/ballon-6-mois/
/fr/unites/sobrepeso-y-obesidad/balon-gastrico-girona/,/fr/unites/surpoids-et-obesite-2/ballon-gastrique-gerone/
/fr/unites/sobrepeso-y-obesidad/balon-ingerible-elipse/,/fr/unites/surpoids-et-obesite-2/balle-comestible-ellipse/
/fr/unites/sobrepeso-y-obesidad/cirugia-bariatrica/,/fr/unites/surpoids-et-obesite-2/chirurgie-bariatrique-2/
/fr/unites/sobrepeso-y-obesidad/cirugia-bariatrica/gastrectomia-vertical/,/fr/unites/surpoids-et-obesite-2/chirurgie-bariatrique-2/gastrectomie-verticale/
/fr/unites/sobrepeso-y-obesidad/cirugia-postbariatrica/,/fr/unites/surpoids-et-obesite-2/cirugia-postbariatrica/
/fr/unites/sobrepeso-y-obesidad/dietetica-y-nutricion/,/fr/unites/surpoids-et-obesite-2/dietetique-et-nutrition/
/fr/unites/sobrepeso-y-obesidad/endomanga/,/fr/unites/surpoids-et-obesite-2/endomanga/
/fr/unites/surpoids-et-obesite-2/balon-gastrico-girona/,/fr/unites/surpoids-et-obesite-2/ballon-gastrique-gerone/
/portfolio-category/servicios/,/portfolio_page/
/portfolio-category/videos/,/portfolio_page/
/portfolio_page/page/2/,/portfolio_page/
/que-es-una-rinoplastia/feed/,/blog-2/
/ru/%D0%B5%D0%B4%D0%B8%D0%BD%D0%B8%D1%86%D1%8B/%D0%B8%D0%B7%D0%B1%D1%8B%D1%82%D0%BE%D1%87%D0%BD%D1%8B%D0%B9-%D0%B2%D0%B5%D1%81-%D0%B8-%D0%BE%D0%B6%D0%B8%D1%80%D0%B5%D0%BD%D0%B8%D0%B5-2/balon-12-meses-reajustable/,/ru/%d0%b5%d0%b4%d0%b8%d0%bd%d0%b8%d1%86%d1%8b/%d0%b8%d0%b7%d0%b1%d1%8b%d1%82%d0%be%d1%87%d0%bd%d1%8b%d0%b9-%d0%b2%d0%b5%d1%81-%d0%b8-%d0%be%d0%b6%d0%b8%d1%80%d0%b5%d0%bd%d0%b8%d0%b5-2/%d0%b1%d0%b0%d0%bb%d0%be%d0%bd-12-%d0%bc%d0%b5%d1%81%d1%8f%d1%86%d0%b5%d0%b2-%d1%80%d0%b5%d0%b3%d1%83%d0%bb%d0%b8%d1%80%d1%83%d0%b5%d0%bc%d1%8b%d0%b9/
/ru/%D0%B5%D0%B4%D0%B8%D0%BD%D0%B8%D1%86%D1%8B/%D0%B8%D0%B7%D0%B1%D1%8B%D1%82%D0%BE%D1%87%D0%BD%D1%8B%D0%B9-%D0%B2%D0%B5%D1%81-%D0%B8-%D0%BE%D0%B6%D0%B8%D1%80%D0%B5%D0%BD%D0%B8%D0%B5-2/balon-6-meses/,/ru/%d0%b5%d0%b4%d0%b8%d0%bd%d0%b8%d1%86%d1%8b/%d0%b8%d0%b7%d0%b1%d1%8b%d1%82%d0%be%d1%87%d0%bd%d1%8b%d0%b9-%d0%b2%d0%b5%d1%81-%d0%b8-%d0%be%d0%b6%d0%b8%d1%80%d0%b5%d0%bd%d0%b8%d0%b5-2/balon-6-%d0%bc%d0%b5%d1%81%d1%8f%d1%86%d0%b5%d0%b2/
/ru/%D0%B5%D0%B4%D0%B8%D0%BD%D0%B8%D1%86%D1%8B/%D0%B8%D0%B7%D0%B1%D1%8B%D1%82%D0%BE%D1%87%D0%BD%D1%8B%D0%B9-%D0%B2%D0%B5%D1%81-%D0%B8-%D0%BE%D0%B6%D0%B8%D1%80%D0%B5%D0%BD%D0%B8%D0%B5-2/dietetica-y-nutricion/,/ru/%d0%b5%d0%b4%d0%b8%d0%bd%d0%b8%d1%86%d1%8b/%d0%b8%d0%b7%d0%b1%d1%8b%d1%82%d0%be%d1%87%d0%bd%d1%8b%d0%b9-%d0%b2%d0%b5%d1%81-%d0%b8-%d0%be%d0%b6%d0%b8%d1%80%d0%b5%d0%bd%d0%b8%d0%b5-2/%d0%b4%d0%b8%d0%b5%d1%82%d0%be%d0%bb%d0%be%d0%b3%d0%b8%d1%8f-%d0%b8-%d0%bf%d0%b8%d1%82%d0%b0%d0%bd%d0%b8%d0%b5/
/ru/%D0%B5%D0%B4%D0%B8%D0%BD%D0%B8%D1%86%D1%8B/%D0%B8%D0%B7%D0%B1%D1%8B%D1%82%D0%BE%D1%87%D0%BD%D1%8B%D0%B9-%D0%B2%D0%B5%D1%81-%D0%B8-%D0%BE%D0%B6%D0%B8%D1%80%D0%B5%D0%BD%D0%B8%D0%B5-2/endomanga/,/ru/%d0%b5%d0%b4%d0%b8%d0%bd%d0%b8%d1%86%d1%8b/%d0%b8%d0%b7%d0%b1%d1%8b%d1%82%d0%be%d1%87%d0%bd%d1%8b%d0%b9-%d0%b2%d0%b5%d1%81-%d0%b8-%d0%be%d0%b6%d0%b8%d1%80%d0%b5%d0%bd%d0%b8%d0%b5-2/%d1%8d%d0%bd%d0%b4%d0%be%d0%bc%d0%b0%d0%bd%d0%b3%d0%b0/
/ru/%D0%B5%D0%B4%D0%B8%D0%BD%D0%B8%D1%86%D1%8B/%D0%BA%D0%B0%D0%B1%D0%B8%D0%BD%D0%B5%D1%82-%D1%8D%D1%81%D1%82%D0%B5%D1%82%D0%B8%D0%BA%D0%B8/hidreclat/,/ru/%d0%b5%d0%b4%d0%b8%d0%bd%d0%b8%d1%86%d1%8b/%d0%ba%d0%b0%d0%b1%d0%b8%d0%bd%d0%b5%d1%82-%d1%8d%d1%81%d1%82%d0%b5%d1%82%d0%b8%d0%ba%d0%b8/%d1%85%d0%b8%d0%b4%d1%80%d0%b5%d0%ba%d0%bb%d0%b0%d1%82/
/ru/%D0%B5%D0%B4%D0%B8%D0%BD%D0%B8%D1%86%D1%8B/%D0%BC%D1%83%D0%B6%D1%81%D0%BA%D0%B0%D1%8F-%D0%BA%D0%BE%D1%81%D0%BC%D0%B5%D1%82%D0%B8%D1%87%D0%B5%D1%81%D0%BA%D0%B0%D1%8F-%D1%85%D0%B8%D1%80%D1%83%D1%80%D0%B3%D0%B8%D1%8F/liftting-de-cuello-y-papada/,/ru/%d0%b5%d0%b4%d0%b8%d0%bd%d0%b8%d1%86%d1%8b/%d0%bc%d1%83%d0%b6%d1%81%d0%ba%d0%b0%d1%8f-%d0%ba%d0%be%d1%81%d0%bc%d0%b5%d1%82%d0%b8%d1%87%d0%b5%d1%81%d0%ba%d0%b0%d1%8f-%d1%85%d0%b8%d1%80%d1%83%d1%80%d0%b3%d0%b8%d1%8f/%d0%bf%d0%be%d0%b4%d1%82%d1%8f%d0%b6%d0%ba%d0%b0-%d1%88%d0%b5%d0%b8-%d0%b8-%d0%b2%d1%82%d0%be%d1%80%d0%be%d0%b3%d0%be-%d0%bf%d0%be%d0%b4%d0%b1%d0%be%d1%80%d0%be%d0%b4%d0%ba%d0%b0/
/ru/%D0%B5%D0%B4%D0%B8%D0%BD%D0%B8%D1%86%D1%8B/%D0%BF%D0%BB%D0%B0%D1%81%D1%82%D0%B8%D1%87%D0%B5%D1%81%D0%BA%D0%B0%D1%8F-%D1%85%D0%B8%D1%80%D1%83%D1%80%D0%B3%D0%B8%D1%8F-%D0%B3%D1%80%D1%83%D0%B4%D0%B8/aumento-de-pecho-girona/,/ru/%d0%b5%d0%b4%d0%b8%d0%bd%d0%b8%d1%86%d1%8b/%d0%bf%d0%bb%d0%b0%d1%81%d1%82%d0%b8%d1%87%d0%b5%d1%81%d0%ba%d0%b0%d1%8f-%d1%85%d0%b8%d1%80%d1%83%d1%80%d0%b3%d0%b8%d1%8f-%d0%b3%d1%80%d1%83%d0%b4%d0%b8/%d1%83%d0%b2%d0%b5%d0%bb%d0%b8%d1%87%d0%b5%d0%bd%d0%b8%d0%b5-%d0%b3%d1%80%d1%83%d0%b4%d0%b8-%d0%b6%d0%b8%d1%80%d0%be%d0%bd%d0%b0-2/
/ru/%D0%B5%D0%B4%D0%B8%D0%BD%D0%B8%D1%86%D1%8B/%D0%BF%D0%BB%D0%B0%D1%81%D1%82%D0%B8%D1%87%D0%B5%D1%81%D0%BA%D0%B0%D1%8F-%D1%85%D0%B8%D1%80%D1%83%D1%80%D0%B3%D0%B8%D1%8F-%D0%B3%D1%80%D1%83%D0%B4%D0%B8/elevacion-de-pecho-pexia/,/ru/%d0%b5%d0%b4%d0%b8%d0%bd%d0%b8%d1%86%d1%8b/%d0%bf%d0%bb%d0%b0%d1%81%d1%82%d0%b8%d1%87%d0%b5%d1%81%d0%ba%d0%b0%d1%8f-%d1%85%d0%b8%d1%80%d1%83%d1%80%d0%b3%d0%b8%d1%8f-%d0%b3%d1%80%d1%83%d0%b4%d0%b8/%d0%bc%d0%b0%d0%bc%d0%bc%d0%be%d0%bf%d0%bb%d0%b0%d1%81%d1%82%d0%b8%d0%ba%d0%b0/
/ru/%D0%B5%D0%B4%D0%B8%D0%BD%D0%B8%D1%86%D1%8B/%D0%BF%D0%BB%D0%B0%D1%81%D1%82%D0%B8%D1%87%D0%B5%D1%81%D0%BA%D0%B0%D1%8F-%D1%85%D0%B8%D1%80%D1%83%D1%80%D0%B3%D0%B8%D1%8F-%D0%BB%D0%B8%D1%86%D0%B0/cirugia-menton-y-pomulos/,/ru/%d0%b5%d0%b4%d0%b8%d0%bd%d0%b8%d1%86%d1%8b/%d0%bf%d0%bb%d0%b0%d1%81%d1%82%d0%b8%d1%87%d0%b5%d1%81%d0%ba%d0%b0%d1%8f-%d1%85%d0%b8%d1%80%d1%83%d1%80%d0%b3%d0%b8%d1%8f-%d0%bb%d0%b8%d1%86%d0%b0/%d0%be%d0%bf%d0%b5%d1%80%d0%b0%d1%86%d0%b8%d1%8f-%d0%bd%d0%b0-%d0%bf%d0%be%d0%b4%d0%b1%d0%be%d1%80%d0%be%d0%b4%d0%ba%d0%b5-%d0%b8-%d1%81%d0%ba%d1%83%d0%bb%d0%b0%d1%85/
/ru/%D0%B5%D0%B4%D0%B8%D0%BD%D0%B8%D1%86%D1%8B/%D0%BF%D0%BB%D0%B0%D1%81%D1%82%D0%B8%D1%87%D0%B5%D1%81%D0%BA%D0%B0%D1%8F-%D1%85%D0%B8%D1%80%D1%83%D1%80%D0%B3%D0%B8%D1%8F-%D0%BB%D0%B8%D1%86%D0%B0/otoplastia-girona/,/ru/%d0%b5%d0%b4%d0%b8%d0%bd%d0%b8%d1%86%d1%8b/%d0%bf%d0%bb%d0%b0%d1%81%d1%82%d0%b8%d1%87%d0%b5%d1%81%d0%ba%d0%b0%d1%8f-%d1%85%d0%b8%d1%80%d1%83%d1%80%d0%b3%d0%b8%d1%8f-%d0%bb%d0%b8%d1%86%d0%b0/%d0%be%d1%82%d0%be%d0%bf%d0%bb%d0%b0%d1%81%d1%82%d0%b8%d0%ba%d0%b0-%d0%b6%d0%b8%d1%80%d0%be%d0%bd%d0%b0/
/ru/%D0%B5%D0%B4%D0%B8%D0%BD%D0%B8%D1%86%D1%8B/%D0%BF%D0%BB%D0%B0%D1%81%D1%82%D0%B8%D1%87%D0%B5%D1%81%D0%BA%D0%B0%D1%8F-%D1%85%D0%B8%D1%80%D1%83%D1%80%D0%B3%D0%B8%D1%8F-%D0%BB%D0%B8%D1%86%D0%B0/perforacion-tabique-nasal/,/ru/%d0%b5%d0%b4%d0%b8%d0%bd%d0%b8%d1%86%d1%8b/%d0%bf%d0%bb%d0%b0%d1%81%d1%82%d0%b8%d1%87%d0%b5%d1%81%d0%ba%d0%b0%d1%8f-%d1%85%d0%b8%d1%80%d1%83%d1%80%d0%b3%d0%b8%d1%8f-%d0%bb%d0%b8%d1%86%d0%b0/%d0%bf%d1%80%d0%be%d0%ba%d0%be%d0%bb-%d0%bd%d0%be%d1%81%d0%be%d0%b2%d0%be%d0%b9-%d0%bf%d0%b5%d1%80%d0%b5%d0%b3%d0%be%d1%80%d0%be%d0%b4%d0%ba%d0%b8/
/ru/%D0%B5%D0%B4%D0%B8%D0%BD%D0%B8%D1%86%D1%8B/%D1%8D%D1%81%D1%82%D0%B5%D1%82%D0%B8%D1%87%D0%B5%D1%81%D0%BA%D0%B0%D1%8F-%D0%BC%D0%B5%D0%B4%D0%B8%D1%86%D0%B8%D0%BD%D0%B0-%D1%82%D0%B5%D0%BB%D0%B0/celulitis/,/ru/%d0%b5%d0%b4%d0%b8%d0%bd%d0%b8%d1%86%d1%8b/%d1%8d%d1%81%d1%82%d0%b5%d1%82%d0%b8%d1%87%d0%b5%d1%81%d0%ba%d0%b0%d1%8f-%d0%bc%d0%b5%d0%b4%d0%b8%d1%86%d0%b8%d0%bd%d0%b0-%d1%82%d0%b5%d0%bb%d0%b0/%d1%86%d0%b5%d0%bb%d0%bb%d1%8e%d0%bb%d0%b8%d1%82/
/ru/%D0%B5%D0%B4%D0%B8%D0%BD%D0%B8%D1%86%D1%8B/%D1%8D%D1%81%D1%82%D0%B5%D1%82%D0%B8%D1%87%D0%B5%D1%81%D0%BA%D0%B0%D1%8F-%D0%BC%D0%B5%D0%B4%D0%B8%D1%86%D0%B8%D0%BD%D0%B0-%D1%82%D0%B5%D0%BB%D0%B0/liposuccion-sin-cirugia/,/ru/%d0%b5%d0%b4%d0%b8%d0%bd%d0%b8%d1%86%d1%8b/%d1%8d%d1%81%d1%82%d0%b5%d1%82%d0%b8%d1%87%d0%b5%d1%81%d0%ba%d0%b0%d1%8f-%d0%bc%d0%b5%d0%b4%d0%b8%d1%86%d0%b8%d0%bd%d0%b0-%d1%82%d0%b5%d0%bb%d0%b0/%d0%bb%d0%b8%d0%bf%d0%be%d1%81%d0%b0%d0%ba%d1%86%d0%b8%d1%8f-%d0%b1%d0%b5%d0%b7-%d0%be%d0%bf%d0%b5%d1%80%d0%b0%d1%86%d0%b8%d0%b8-2/
/ru/%D0%B5%D0%B4%D0%B8%D0%BD%D0%B8%D1%86%D1%8B/cirugia-estetica-corporal/lipofiling-corporal/,/ru/%d0%b5%d0%b4%d0%b8%d0%bd%d0%b8%d1%86%d1%8b/%d1%8d%d1%81%d1%82%d0%b5%d1%82%d0%b8%d1%87%d0%b5%d1%81%d0%ba%d0%b0%d1%8f-%d0%be%d0%bf%d0%b5%d1%80%d0%b0%d1%86%d0%b8%d1%8f-%d1%82%d0%b5%d0%bb%d0%b0/%d0%bb%d0%b8%d0%bf%d0%be%d1%84%d0%b8%d0%bb%d0%b8%d0%bd%d0%b3-%d1%82%d0%b5%d0%bb%d0%b0/
/ru/%D0%B5%D0%B4%D0%B8%D0%BD%D0%B8%D1%86%D1%8B/cirugia-estetica-facial/%D0%B1%D0%BB%D0%B5%D1%84%D0%B0%D1%80%D0%BE%D0%BF%D0%BB%D0%B0%D1%81%D1%82%D0%B8%D0%BA%D0%B0-%D0%B6%D0%B8%D1%80%D0%BE%D0%BD%D0%B0/,/ru/%d0%b5%d0%b4%d0%b8%d0%bd%d0%b8%d1%86%d1%8b/%d0%bf%d0%bb%d0%b0%d1%81%d1%82%d0%b8%d1%87%d0%b5%d1%81%d0%ba%d0%b0%d1%8f-%d1%85%d0%b8%d1%80%d1%83%d1%80%d0%b3%d0%b8%d1%8f-%d0%bb%d0%b8%d1%86%d0%b0/%d0%b1%d0%bb%d0%b5%d1%84%d0%b0%d1%80%d0%be%d0%bf%d0%bb%d0%b0%d1%81%d1%82%d0%b8%d0%ba%d0%b0-%d0%b6%d0%b8%d1%80%d0%be%d0%bd%d0%b0/
/ru/%D0%B5%D0%B4%D0%B8%D0%BD%D0%B8%D1%86%D1%8B/cirugia-estetica-facial/%D0%B1%D0%BB%D0%B5%D1%84%D0%B0%D1%80%D0%BE%D0%BF%D0%BB%D0%B0%D1%81%D1%82%D0%B8%D0%BA%D0%B0/,/ru/%d0%b5%d0%b4%d0%b8%d0%bd%d0%b8%d1%86%d1%8b/%d0%bf%d0%bb%d0%b0%d1%81%d1%82%d0%b8%d1%87%d0%b5%d1%81%d0%ba%d0%b0%d1%8f-%d1%85%d0%b8%d1%80%d1%83%d1%80%d0%b3%d0%b8%d1%8f-%d0%bb%d0%b8%d1%86%d0%b0/%d0%b1%d0%bb%d0%b5%d1%84%d0%b0%d1%80%d0%be%d0%bf%d0%bb%d0%b0%d1%81%d1%82%d0%b8%d0%ba%d0%b0/
/ru/%D0%B5%D0%B4%D0%B8%D0%BD%D0%B8%D1%86%D1%8B/cirugia-estetica-facial/blefaroplastia/,/ru/%d0%b5%d0%b4%d0%b8%d0%bd%d0%b8%d1%86%d1%8b/%d0%bf%d0%bb%d0%b0%d1%81%d1%82%d0%b8%d1%87%d0%b5%d1%81%d0%ba%d0%b0%d1%8f-%d1%85%d0%b8%d1%80%d1%83%d1%80%d0%b3%d0%b8%d1%8f-%d0%bb%d0%b8%d1%86%d0%b0/%d0%b1%d0%bb%d0%b5%d1%84%d0%b0%d1%80%d0%be%d0%bf%d0%bb%d0%b0%d1%81%d1%82%d0%b8%d0%ba%d0%b0/
/ru/%D0%B5%D0%B4%D0%B8%D0%BD%D0%B8%D1%86%D1%8B/cirugia-estetica-facial/minilifting-de-cuello-y-papada/,/ru/%d0%b5%d0%b4%d0%b8%d0%bd%d0%b8%d1%86%d1%8b/%d0%bf%d0%bb%d0%b0%d1%81%d1%82%d0%b8%d1%87%d0%b5%d1%81%d0%ba%d0%b0%d1%8f-%d1%85%d0%b8%d1%80%d1%83%d1%80%d0%b3%d0%b8%d1%8f-%d0%bb%d0%b8%d1%86%d0%b0/%d0%bf%d0%be%d0%b4%d1%82%d1%8f%d0%b6%d0%ba%d0%b0-%d1%88%d0%b5%d0%b8-%d0%b8-%d0%bf%d0%be%d0%b4%d0%b1%d0%be%d1%80%d0%be%d0%b4%d0%ba%d0%b0/
/ru/%D0%B5%D0%B4%D0%B8%D0%BD%D0%B8%D1%86%D1%8B/cirugia-estetica-facial/relleno-de-arrugas/,/ru/%d0%b5%d0%b4%d0%b8%d0%bd%d0%b8%d1%86%d1%8b/%d0%bf%d0%bb%d0%b0%d1%81%d1%82%d0%b8%d1%87%d0%b5%d1%81%d0%ba%d0%b0%d1%8f-%d1%85%d0%b8%d1%80%d1%83%d1%80%d0%b3%d0%b8%d1%8f-%d0%bb%d0%b8%d1%86%d0%b0/%d1%84%d0%b8%d0%bb%d0%bb%d0%b5%d1%80-%d0%bf%d1%80%d0%be%d1%82%d0%b8%d0%b2-%d0%bc%d0%be%d1%80%d1%89%d0%b8%d0%bd/
/ru/%D0%B5%D0%B4%D0%B8%D0%BD%D0%B8%D1%86%D1%8B/cirugia-estetica-facial/rinoplastia-girona/,/ru/%d0%b5%d0%b4%d0%b8%d0%bd%d0%b8%d1%86%d1%8b/%d0%bf%d0%bb%d0%b0%d1%81%d1%82%d0%b8%d1%87%d0%b5%d1%81%d0%ba%d0%b0%d1%8f-%d1%85%d0%b8%d1%80%d1%83%d1%80%d0%b3%d0%b8%d1%8f-%d0%bb%d0%b8%d1%86%d0%b0/%d1%80%d0%b8%d0%bd%d0%be%d0%bf%d0%bb%d0%b0%d1%81%d1%82%d0%b8%d0%ba%d0%b0-%d0%b6%d0%b8%d1%80%d0%be%d0%bd%d0%b0/
/ru/%D0%B5%D0%B4%D0%B8%D0%BD%D0%B8%D1%86%D1%8B/cirugia-estetica-facial/rinoplastia/,/ru/%d0%b5%d0%b4%d0%b8%d0%bd%d0%b8%d1%86%d1%8b/%d0%bf%d0%bb%d0%b0%d1%81%d1%82%d0%b8%d1%87%d0%b5%d1%81%d0%ba%d0%b0%d1%8f-%d1%85%d0%b8%d1%80%d1%83%d1%80%d0%b3%d0%b8%d1%8f-%d0%bb%d0%b8%d1%86%d0%b0/%d1%80%d0%b8%d0%bd%d0%be%d0%bf%d0%bb%d0%b0%d1%81%d1%82%d0%b8%d0%ba%d0%b0/
/ru/%D0%B5%D0%B4%D0%B8%D0%BD%D0%B8%D1%86%D1%8B/cirugia-estetica-mamas/aumento-de-pecho-tecnica-ami/,/ru/%d0%b5%d0%b4%d0%b8%d0%bd%d0%b8%d1%86%d1%8b/%d0%bf%d0%bb%d0%b0%d1%81%d1%82%d0%b8%d1%87%d0%b5%d1%81%d0%ba%d0%b0%d1%8f-%d1%85%d0%b8%d1%80%d1%83%d1%80%d0%b3%d0%b8%d1%8f-%d0%b3%d1%80%d1%83%d0%b4%d0%b8/%d1%83%d0%b2%d0%b5%d0%bb%d0%b8%d1%87%d0%b5%d0%bd%d0%b8%d0%b5-%d0%b3%d1%80%d1%83%d0%b4%d0%b8-%d1%82%d0%b5%d1%85%d0%bd%d0%b8%d0%ba%d0%b0-ami/
/ru/%D0%B5%D0%B4%D0%B8%D0%BD%D0%B8%D1%86%D1%8B/cirugia-estetica-mamas/elevacion-de-pecho-pexia/,/ru/%d0%b5%d0%b4%d0%b8%d0%bd%d0%b8%d1%86%d1%8b/%d0%bf%d0%bb%d0%b0%d1%81%d1%82%d0%b8%d1%87%d0%b5%d1%81%d0%ba%d0%b0%d1%8f-%d1%85%d0%b8%d1%80%d1%83%d1%80%d0%b3%d0%b8%d1%8f-%d0%b3%d1%80%d1%83%d0%b4%d0%b8/%d0%bc%d0%b0%d0%bc%d0%bc%d0%be%d0%bf%d0%bb%d0%b0%d1%81%d1%82%d0%b8%d0%ba%d0%b0/
/ru/%D0%B5%D0%B4%D0%B8%D0%BD%D0%B8%D1%86%D1%8B/cirugia-estetica-mamas/reduccion-de-pecho/,/ru/%d0%b5%d0%b4%d0%b8%d0%bd%d0%b8%d1%86%d1%8b/%d0%bf%d0%bb%d0%b0%d1%81%d1%82%d0%b8%d1%87%d0%b5%d1%81%d0%ba%d0%b0%d1%8f-%d1%85%d0%b8%d1%80%d1%83%d1%80%d0%b3%d0%b8%d1%8f-%d0%b3%d1%80%d1%83%d0%b4%d0%b8/%d1%80%d0%b5%d0%b4%d1%83%d0%ba%d1%86%d0%b8%d1%8f-%d0%b3%d1%80%d1%83%d0%b4%d0%b8/
/ru/%D0%B5%D0%B4%D0%B8%D0%BD%D0%B8%D1%86%D1%8B/gabinete-de-estetica/acido-de-frutas/,/ru/%d0%b5%d0%b4%d0%b8%d0%bd%d0%b8%d1%86%d1%8b/%d0%ba%d0%b0%d0%b1%d0%b8%d0%bd%d0%b5%d1%82-%d1%8d%d1%81%d1%82%d0%b5%d1%82%d0%b8%d0%ba%d0%b8/acido-de-frutas/
/ru/%D0%B5%D0%B4%D0%B8%D0%BD%D0%B8%D1%86%D1%8B/gabinete-de-estetica/eliminar-celulitis/,/ru/%d0%b5%d0%b4%d0%b8%d0%bd%d0%b8%d1%86%d1%8b/%d0%ba%d0%b0%d0%b1%d0%b8%d0%bd%d0%b5%d1%82-%d1%8d%d1%81%d1%82%d0%b5%d1%82%d0%b8%d0%ba%d0%b8/%d1%83%d1%81%d1%82%d1%80%d0%b0%d0%bd%d0%b8%d1%82%d1%8c-%d1%86%d0%b5%d0%bb%d0%bb%d1%8e%d0%bb%d0%b8%d1%82/
/ru/%D0%B5%D0%B4%D0%B8%D0%BD%D0%B8%D1%86%D1%8B/medicina-estetica-corporal/,/ru/%d0%b5%d0%b4%d0%b8%d0%bd%d0%b8%d1%86%d1%8b/%d1%8d%d1%81%d1%82%d0%b5%d1%82%d0%b8%d1%87%d0%b5%d1%81%d0%ba%d0%b0%d1%8f-%d0%bc%d0%b5%d0%b4%d0%b8%d1%86%d0%b8%d0%bd%d0%b0-%d1%82%d0%b5%d0%bb%d0%b0/
/ru/%D0%B5%D0%B4%D0%B8%D0%BD%D0%B8%D1%86%D1%8B/medicina-estetica-corporal/liposuccion-sin-cirugia/,/ru/%d0%b5%d0%b4%d0%b8%d0%bd%d0%b8%d1%86%d1%8b/%d1%8d%d1%81%d1%82%d0%b5%d1%82%d0%b8%d1%87%d0%b5%d1%81%d0%ba%d0%b0%d1%8f-%d0%bc%d0%b5%d0%b4%d0%b8%d1%86%d0%b8%d0%bd%d0%b0-%d1%82%d0%b5%d0%bb%d0%b0/%d0%bb%d0%b8%d0%bf%d0%be%d1%81%d0%b0%d0%ba%d1%86%d0%b8%d1%8f-%d0%b1%d0%b5%d0%b7-%d0%be%d0%bf%d0%b5%d1%80%d0%b0%d1%86%d0%b8%d0%b8-2/
/ru/%D0%B5%D0%B4%D0%B8%D0%BD%D0%B8%D1%86%D1%8B/sobrepeso-y-obesidad/balon-gastrico-girona/,/ru/%d0%b5%d0%b4%d0%b8%d0%bd%d0%b8%d1%86%d1%8b/%d0%b8%d0%b7%d0%b1%d1%8b%d1%82%d0%be%d1%87%d0%bd%d1%8b%d0%b9-%d0%b2%d0%b5%d1%81-%d0%b8-%d0%be%d0%b6%d0%b8%d1%80%d0%b5%d0%bd%d0%b8%d0%b5-2/%d0%b3%d0%b0%d1%81%d1%82%d1%80%d0%be%d0%b1%d0%b0%d0%bb%d0%bb%d0%be%d0%bd-%d0%b6%d0%b8%d1%80%d0%be%d0%bd%d0%b0/
/ru/%D0%B5%D0%B4%D0%B8%D0%BD%D0%B8%D1%86%D1%8B/sobrepeso-y-obesidad/cirugia-postbariatrica/,/ru/%d0%b5%d0%b4%d0%b8%d0%bd%d0%b8%d1%86%d1%8b/%d0%b8%d0%b7%d0%b1%d1%8b%d1%82%d0%be%d1%87%d0%bd%d1%8b%d0%b9-%d0%b2%d0%b5%d1%81-%d0%b8-%d0%be%d0%b6%d0%b8%d1%80%d0%b5%d0%bd%d0%b8%d0%b5-2/cirugia-postbariatrica/
/ru/%D0%B5%D0%B4%D0%B8%D0%BD%D0%B8%D1%86%D1%8B/sobrepeso-y-obesidad/endomanga/,/ru/%d0%b5%d0%b4%d0%b8%d0%bd%d0%b8%d1%86%d1%8b/%d0%b8%d0%b7%d0%b1%d1%8b%d1%82%d0%be%d1%87%d0%bd%d1%8b%d0%b9-%d0%b2%d0%b5%d1%81-%d0%b8-%d0%be%d0%b6%d0%b8%d1%80%d0%b5%d0%bd%d0%b8%d0%b5-2/%d1%8d%d0%bd%d0%b4%d0%be%d0%bc%d0%b0%d0%bd%d0%b3%d0%b0/
/ru/%D0%BA%D0%B0%D1%82%D0%B5%D0%B3%D0%BE%D1%80%D0%B8%D1%8F/medicina-estetica-corporal-ca/,/ru/%d0%b1%d0%bb%d0%be%d0%b3/
/ru/%D0%BF%D0%BE%D1%80%D1%82%D1%84%D0%BE%D0%BB%D0%B8%D0%BE/%D1%81%D1%82%D1%80%D0%B0%D0%BD%D0%B8%D1%86%D0%B0/2/,/ru/%d0%bf%d0%be%d1%80%d1%82%d1%84%d0%be%d0%bb%d0%b8%d0%be/
/ru/%D1%8E%D0%BD%D0%B8%D1%82%D0%B0%D1%86/%D0%B8%D0%B7%D0%B1%D1%8B%D1%82%D0%BE%D1%87%D0%BD%D1%8B%D0%B9-%D0%B2%D0%B5%D1%81-%D0%B8-%D0%BE%D0%B6%D0%B8%D1%80%D0%B5%D0%BD%D0%B8%D0%B5/%D0%B1%D0%B0%D1%80%D0%B8%D0%B0%D1%82%D1%80%D0%B8%D1%87%D0%B5%D1%81%D0%BA%D0%B0%D1%8F-%D1%85%D0%B8%D1%80%D1%83%D1%80%D0%B3%D0%B8%D1%8F/gastrectomia-vertical/,/ru/%d0%b5%d0%b4%d0%b8%d0%bd%d0%b8%d1%86%d1%8b/%d0%b8%d0%b7%d0%b1%d1%8b%d1%82%d0%be%d1%87%d0%bd%d1%8b%d0%b9-%d0%b2%d0%b5%d1%81-%d0%b8-%d0%be%d0%b6%d0%b8%d1%80%d0%b5%d0%bd%d0%b8%d0%b5-2/%d0%b1%d0%b0%d1%80%d0%b8%d0%b0%d1%82%d1%80%d0%b8%d1%87%d0%b5%d1%81%d0%ba%d0%b0%d1%8f-%d1%85%d0%b8%d1%80%d1%83%d1%80%d0%b3%d0%b8%d1%8f-2/%d0%b2%d0%b5%d1%80%d1%82%d0%b8%d0%ba%d0%b0%d0%bb%d1%8c%d0%bd%d0%b0%d1%8f-%d0%b3%d0%b0%d1%81%d1%82%d1%80%d1%8d%d0%ba%d1%82%d0%be%d0%bc%d0%b8%d1%8f/
/ru/%D1%8E%D0%BD%D0%B8%D1%82%D0%B0%D1%86/%D0%B8%D0%B7%D0%B1%D1%8B%D1%82%D0%BE%D1%87%D0%BD%D1%8B%D0%B9-%D0%B2%D0%B5%D1%81-%D0%B8-%D0%BE%D0%B6%D0%B8%D1%80%D0%B5%D0%BD%D0%B8%D0%B5/balo-12-mesos-reajustable/,/ru/%d1%8e%d0%bd%d0%b8%d1%82%d0%b0%d1%86/%d0%b8%d0%b7%d0%b1%d1%8b%d1%82%d0%be%d1%87%d0%bd%d1%8b%d0%b9-%d0%b2%d0%b5%d1%81-%d0%b8-%d0%be%d0%b6%d0%b8%d1%80%d0%b5%d0%bd%d0%b8%d0%b5/%d0%b1%d0%b0%d0%bb%d0%be-12-%d0%bc%d0%b5%d1%81%d1%8f%d1%86%d0%b5%d0%b2-%d1%80%d0%b5%d0%b3%d1%83%d0%bb%d0%b8%d1%80%d1%83%d0%b5%d0%bc%d0%be%d0%b5/
/ru/%D1%8E%D0%BD%D0%B8%D1%82%D0%B0%D1%86/%D0%BA%D0%B0%D0%B1%D0%B8%D0%BD%D0%B5%D1%82-%D1%8D%D1%81%D1%82%D0%B5%D1%82%D0%B8%D0%BA%D0%B8-2/desintoxicant/,/ru/%d0%b5%d0%b4%d0%b8%d0%bd%d0%b8%d1%86%d1%8b/%d0%ba%d0%b0%d0%b1%d0%b8%d0%bd%d0%b5%d1%82-%d1%8d%d1%81%d1%82%d0%b5%d1%82%d0%b8%d0%ba%d0%b8/%d0%b4%d0%b5%d1%82%d0%be%d0%ba%d1%81%d0%b8%d0%ba%d0%b0%d0%bd%d1%82/
/ru/%D1%8E%D0%BD%D0%B8%D1%82%D0%B0%D1%86/%D0%BA%D0%B0%D0%B1%D0%B8%D0%BD%D0%B5%D1%82-%D1%8D%D1%81%D1%82%D0%B5%D1%82%D0%B8%D0%BA%D0%B8-2/hidreclat/,/ru/%d0%b5%d0%b4%d0%b8%d0%bd%d0%b8%d1%86%d1%8b/%d0%ba%d0%b0%d0%b1%d0%b8%d0%bd%d0%b5%d1%82-%d1%8d%d1%81%d1%82%d0%b5%d1%82%d0%b8%d0%ba%d0%b8/%d1%85%d0%b8%d0%b4%d1%80%d0%b5%d0%ba%d0%bb%d0%b0%d1%82/
/ru/%D1%8E%D0%BD%D0%B8%D1%82%D0%B0%D1%86/%D0%BC%D1%83%D0%B6%D1%81%D0%BA%D0%B0%D1%8F-%D0%BF%D0%BB%D0%B0%D1%81%D1%82%D0%B8%D1%87%D0%B5%D1%81%D0%BA%D0%B0%D1%8F-%D1%85%D0%B8%D1%80%D1%83%D1%80%D0%B3%D0%B8%D1%8F/augment-de-pectoral/,/ru/%d0%b5%d0%b4%d0%b8%d0%bd%d0%b8%d1%86%d1%8b/%d0%bc%d1%83%d0%b6%d1%81%d0%ba%d0%b0%d1%8f-%d0%ba%d0%be%d1%81%d0%bc%d0%b5%d1%82%d0%b8%d1%87%d0%b5%d1%81%d0%ba%d0%b0%d1%8f-%d1%85%d0%b8%d1%80%d1%83%d1%80%d0%b3%d0%b8%d1%8f/aumento-de-pectoral/
/ru/%D1%8E%D0%BD%D0%B8%D1%82%D0%B0%D1%86/%D0%BC%D1%83%D0%B6%D1%81%D0%BA%D0%B0%D1%8F-%D0%BF%D0%BB%D0%B0%D1%81%D1%82%D0%B8%D1%87%D0%B5%D1%81%D0%BA%D0%B0%D1%8F-%D1%85%D0%B8%D1%80%D1%83%D1%80%D0%B3%D0%B8%D1%8F/ginecomastia/,/ru/%d0%b5%d0%b4%d0%b8%d0%bd%d0%b8%d1%86%d1%8b/%d0%bc%d1%83%d0%b6%d1%81%d0%ba%d0%b0%d1%8f-%d0%ba%d0%be%d1%81%d0%bc%d0%b5%d1%82%d0%b8%d1%87%d0%b5%d1%81%d0%ba%d0%b0%d1%8f-%d1%85%d0%b8%d1%80%d1%83%d1%80%d0%b3%d0%b8%d1%8f/%d0%b3%d0%b8%d0%bd%d0%b5%d0%ba%d0%be%d0%bc%d0%b0%d1%81%d1%82%d0%b8%d1%8f-2/
/ru/%D1%8E%D0%BD%D0%B8%D1%82%D0%B0%D1%86/%D0%BC%D1%83%D0%B6%D1%81%D0%BA%D0%B0%D1%8F-%D0%BF%D0%BB%D0%B0%D1%81%D1%82%D0%B8%D1%87%D0%B5%D1%81%D0%BA%D0%B0%D1%8F-%D1%85%D0%B8%D1%80%D1%83%D1%80%D0%B3%D0%B8%D1%8F/lifting-de-coll-i-papada/,/ru/%d0%b5%d0%b4%d0%b8%d0%bd%d0%b8%d1%86%d1%8b/%d0%bc%d1%83%d0%b6%d1%81%d0%ba%d0%b0%d1%8f-%d0%ba%d0%be%d1%81%d0%bc%d0%b5%d1%82%d0%b8%d1%87%d0%b5%d1%81%d0%ba%d0%b0%d1%8f-%d1%85%d0%b8%d1%80%d1%83%d1%80%d0%b3%d0%b8%d1%8f/%d0%bf%d0%be%d0%b4%d1%82%d1%8f%d0%b6%d0%ba%d0%b0-%d1%88%d0%b5%d0%b8-%d0%b8-%d0%b2%d1%82%d0%be%d1%80%d0%be%d0%b3%d0%be-%d0%bf%d0%be%d0%b4%d0%b1%d0%be%d1%80%d0%be%d0%b4%d0%ba%d0%b0/
/ru/%D1%8E%D0%BD%D0%B8%D1%82%D0%B0%D1%86/%D0%BF%D0%BB%D0%B0%D1%81%D1%82%D0%B8%D1%87%D0%B5%D1%81%D0%BA%D0%B0%D1%8F-%D0%BE%D0%BF%D0%B5%D1%80%D0%B0%D1%86%D0%B8%D1%8F-%D0%BD%D0%B0-%D0%BB%D0%B8%D1%86%D0%B5/perforacio-de-lenva-nasal/,/ru/%d0%b5%d0%b4%d0%b8%d0%bd%d0%b8%d1%86%d1%8b/%d0%bf%d0%bb%d0%b0%d1%81%d1%82%d0%b8%d1%87%d0%b5%d1%81%d0%ba%d0%b0%d1%8f-%d1%85%d0%b8%d1%80%d1%83%d1%80%d0%b3%d0%b8%d1%8f-%d0%bb%d0%b8%d1%86%d0%b0/%d0%bf%d1%80%d0%be%d0%ba%d0%be%d0%bb-%d0%bd%d0%be%d1%81%d0%be%d0%b2%d0%be%d0%b9-%d0%bf%d0%b5%d1%80%d0%b5%d0%b3%d0%be%d1%80%d0%be%d0%b4%d0%ba%d0%b8/
/ru/%D1%8E%D0%BD%D0%B8%D1%82%D0%B0%D1%86/%D0%BF%D0%BB%D0%B0%D1%81%D1%82%D0%B8%D1%87%D0%B5%D1%81%D0%BA%D0%B0%D1%8F-%D0%BE%D0%BF%D0%B5%D1%80%D0%B0%D1%86%D0%B8%D1%8F-%D0%BD%D0%B0-%D0%BB%D0%B8%D1%86%D0%B5/rinoplastia/,/ru/%d0%b5%d0%b4%d0%b8%d0%bd%d0%b8%d1%86%d1%8b/%d0%bf%d0%bb%d0%b0%d1%81%d1%82%d0%b8%d1%87%d0%b5%d1%81%d0%ba%d0%b0%d1%8f-%d1%85%d0%b8%d1%80%d1%83%d1%80%d0%b3%d0%b8%d1%8f-%d0%bb%d0%b8%d1%86%d0%b0/%d1%80%d0%b8%d0%bd%d0%be%d0%bf%d0%bb%d0%b0%d1%81%d1%82%d0%b8%d0%ba%d0%b0/
/ru/%D1%8E%D0%BD%D0%B8%D1%82%D0%B0%D1%86/%D1%8D%D1%81%D1%82%D0%B5%D1%82%D0%B8%D1%87%D0%B5%D1%81%D0%BA%D0%B0%D1%8F-%D0%BC%D0%B5%D0%B4%D0%B8%D1%86%D0%B8%D0%BD%D0%B0-%D1%82%D0%B5%D0%BB%D0%B0/celulitis/,/ru/%d0%b5%d0%b4%d0%b8%d0%bd%d0%b8%d1%86%d1%8b/%d1%8d%d1%81%d1%82%d0%b5%d1%82%d0%b8%d1%87%d0%b5%d1%81%d0%ba%d0%b0%d1%8f-%d0%bc%d0%b5%d0%b4%d0%b8%d1%86%d0%b8%d0%bd%d0%b0-%d1%82%d0%b5%d0%bb%d0%b0/%d1%86%d0%b5%d0%bb%d0%bb%d1%8e%d0%bb%d0%b8%d1%82/
/ru/%D1%8E%D0%BD%D0%B8%D1%82%D0%B0%D1%86/%D1%8D%D1%81%D1%82%D0%B5%D1%82%D0%B8%D1%87%D0%B5%D1%81%D0%BA%D0%B0%D1%8F-%D1%85%D0%B8%D1%80%D1%83%D1%80%D0%B3%D0%B8%D1%8F-%D1%82%D0%B5%D0%BB%D0%B0/lipofiling-corporal/,/ru/%d0%b5%d0%b4%d0%b8%d0%bd%d0%b8%d1%86%d1%8b/%d1%8d%d1%81%d1%82%d0%b5%d1%82%d0%b8%d1%87%d0%b5%d1%81%d0%ba%d0%b0%d1%8f-%d0%be%d0%bf%d0%b5%d1%80%d0%b0%d1%86%d0%b8%d1%8f-%d1%82%d0%b5%d0%bb%d0%b0/%d0%bb%d0%b8%d0%bf%d0%be%d1%84%d0%b8%d0%bb%d0%b8%d0%bd%d0%b3-%d1%82%d0%b5%d0%bb%d0%b0/
/ru/author/infomedicstetics/page/10/,/ru/%d0%b1%d0%bb%d0%be%d0%b3/
/ru/author/infomedicstetics/page/4/,/ru/%d0%b1%d0%bb%d0%be%d0%b3/
/ru/author/infomedicstetics/page/8/,/ru/%d0%b1%d0%bb%d0%be%d0%b3/
/ru/bienvenido-dr-langdon/,/ru/%d0%b4%d0%be%d0%b1%d1%80%d0%be-%d0%bf%d0%be%d0%b6%d0%b0%d0%bb%d0%be%d0%b2%d0%b0%d1%82%d1%8c-%d0%b4%d0%be%d0%ba%d1%82%d0%be%d1%80-%d0%bb%d1%8d%d0%bd%d0%b3%d0%b4%d0%be%d0%bd-2/
/ru/blog-2/,/ru/%d0%b1%d0%bb%d0%be%d0%b3-2/
/ru/blog/,/ru/%d0%b1%d0%bb%d0%be%d0%b3/
/ru/canvi-dimatge-i-estil-de-vida-amb-la-cirurgia-bariatrica/,/ru/%d0%b8%d0%b7%d0%bc%d0%b5%d0%bd%d0%b5%d0%bd%d0%b8%d0%b5-%d0%be%d0%b1%d1%80%d0%b0%d0%b7%d0%b0-%d0%b6%d0%b8%d0%b7%d0%bd%d0%b8-%d0%b8-%d0%b1%d0%b0%d1%80%d0%b8%d0%b0%d1%82%d1%80%d0%b8%d1%87%d0%b5%d1%81/
/ru/category/%D1%8D%D1%81%D1%82%D0%B5%D1%82%D0%B8%D1%87%D0%B5%D1%81%D0%BA%D0%B0%D1%8F-%D0%BC%D0%B5%D0%B4%D0%B8%D1%86%D0%B8%D0%BD%D0%B0-%D1%82%D0%B5%D0%BB%D0%B0/page/2/,/ru/%d0%b1%d0%bb%d0%be%d0%b3/
/ru/category/cirugia-estetica-corporal/,/ru/%d0%b1%d0%bb%d0%be%d0%b3/
/ru/category/cirugia-estetica-mamas/,/ru/%d0%b1%d0%bb%d0%be%d0%b3/
/ru/category/cirugia-estetica-mamas/page/2/,/ru/%d0%b1%d0%bb%d0%be%d0%b3/
/ru/category/cirugia-estetica-masculina/,/ru/%d0%b1%d0%bb%d0%be%d0%b3/
/ru/category/cirurgia-estetica-corporal/,/ru/%d0%b1%d0%bb%d0%be%d0%b3/
/ru/category/cirurgia-estetica-facial/,/ru/%d0%b1%d0%bb%d0%be%d0%b3/
/ru/category/cirurgia-estetica-mames/,/ru/%d0%b1%d0%bb%d0%be%d0%b3/
/ru/category/cirurgia-estetica-masculina/,/ru/%d0%b1%d0%bb%d0%be%d0%b3/
/ru/category/gabinete-de-estetica/,/ru/%d0%b1%d0%bb%d0%be%d0%b3/
/ru/category/medicina-estetica-corporal-ca/,/ru/%d0%b1%d0%bb%d0%be%d0%b3/
/ru/category/medicina-estetica-facial/,/ru/%d0%b1%d0%bb%d0%be%d0%b3/
/ru/category/sobrepes-i-obesitat/,/ru/%d0%b1%d0%bb%d0%be%d0%b3/
/ru/como-cuidarse-despues-de-una-rinoplastia-los-mejores-consejos-para-un-rapido-postoperatorio/,/ru/%d0%ba%d0%b0%d0%ba-%d1%83%d1%85%d0%b0%d0%b6%d0%b8%d0%b2%d0%b0%d1%82%d1%8c-%d0%b7%d0%b0-%d1%81%d0%be%d0%b1%d0%be%d0%b9-%d0%bf%d0%be%d1%81%d0%bb%d0%b5-%d1%80%d0%b8%d0%bd%d0%be%d0%bf%d0%bb%d0%b0%d1%81/
/ru/como-eliminar-la-celulitis/,/ru/%d0%ba%d0%b0%d0%ba-%d0%b8%d0%b7%d0%b1%d0%b0%d0%b2%d0%b8%d1%82%d1%8c%d1%81%d1%8f-%d0%be%d1%82-%d1%86%d0%b5%d0%bb%d0%bb%d1%8e%d0%bb%d0%b8%d1%82%d0%b0/
/ru/cuales-son-los-mejores-implantes-de-protesis-de-pechos/,/ru/%d0%ba%d0%b0%d0%ba%d0%b8%d0%b5-%d0%bb%d1%83%d1%87%d1%88%d0%b8%d0%b5-%d0%b8%d0%bc%d0%bf%d0%bb%d0%b0%d0%bd%d1%82%d1%8b-%d0%b4%d0%bb%d1%8f-%d0%b3%d1%80%d1%83%d0%b4%d0%bd%d1%8b%d1%85-%d0%bf%d1%80%d0%be/
/ru/el-unico-balon-que-puede-estar-implantado-un-ano/,/ru/%d0%b5%d0%b4%d0%b8%d0%bd%d1%81%d1%82%d0%b2%d0%b5%d0%bd%d0%bd%d1%8b%d0%b9-%d0%bc%d1%8f%d1%87-%d0%ba%d0%be%d1%82%d0%be%d1%80%d1%8b%d0%b9-%d0%bc%d0%be%d0%b6%d0%b5%d1%82-%d0%b1%d1%8b%d1%82%d1%8c-%d0%b8/
/ru/factores-de-crecimiento-obtenidos-de-las-plaquetas-prp/,/ru/%d1%84%d0%b0%d0%ba%d1%82%d0%be%d1%80%d1%8b-%d1%80%d0%be%d1%81%d1%82%d0%b0-%d0%bf%d0%be%d0%bb%d1%83%d1%87%d0%b5%d0%bd%d0%bd%d1%8b%d0%b5-%d0%b8%d0%b7-%d1%82%d1%80%d0%be%d0%bc%d0%b1%d0%be%d1%86%d0%b8/
/ru/financiacion/,/ru/%d1%84%d0%b8%d0%bd%d0%b0%d0%bd%d1%81%d0%b8%d1%80%d0%be%d0%b2%d0%b0%d0%bd%d0%b8%d0%b5/
/ru/la-gigantomastia-solucion-reduccion-de-mamas/,/ru/%d0%b3%d0%b8%d0%b3%d0%b0%d0%bd%d1%82%d0%be%d0%bc%d0%b0%d1%81%d1%82%d0%b8%d1%8f-%d1%80%d0%b5%d1%88%d0%b5%d0%bd%d0%b8%d0%b5-%d1%80%d0%b5%d0%b4%d1%83%d0%ba%d1%86%d0%b8%d0%be%d0%bd/
/ru/la-ginecomastia-tiene-solucion-definitiva/,/ru/%d1%83-%d0%b3%d0%b8%d0%bd%d0%b5%d0%ba%d0%be%d0%bc%d0%b0%d1%81%d1%82%d0%b8%d0%b8-%d0%b5%d1%81%d1%82%d1%8c-%d0%be%d0%ba%d0%be%d0%bd%d1%87%d0%b0%d1%82%d0%b5%d0%bb%d1%8c%d0%bd%d0%be%d0%b5-%d1%80%d0%b5/
/ru/la-reduccion-de-mamas-mas-que-un-cambio-de-volumen-un-cambio-de-vida/,/ru/%d1%80%d0%b5%d0%b4%d1%83%d0%ba%d1%86%d0%b8%d1%8f-%d0%b3%d1%80%d1%83%d0%b4%d0%b8-%d0%b1%d0%be%d0%bb%d1%8c%d1%88%d0%b5-%d1%87%d0%b5%d0%bc-%d0%b8%d0%b7%d0%bc%d0%b5%d0%bd%d0%b5%d0%bd%d0%b8%d0%b5-%d0%be/
/ru/novetat-fils-360o-efecte-lifting/,/ru/%d0%bd%d0%be%d0%b2%d0%b8%d0%bd%d0%ba%d0%b8-%d1%8d%d1%84%d1%84%d0%b5%d0%ba%d1%82-%d0%bb%d0%b8%d1%84%d1%82%d0%b8%d0%bd%d0%b3-360/
/ru/politica-de-cookies/,/ru/%d0%bf%d0%be%d0%bb%d0%b8%d1%82%d0%b8%d0%ba%d0%b0-%d0%b8%d1%81%d0%bf%d0%be%d0%bb%d1%8c%d0%b7%d0%be%d0%b2%d0%b0%d0%bd%d0%b8%d1%8f-%d1%84%d0%b0%d0%b9%d0%bb%d0%be%d0%b2-cookie/
/ru/protesis-redondas-vs-protesis-ergonomicas/,/ru/%d0%ba%d1%80%d1%83%d0%b3%d0%bb%d1%8b%d0%b5-%d0%bf%d1%80%d0%be%d1%82%d0%b5%d0%b7%d1%8b-%d0%bf%d1%80%d0%be%d1%82%d0%b8%d0%b2-%d1%8d%d1%80%d0%b3%d0%be%d0%bd%d0%be%d0%bc%d0%b8%d1%87%d0%bd%d1%8b%d1%85/
/ru/que-es-faci-la-llum-al-rostre/,/ru/%d1%87%d1%82%d0%be-%d0%be%d1%81%d0%b2%d0%b5%d1%89%d0%b0%d0%b5%d1%82-%d0%bb%d0%b8%d1%86%d0%be/
/ru/reconstruccio-despres-dun-cancer-de-mama/,/ru/%d1%80%d0%b5%d0%ba%d0%be%d0%bd%d1%81%d1%82%d1%80%d1%83%d0%ba%d1%86%d0%b8%d1%8f-%d0%bf%d0%be%d1%81%d0%bb%d0%b5-%d1%80%d0%b0%d0%ba%d0%b0-%d0%bc%d0%be%d0%bb%d0%be%d1%87%d0%bd%d0%be%d0%b9-%d0%b6%d0%b5/
/ru/rinoplastia-sin-cirugia-rinoplastia-ultrasonica/,/ru/%d1%80%d0%b8%d0%bd%d0%be%d0%bf%d0%bb%d0%b0%d1%81%d1%82%d0%b8%d0%ba%d0%b0-%d0%b1%d0%b5%d0%b7-%d1%85%d0%b8%d1%80%d1%83%d1%80%d0%b3%d0%b8%d0%b8-%d1%83%d0%bb%d1%8c%d1%82%d1%80%d0%b0%d0%b7%d0%b2%d1%83/
/ru/rinoseptoplastia-que-es/,/ru/%d1%80%d0%b8%d0%bd%d0%be%d1%81%d0%b5%d0%bf%d1%82%d0%be%d0%bf%d0%bb%d0%b0%d1%81%d1%82%d0%b8%d0%ba%d0%b0-%d1%87%d1%82%d0%be-%d1%8d%d1%82%d0%be/
/ru/siente-el-poder-del-bienestar-con-una-cirugia-estetica-para-los-pechos-separados/,/ru/%d0%bf%d0%be%d1%87%d1%83%d0%b2%d1%81%d1%82%d0%b2%d1%83%d0%b9%d1%82%d0%b5-%d1%81%d0%b8%d0%bb%d1%83-%d0%b1%d0%bb%d0%b0%d0%b3%d0%be%d0%bf%d0%be%d0%bb%d1%83%d1%87%d0%b8%d1%8f-%d1%81-%d0%bf%d0%be%d0%bc/
/ru/solucion-mamas-tuberosas/,/ru/%d1%80%d0%b5%d1%88%d0%b5%d0%bd%d0%b8%d0%b5-%d0%bf%d1%80%d0%be%d0%b1%d0%bb%d0%b5%d0%bc%d1%8b-%d1%82%d1%83%d0%b1%d1%83%d0%bb%d1%8f%d1%80%d0%bd%d1%8b%d1%85-%d0%bc%d0%be%d0%bb%d0%be%d1%87%d0%bd%d1%8b/
/ru/tecnicas-de-medicina-estetica-que-ens-fan-rejovenir/,/ru/%d0%bc%d0%b5%d1%82%d0%be%d0%b4%d1%8b-%d1%8d%d1%81%d1%82%d0%b5%d1%82%d0%b8%d1%87%d0%b5%d1%81%d0%ba%d0%be%d0%b9-%d0%bc%d0%b5%d0%b4%d0%b8%d1%86%d0%b8%d0%bd%d1%8b-%d0%ba%d0%be%d1%82%d0%be%d1%80%d1%8b/
/ru/transforma-tu-figura-con-la-elevacion-de-pecho-todo-lo-que-necesitas-saber/,/ru/%d0%bf%d1%80%d0%b5%d0%be%d0%b1%d1%80%d0%b0%d0%b7%d0%b8%d1%82%d0%b5-%d1%81%d0%b2%d0%be%d1%8e-%d1%84%d0%b8%d0%b3%d1%83%d1%80%d1%83-%d1%81-%d0%bf%d0%be%d0%bc%d0%be%d1%89%d1%8c%d1%8e-%d0%bf%d0%be%d0%b4/
/ru/unidades/cirugia-estetica-mamas/,/ru/%d0%b5%d0%b4%d0%b8%d0%bd%d0%b8%d1%86%d1%8b/%d0%bf%d0%bb%d0%b0%d1%81%d1%82%d0%b8%d1%87%d0%b5%d1%81%d0%ba%d0%b0%d1%8f-%d1%85%d0%b8%d1%80%d1%83%d1%80%d0%b3%d0%b8%d1%8f-%d0%b3%d1%80%d1%83%d0%b4%d0%b8/%d1%83%d0%b2%d0%b5%d0%bb%d0%b8%d1%87%d0%b5%d0%bd%d0%b8%d0%b5-%d0%b3%d1%80%d1%83%d0%b4%d0%b8-%d0%b6%d0%b8%d1%80%d0%be%d0%bd%d0%b0-2/
/ru/unidades/gabinete-de-estetica/antiedad-mc-110/,/ru/%d0%b5%d0%b4%d0%b8%d0%bd%d0%b8%d1%86%d1%8b/%d0%ba%d0%b0%d0%b1%d0%b8%d0%bd%d0%b5%d1%82-%d1%8d%d1%81%d1%82%d0%b5%d1%82%d0%b8%d0%ba%d0%b8/antiedad-mc-110/
/ru/unidades/gabinete-de-estetica/p50-visage/,/ru/%d0%b5%d0%b4%d0%b8%d0%bd%d0%b8%d1%86%d1%8b/%d0%ba%d0%b0%d0%b1%d0%b8%d0%bd%d0%b5%d1%82-%d1%8d%d1%81%d1%82%d0%b5%d1%82%d0%b8%d0%ba%d0%b8/p50-%d0%b2%d0%b8%d0%b7%d0%b0%d0%b6/
/uk/%D0%BE%D0%B4%D0%B8%D0%BD%D0%B8%D1%86%D1%96-2/%D0%B5%D1%81%D1%82%D0%B5%D1%82%D0%B8%D1%87%D0%BD%D0%B0-%D0%BC%D0%B5%D0%B4%D0%B8%D1%86%D0%B8%D0%BD%D0%B0-%D0%B4%D0%BB%D1%8F-%D0%BE%D0%B1%D0%BB%D0%B8%D1%87%D1%87%D1%8F/arrugues-dexpressio/,/uk/%d0%be%d0%b4%d0%b8%d0%bd%d0%b8%d1%86%d1%96/%d0%b5%d1%81%d1%82%d0%b5%d1%82%d0%b8%d1%87%d0%bd%d0%b0-%d0%bc%d0%b5%d0%b4%d0%b8%d1%86%d0%b8%d0%bd%d0%b0-%d0%b4%d0%bb%d1%8f-%d0%be%d0%b1%d0%bb%d0%b8%d1%87%d1%87%d1%8f/%d0%bc%d1%96%d0%bc%d1%96%d1%87%d0%bd%d1%96-%d0%b7%d0%bc%d0%be%d1%80%d1%88%d0%ba%d0%b8/
/uk/%D0%BE%D0%B4%D0%B8%D0%BD%D0%B8%D1%86%D1%96-2/%D0%B5%D1%81%D1%82%D0%B5%D1%82%D0%B8%D1%87%D0%BD%D0%B0-%D0%BC%D0%B5%D0%B4%D0%B8%D1%86%D0%B8%D0%BD%D0%B0-%D0%B4%D0%BB%D1%8F-%D1%82%D1%96%D0%BB%D0%B0/celulitis/,/uk/%d0%be%d0%b4%d0%b8%d0%bd%d0%b8%d1%86%d1%96/%d0%b5%d1%81%d1%82%d0%b5%d1%82%d0%b8%d1%87%d0%bd%d0%b0-%d0%bc%d0%b5%d0%b4%d0%b8%d1%86%d0%b8%d0%bd%d0%b0-%d0%b4%d0%bb%d1%8f-%d1%82%d1%96%d0%bb%d0%b0/%d1%86%d0%b5%d0%bb%d1%8e%d0%bb%d1%96%d1%82/
/uk/%D0%BE%D0%B4%D0%B8%D0%BD%D0%B8%D1%86%D1%96-2/%D0%B5%D1%81%D1%82%D0%B5%D1%82%D0%B8%D1%87%D0%BD%D0%B0-%D1%85%D1%96%D1%80%D1%83%D1%80%D0%B3%D1%96%D1%8F-%D0%BE%D0%B1%D0%BB%D0%B8%D1%87%D1%87%D1%8F/minilifting-de-coll-i-papada/,/uk/%d0%be%d0%b4%d0%b8%d0%bd%d0%b8%d1%86%d1%96/%d0%b5%d1%81%d1%82%d0%b5%d1%82%d0%b8%d1%87%d0%bd%d0%b0-%d1%85%d1%96%d1%80%d1%83%d1%80%d0%b3%d1%96%d1%8f-%d0%be%d0%b1%d0%bb%d0%b8%d1%87%d1%87%d1%8f-2/%d0%bc%d1%96%d0%bd%d1%96%d0%bb%d1%96%d1%84%d1%82%d0%b8%d0%bd%d0%b3-%d1%88%d0%b8%d1%97-%d1%82%d0%b0-%d0%bf%d0%be%d0%b4%d0%b2%d1%96%d0%b9%d0%bd%d0%be%d0%b3%d0%be-%d0%bf%d1%96%d0%b4%d0%b1%d0%be%d1%80/
/uk/%D0%BE%D0%B4%D0%B8%D0%BD%D0%B8%D1%86%D1%96-2/%D0%B5%D1%81%D1%82%D0%B5%D1%82%D0%B8%D1%87%D0%BD%D0%B0-%D1%85%D1%96%D1%80%D1%83%D1%80%D0%B3%D1%96%D1%8F-%D0%BE%D0%B1%D0%BB%D0%B8%D1%87%D1%87%D1%8F/perforacio-de-lenva-nasal/,/uk/%d0%be%d0%b4%d0%b8%d0%bd%d0%b8%d1%86%d1%96/%d0%b5%d1%81%d1%82%d0%b5%d1%82%d0%b8%d1%87%d0%bd%d0%b0-%d1%85%d1%96%d1%80%d1%83%d1%80%d0%b3%d1%96%d1%8f-%d0%be%d0%b1%d0%bb%d0%b8%d1%87%d1%87%d1%8f-2/%d0%bf%d0%b5%d1%80%d1%84%d0%be%d1%80%d0%b0%d1%86%d1%96%d1%8f-%d0%bd%d0%be%d1%81%d0%be%d0%b2%d0%be%d1%97-%d0%bf%d0%b5%d1%80%d0%b5%d0%b3%d0%be%d1%80%d0%be%d0%b4%d0%ba%d0%b8/
/uk/%D0%BE%D0%B4%D0%B8%D0%BD%D0%B8%D1%86%D1%96-2/%D0%BD%D0%B0%D0%B4%D0%BC%D1%96%D1%80%D0%BD%D0%B0-%D0%B2%D0%B0%D0%B3%D0%B0-%D1%82%D0%B0-%D0%BE%D0%B6%D0%B8%D1%80%D1%96%D0%BD%D0%BD%D1%8F/%D0%B1%D0%B0%D1%80%D1%96%D0%B0%D1%82%D1%80%D0%B8%D1%87%D0%BD%D0%B0-%D1%85%D1%96%D1%80%D1%83%D1%80%D0%B3%D1%96%D1%8F/gastrectomia-vertical/,/uk/%d0%be%d0%b4%d0%b8%d0%bd%d0%b8%d1%86%d1%96/%d0%bd%d0%b0%d0%b4%d0%bc%d1%96%d1%80%d0%bd%d0%b0-%d0%b2%d0%b0%d0%b3%d0%b0-%d1%82%d0%b0-%d0%be%d0%b6%d0%b8%d1%80%d1%96%d0%bd%d0%bd%d1%8f-2/%d0%b1%d0%b0%d1%80%d1%96%d0%b0%d1%82%d1%80%d0%b8%d1%87%d0%bd%d0%b0-%d1%85%d1%96%d1%80%d1%83%d1%80%d0%b3%d1%96%d1%8f-2/%d0%b2%d0%b5%d1%80%d1%82%d0%b8%d0%ba%d0%b0%d0%bb%d1%8c%d0%bd%d0%b0-%d0%b3%d0%b0%d1%81%d1%82%d1%80%d0%b5%d0%ba%d1%82%d0%be%d0%bc%d1%96%d1%8f/
/uk/%D0%BE%D0%B4%D0%B8%D0%BD%D0%B8%D1%86%D1%96-2/%D0%BD%D0%B0%D0%B4%D0%BC%D1%96%D1%80%D0%BD%D0%B0-%D0%B2%D0%B0%D0%B3%D0%B0-%D1%82%D0%B0-%D0%BE%D0%B6%D0%B8%D1%80%D1%96%D0%BD%D0%BD%D1%8F/balo-12-mesos-reajustable/,/uk/%d0%be%d0%b4%d0%b8%d0%bd%d0%b8%d1%86%d1%96-2/%d0%bd%d0%b0%d0%b4%d0%bc%d1%96%d1%80%d0%bd%d0%b0-%d0%b2%d0%b0%d0%b3%d0%b0-%d1%82%d0%b0-%d0%be%d0%b6%d0%b8%d1%80%d1%96%d0%bd%d0%bd%d1%8f/12-%d0%bc%d1%96%d1%81%d1%8f%d1%86%d1%96%d0%b2-%d0%b7-%d0%bc%d0%be%d0%b6%d0%bb%d0%b8%d0%b2%d1%96%d1%81%d1%82%d1%8e-%d0%bf%d0%b5%d1%80%d0%b5%d0%b3%d0%bb%d1%8f%d0%b4%d1%83/
/uk/%D0%BE%D0%B4%D0%B8%D0%BD%D0%B8%D1%86%D1%96-2/%D0%BD%D0%B0%D0%B4%D0%BC%D1%96%D1%80%D0%BD%D0%B0-%D0%B2%D0%B0%D0%B3%D0%B0-%D1%82%D0%B0-%D0%BE%D0%B6%D0%B8%D1%80%D1%96%D0%BD%D0%BD%D1%8F/balo-ingerible-elipse/,/uk/%d0%be%d0%b4%d0%b8%d0%bd%d0%b8%d1%86%d1%96-2/%d0%bd%d0%b0%d0%b4%d0%bc%d1%96%d1%80%d0%bd%d0%b0-%d0%b2%d0%b0%d0%b3%d0%b0-%d1%82%d0%b0-%d0%be%d0%b6%d0%b8%d1%80%d1%96%d0%bd%d0%bd%d1%8f/%d0%ba%d0%be%d0%b2%d1%82%d0%b0%d0%bb%d1%8c%d0%bd%d0%b0-%d0%ba%d0%b0%d0%bf%d1%81%d1%83%d0%bb%d0%b0-%d1%83-%d1%84%d0%be%d1%80%d0%bc%d1%96-%d0%b5%d0%bb%d1%96%d0%bf%d1%81%d0%b0/
/uk/%D0%BE%D0%B4%D0%B8%D0%BD%D0%B8%D1%86%D1%96-2/%D0%BD%D0%B0%D0%B4%D0%BC%D1%96%D1%80%D0%BD%D0%B0-%D0%B2%D0%B0%D0%B3%D0%B0-%D1%82%D0%B0-%D0%BE%D0%B6%D0%B8%D1%80%D1%96%D0%BD%D0%BD%D1%8F/dietetica-i-nutricio/,/uk/%d0%be%d0%b4%d0%b8%d0%bd%d0%b8%d1%86%d1%96/%d0%bd%d0%b0%d0%b4%d0%bc%d1%96%d1%80%d0%bd%d0%b0-%d0%b2%d0%b0%d0%b3%d0%b0-%d1%82%d0%b0-%d0%be%d0%b6%d0%b8%d1%80%d1%96%d0%bd%d0%bd%d1%8f-2/%d0%b4%d1%96%d1%94%d1%82%d0%be%d0%bb%d0%be%d0%b3%d1%96%d1%8f-%d1%82%d0%b0-%d1%85%d0%b0%d1%80%d1%87%d1%83%d0%b2%d0%b0%d0%bd%d0%bd%d1%8f/
/uk/%D0%BE%D0%B4%D0%B8%D0%BD%D0%B8%D1%86%D1%96-2/%D0%BD%D0%B0%D0%B4%D0%BC%D1%96%D1%80%D0%BD%D0%B0-%D0%B2%D0%B0%D0%B3%D0%B0-%D1%82%D0%B0-%D0%BE%D0%B6%D0%B8%D1%80%D1%96%D0%BD%D0%BD%D1%8F/endomanga/,/uk/%d0%be%d0%b4%d0%b8%d0%bd%d0%b8%d1%86%d1%96/%d0%bd%d0%b0%d0%b4%d0%bc%d1%96%d1%80%d0%bd%d0%b0-%d0%b2%d0%b0%d0%b3%d0%b0-%d1%82%d0%b0-%d0%be%d0%b6%d0%b8%d1%80%d1%96%d0%bd%d0%bd%d1%8f-2/%d0%b2%d0%bd%d1%83%d1%82%d1%80%d1%96%d1%88%d0%bd%d1%8f-%d1%87%d0%b0%d1%81%d1%82%d0%b8%d0%bd%d0%b0-%d1%80%d1%83%d0%ba%d0%b0%d0%b2%d0%b0/
/uk/%D0%BE%D0%B4%D0%B8%D0%BD%D0%B8%D1%86%D1%96-2/%D1%81%D0%B0%D0%BB%D0%BE%D0%BD-%D0%BA%D1%80%D0%B0%D1%81%D0%B8-2/desintoxicant/,/uk/%d0%be%d0%b4%d0%b8%d0%bd%d0%b8%d1%86%d1%96/%d1%81%d0%b0%d0%bb%d0%be%d0%bd-%d0%ba%d1%80%d0%b0%d1%81%d0%b8/desintoxicante/
/uk/%D0%BE%D0%B4%D0%B8%D0%BD%D0%B8%D1%86%D1%96-2/%D1%87%D0%BE%D0%BB%D0%BE%D0%B2%D1%96%D1%87%D0%B0-%D0%B5%D1%81%D1%82%D0%B5%D1%82%D0%B8%D1%87%D0%BD%D0%B0-%D1%85%D1%96%D1%80%D1%83%D1%80%D0%B3%D1%96%D1%8F-2/augment-de-pectoral/,/uk/%d0%be%d0%b4%d0%b8%d0%bd%d0%b8%d1%86%d1%96/%d1%87%d0%be%d0%bb%d0%be%d0%b2%d1%96%d1%87%d0%b0-%d0%b5%d1%81%d1%82%d0%b5%d1%82%d0%b8%d1%87%d0%bd%d0%b0-%d1%85%d1%96%d1%80%d1%83%d1%80%d0%b3%d1%96%d1%8f/aumento-de-pectoral/
/uk/%D0%BE%D0%B4%D0%B8%D0%BD%D0%B8%D1%86%D1%96-2/%D1%87%D0%BE%D0%BB%D0%BE%D0%B2%D1%96%D1%87%D0%B0-%D0%B5%D1%81%D1%82%D0%B5%D1%82%D0%B8%D1%87%D0%BD%D0%B0-%D1%85%D1%96%D1%80%D1%83%D1%80%D0%B3%D1%96%D1%8F-2/ginecomastia/,/uk/%d0%be%d0%b4%d0%b8%d0%bd%d0%b8%d1%86%d1%96/%d1%87%d0%be%d0%bb%d0%be%d0%b2%d1%96%d1%87%d0%b0-%d0%b5%d1%81%d1%82%d0%b5%d1%82%d0%b8%d1%87%d0%bd%d0%b0-%d1%85%d1%96%d1%80%d1%83%d1%80%d0%b3%d1%96%d1%8f/%d0%b3%d1%96%d0%bd%d0%b5%d0%ba%d0%be%d0%bc%d0%b0%d1%81%d1%82%d1%96%d1%8f/
/uk/%D0%BE%D0%B4%D0%B8%D0%BD%D0%B8%D1%86%D1%96-2/%D1%87%D0%BE%D0%BB%D0%BE%D0%B2%D1%96%D1%87%D0%B0-%D0%B5%D1%81%D1%82%D0%B5%D1%82%D0%B8%D1%87%D0%BD%D0%B0-%D1%85%D1%96%D1%80%D1%83%D1%80%D0%B3%D1%96%D1%8F-2/lifting-de-coll-i-papada/,/uk/%d0%be%d0%b4%d0%b8%d0%bd%d0%b8%d1%86%d1%96/%d1%87%d0%be%d0%bb%d0%be%d0%b2%d1%96%d1%87%d0%b0-%d0%b5%d1%81%d1%82%d0%b5%d1%82%d0%b8%d1%87%d0%bd%d0%b0-%d1%85%d1%96%d1%80%d1%83%d1%80%d0%b3%d1%96%d1%8f/liftting-de-cuello-y-papada/
/uk/%D0%BE%D0%B4%D0%B8%D0%BD%D0%B8%D1%86%D1%96-2/unitat-de-medicina-cosmetica-girona/,/uk/%d0%be%d0%b4%d0%b8%d0%bd%d0%b8%d1%86%d1%96/medicina-cosmetica-girona/
/uk/%D0%BE%D0%B4%D0%B8%D0%BD%D0%B8%D1%86%D1%96/%D0%B5%D1%81%D1%82%D0%B5%D1%82%D0%B8%D1%87%D0%BD%D0%B0-%D0%BC%D0%B5%D0%B4%D0%B8%D1%86%D0%B8%D0%BD%D0%B0-%D0%B4%D0%BB%D1%8F-%D0%BE%D0%B1%D0%BB%D0%B8%D1%87%D1%87%D1%8F/hidratacion-y-nutricion/,/uk/%d0%be%d0%b4%d0%b8%d0%bd%d0%b8%d1%86%d1%96/%d0%b5%d1%81%d1%82%d0%b5%d1%82%d0%b8%d1%87%d0%bd%d0%b0-%d0%bc%d0%b5%d0%b4%d0%b8%d1%86%d0%b8%d0%bd%d0%b0-%d0%b4%d0%bb%d1%8f-%d0%be%d0%b1%d0%bb%d0%b8%d1%87%d1%87%d1%8f/%d0%b7%d0%b2%d0%be%d0%bb%d0%be%d0%b6%d0%b5%d0%bd%d0%bd%d1%8f-%d1%82%d0%b0-%d0%b6%d0%b8%d0%b2%d0%bb%d0%b5%d0%bd%d0%bd%d1%8f/
/uk/%D0%BE%D0%B4%D0%B8%D0%BD%D0%B8%D1%86%D1%96/%D0%B5%D1%81%D1%82%D0%B5%D1%82%D0%B8%D1%87%D0%BD%D0%B0-%D0%BC%D0%B5%D0%B4%D0%B8%D1%86%D0%B8%D0%BD%D0%B0-%D0%B4%D0%BB%D1%8F-%D0%BE%D0%B1%D0%BB%D0%B8%D1%87%D1%87%D1%8F/ojeras/,/uk/%d0%be%d0%b4%d0%b8%d0%bd%d0%b8%d1%86%d1%96/%d0%b5%d1%81%d1%82%d0%b5%d1%82%d0%b8%d1%87%d0%bd%d0%b0-%d0%bc%d0%b5%d0%b4%d0%b8%d1%86%d0%b8%d0%bd%d0%b0-%d0%b4%d0%bb%d1%8f-%d0%be%d0%b1%d0%bb%d0%b8%d1%87%d1%87%d1%8f/%d1%82%d0%b5%d0%bc%d0%bd%d1%96-%d0%ba%d0%be%d0%bb%d0%b0-%d0%bf%d1%96%d0%b4-%d0%be%d1%87%d0%b8%d0%bc%d0%b0/
/uk/%D0%BE%D0%B4%D0%B8%D0%BD%D0%B8%D1%86%D1%96/%D0%B5%D1%81%D1%82%D0%B5%D1%82%D0%B8%D1%87%D0%BD%D0%B0-%D0%BC%D0%B5%D0%B4%D0%B8%D1%86%D0%B8%D0%BD%D0%B0-%D0%B4%D0%BB%D1%8F-%D1%82%D1%96%D0%BB%D0%B0/liposuccion-sin-cirugia/,/uk/%d0%be%d0%b4%d0%b8%d0%bd%d0%b8%d1%86%d1%96/%d0%b5%d1%81%d1%82%d0%b5%d1%82%d0%b8%d1%87%d0%bd%d0%b0-%d0%bc%d0%b5%d0%b4%d0%b8%d1%86%d0%b8%d0%bd%d0%b0-%d0%b4%d0%bb%d1%8f-%d1%82%d1%96%d0%bb%d0%b0/%d0%bb%d1%96%d0%bf%d0%be%d1%81%d0%b0%d0%ba%d1%86%d1%96%d1%8f-%d0%b1%d0%b5%d0%b7-%d1%85%d1%96%d1%80%d1%83%d1%80%d0%b3%d1%96%d1%87%d0%bd%d0%be%d0%b3%d0%be-%d0%b2%d1%82%d1%80%d1%83%d1%87%d0%b0%d0%bd-2/
/uk/%D0%BE%D0%B4%D0%B8%D0%BD%D0%B8%D1%86%D1%96/%D0%B5%D1%81%D1%82%D0%B5%D1%82%D0%B8%D1%87%D0%BD%D0%B0-%D1%85%D1%96%D1%80%D1%83%D1%80%D0%B3%D1%96%D1%8F-%D0%BE%D0%B1%D0%BB%D0%B8%D1%87%D1%87%D1%8F-2/cirugia-menton-y-pomulos/,/uk/%d0%be%d0%b4%d0%b8%d0%bd%d0%b8%d1%86%d1%96/%d0%b5%d1%81%d1%82%d0%b5%d1%82%d0%b8%d1%87%d0%bd%d0%b0-%d1%85%d1%96%d1%80%d1%83%d1%80%d0%b3%d1%96%d1%8f-%d0%be%d0%b1%d0%bb%d0%b8%d1%87%d1%87%d1%8f-2/%d1%85%d1%96%d1%80%d1%83%d1%80%d0%b3%d1%96%d1%8f-%d0%bf%d1%96%d0%b4%d0%b1%d0%be%d1%80%d1%96%d0%b4%d0%b4%d1%8f-%d1%82%d0%b0-%d0%b2%d0%b8%d0%bb%d0%b8%d1%86%d1%8c/
/uk/%D0%BE%D0%B4%D0%B8%D0%BD%D0%B8%D1%86%D1%96/%D0%B5%D1%81%D1%82%D0%B5%D1%82%D0%B8%D1%87%D0%BD%D0%B0-%D1%85%D1%96%D1%80%D1%83%D1%80%D0%B3%D1%96%D1%8F-%D0%BE%D0%B1%D0%BB%D0%B8%D1%87%D1%87%D1%8F-2/minilifting-de-cuello-y-papada/,/uk/%d0%be%d0%b4%d0%b8%d0%bd%d0%b8%d1%86%d1%96/%d0%b5%d1%81%d1%82%d0%b5%d1%82%d0%b8%d1%87%d0%bd%d0%b0-%d1%85%d1%96%d1%80%d1%83%d1%80%d0%b3%d1%96%d1%8f-%d0%be%d0%b1%d0%bb%d0%b8%d1%87%d1%87%d1%8f-2/%d0%bc%d1%96%d0%bd%d1%96%d0%bb%d1%96%d1%84%d1%82%d0%b8%d0%bd%d0%b3-%d1%88%d0%b8%d1%97-%d1%82%d0%b0-%d0%bf%d0%be%d0%b4%d0%b2%d1%96%d0%b9%d0%bd%d0%be%d0%b3%d0%be-%d0%bf%d1%96%d0%b4%d0%b1%d0%be%d1%80/
/uk/%D0%BE%D0%B4%D0%B8%D0%BD%D0%B8%D1%86%D1%96/%D0%B5%D1%81%D1%82%D0%B5%D1%82%D0%B8%D1%87%D0%BD%D0%B0-%D1%85%D1%96%D1%80%D1%83%D1%80%D0%B3%D1%96%D1%8F-%D1%82%D1%96%D0%BB%D0%B0-2/cirugia-genital-femenina/,/uk/%d0%be%d0%b4%d0%b8%d0%bd%d0%b8%d1%86%d1%96/%d0%b5%d1%81%d1%82%d0%b5%d1%82%d0%b8%d1%87%d0%bd%d0%b0-%d1%85%d1%96%d1%80%d1%83%d1%80%d0%b3%d1%96%d1%8f-%d1%82%d1%96%d0%bb%d0%b0-2/%d1%85%d1%96%d1%80%d1%83%d1%80%d0%b3%d1%96%d1%8f-%d0%b6%d1%96%d0%bd%d0%be%d1%87%d0%b8%d1%85-%d1%81%d1%82%d0%b0%d1%82%d0%b5%d0%b2%d0%b8%d1%85-%d0%be%d1%80%d0%b3%d0%b0%d0%bd%d1%96%d0%b2-2/
/uk/%D0%BE%D0%B4%D0%B8%D0%BD%D0%B8%D1%86%D1%96/%D0%B5%D1%81%D1%82%D0%B5%D1%82%D0%B8%D1%87%D0%BD%D0%B0-%D1%85%D1%96%D1%80%D1%83%D1%80%D0%B3%D1%96%D1%8F-%D1%82%D1%96%D0%BB%D0%B0-2/lipofiling-corporal/,/uk/%d0%be%d0%b4%d0%b8%d0%bd%d0%b8%d1%86%d1%96/%d0%b5%d1%81%d1%82%d0%b5%d1%82%d0%b8%d1%87%d0%bd%d0%b0-%d1%85%d1%96%d1%80%d1%83%d1%80%d0%b3%d1%96%d1%8f-%d1%82%d1%96%d0%bb%d0%b0-2/%d0%bb%d1%96%d0%bf%d0%be%d1%84%d1%96%d0%bb%d1%96%d0%bd%d0%b3-%d1%82%d1%96%d0%bb%d0%b0/
/uk/%D0%BE%D0%B4%D0%B8%D0%BD%D0%B8%D1%86%D1%96/%D0%BD%D0%B0%D0%B4%D0%BC%D1%96%D1%80%D0%BD%D0%B0-%D0%B2%D0%B0%D0%B3%D0%B0-%D1%82%D0%B0-%D0%BE%D0%B6%D0%B8%D1%80%D1%96%D0%BD%D0%BD%D1%8F-2/balon-6-meses/,/uk/%d0%be%d0%b4%d0%b8%d0%bd%d0%b8%d1%86%d1%96/%d0%bd%d0%b0%d0%b4%d0%bc%d1%96%d1%80%d0%bd%d0%b0-%d0%b2%d0%b0%d0%b3%d0%b0-%d1%82%d0%b0-%d0%be%d0%b6%d0%b8%d1%80%d1%96%d0%bd%d0%bd%d1%8f-2/%d0%bc%d1%8f%d1%87-6-%d0%bc%d1%96%d1%81%d1%8f%d1%86%d1%96%d0%b2/
/uk/%D0%BE%D0%B4%D0%B8%D0%BD%D0%B8%D1%86%D1%96/%D0%BD%D0%B0%D0%B4%D0%BC%D1%96%D1%80%D0%BD%D0%B0-%D0%B2%D0%B0%D0%B3%D0%B0-%D1%82%D0%B0-%D0%BE%D0%B6%D0%B8%D1%80%D1%96%D0%BD%D0%BD%D1%8F-2/endomanga/,/uk/%d0%be%d0%b4%d0%b8%d0%bd%d0%b8%d1%86%d1%96/%d0%bd%d0%b0%d0%b4%d0%bc%d1%96%d1%80%d0%bd%d0%b0-%d0%b2%d0%b0%d0%b3%d0%b0-%d1%82%d0%b0-%d0%be%d0%b6%d0%b8%d1%80%d1%96%d0%bd%d0%bd%d1%8f-2/%d0%b2%d0%bd%d1%83%d1%82%d1%80%d1%96%d1%88%d0%bd%d1%8f-%d1%87%d0%b0%d1%81%d1%82%d0%b8%d0%bd%d0%b0-%d1%80%d1%83%d0%ba%d0%b0%d0%b2%d0%b0/
/uk/%D0%BE%D0%B4%D0%B8%D0%BD%D0%B8%D1%86%D1%96/%D1%81%D0%B0%D0%BB%D0%BE%D0%BD-%D0%BA%D1%80%D0%B0%D1%81%D0%B8/acido-de-frutas/,/uk/%d0%be%d0%b4%d0%b8%d0%bd%d0%b8%d1%86%d1%96/%d1%81%d0%b0%d0%bb%d0%be%d0%bd-%d0%ba%d1%80%d0%b0%d1%81%d0%b8/%d1%84%d1%80%d1%83%d0%ba%d1%82%d0%be%d0%b2%d0%b0-%d0%ba%d0%b8%d1%81%d0%bb%d0%be%d1%82%d0%b0/
/uk/%D0%BE%D0%B4%D0%B8%D0%BD%D0%B8%D1%86%D1%96/%D1%81%D0%B0%D0%BB%D0%BE%D0%BD-%D0%BA%D1%80%D0%B0%D1%81%D0%B8/hidreclat/,/uk/%d0%be%d0%b4%d0%b8%d0%bd%d0%b8%d1%86%d1%96/%d1%81%d0%b0%d0%bb%d0%be%d0%bd-%d0%ba%d1%80%d0%b0%d1%81%d0%b8/%d0%b3%d1%96%d0%b4%d1%80%d0%b5%d0%ba%d0%bb%d0%b0%d1%82/
/uk/%D0%BE%D0%B4%D0%B8%D0%BD%D0%B8%D1%86%D1%96/cirugia-estetica-corporal/%D0%BB%D1%96%D0%BF%D0%BE%D1%81%D0%B0%D0%BA%D1%86%D1%96%D1%8F-2/,/uk/%d0%be%d0%b4%d0%b8%d0%bd%d0%b8%d1%86%d1%96/%d0%b5%d1%81%d1%82%d0%b5%d1%82%d0%b8%d1%87%d0%bd%d0%b0-%d1%85%d1%96%d1%80%d1%83%d1%80%d0%b3%d1%96%d1%8f-%d1%82%d1%96%d0%bb%d0%b0-2/%d0%bb%d1%96%d0%bf%d0%be%d1%81%d0%b0%d0%ba%d1%86%d1%96%d1%8f-2/
/uk/%D0%BE%D0%B4%D0%B8%D0%BD%D0%B8%D1%86%D1%96/cirugia-estetica-facial/%D1%80%D0%B8%D0%BD%D0%BE%D0%BF%D0%BB%D0%B0%D1%81%D1%82%D0%B8%D0%BA%D0%B0-%D0%B2-%D0%B6%D0%B8%D1%80%D0%BE%D0%BD%D1%96/,/uk/%d0%be%d0%b4%d0%b8%d0%bd%d0%b8%d1%86%d1%96/%d0%b5%d1%81%d1%82%d0%b5%d1%82%d0%b8%d1%87%d0%bd%d0%b0-%d1%85%d1%96%d1%80%d1%83%d1%80%d0%b3%d1%96%d1%8f-%d0%be%d0%b1%d0%bb%d0%b8%d1%87%d1%87%d1%8f-2/%d1%80%d0%b8%d0%bd%d0%be%d0%bf%d0%bb%d0%b0%d1%81%d1%82%d0%b8%d0%ba%d0%b0-%d0%b2-%d0%b6%d0%b8%d1%80%d0%be%d0%bd%d1%96/
/uk/%D0%BE%D0%B4%D0%B8%D0%BD%D0%B8%D1%86%D1%96/cirugia-estetica-facial/rinoplastia/,/uk/%d0%be%d0%b4%d0%b8%d0%bd%d0%b8%d1%86%d1%96/%d0%b5%d1%81%d1%82%d0%b5%d1%82%d0%b8%d1%87%d0%bd%d0%b0-%d1%85%d1%96%d1%80%d1%83%d1%80%d0%b3%d1%96%d1%8f-%d0%be%d0%b1%d0%bb%d0%b8%d1%87%d1%87%d1%8f-2/%d1%80%d0%b8%d0%bd%d0%be%d0%bf%d0%bb%d0%b0%d1%81%d1%82%d0%b8%d0%ba%d0%b0-2/
/uk/%D0%BE%D0%B4%D0%B8%D0%BD%D0%B8%D1%86%D1%96/cirugia-estetica-mamas/elevacion-de-pecho-pexia/,/uk/%d0%be%d0%b4%d0%b8%d0%bd%d0%b8%d1%86%d1%96/%d0%b5%d1%81%d1%82%d0%b5%d1%82%d0%b8%d1%87%d0%bd%d0%b0-%d1%85%d1%96%d1%80%d1%83%d1%80%d0%b3%d1%96%d1%8f-%d0%b3%d1%80%d1%83%d0%b4%d0%b5%d0%b9-2/%d0%bf%d1%96%d0%b4%d1%82%d1%8f%d0%b6%d0%ba%d0%b0-%d0%b3%d1%80%d1%83%d0%b4%d0%b5%d0%b9-%d0%bf%d0%b5%d0%ba%d1%81%d1%96%d1%8f/
/uk/%D0%BE%D0%B4%D0%B8%D0%BD%D0%B8%D1%86%D1%96/medicina-estetica-corporal/celulitis/,/uk/%d0%be%d0%b4%d0%b8%d0%bd%d0%b8%d1%86%d1%96/%d0%b5%d1%81%d1%82%d0%b5%d1%82%d0%b8%d1%87%d0%bd%d0%b0-%d0%bc%d0%b5%d0%b4%d0%b8%d1%86%d0%b8%d0%bd%d0%b0-%d0%b4%d0%bb%d1%8f-%d1%82%d1%96%d0%bb%d0%b0/%d1%86%d0%b5%d0%bb%d1%8e%d0%bb%d1%96%d1%82/
/uk/%D0%BE%D0%B4%D0%B8%D0%BD%D0%B8%D1%86%D1%96/sobrepeso-y-obesidad/%D0%B1%D0%B0%D1%80%D1%96%D0%B0%D1%82%D1%80%D0%B8%D1%87%D0%BD%D0%B0-%D1%85%D1%96%D1%80%D1%83%D1%80%D0%B3%D1%96%D1%8F-2/,/uk/%d0%be%d0%b4%d0%b8%d0%bd%d0%b8%d1%86%d1%96/%d0%bd%d0%b0%d0%b4%d0%bc%d1%96%d1%80%d0%bd%d0%b0-%d0%b2%d0%b0%d0%b3%d0%b0-%d1%82%d0%b0-%d0%be%d0%b6%d0%b8%d1%80%d1%96%d0%bd%d0%bd%d1%8f-2/%d0%b1%d0%b0%d1%80%d1%96%d0%b0%d1%82%d1%80%d0%b8%d1%87%d0%bd%d0%b0-%d1%85%d1%96%d1%80%d1%83%d1%80%d0%b3%d1%96%d1%8f-2/
/uk/author/infomedicstetics/page/2/,/uk/%d0%b1%d0%bb%d0%be%d0%b3/
/uk/author/infomedicstetics/page/7/,/uk/%d0%b1%d0%bb%d0%be%d0%b3/
/uk/author/infomedicstetics/page/8/,/uk/%d0%b1%d0%bb%d0%be%d0%b3/
/uk/category/%D0%B5%D1%81%D1%82%D0%B5%D1%82%D0%B8%D1%87%D0%BD%D0%B0-%D0%BC%D0%B5%D0%B4%D0%B8%D1%86%D0%B8%D0%BD%D0%B0-%D0%B4%D0%BB%D1%8F-%D0%BE%D0%B1%D0%BB%D0%B8%D1%87%D1%87%D1%8F/,/uk/%d0%b1%d0%bb%d0%be%d0%b3/
/uk/category/cirugia-estetica-corporal/,/uk/%d0%b1%d0%bb%d0%be%d0%b3/
/uk/category/cirugia-estetica-facial/,/uk/%d0%b1%d0%bb%d0%be%d0%b3/
/uk/category/cirugia-estetica-mamas/,/uk/%d0%b1%d0%bb%d0%be%d0%b3/
/uk/category/cirugia-estetica-mamas/page/2/,/uk/%d0%b1%d0%bb%d0%be%d0%b3/
/uk/category/cirugia-estetica-masculina/,/uk/%d0%b1%d0%bb%d0%be%d0%b3/
/uk/category/cirurgia-estetica-facial/,/uk/%d0%b1%d0%bb%d0%be%d0%b3/
/uk/category/cirurgia-estetica-mames/,/uk/%d0%b1%d0%bb%d0%be%d0%b3/
/uk/category/cirurgia-estetica-masculina/,/uk/%d0%b1%d0%bb%d0%be%d0%b3/
/uk/category/gabinet-destetica/,/uk/%d0%b1%d0%bb%d0%be%d0%b3/
/uk/category/gabinete-de-estetica/,/uk/%d0%b1%d0%bb%d0%be%d0%b3/
/uk/category/medicina-estetica-corporal-ca/,/uk/%d0%b1%d0%bb%d0%be%d0%b3/
/uk/category/medicina-estetica-corporal/,/uk/%d0%b1%d0%bb%d0%be%d0%b3/
/uk/category/medicina-estetica-facial-ca/,/uk/%d0%b1%d0%bb%d0%be%d0%b3/
/uk/category/medicina-estetica-facial/,/uk/%d0%b1%d0%bb%d0%be%d0%b3/
/uk/category/sobrepeso-obesidad/,/uk/%d0%b1%d0%bb%d0%be%d0%b3/
/uk/como-cuidarse-despues-de-una-rinoplastia-los-mejores-consejos-para-un-rapido-postoperatorio/,/uk/%d1%8f%d0%ba-%d0%b4%d0%be%d0%b3%d0%bb%d1%8f%d0%b4%d0%b0%d1%82%d0%b8-%d0%b7%d0%b0-%d1%81%d0%be%d0%b1%d0%be%d1%8e-%d0%bf%d1%96%d1%81%d0%bb%d1%8f-%d1%80%d0%b8%d0%bd%d0%be%d0%bf%d0%bb%d0%b0%d1%81%d1%82/
/uk/como-eliminar-la-celulitis/,/uk/%d1%8f%d0%ba-%d0%bf%d0%be%d0%b7%d0%b1%d1%83%d1%82%d0%b8%d1%81%d1%8f-%d1%86%d0%b5%d0%bb%d1%8e%d0%bb%d1%96%d1%82%d1%83/
/uk/congela-el-tiempo/,/uk/%d0%b7%d0%b0%d0%bc%d0%be%d1%80%d0%be%d0%b6%d1%83%d1%94-%d1%87%d0%b0%d1%81/
/uk/cuales-son-las-mejores-protesis-de-mama/,/uk/%d1%8f%d0%ba%d1%96-%d0%b3%d1%80%d1%83%d0%b4%d0%bd%d1%96-%d0%bf%d1%80%d0%be%d1%82%d0%b5%d0%b7%d0%b8-%d0%bd%d0%b0%d0%b9%d0%ba%d1%80%d0%b0%d1%89%d1%96/
/uk/deberia-reducirme-el-pecho/,/uk/%d0%bc%d0%b5%d0%bd%d1%96-%d1%81%d0%bb%d1%96%d0%b4-%d0%b7%d0%bc%d0%b5%d0%bd%d1%88%d0%b8%d1%82%d0%b8-%d0%b3%d1%80%d1%83%d0%b4%d0%b8/
/uk/el-unico-balon-que-puede-estar-implantado-un-ano/,/uk/%d1%94%d0%b4%d0%b8%d0%bd%d0%b8%d0%b9-%d0%b1%d0%b0%d0%bb%d0%be%d0%bd-%d1%8f%d0%ba%d0%b8%d0%b9-%d0%bc%d0%be%d0%b6%d0%bd%d0%b0-%d1%96%d0%bc%d0%bf%d0%bb%d0%b0%d0%bd%d1%82%d1%83%d0%b2%d0%b0%d1%82%d0%b8/
/uk/equip-quadre-medic/,/uk/%d0%bc%d0%b5%d0%b4%d0%b8%d1%87%d0%bd%d0%b8%d0%b9-%d0%ba%d0%be%d0%bb%d0%b5%d0%ba%d1%82%d0%b8%d0%b2/
/uk/equip/dr-valenti-puig-divi/,/uk/%d0%ba%d0%be%d0%bc%d0%b0%d0%bd%d0%b4%d0%b0/dr-valenti-puig-divi/
/uk/financiacion/,/uk/%d1%84%d1%96%d0%bd%d0%b0%d0%bd%d1%81%d1%83%d0%b2%d0%b0%d0%bd%d0%bd%d1%8f/
/uk/la-belleza-del-rostro-el-triangulo-invertido/,/uk/%d0%ba%d1%80%d0%b0%d1%81%d0%b0-%d0%be%d0%b1%d0%bb%d0%b8%d1%87%d1%87%d1%8f-%d0%bf%d0%b5%d1%80%d0%b5%d0%b2%d0%b5%d1%80%d0%bd%d1%83%d1%82%d0%b8%d0%b9-%d1%82%d1%80%d0%b8%d0%ba%d1%83%d1%82%d0%bd/
/uk/la-radiofrecuencia-la-mejor-solucion-a-la-flacidez/,/uk/%d1%80%d0%b0%d0%b4%d1%96%d0%be%d1%87%d0%b0%d1%81%d1%82%d0%be%d1%82%d0%bd%d0%b0-%d1%82%d0%b5%d1%80%d0%b0%d0%bf%d1%96%d1%8f-%d0%bd%d0%b0%d0%b9%d0%ba%d1%80%d0%b0%d1%89%d0%b5-%d1%80%d1%96%d1%88/
/uk/lo-que-quieres-saber-del-aumento-de-pecho-paso-a-paso/,/uk/%d0%b2%d1%81%d0%b5-%d1%89%d0%be-%d0%b2%d0%b8-%d1%85%d0%be%d1%87%d0%b5%d1%82%d0%b5-%d0%b7%d0%bd%d0%b0%d1%82%d0%b8-%d0%bf%d1%80%d0%be-%d0%b7%d0%b1%d1%96%d0%bb%d1%8c%d1%88%d0%b5%d0%bd%d0%bd%d1%8f-%d0%b3/
/uk/nuestra-experiencia-con-la-rinoplastia-ultrasonica/,/uk/%d0%bd%d0%b0%d1%88-%d0%b4%d0%be%d1%81%d0%b2%d1%96%d0%b4-%d0%bf%d1%80%d0%be%d0%b2%d0%b5%d0%b4%d0%b5%d0%bd%d0%bd%d1%8f-%d1%83%d0%bb%d1%8c%d1%82%d1%80%d0%b0%d0%b7%d0%b2%d1%83%d0%ba%d0%be%d0%b2%d0%be/
/uk/politica-de-cookies/,/uk/%d0%bf%d0%be%d0%bb%d1%96%d1%82%d0%b8%d0%ba%d0%b0-%d1%89%d0%be%d0%b4%d0%be-%d1%84%d0%b0%d0%b9%d0%bb%d1%96%d0%b2-cookie/
/uk/reconstruccion-tras-cancer-de-mama/,/uk/%d0%b2%d1%96%d0%b4%d0%bd%d0%be%d0%b2%d0%bb%d0%b5%d0%bd%d0%bd%d1%8f-%d0%bf%d1%96%d1%81%d0%bb%d1%8f-%d1%80%d0%b0%d0%ba%d1%83-%d0%bc%d0%be%d0%bb%d0%be%d1%87%d0%bd%d0%be%d1%97-%d0%b7%d0%b0%d0%bb%d0%be-2/
/uk/rinoplastia-o-septoplastia/,/uk/%d1%80%d0%b8%d0%bd%d0%be%d0%bf%d0%bb%d0%b0%d1%81%d1%82%d0%b8%d0%ba%d0%b0-%d0%b0%d0%b1%d0%be-%d1%81%d0%b5%d0%bf%d1%82%d0%be%d0%bf%d0%bb%d0%b0%d1%81%d1%82%d0%b8%d0%ba%d0%b0/
/uk/solucio-per-mames-tuberoses/,/uk/%d0%b7%d0%b0%d1%81%d1%96%d0%b1-%d0%b2%d1%96%d0%b4-%d0%b1%d1%83%d0%bb%d1%8c%d0%b1%d0%be%d0%b2%d0%b8%d1%85-%d0%b1%d0%be%d0%bb%d1%8f%d1%87%d0%be%d0%ba/
/uk/team/dr-valenti-puig-divi/,/uk/%d0%ba%d0%be%d0%bc%d0%b0%d0%bd%d0%b4%d0%b0/dr-valenti-puig-divi/
/uk/tecnicas-de-medicina-estetica-que-nos-rejuvenecen/,/uk/%d0%bc%d0%b5%d1%82%d0%be%d0%b4%d0%b8-%d0%b5%d1%81%d1%82%d0%b5%d1%82%d0%b8%d1%87%d0%bd%d0%be%d1%97-%d0%bc%d0%b5%d0%b4%d0%b8%d1%86%d0%b8%d0%bd%d0%b8-%d1%8f%d0%ba%d1%96-%d0%be%d0%bc%d0%be%d0%bb%d0%be/
/uk/unidades/cirugia-estetica-mamas/,/uk/%d0%be%d0%b4%d0%b8%d0%bd%d0%b8%d1%86%d1%96/%d0%b5%d1%81%d1%82%d0%b5%d1%82%d0%b8%d1%87%d0%bd%d0%b0-%d1%85%d1%96%d1%80%d1%83%d1%80%d0%b3%d1%96%d1%8f-%d0%b3%d1%80%d1%83%d0%b4%d0%b5%d0%b9-2/%d0%b7%d0%b1%d1%96%d0%bb%d1%8c%d1%88%d0%b5%d0%bd%d0%bd%d1%8f-%d0%b3%d1%80%d1%83%d0%b4%d0%b5%d0%b9-%d1%83-%d0%b6%d0%b8%d1%80%d0%be%d0%bd%d1%96-2/
/unidades/cirugia-estetica-facial/blefaroplastia-new/,/unidades/cirugia-estetica-facial/blefaroplastia-girona/
/unidades/cirugia-estetica-facial/otoplastia-new/,/unidades/cirugia-estetica-facial/otoplastia-girona/
/unidades/cirugia-estetica-facial/rinoplastia-new/,/unidades/cirugia-estetica-facial/rinoplastia-girona/
/unidades/cirugia-estetica-mamas/aumento-de-pecho-new-2/,/unidades/cirugia-estetica-mamas/aumento-de-pecho-girona/
/unidades/cirugia-estetica-mamas/aumento-de-pecho-new/,/unidades/cirugia-estetica-mamas/aumento-de-pecho-girona/
/unidades/sobrepeso-y-obesidad/balon-12-meses-reajustable-new/,/unidades/sobrepeso-y-obesidad/balon-gastrico-girona/
/wp-content/uploads/2019/10/DR.Valenti%CC%81-Puig.webp,/images/wp/2019/10/DR.Valentí-Puig.webp
/wp-content/uploads/2019/11/image-e1582104761984.png,/images/wp/2019/11/image-e1582104761984.webp
/wp-content/uploads/2019/11/marca-del-cansancio-bajo-los-ojos-e1582104641732.jpg,/images/wp/2019/11/marca-del-cansancio-bajo-los-ojos-e1582104641732.webp
/wp-content/uploads/2022/05/dr_perez.jpg,/images/wp/2022/05/dr_perez.webp
/wp-content/uploads/2023/04/rino-fanlo.jpg.jpg,/images/wp/2023/04/rino-fanlo.jpg.webp
/wp-content/uploads/2025/10/dewever-300x300.jpg,/images/wp/2025/10/dewever-300x300.webp
/wp-content/uploads/2025/12/blefaroplastia-comienza-ahora.jpg,/images/wp/2025/12/blefaroplastia-comienza-ahora.webp
/wp-content/uploads/2025/12/rinoplastia-en-medic-girona.webp,/images/wp/2025/12/rinoplastia-en-medic-girona.webp
/wp-content/w3-webp/uploads/2019/11/Como-cuidar-la-piel-a-los-50-e1582104350780.jpgw3.webp,/images/wp/2019/11/Como-cuidar-la-piel-a-los-50-e1582104350780.webp
/wp-content/w3-webp/uploads/2019/12/ab2.jpgw3.webp,/images/wp/2019/12/ab2.webp
/wp-content/w3-webp/uploads/2021/03/Celulitis_girona.jpgw3.webp,/images/wp/2021/03/Celulitis_girona.webp
/wp-content/w3-webp/uploads/2023/04/rino-fanlo.jpg.jpgw3.webp,/images/wp/2023/04/rino-fanlo.jpg.webp
