url,decision,destino,estado_esperado,title,robots,tipo,backlinks,trafico,notas
/,mantener,/,200,Clínica de Cirugía Estética en Girona | Medics Integral Salut,,page,528,151,
/unidades/cirugia-estetica-facial/rinoplastia-girona/,mantener,/unidades/cirugia-estetica-facial/rinoplastia-girona/,200,【 Rinoplastia Girona | Ultrasónica | MedicsIntegralSalut 】®,,page,0,3,
/unidades/sobrepeso-y-obesidad/balon-gastrico-girona/,mantener,/unidades/sobrepeso-y-obesidad/balon-gastrico-girona/,200,Balón Gástrico Girona | reajustable 12 meses | Medicsintegral,,page,0,10,
/unidades/cirugia-estetica-facial/blefaroplastia-girona/,mantener,/unidades/cirugia-estetica-facial/blefaroplastia-girona/,200,Blefaroplastia en Girona | Oculoplastia | Cirugía de párpados,,page,0,10,
/unidades/cirugia-estetica-facial/otoplastia-girona/,mantener,/unidades/cirugia-estetica-facial/otoplastia-girona/,200,Otoplastia Girona | Cirugía de Orejas | MedicsIntegralSalut,,page,0,4,
/unidades/cirugia-estetica-mamas/aumento-de-pecho-girona/,mantener,/unidades/cirugia-estetica-mamas/aumento-de-pecho-girona/,200,Aumento de pecho en Girona | Mamoplastia | Cirugía Mamaria,,page,,24,
/unidades/cirugia-estetica-mamas/aumento-de-pecho-tecnica-ami/,mantener,/unidades/cirugia-estetica-mamas/aumento-de-pecho-tecnica-ami/,200,Aumento de pecho con la Técnica AMI - MedicsIntegralSalut,,page,0,2,
/unidades/medicina-estetica-facial/rinomodelacion/,mantener,/unidades/medicina-estetica-facial/rinomodelacion/,200,【 Rinomodelación Girona - MedicsIntegralSalut 】,,page,,23,
/unidades/sobrepeso-y-obesidad/cirugia-postbariatrica/,mantener,/unidades/sobrepeso-y-obesidad/cirugia-postbariatrica/,200,Cirugía Postbariatrica - MedicsIntegralSalut,,page,,1,
/w-lp-ginecomastia/,mantener,/w-lp-ginecomastia/,200,Home | Web Rino,,page,,,
/w-lp-mamaria/,mantener,/w-lp-mamaria/,200,Home | Web Rino,,page,,0,
/bases-legals-de-participacio-al-sorteig/,301,/bases-legales-de-participacion-en-el-sorteo/,301,Bases legals de participació al sorteig - MedicsIntegralSalut,,page,,,duplicada: 301 a su canónica (aprobado Oscar 27/09/2026)
/bases-legales-de-participacion-en-el-sorteo/,mantener,/bases-legales-de-participacion-en-el-sorteo/,200,Bases legales de participación en el sorteo - MedicsIntegralSalut,,page,,0,
/tp-ginecomastia-girona/,mantener,/tp-ginecomastia-girona/,200,Home | Web Rino,,page,,,
/lp-ginecomastia-girona/,mantener,/lp-ginecomastia-girona/,200,Home | Web Rino,,page,,0,
/lp-augment-de-pit-girona-test-a-b/,mantener,/lp-augment-de-pit-girona-test-a-b/,200,Home | Web Rino,,page,,,
/lp-aumento-de-pecho-girona-test-a-b/,mantener,/lp-aumento-de-pecho-girona-test-a-b/,200,Home | Web Rino,,page,,,
/tp-augment-de-pit-girona/,mantener,/tp-augment-de-pit-girona/,200,Home | Web Rino,,page,,,
/tp-aumento-de-pecho-girona/,mantener,/tp-aumento-de-pecho-girona/,200,Home | Web Rino,,page,,,
/lp-augment-de-pit-girona/,mantener,/lp-augment-de-pit-girona/,200,Home | Web Rino,,page,,0,
/lp-aumento-de-pecho-girona/,mantener,/lp-aumento-de-pecho-girona/,200,Home | Web Rino,,page,,1,
/beauty-days-blefaroplastia/,301,/blefaroplastia/,301,Beauty Days blefaroplàstia - MedicsIntegralSalut,,page,,0,duplicada: 301 a su canónica (aprobado Oscar 27/09/2026)
/blefaroplastia/,mantener,/blefaroplastia/,200,Beauty Days blefaroplastia - MedicsIntegralSalut,,page,,,
/unitats/cirurgia-estetica-mames/recanvi-de-protesis/,301,/unidades/cirugia-estetica-mamas/recambiodeprotesis/,301,Recanvi de pròtesis - MedicsIntegralSalut,,page,,0,duplicada: 301 a su canónica (aprobado Oscar 27/09/2026)
/unidades/cirugia-estetica-mamas/recambiodeprotesis/,mantener,/unidades/cirugia-estetica-mamas/recambiodeprotesis/,200,Recambio de prótesis mamarias Girona - MedicsIntegralSalut,,page,,6,
/beauty-days/,mantener,/beauty-days/,200,Beauty Days - MedicsIntegralSalut,,page,,,
/politica-de-privadesa-en-xarxes-socials/,301,/ca/politica-de-privadesa-en-xarxes-socials/,301,Política de privadesa en xarxes socials - MedicsIntegralSalut,,page,,,catalán en la raíz con gemela en /ca/: 301 (decisión usuario 05/10/2026)
/politica-de-privacidad-en-redes-sociales/,mantener,/politica-de-privacidad-en-redes-sociales/,200,Política de privacidad en redes sociales - MedicsIntegralSalut,,page,,0,
/unitats/cirurgia-estetica-facial/perforacio-de-lenva-nasal/,301,/unidades/cirugia-estetica-facial/perforacion-tabique-nasal/,301,Perforació de l'envà nasal - MedicsIntegralSalut,,page,,0,duplicada: 301 a su canónica (aprobado Oscar 27/09/2026)
/unidades/cirugia-estetica-facial/perforacion-tabique-nasal/,mantener,/unidades/cirugia-estetica-facial/perforacion-tabique-nasal/,200,Perforación Tabique Nasal - MedicsIntegralSalut,,page,,7,
/unitats/cirurgia-estetica-corporal/liposuccio-vaser/,301,/unidades/cirugia-estetica-corporal/liposuccion-vaser/,301,Liposucció Vàser - MedicsIntegralSalut,,page,,0,duplicada: 301 a su canónica (aprobado Oscar 27/09/2026)
/unidades/cirugia-estetica-corporal/liposuccion-vaser/,mantener,/unidades/cirugia-estetica-corporal/liposuccion-vaser/,200,Liposucción Váser Girona - MedicsIntegralSalut ⭐,,page,,35,
/unitats/gabinet-destetica/reduccio-de-volum-girona/,301,/ca/unitats/gabinet-destetica/reduccio-de-volum-girona/,301,Reducció de volum - MedicsIntegralSalut,,page,,,catalán en la raíz con gemela en /ca/: 301 (decisión usuario 05/10/2026)
/unidades/gabinete-de-estetica/reduccion-de-volumen-girona/,mantener,/unidades/gabinete-de-estetica/reduccion-de-volumen-girona/,200,Reducción de volumen en Girona - MedicsIntegralSalut,,page,,3,
/unitats/gabinet-destetica/eliminar-celulitis/,301,/unidades/gabinete-de-estetica/eliminar-celulitis/,301,Eliminar cel·lulitis - MedicsIntegralSalut,,page,,,duplicada: 301 a su canónica (aprobado Oscar 27/09/2026)
/unidades/gabinete-de-estetica/eliminar-celulitis/,mantener,/unidades/gabinete-de-estetica/eliminar-celulitis/,200,Eliminar celulitis - MedicsIntegralSalut,,page,,4,
/unitats/gabinet-destetica/desintoxicant/,301,/unidades/gabinete-de-estetica/desintoxicante/,301,Desintoxicant - MedicsIntegralSalut,,page,,0,duplicada: 301 a su canónica (aprobado Oscar 27/09/2026)
/unidades/gabinete-de-estetica/desintoxicante/,mantener,/unidades/gabinete-de-estetica/desintoxicante/,200,Desintoxicante - MedicsIntegralSalut,,page,,1,
/unitats/gabinet-destetica/hidreclat/,301,/unidades/gabinete-de-estetica/hidreclat/,301,Hidreclat - MedicsIntegralSalut,,page,,,duplicada: 301 a su canónica (aprobado Oscar 27/09/2026)
/unidades/gabinete-de-estetica/hidreclat/,mantener,/unidades/gabinete-de-estetica/hidreclat/,200,Hidreclat - MedicsIntegralSalut,,page,,0,
/unitats/gabinet-destetica/recuperador/,301,/unidades/gabinete-de-estetica/recuperador/,301,Recuperador - MedicsIntegralSalut,,page,,,duplicada: 301 a su canónica (aprobado Oscar 27/09/2026)
/unidades/gabinete-de-estetica/recuperador/,mantener,/unidades/gabinete-de-estetica/recuperador/,200,Recuperador - MedicsIntegralSalut,,page,,0,
/unitats/gabinet-destetica/antiedat-mc110/,301,/unidades/gabinete-de-estetica/antiedad-mc-110/,301,Antiedat MC110 - MedicsIntegralSalut,,page,,,duplicada: 301 a su canónica (aprobado Oscar 27/09/2026)
/unidades/gabinete-de-estetica/antiedad-mc-110/,mantener,/unidades/gabinete-de-estetica/antiedad-mc-110/,200,Antiedad MC110 - MedicsIntegralSalut,,page,,1,
/unitats/gabinet-destetica/acid-de-fruites/,301,/unidades/gabinete-de-estetica/acido-de-frutas/,301,Àcid de fruites - MedicsIntegralSalut,,page,,,duplicada: 301 a su canónica (aprobado Oscar 27/09/2026)
/unidades/gabinete-de-estetica/acido-de-frutas/,mantener,/unidades/gabinete-de-estetica/acido-de-frutas/,200,Acido de frutas - MedicsIntegralSalut,,page,,0,
/unitats/gabinet-destetica/p50-visage/,301,/unidades/gabinete-de-estetica/p50-visage/,301,P50 Visage - MedicsIntegralSalut,,page,,,duplicada: 301 a su canónica (aprobado Oscar 27/09/2026)
/unidades/gabinete-de-estetica/p50-visage/,mantener,/unidades/gabinete-de-estetica/p50-visage/,200,P50 Visage - MedicsIntegralSalut,,page,,0,
/unitats/unitat-de-medicina-cosmetica-girona/,301,/unidades/medicina-cosmetica-girona/,301,Unitat de Medicina Cosmètica - MedicsIntegralSalut,,page,,0,duplicada: 301 a su canónica (aprobado Oscar 27/09/2026)
/unidades/medicina-cosmetica-girona/,mantener,/unidades/medicina-cosmetica-girona/,200,Medicina Cosmética en Gerona | Medics Integral Salut,,page,,17,
/gracies/,301,/gracias/,301,Gràcies - MedicsIntegralSalut,,page,,0,duplicada: 301 a su canónica (aprobado Oscar 27/09/2026)
/gracias/,mantener,/gracias/,200,Gracias - MedicsIntegralSalut,,page,,0,
/cirurgia-estetica/,301,/cirugia-estetica/,301,Cirurgia Estètica - MedicsIntegralSalut,,page,,0,duplicada: 301 a su canónica (aprobado Oscar 27/09/2026)
/cirugia-estetica/,mantener,/cirugia-estetica/,200,Cirugía Estética - MedicsIntegralSalut,,page,,0,
/medicina-estetica/,mantener,/medicina-estetica/,200,Medicina Estética - MedicsIntegralSalut,,page,,1,
/unitats/medicina-estetica-facial/augment-de-llavis/,301,/unidades/medicina-estetica-facial/aumento-labios/,301,Augment de llavis - MedicsIntegralSalut,,page,,0,duplicada: 301 a su canónica (aprobado Oscar 27/09/2026)
/unidades/medicina-estetica-facial/aumento-labios/,mantener,/unidades/medicina-estetica-facial/aumento-labios/,200,Aumento de Labios en Girona | Diseño de labios Sin Cirugía ❤️,,page,,33,
/unitats/sobrepes-i-obesitat/cirurgia-bariatrica/encreuament-duodenal/,301,/ca/unitats/sobrepes-i-obesitat/cirurgia-bariatrica/encreuament-duodenal/,301,Encreuament Duodenal - MedicsIntegralSalut,,page,,,catalán en la raíz con gemela en /ca/: 301 (decisión usuario 05/10/2026)
/unidades/sobrepeso-y-obesidad/cirugia-bariatrica/cruce-duodenal/,mantener,/unidades/sobrepeso-y-obesidad/cirugia-bariatrica/cruce-duodenal/,200,Cruce Duodenal - MedicsIntegralSalut,,page,,1,
/unitats/sobrepes-i-obesitat/cirurgia-bariatrica/bypass-gastric/,301,/ca/unitats/sobrepes-i-obesitat/cirurgia-bariatrica/bypass-gastric/,301,Bypass Gàstric - MedicsIntegralSalut,,page,,0,catalán en la raíz con gemela en /ca/: 301 (decisión usuario 05/10/2026)
/unidades/sobrepeso-y-obesidad/cirugia-bariatrica/bypass-gastrico/,mantener,/unidades/sobrepeso-y-obesidad/cirugia-bariatrica/bypass-gastrico/,200,Bypass Gástrico - MedicsIntegralSalut,,page,,2,
/unitats/sobrepes-i-obesitat/cirurgia-bariatrica/gastrectomia-vertical/,301,/unidades/sobrepeso-y-obesidad/cirugia-bariatrica/gastrectomia-vertical/,301,Gastrectomia vertical - MedicsIntegralSalut,,page,,0,duplicada: 301 a su canónica (aprobado Oscar 27/09/2026)
/unidades/sobrepeso-y-obesidad/cirugia-bariatrica/gastrectomia-vertical/,mantener,/unidades/sobrepeso-y-obesidad/cirugia-bariatrica/gastrectomia-vertical/,200,Manga Gástrica - Gastrectomía vertical - MedicsIntegralSalut,,page,,3,
/politica-de-privadesa/,301,/politica-de-privacidad/,301,Política de privadesa - MedicsIntegralSalut,,page,,0,duplicada: 301 a su canónica (aprobado Oscar 27/09/2026)
/politica-de-privacidad/,mantener,/politica-de-privacidad/,200,Política de privacidad - MedicsIntegralSalut,,page,2,0,
/politica-de-cookies/,mantener,/politica-de-cookies/,200,Política de cookies - MedicsIntegralSalut,,page,,0,
/avis-legal/,301,/aviso-legal/,301,Avís legal - MedicsIntegralSalut,,page,,,duplicada: 301 a su canónica (aprobado Oscar 27/09/2026)
/aviso-legal/,mantener,/aviso-legal/,200,Aviso legal - MedicsIntegralSalut,,page,2,0,
/unitats/cirurgia-estetica-masculina/lifting-de-coll-i-papada/,301,/unidades/cirugia-estetica-masculina/liftting-de-cuello-y-papada/,301,Lifting de coll i papada - MedicsIntegralSalut,,page,,0,duplicada: 301 a su canónica (aprobado Oscar 27/09/2026)
/unidades/cirugia-estetica-masculina/liftting-de-cuello-y-papada/,mantener,/unidades/cirugia-estetica-masculina/liftting-de-cuello-y-papada/,200,Lifting de cuello y papada - MedicsIntegralSalut,,page,,36,
/unitats/cirurgia-estetica-masculina/augment-de-pectoral/,301,/unidades/cirugia-estetica-masculina/aumento-de-pectoral/,301,Augment de pectoral - MedicsIntegralSalut,,page,,0,duplicada: 301 a su canónica (aprobado Oscar 27/09/2026)
/unidades/cirugia-estetica-masculina/aumento-de-pectoral/,mantener,/unidades/cirugia-estetica-masculina/aumento-de-pectoral/,200,Implantes Pectorales en Hombres | MedicsIntegralSalut,,page,,1,
/unitats/cirurgia-estetica-masculina/blefaroplastia/,301,/unidades/cirugia-estetica-masculina/blefaroplastia/,301,Blefaroplàstia - MedicsIntegralSalut,,page,,,duplicada: 301 a su canónica (aprobado Oscar 27/09/2026)
/unidades/cirugia-estetica-masculina/blefaroplastia/,mantener,/unidades/cirugia-estetica-masculina/blefaroplastia/,200,Blefaroplastia - MedicsIntegralSalut,,page,,0,
/unitats/cirurgia-estetica-masculina/ginecomastia/,301,/unidades/cirugia-estetica-masculina/ginecomastia/,301,Ginecomàstia - MedicsIntegralSalut,,page,,,duplicada: 301 a su canónica (aprobado Oscar 27/09/2026)
/unidades/cirugia-estetica-masculina/ginecomastia/,mantener,/unidades/cirugia-estetica-masculina/ginecomastia/,200,Eliminar Ginecomastia Girona - MedicsIntegralSalut,,page,2,0,
/unitats/cirurgia-estetica-corporal/abdominoplastia/,301,/ca/unitats/cirurgia-estetica-corporal/abdominoplastia/,301,Abdominoplàstia - MedicsIntegralSalut,,page,,,catalán en la raíz con gemela en /ca/: 301 (decisión usuario 05/10/2026)
/unidades/cirugia-estetica-corporal/abdominoplastia/,mantener,/unidades/cirugia-estetica-corporal/abdominoplastia/,200,【 Abdominoplastia Girona - Elimina exceso de Grasa y Piel 】,,page,,15,
/unitats/cirurgia-estetica-corporal/lipofiling-corporal/,301,/unidades/cirugia-estetica-corporal/lipofiling-corporal/,301,Lipofiling corporal - MedicsIntegralSalut,,page,,0,duplicada: 301 a su canónica (aprobado Oscar 27/09/2026)
/unidades/cirugia-estetica-corporal/lipofiling-corporal/,mantener,/unidades/cirugia-estetica-corporal/lipofiling-corporal/,200,Lipofiling corporal - Girona - MedicsIntegralSalut,,page,,1,
/unitats/cirurgia-estetica-corporal/lifting-bracos-i-cames/,301,/unidades/cirugia-estetica-corporal/lifting-brazos-y-piernas/,301,Lifting braços i cames - MedicsIntegralSalut,,page,,0,duplicada: 301 a su canónica (aprobado Oscar 27/09/2026)
/unidades/cirugia-estetica-corporal/lifting-brazos-y-piernas/,mantener,/unidades/cirugia-estetica-corporal/lifting-brazos-y-piernas/,200,Lifting de muslos o brazos - MedicsIntegralSalut,,page,,1,
/unitats/cirurgia-estetica-corporal/cirurgia-genital-femenina/,301,/unidades/cirugia-estetica-corporal/cirugia-genital-femenina/,301,Cirurgia genital femenina - MedicsIntegralSalut,,page,,0,duplicada: 301 a su canónica (aprobado Oscar 27/09/2026)
/unidades/cirugia-estetica-corporal/cirugia-genital-femenina/,mantener,/unidades/cirugia-estetica-corporal/cirugia-genital-femenina/,200,Labioplastia Girona | Cirugía Intima | MedicsIntegralSalut ®,,page,,23,
/unitats/cirurgia-estetica-corporal/augment-de-glutis/,301,/unidades/cirugia-estetica-corporal/aumento-de-gluteos/,301,Augment de glutis - MedicsIntegralSalut,,page,,0,duplicada: 301 a su canónica (aprobado Oscar 27/09/2026)
/unidades/cirugia-estetica-corporal/aumento-de-gluteos/,mantener,/unidades/cirugia-estetica-corporal/aumento-de-gluteos/,200,Aumento de glúteos - MedicsIntegralSalut ⭐,,page,,2,
/unitats/cirurgia-estetica-corporal/liposuccio/,301,/unidades/cirugia-estetica-corporal/liposuccion/,301,Liposucció - MedicsIntegralSalut,,page,,,duplicada: 301 a su canónica (aprobado Oscar 27/09/2026)
/unidades/cirugia-estetica-corporal/liposuccion/,mantener,/unidades/cirugia-estetica-corporal/liposuccion/,200,Liposucción en Girona - MedicsIntegralSalut,,page,2,0,
/unitats/cirurgia-estetica-facial/cirurgia-mento-i-pomuls/,301,/unidades/cirugia-estetica-facial/cirugia-menton-y-pomulos/,301,Cirurgia mentó i pòmuls - MedicsIntegralSalut,,page,,0,duplicada: 301 a su canónica (aprobado Oscar 27/09/2026)
/unidades/cirugia-estetica-facial/cirugia-menton-y-pomulos/,mantener,/unidades/cirugia-estetica-facial/cirugia-menton-y-pomulos/,200,Cirugía mentón y pómulos - MedicsIntegralSalut,,page,,3,
/unitats/cirurgia-estetica-facial/otoplastia/,301,/unidades/cirugia-estetica-facial/otoplastia/,301,Otoplàstia - MedicsIntegralSalut,,page,,0,duplicada: 301 a su canónica (aprobado Oscar 27/09/2026)
/unidades/cirugia-estetica-facial/otoplastia/,301,/unidades/cirugia-estetica-facial/otoplastia-girona/,301,Otoplastia Girona | Cirugía de Orejas | MedicsIntegralSalut,,page,,2,duplicada: 301 a su canónica (aprobado Oscar 27/09/2026)
/unitats/cirurgia-estetica-facial/lifting-facial/,301,/ca/unitats/cirurgia-estetica-facial/lifting-facial/,301,Lifting facial - MedicsIntegralSalut,,page,,0,catalán en la raíz con gemela en /ca/: 301 (decisión usuario 05/10/2026)
/unidades/cirugia-estetica-facial/lifting-facial/,mantener,/unidades/cirugia-estetica-facial/lifting-facial/,200,Lifting Facial Girona - MedicsIntegralSalut,,page,,5,
/unitats/cirurgia-estetica-facial/minilifting-de-coll-i-papada/,301,/unidades/cirugia-estetica-facial/minilifting-de-cuello-y-papada/,301,Minilifting de coll i papada - MedicsIntegralSalut,,page,,,duplicada: 301 a su canónica (aprobado Oscar 27/09/2026)
/unidades/cirugia-estetica-facial/minilifting-de-cuello-y-papada/,mantener,/unidades/cirugia-estetica-facial/minilifting-de-cuello-y-papada/,200,Minilifting de cuello y papada - MedicsIntegralSalut,,page,,20,
/unitats/cirurgia-estetica-facial/blefaroplastia/,301,/unidades/cirugia-estetica-facial/blefaroplastia/,301,Blefaroplàstia - MedicsIntegralSalut,,page,,,duplicada: 301 a su canónica (aprobado Oscar 27/09/2026)
/unidades/cirugia-estetica-facial/blefaroplastia/,301,/unidades/cirugia-estetica-facial/blefaroplastia-girona/,301,Blefaroplastia en Girona | Oculoplastia | Cirugía de párpados,,page,,0,duplicada: 301 a su canónica (aprobado Oscar 27/09/2026)
/unitats/cirurgia-estetica-mames/reduccio-de-pit/,301,/unidades/cirugia-estetica-mamas/reduccion-de-pecho/,301,Reducció de pit - MedicsIntegralSalut,,page,,0,duplicada: 301 a su canónica (aprobado Oscar 27/09/2026)
/unidades/cirugia-estetica-mamas/reduccion-de-pecho/,mantener,/unidades/cirugia-estetica-mamas/reduccion-de-pecho/,200,Reducción de Pecho en Girona | MedicsIntegralSalut ⭐,,page,,3,
/unitats/cirurgia-estetica-mames/elevacio-de-pit-pexia/,301,/unidades/cirugia-estetica-mamas/elevacion-de-pecho-pexia/,301,Elevació de pit: pèxia - MedicsIntegralSalut,,page,,0,duplicada: 301 a su canónica (aprobado Oscar 27/09/2026)
/unidades/cirugia-estetica-mamas/elevacion-de-pecho-pexia/,mantener,/unidades/cirugia-estetica-mamas/elevacion-de-pecho-pexia/,200,【 Elevacion de Pecho Girona | Pexia mamaria 】,,page,,6,
/unitats/cirurgia-estetica-mames/augment-de-pit/,301,/unidades/cirugia-estetica-mamas/aumento-de-pecho/,301,Augment de pit - MedicsIntegralSalut,,page,,0,duplicada: 301 a su canónica (aprobado Oscar 27/09/2026)
/unidades/cirugia-estetica-mamas/aumento-de-pecho/,301,/unidades/cirugia-estetica-mamas/aumento-de-pecho-girona/,301,Aumento de pecho en Girona | Mamoplastia | Cirugía Mamaria,,page,,1,duplicada: 301 a su canónica (aprobado Oscar 27/09/2026)
/unitats/sobrepes-i-obesitat/cirurgia-bariatrica/,301,/unidades/sobrepeso-y-obesidad/cirugia-bariatrica/,301,Cirurgia bariàtrica - MedicsIntegralSalut,,page,,,duplicada: 301 a su canónica (aprobado Oscar 27/09/2026)
/unidades/sobrepeso-y-obesidad/cirugia-bariatrica/,mantener,/unidades/sobrepeso-y-obesidad/cirugia-bariatrica/,200,Cirugía bariátrica en Girona - MedicsIntegralSalut,,page,,1,
/unitats/sobrepes-i-obesitat/dietetica-i-nutricio/,301,/unidades/sobrepeso-y-obesidad/dietetica-y-nutricion/,301,Dietètica i nutrició - MedicsIntegralSalut,,page,,,duplicada: 301 a su canónica (aprobado Oscar 27/09/2026)
/unidades/sobrepeso-y-obesidad/dietetica-y-nutricion/,mantener,/unidades/sobrepeso-y-obesidad/dietetica-y-nutricion/,200,Nutricionista Girona | Dietistas | MedicsIntegralSalut,,page,0,10,
/unitats/sobrepes-i-obesitat/endomanga/,301,/unidades/sobrepeso-y-obesidad/endomanga/,301,Endomanga - MedicsIntegralSalut,,page,,0,duplicada: 301 a su canónica (aprobado Oscar 27/09/2026)
/unidades/sobrepeso-y-obesidad/endomanga/,mantener,/unidades/sobrepeso-y-obesidad/endomanga/,200,Método Mega - Reducción gástrica sin cirugía - MedicsIntegralSalut,,page,,21,
/unitats/sobrepes-i-obesitat/balo-12-mesos-reajustable/,301,/ca/unitats/sobrepes-i-obesitat/12-mesos-reajustable/,301,Baló 12 mesos reajustable - MedicsIntegralSalut,,page,,0,catalán en la raíz con gemela en /ca/: 301 (decisión usuario 05/10/2026)
/unidades/sobrepeso-y-obesidad/balon-12-meses-reajustable/,301,/unidades/sobrepeso-y-obesidad/balon-gastrico-girona/,301,Balón Gástrico Girona | reajustable 12 meses | Medicsintegral,,page,,35,duplicada: 301 a su canónica (aprobado Oscar 27/09/2026)
/unitats/sobrepes-i-obesitat/balo-6-mesos/,301,/ca/unitats/sobrepes-i-obesitat/6-mesos/,301,Baló 6 mesos - MedicsIntegralSalut,,page,,0,catalán en la raíz con gemela en /ca/: 301 (decisión usuario 05/10/2026)
/unidades/sobrepeso-y-obesidad/balon-6-meses/,mantener,/unidades/sobrepeso-y-obesidad/balon-6-meses/,200,Balón Gástrico 6 Meses - MedicsIntegralSalut,,page,,1,
/unitats/sobrepes-i-obesitat/balo-ingerible-elipse/,301,/ca/unitats/sobrepes-i-obesitat/balo-ingerible-el%c2%b7lipse/,301,Baló ingerible Elipse - MedicsIntegralSalut,,page,,0,catalán en la raíz con gemela en /ca/: 301 (decisión usuario 05/10/2026)
/unidades/sobrepeso-y-obesidad/balon-ingerible-elipse/,mantener,/unidades/sobrepeso-y-obesidad/balon-ingerible-elipse/,200,Balon Ingerible elipse - MedicsIntegralSalut,,page,,12,
/unitats/gabinet-destetica/drenatge-limfatic/,301,/unidades/gabinete-de-estetica/drenaje-linfatico/,301,Drenatge limfàtic - MedicsIntegralSalut,,page,,0,duplicada: 301 a su canónica (aprobado Oscar 27/09/2026)
/unidades/gabinete-de-estetica/drenaje-linfatico/,mantener,/unidades/gabinete-de-estetica/drenaje-linfatico/,200,Drenaje linfático - MedicsIntegralSalut,,page,,0,
/unitats/gabinet-destetica/revitalitzacio-facial/,301,/ca/unitats/gabinet-destetica/revitalitzacio-facial/,301,Revitalització facial - MedicsIntegralSalut,,page,,0,catalán en la raíz con gemela en /ca/: 301 (decisión usuario 05/10/2026)
/unidades/gabinete-de-estetica/revitalizacion-facial/,mantener,/unidades/gabinete-de-estetica/revitalizacion-facial/,200,Revitalización facial - MedicsIntegralSalut,,page,,0,
/unitats/medicina-estetica-corporal/celulitis/,301,/unidades/medicina-estetica-corporal/celulitis/,301,Cel·lulitis - MedicsIntegralSalut,,page,,0,duplicada: 301 a su canónica (aprobado Oscar 27/09/2026)
/unidades/medicina-estetica-corporal/celulitis/,mantener,/unidades/medicina-estetica-corporal/celulitis/,200,Eliminar Celulitis - MedicsIntegralSalut,,page,,1,
/unitats/medicina-estetica-corporal/liposuccio-sense-cirurgia/,301,/unidades/medicina-estetica-corporal/liposuccion-sin-cirugia/,301,Liposucció sense cirurgia - MedicsIntegralSalut,,page,,0,duplicada: 301 a su canónica (aprobado Oscar 27/09/2026)
/unidades/medicina-estetica-corporal/liposuccion-sin-cirugia/,mantener,/unidades/medicina-estetica-corporal/liposuccion-sin-cirugia/,200,Liposucción sin cirugía - MedicsIntegralSalut,,page,,77,
/unitats/cirurgia-estetica-facial/farciment-darrugues/,301,/unidades/cirugia-estetica-facial/relleno-de-arrugas/,301,Farciment d'arrugues - MedicsIntegralSalut,,page,,,duplicada: 301 a su canónica (aprobado Oscar 27/09/2026)
/unidades/cirugia-estetica-facial/relleno-de-arrugas/,mantener,/unidades/cirugia-estetica-facial/relleno-de-arrugas/,200,Relleno de arrugas - MedicsIntegralSalut,,page,,1,
/unitats/medicina-estetica-facial/peeling/,mantener,/unitats/medicina-estetica-facial/peeling/,200,Peeling - MedicsIntegralSalut,,page,,0,
/unidades/medicina-estetica-facial/peeling/,mantener,/unidades/medicina-estetica-facial/peeling/,200,Peeling en Girona - MedicsIntegralSalut,,page,,5,
/unitats/medicina-estetica-facial/hidratacio-i-nutricio/,301,/unidades/medicina-estetica-facial/hidratacion-y-nutricion/,301,Hidratació i nutrició - MedicsIntegralSalut,,page,,,duplicada: 301 a su canónica (aprobado Oscar 27/09/2026)
/unidades/medicina-estetica-facial/hidratacion-y-nutricion/,mantener,/unidades/medicina-estetica-facial/hidratacion-y-nutricion/,200,Mesoterapia Girona - MedicsIntegralSalut,,page,0,4,
/unitats/medicina-estetica-facial/flacciditat-fils-tensors/,301,/unidades/medicina-estetica-facial/flacidez-hilos-tensores/,301,Flacciditat: fils tensors - MedicsIntegralSalut,,page,,0,duplicada: 301 a su canónica (aprobado Oscar 27/09/2026)
/unidades/medicina-estetica-facial/flacidez-hilos-tensores/,mantener,/unidades/medicina-estetica-facial/flacidez-hilos-tensores/,200,Hilos Tensores Girona | MedicsIntegralSalut,,page,,20,
/unitats/medicina-estetica-facial/arrugues-dexpressio/,301,/unidades/medicina-estetica-facial/arrugas-de-expresion/,301,Arrugues d'expressió - MedicsIntegralSalut,,page,,0,duplicada: 301 a su canónica (aprobado Oscar 27/09/2026)
/unidades/medicina-estetica-facial/arrugas-de-expresion/,mantener,/unidades/medicina-estetica-facial/arrugas-de-expresion/,200,Eliminación arrugas Girona - MedicsIntegralSalut,,page,,8,
/unitats/gabinet-destetica/radiofrequencia-facial-y-corporal/,301,/unidades/gabinete-de-estetica/radiofrecuencia-facial-y-corporal/,301,Radiofreqüència facial y corporal - MedicsIntegralSalut,,page,,,duplicada: 301 a su canónica (aprobado Oscar 27/09/2026)
/unidades/gabinete-de-estetica/radiofrecuencia-facial-y-corporal/,mantener,/unidades/gabinete-de-estetica/radiofrecuencia-facial-y-corporal/,200,Radiofrecuencia facial y corporal - MedicsIntegralSalut,,page,,2,
/unitats/medicina-estetica-facial/ulleres/,301,/unidades/medicina-estetica-facial/ojeras/,301,Ulleres - MedicsIntegralSalut,,page,,,duplicada: 301 a su canónica (aprobado Oscar 27/09/2026)
/unidades/medicina-estetica-facial/ojeras/,mantener,/unidades/medicina-estetica-facial/ojeras/,200,Reducción de Ojeras en Girona | Corrección | Medics Integral,,page,,25,
/unitats/cirurgia-estetica-masculina/,301,/ca/unitats/cirurgia-estetica-masculina/,301,Cirurgia estètica masculina - MedicsIntegralSalut,,page,,0,catalán en la raíz con gemela en /ca/: 301 (decisión usuario 05/10/2026)
/unidades/cirugia-estetica-masculina/,mantener,/unidades/cirugia-estetica-masculina/,200,Cirugía Estética Masculina en Gerona | Medics Integral Salut,,page,,9,
/unitats/cirurgia-estetica-corporal/,301,/ca/unitats/cirurgia-estetica-corporal/,301,Cirurgia estètica corporal - MedicsIntegralSalut,,page,,0,catalán en la raíz con gemela en /ca/: 301 (decisión usuario 05/10/2026)
/unidades/cirugia-estetica-corporal/,mantener,/unidades/cirugia-estetica-corporal/,200,Cirugía Estética Corporal en Gerona | Medics Integral Salut,,page,,21,
/unitats/cirurgia-estetica-mames/,301,/unidades/cirugia-estetica-mamas/,301,Cirurgia estètica mames - MedicsIntegralSalut,,page,,0,duplicada: 301 a su canónica (aprobado Oscar 27/09/2026)
/unidades/cirugia-estetica-mamas/,301,/unidades/cirugia-estetica-mamas/aumento-de-pecho-girona/,301,Cirugía Estética Mamas en Gerona | Medics Integral Salut,,page,,0,duplicada: 301 a su canónica (aprobado Oscar 27/09/2026)
/unitats/sobrepes-i-obesitat/,301,/ca/unitats/sobrepes-i-obesitat/,301,Sobrepès i obesitat - MedicsIntegralSalut,,page,,,catalán en la raíz con gemela en /ca/: 301 (decisión usuario 05/10/2026)
/unidades/sobrepeso-y-obesidad/,mantener,/unidades/sobrepeso-y-obesidad/,200,Sobrepeso y Obesidad en Gerona | Medics Integral Salut,,page,2,0,
/unitats/gabinet-destetica/,301,/ca/unitats/gabinet-destetica/,301,Gabinet d'estètica - MedicsIntegralSalut,,page,,0,catalán en la raíz con gemela en /ca/: 301 (decisión usuario 05/10/2026)
/unidades/gabinete-de-estetica/,mantener,/unidades/gabinete-de-estetica/,200,Gabinete de estética - MedicsIntegralSalut,,page,,0,
/unitats/medicina-estetica-corporal/,301,/unidades/medicina-estetica-corporal/,301,Medicina estètica corporal - MedicsIntegralSalut,,page,,,duplicada: 301 a su canónica (aprobado Oscar 27/09/2026)
/unidades/medicina-estetica-corporal/,mantener,/unidades/medicina-estetica-corporal/,200,Medicina Estética Corporal en Gerona | Medics Integral Salut,,page,,9,
/unitats/medicina-estetica-facial/,301,/unidades/medicina-estetica-facial/,301,Medicina estètica facial - MedicsIntegralSalut,,page,,0,duplicada: 301 a su canónica (aprobado Oscar 27/09/2026)
/unidades/medicina-estetica-facial/,mantener,/unidades/medicina-estetica-facial/,200,Medicina Estética Facial en Gerona | Medics Integral Salut,,page,,37,
/unitats/cirurgia-estetica-facial/rinoplastia/,301,/unidades/cirugia-estetica-facial/rinoplastia/,301,Rinoplàstia - MedicsIntegralSalut,,page,,0,duplicada: 301 a su canónica (aprobado Oscar 27/09/2026)
/unidades/cirugia-estetica-facial/rinoplastia/,301,/unidades/cirugia-estetica-facial/rinoplastia-girona/,301,【 Rinoplastia Girona | Ultrasónica | MedicsIntegralSalut 】®,,page,,4,duplicada: 301 a su canónica (aprobado Oscar 27/09/2026)
/unitats/cirurgia-estetica-facial/,301,/unidades/cirugia-estetica-facial/,301,Cirurgia estètica facial - MedicsIntegralSalut,,page,,0,duplicada: 301 a su canónica (aprobado Oscar 27/09/2026)
/unidades/cirugia-estetica-facial/,mantener,/unidades/cirugia-estetica-facial/,200,Cirugía Estética Facial en Girona | Medics Integral Salut,,page,,0,
/unitats/,mantener,/unitats/,200,Unitats - MedicsIntegralSalut,,page,,0,
/unidades/,mantener,/unidades/,200,Centro Médico Estético en Gerona | Medics Integral Salut,,page,,1,
/contacte/,301,/ca/contacte/,301,Contacte - MedicsIntegralSalut,,page,,0,catalán en la raíz con gemela en /ca/: 301 (decisión usuario 05/10/2026)
/contacto/,mantener,/contacto/,200,Contacto - MedicsIntegralSalut,,page,1,0,
/blog/,mantener,/blog/,200,Blog - MedicsIntegralSalut,,page,1,0,
/blog-2/,mantener,/blog-2/,200,Blog - MedicsIntegralSalut,,page,,0,
/financament/,301,/financiacion/,301,Finançament - MedicsIntegralSalut,,page,,0,duplicada: 301 a su canónica (aprobado Oscar 27/09/2026)
/financiacion/,mantener,/financiacion/,200,Financiación - MedicsIntegralSalut,,page,1,0,
/equip-quadre-medic/,301,/ca/equip-medic-del-quadre/,301,Equip quadre mèdic - MedicsIntegralSalut,,page,,0,catalán en la raíz con gemela en /ca/: 301 (decisión usuario 05/10/2026)
/cirugia-plastica-girona-equipo-medico/,mantener,/cirugia-plastica-girona-equipo-medico/,200,Cirugía plástica Girona - Equipo Medico - MedicsIntegralSalut,,page,,44,
/medics-integral-salut/,mantener,/medics-integral-salut/,200,Medics Integral Salut,,page,,104,
/home/,301,/,301,,,page,,1,PROPUESTA: 301 a portada (hoy 403) · RESUELTO 28/09: propuesta aplicada
/cuanto-cuesta-lifting-facial/,mantener,/cuanto-cuesta-lifting-facial/,200,Cuánto cuesta un lifting facial: precio y factores,,post,,14,
/otoplastia-que-es/,mantener,/otoplastia-que-es/,200,"Otoplastia: qué es, operación de orejas y recuperación",,post,,1,
/rinoplastia-ultrasonica-que-es/,mantener,/rinoplastia-ultrasonica-que-es/,200,Rinoplastia ultrasónica: qué es y ventajas que tiene realizársela,,post,,3,
/rinoseptoplastia-que-es/,mantener,/rinoseptoplastia-que-es/,200,Rinoseptoplastia: qué es y cuándo se recomienda | Medics,,post,,5,
/rinoplastia-o-septoplastia/,mantener,/rinoplastia-o-septoplastia/,200,Rinoplastia o septoplastia: diferencias y cuál necesitas,,post,0,4,
/cuanto-cuesta-rinoplastia-espana/,mantener,/cuanto-cuesta-rinoplastia-espana/,200,Cuánto cuesta una Rinoplastia en España | MedicsIntegralSalut,,post,,13,
/recuperacion-rinoplastia/,mantener,/recuperacion-rinoplastia/,200,"Recuperación de rinoplastia: tiempos, cuidados y consejos ✅",,post,,12,
/rinoplastia-recuperacion-fotos/,mantener,/rinoplastia-recuperacion-fotos/,200,Fotos de recuperación de rinoplastia: antes y después,,post,,3,
/que-es-una-rinoplastia/,mantener,/que-es-una-rinoplastia/,200,"Qué es una rinoplastia: tipos, recuperación y resultados | Medics",,post,,0,
/cuanto-cuesta-balon-gastrico/,mantener,/cuanto-cuesta-balon-gastrico/,200,Cuánto cuesta un balón gástrico: qué incluye y de que depende ⭐,,post,0,6,
/la-importancia-de-seleccionar-el-tratamiento-adecuado-para-la-perdida-de-peso/,mantener,/la-importancia-de-seleccionar-el-tratamiento-adecuado-para-la-perdida-de-peso/,200,Tratamiento Adecuado para la Pérdida de Peso- MedicsIntegralSalut,,post,1,0,
/que-es-mejor-liposuccion-tradicional-o-liposuccion-vaser/,mantener,/que-es-mejor-liposuccion-tradicional-o-liposuccion-vaser/,200,Qué es mejor: ¿Liposucción tradicional o liposucción Váser? - MedicsIntegralSalut,,post,,1,
/que-cambios-positivos-aporta-una-cirugia-de-aumento-de-pecho/,mantener,/que-cambios-positivos-aporta-una-cirugia-de-aumento-de-pecho/,200,¿Que cambios reales aporta una cirugía de aumento de pecho.?,,post,,0,
/la-importante-ayuda-de-los-farmacos-en-la-perdida-de-peso-ozempic-y-mounjaro-en-nuestra-clinica/,mantener,/la-importante-ayuda-de-los-farmacos-en-la-perdida-de-peso-ozempic-y-mounjaro-en-nuestra-clinica/,200,Ayuda de Fármacos en la Pérdida de Peso: Ozempic y Mounjaro,,post,11,0,
/la-reduccion-de-mamas-mas-que-un-cambio-de-volumen-un-cambio-de-vida/,mantener,/la-reduccion-de-mamas-mas-que-un-cambio-de-volumen-un-cambio-de-vida/,200,Reducción de Mamas: Más Que un Cambio de Volumen,,post,1,0,
/eres-candidata-o-a-una-cirugia-bariatrica/,mantener,/eres-candidata-o-a-una-cirugia-bariatrica/,200,¿Eres candidata/o a una cirugía bariátrica? - MedicsIntegralSalut,,post,1,0,
/como-elegir-los-implantes-mamarios-adecuados/,mantener,/como-elegir-los-implantes-mamarios-adecuados/,200,¿Cómo elegir los implantes mamarios adecuados? - MedicsIntegralSalut,,post,1,0,
/la-naturalidad-del-resultado-en-un-aumento-de-pecho/,mantener,/la-naturalidad-del-resultado-en-un-aumento-de-pecho/,200,La naturalidad del resultado en un aumento de pecho - MedicsIntegralSalut,,post,1,0,
/la-rinoplastia-ultrasonica-es-una-tecnica-de-cirugia-estetica-de-nariz/,mantener,/la-rinoplastia-ultrasonica-es-una-tecnica-de-cirugia-estetica-de-nariz/,200,La rinoplastia ultrasónica es una técnica de cirugía estética de nariz - MedicsIntegralSalut,,post,1,0,
/que-son-las-protesis-de-mamas-ergonomicas/,mantener,/que-son-las-protesis-de-mamas-ergonomicas/,200,¿Qué son las prótesis de mamas ergonómicas? - MedicsIntegralSalut,,post,,2,
/protesis-redondas-vs-protesis-ergonomicas/,mantener,/protesis-redondas-vs-protesis-ergonomicas/,200,Prótesis Redondas vs. Prótesis Ergonómicas - MedicsIntegralSalut,,post,,12,
/la-radiofrecuencia-la-mejor-solucion-a-la-flacidez/,mantener,/la-radiofrecuencia-la-mejor-solucion-a-la-flacidez/,200,"La Radiofrecuencia, la mejor solución a la flacidez - MedicsIntegralSalut",,post,1,36,
/la-gigantomastia-solucion-reduccion-de-mamas/,mantener,/la-gigantomastia-solucion-reduccion-de-mamas/,200,Gigantomastia: La Solución para la Reducción de mamas - MedicsIntegralSalut,,post,1,3,
/transforma-tu-figura-con-la-elevacion-de-pecho-todo-lo-que-necesitas-saber/,mantener,/transforma-tu-figura-con-la-elevacion-de-pecho-todo-lo-que-necesitas-saber/,200,Mejora tu figura con la elevación de pecho: lo que necesitas saber,,post,,0,
/dr-mike-dewever/,mantener,/dr-mike-dewever/,200,Bienvenidos estamos en el Centro Médico Teknon - MedicsIntegralSalut,,post,1,0,
/descubre-todo-lo-que-necesitas-saber-sobre-los-diferentes-tipos-de-cirugia-bariatrica/,mantener,/descubre-todo-lo-que-necesitas-saber-sobre-los-diferentes-tipos-de-cirugia-bariatrica/,200,Lo que necesitas saber sobre diferentes tipos de Cirugía Bariátrica,,post,1,0,
/que-es-la-tecnica-minimal-scar-en-aumento-de-pecho/,mantener,/que-es-la-tecnica-minimal-scar-en-aumento-de-pecho/,200,¿Qué es la técnica mínimal scar en aumento de pecho? - MedicsIntegralSalut,,post,,3,
/descubre-la-diferencia-entre-lipo-vaser-y-liposuccion/,mantener,/descubre-la-diferencia-entre-lipo-vaser-y-liposuccion/,200,Diferencia entre Lipo Vaser y Liposucción: - MedicsIntegralSalut,,post,1,103,
/como-cuidarse-despues-de-una-rinoplastia-los-mejores-consejos-para-un-rapido-postoperatorio/,mantener,/como-cuidarse-despues-de-una-rinoplastia-los-mejores-consejos-para-un-rapido-postoperatorio/,200,Cómo cuidarse después de una rinoplastia - MedicsIntegralSalut,,post,1,16,
/cuando-debemos-poner-protesis-anatomicas/,mantener,/cuando-debemos-poner-protesis-anatomicas/,200,¿En que momento ponerse prótesis anatómicas? - MedicsIntegralSalut,,post,1,0,
/se-pueden-realizar-tratamientos-postparto-de-cirugia-estetica/,mantener,/se-pueden-realizar-tratamientos-postparto-de-cirugia-estetica/,200,¿Se pueden realizar tratamientos de cirugía estética luego del parto?,,post,,0,
/siente-el-poder-del-bienestar-con-una-cirugia-estetica-para-los-pechos-separados/,mantener,/siente-el-poder-del-bienestar-con-una-cirugia-estetica-para-los-pechos-separados/,200,Cirugía Estética para los Pechos Separados: el Poder del Bienestar,,post,,2,
/como-mejorar-la-estetica-de-las-cicatrices/,mantener,/como-mejorar-la-estetica-de-las-cicatrices/,200,Cómo mejorar la estética de las cicatrices - MedicsIntegralSalut,,post,1,0,
/primera-visita-para-aumento-de-pecho/,mantener,/primera-visita-para-aumento-de-pecho/,200,Primera visita al medico para aumento de pecho - MedicsIntegralSalut,,post,,0,
/cirugia-de-elevacion-de-pecho/,mantener,/cirugia-de-elevacion-de-pecho/,200,Cirugía de elevación de pecho: todo lo que tenes que saber - MedicsIntegralSalut,,post,1,0,
/como-eliminar-la-celulitis/,mantener,/como-eliminar-la-celulitis/,200,¿Cómo eliminar la celulitis? - MedicsIntegralSalut,,post,1,4,
/que-es-la-bichectomia/,mantener,/que-es-la-bichectomia/,200,¿La bichectomía que es? - MedicsIntegralSalut,,post,0,15,
/como-eliminar-ojeras/,mantener,/como-eliminar-ojeras/,200,¿Cómo eliminar las ojeras? - MedicsIntegralSalut,,post,0,3,
/cuales-son-los-mejores-implantes-de-protesis-de-pechos/,mantener,/cuales-son-los-mejores-implantes-de-protesis-de-pechos/,200,¿Cuáles son los mejores implantes de prótesis de pechos?,,post,1,0,
/rinoplastia-ultrasonica-o-rinomodelacio-quines-son-les-diferencies/,301,/ca/rinoplastia-ultrasonica-o-rinomodulacio-quines-son-les-diferencies/,301,Rinoplàstia ultrasònica o Rinomodelació Quines són les diferències? -,,post,,0,catalán en la raíz con gemela en /ca/: 301 (decisión usuario 05/10/2026)
/rinoplastia-sin-cirugia-rinoplastia-ultrasonica/,mantener,/rinoplastia-sin-cirugia-rinoplastia-ultrasonica/,200,Diferencias entre Rinoplastia ultrasónica y Rinomodelación ✅,,post,,7,
/el-que-vols-saber-de-laugment-de-pit-pas-a-pas/,301,/lo-que-quieres-saber-del-aumento-de-pecho-paso-a-paso/,301,"El que vols saber de l'augment de pit, pas a pas - MedicsIntegralSalut",,post,,1,duplicada: 301 a su canónica (aprobado Oscar 27/09/2026)
/lo-que-quieres-saber-del-aumento-de-pecho-paso-a-paso/,mantener,/lo-que-quieres-saber-del-aumento-de-pecho-paso-a-paso/,200,Lo que tienes que saber del aumento de pecho: paso a paso,,post,1,0,
/quines-son-les-millors-protesis-de-mama/,301,/ca/quines-son-les-millors-protesis-de-mama/,301,Quines són les millors pròtesis de mama? - MedicsIntegralSalut,,post,,0,catalán en la raíz con gemela en /ca/: 301 (decisión usuario 05/10/2026)
/cuales-son-las-mejores-protesis-de-mama/,mantener,/cuales-son-las-mejores-protesis-de-mama/,200,¿Cuáles son las mejores prótesis de pecho? - MedicsIntegralSalut,,post,1,0,
/sk-10-el-tractament-amb-una-injeccio-que-aprima/,301,/sk-10-el-tratamiento-con-una-inyeccion-que-adelgaza/,301,"SK- 10, el tractament amb una injecció que aprima - MedicsIntegralSalut",,post,,1,duplicada: 301 a su canónica (aprobado Oscar 27/09/2026)
/sk-10-el-tratamiento-con-una-inyeccion-que-adelgaza/,mantener,/sk-10-el-tratamiento-con-una-inyeccion-que-adelgaza/,200,SK-10 Saxenda: el tratamiento con una inyección que adelgaza - MedicsIntegralSalut,,post,0,6,
/canvi-dimatge-i-estil-de-vida-amb-la-cirurgia-bariatrica/,301,/ca/canvi-dimatge-i-estil-de-vida-amb-la-cirurgia-bariatrica/,301,Canvi d'imatge i estil de vida amb la Cirurgia Bariàtrica - MedicsIntegralSalut,,post,,,catalán en la raíz con gemela en /ca/: 301 (decisión usuario 05/10/2026)
/cambio-de-imagen-y-estilo-de-vida-con-la-cirugia-bariatrica/,mantener,/cambio-de-imagen-y-estilo-de-vida-con-la-cirugia-bariatrica/,200,Cambio de imagen y estilo de vida con la Cirugía Bariátrica - MedicsIntegralSalut,,post,1,0,
/factors-de-creixement-obtinguts-de-les-plaquetes-prp/,301,/ca/factors-de-creixement-obtinguts-de-les-plaquetes-prp/,301,Factors de creixement obtinguts de les plaquetes PRP - MedicsIntegralSalut,,post,,0,catalán en la raíz con gemela en /ca/: 301 (decisión usuario 05/10/2026)
/factores-de-crecimiento-obtenidos-de-las-plaquetas-prp/,mantener,/factores-de-crecimiento-obtenidos-de-las-plaquetas-prp/,200,Factores de crecimiento obtenidos de las plaquetas PRP - Medics,,post,1,0,
/la-ginecomastia-te-solucio-definitiva/,301,/ca/la-ginecomastia-te-solucio-definitiva/,301,La Ginecomàstia te solució definitiva - MedicsIntegralSalut,,post,,,catalán en la raíz con gemela en /ca/: 301 (decisión usuario 05/10/2026)
/la-ginecomastia-tiene-solucion-definitiva/,mantener,/la-ginecomastia-tiene-solucion-definitiva/,200,La Ginecomastia tiene solución definitiva - MedicsIntegralSalut,,post,1,0,
/augment-mamari-amb-protesi-motiva/,301,/ca/augment-mamari-amb-protesi-motiva/,301,Augment Mamari amb Pròtesi Motiva - MedicsIntegralSalut,,post,,0,catalán en la raíz con gemela en /ca/: 301 (decisión usuario 05/10/2026)
/aumento-mamario-con-protesis-motiva/,mantener,/aumento-mamario-con-protesis-motiva/,200,Prótesis Motiva: Aumento Mamario - MedicsIntegralSalut,,post,1,0,
/bichectomia-que-es/,mantener,/bichectomia-que-es/,200,Bichectomia que es? - MedicsIntegralSalut,,post,1,0,
/bye-bye-panxa/,301,/ca/bye-bye-panxa/,301,Bye bye... Panxa - MedicsIntegralSalut,,post,,0,catalán en la raíz con gemela en /ca/: 301 (decisión usuario 05/10/2026)
/bye-bye-barriga/,mantener,/bye-bye-barriga/,200,Bye bye... Barriga - MedicsIntegralSalut,,post,1,0,
/la-nostra-experiencia-amb-la-rinoplastia-ultrasonica/,301,/ca/la-nostra-experiencia-amb-la-rinoplastia-ultrasonica/,301,La nostra experiència amb la rinoplàstia ultrasònica - MedicsIntegralSalut,,post,,,catalán en la raíz con gemela en /ca/: 301 (decisión usuario 05/10/2026)
/nuestra-experiencia-con-la-rinoplastia-ultrasonica/,mantener,/nuestra-experiencia-con-la-rinoplastia-ultrasonica/,200,Diferencias y ventajas de la rinoplastia ultrasónica frente a la rinoplastia tradicional - MedicsIntegralSalut,,post,,0,
/algunes-raons-per-les-quals-no-perdem-pes/,301,/ca/algunes-raons-per-les-quals-no-perdem-pes/,301,Algunes raons per les quals no perdem pes - MedicsIntegralSalut,,post,,0,catalán en la raíz con gemela en /ca/: 301 (decisión usuario 05/10/2026)
/algunas-razones-por-las-que-no-perdemos-peso/,mantener,/algunas-razones-por-las-que-no-perdemos-peso/,200,Razones por las que no perdemos peso - MedicsIntegralSalut,,post,1,0,
/solucio-per-mames-tuberoses/,301,/ca/solucio-per-pits-tuberosos/,301,Solució per mames tuberoses - MedicsIntegralSalut,,post,,,catalán en la raíz con gemela en /ca/: 301 (decisión usuario 05/10/2026)
/solucion-mamas-tuberosas/,mantener,/solucion-mamas-tuberosas/,200,Solución para mamas tuberosas - MedicsIntegralSalut,,post,,2,
/benvingut-dr-langdon/,301,/ca/benvingut-dr-langdon/,301,Benvingut Dr. Langdon - MedicsIntegralSalut,,post,,0,catalán en la raíz con gemela en /ca/: 301 (decisión usuario 05/10/2026)
/bienvenido-dr-langdon/,mantener,/bienvenido-dr-langdon/,200,Bienvenido Dr. Langdon - MedicsIntegralSalut,,post,1,0,
/congela-el-temps/,301,/ca/congela-el-temps/,301,Congela el temps - MedicsIntegralSalut,,post,,,catalán en la raíz con gemela en /ca/: 301 (decisión usuario 05/10/2026)
/congela-el-tiempo/,mantener,/congela-el-tiempo/,200,Congela el tiempo - MedicsIntegralSalut,,post,1,0,
/consell-a-la-cirurgia-daugment-de-mames/,301,/ca/consell-a-la-cirurgia-daugment-de-mames/,301,Consell a la cirurgia d'Augment de Mames - MedicsIntegralSalut,,post,,0,catalán en la raíz con gemela en /ca/: 301 (decisión usuario 05/10/2026)
/consejo-en-la-cirugia-de-amento-de-mamas/,mantener,/consejo-en-la-cirugia-de-amento-de-mamas/,200,Consejo en la cirugía de Aumento de Mamas - MedicsIntegralSalut,,post,1,0,
/beneficis-de-la-cirurgia-bariatrica/,301,/ca/beneficis-de-la-cirurgia-bariatrica/,301,Beneficis de la cirurgia bariàtrica - MedicsIntegralSalut,,post,,,catalán en la raíz con gemela en /ca/: 301 (decisión usuario 05/10/2026)
/beneficios-de-la-cirugia-bariatrica/,mantener,/beneficios-de-la-cirugia-bariatrica/,200,Beneficios de la cirugía bariátrica - MedicsIntegralSalut,,post,1,0,
/ja-no-tinc-orelles-de-bufador/,301,/otoplastia-orejas-de-soplillo-girona/,301,Ja no tinc orelles de bufador. - MedicsIntegralSalut,,post,,,duplicada: 301 a su canónica (aprobado Oscar 27/09/2026)
/otoplastia-orejas-de-soplillo-girona/,mantener,/otoplastia-orejas-de-soplillo-girona/,200,Ya no tengo orejas de soplillo. - MedicsIntegralSalut,,post,,1,
/que-es-faci-la-llum-al-rostre/,301,/ca/fes-llum-al-rostre/,301,Que es faci la llum al rostre - MedicsIntegralSalut,,post,,0,catalán en la raíz con gemela en /ca/: 301 (decisión usuario 05/10/2026)
/hagase-la-luz-en-el-rostro/,mantener,/hagase-la-luz-en-el-rostro/,200,¿Qué podemos hacer para recuperar la luminosidad de la piel?,,post,1,0,
/lexit-del-procediment-es-lexit-dels-resultats/,mantener,/lexit-del-procediment-es-lexit-dels-resultats/,200,"""El èxito del procedimiento, es el èxito de los resultados"" - MedicsIntegralSalut",,post,1,0,
/hauria-de-reduir-el-meu-pit/,301,/ca/hauria-de-reduir-el-meu-pit/,301,Hauria de reduir el meu pit? - MedicsIntegralSalut,,post,,0,catalán en la raíz con gemela en /ca/: 301 (decisión usuario 05/10/2026)
/deberia-reducirme-el-pecho/,mantener,/deberia-reducirme-el-pecho/,200,¿Debería reducirme el pecho? - MedicsIntegralSalut,,post,1,0,
/reconstruccio-despres-dun-cancer-de-mama/,301,/ca/reconstruccio-despres-dun-cancer-de-mama/,301,Reconstrucció després d'un càncer de mama - MedicsIntegralSalut,,post,,0,catalán en la raíz con gemela en /ca/: 301 (decisión usuario 05/10/2026)
/reconstruccion-tras-cancer-de-mama/,mantener,/reconstruccion-tras-cancer-de-mama/,200,Reconstrucción tras cáncer de mama - MedicsIntegralSalut,,post,,0,
/com-cuidar-la-pell-als-50/,301,/ca/com-cuidar-la-pell-als-50/,301,Com cuidar la pell als 50 - MedicsIntegralSalut,,post,,0,catalán en la raíz con gemela en /ca/: 301 (decisión usuario 05/10/2026)
/como-cuidar-la-piel-a-los-50/,mantener,/como-cuidar-la-piel-a-los-50/,200,Cómo cuidar la piel de la cara a los 50 - MedicsIntegralSalut,,post,1,0,
/lunica-pilota-que-pot-estar-implantada-un-any/,301,/ca/lunica-pilota-que-pot-estar-implantada-un-any/,301,L'única pilota que pot estar implantada un any - MedicsIntegralSalut,,post,,,catalán en la raíz con gemela en /ca/: 301 (decisión usuario 05/10/2026)
/el-unico-balon-que-puede-estar-implantado-un-ano/,mantener,/el-unico-balon-que-puede-estar-implantado-un-ano/,200,El único balón que puede estar implantado un año - Balón 12 meses,,post,1,0,
/perque-envellim/,301,/ca/perque-envellim/,301,Perquè envellim? - MedicsIntegralSalut,,post,,0,catalán en la raíz con gemela en /ca/: 301 (decisión usuario 05/10/2026)
/por-que-envejecemos/,mantener,/por-que-envejecemos/,200,¿Porqué envejecemos? MedicsIntegralSalut,,post,,3,
/tecnicas-de-medicina-estetica-que-ens-fan-rejovenir/,301,/ca/tecniques-de-medicina-estetica-que-ens-fan-rejovenir/,301,Tècnicas de Medicina Estètica que ens fan rejovenir - MedicsIntegralSalut,,post,,0,catalán en la raíz con gemela en /ca/: 301 (decisión usuario 05/10/2026)
/tecnicas-de-medicina-estetica-que-nos-rejuvenecen/,mantener,/tecnicas-de-medicina-estetica-que-nos-rejuvenecen/,200,Técnicas de Medicina Estética que nos rejuvenecen - MedicsIntegralSalut,,post,,0,
/aliments-que-beneficien-la-teva-pell/,301,/ca/aliments-que-beneficien-la-teva-pell/,301,Aliments que beneficien la teva pell - MedicsIntegralSalut,,post,,0,catalán en la raíz con gemela en /ca/: 301 (decisión usuario 05/10/2026)
/alimentos-que-benefician-tu-piel/,mantener,/alimentos-que-benefician-tu-piel/,200,¿Qué Alimentos benefician la piel? - MedicsIntegralSalut,,post,1,0,
/hi-ha-solucio-per-a-lantiestetica-marca-del-cansament-sota-els-ulls/,301,/ca/hi-ha-solucio-per-a-lantiestetica-marca-del-cansament-sota-els-ulls/,301,Hi ha solució per a l'antiestètica marca del cansament sota els ulls - MedicsIntegralSalut,,post,,0,catalán en la raíz con gemela en /ca/: 301 (decisión usuario 05/10/2026)
/hay-solucion-para-la-antiestetica-marca-del-cansancio-bajo-los-ojos/,mantener,/hay-solucion-para-la-antiestetica-marca-del-cansancio-bajo-los-ojos/,200,¿Hay alguna solución para la antiestética marca del cansancio bajo los ojos?,,post,1,0,
/novetat-fils-360o-efecte-lifting/,301,/ca/novetat-fils-360o-efecte-lifting/,301,"Novetat, fils 360º efecte lifting - MedicsIntegralSalut",,post,,,catalán en la raíz con gemela en /ca/: 301 (decisión usuario 05/10/2026)
/novedad-hilos-360o-efecto-lifting/,mantener,/novedad-hilos-360o-efecto-lifting/,200,Hilos faciales efecto lifting 360º - MedicsIntegralSalut,,post,,0,
/la-bellesa-del-rostre-el-triangle-invertit/,301,/ca/la-bellesa-del-rostre-el-triangle-invertit/,301,"La bellesa del rostre, el triangle invertit - MedicsIntegralSalut",,post,,0,catalán en la raíz con gemela en /ca/: 301 (decisión usuario 05/10/2026)
/la-belleza-del-rostro-el-triangulo-invertido/,mantener,/la-belleza-del-rostro-el-triangulo-invertido/,200,Triangulo invertido: La belleza del rostro - MedicsIntegralSalut,,post,1,20,
/elevacio-de-glutis-sense-cirurgia-es-possible/,301,/ca/elevacio-de-glutis-sense-cirurgia-es-possible/,301,"Elevació de glutis sense cirurgia, és possible - MedicsIntegralSalut",,post,,,catalán en la raíz con gemela en /ca/: 301 (decisión usuario 05/10/2026)
/elevacion-de-gluteos-sin-cirugia-es-posible/,mantener,/elevacion-de-gluteos-sin-cirugia-es-posible/,200,Elevación de glúteos sin cirugía: es posible? - MedicsIntegralSalut,,post,1,0,
/perque-la-teva-pell-no-faci-anys-coctel-de-vitamines-i-acid-hialuronic/,301,/ca/perque-la-teva-pell-no-faci-anys-coctel-de-vitamines-i-acid-hialuronic/,301,Perquè la teva pell no faci anys: còctel de vitamines i àcid hialurònic - MedicsIntegralSalut,,post,,0,catalán en la raíz con gemela en /ca/: 301 (decisión usuario 05/10/2026)
/para-que-tu-piel-no-cumpla-anos-coctel-de-vitaminas-y-acido-hialuronico/,mantener,/para-que-tu-piel-no-cumpla-anos-coctel-de-vitaminas-y-acido-hialuronico/,200,Para que la piel no cumpla años: vitaminas y ácido hialurónico,,post,,0,
/els-meus-tractaments-preferits-resultats-immediats/,301,/ca/els-meus-tractaments-preferits-resultats-immediats/,301,"Els meus tractaments preferits, resultats immediats - MedicsIntegralSalut",,post,,,catalán en la raíz con gemela en /ca/: 301 (decisión usuario 05/10/2026)
/mis-tratamientos-preferidos-resultados-inmediatos/,mantener,/mis-tratamientos-preferidos-resultados-inmediatos/,200,"Mis tratamientos preferidos, resultados inmediatos - MedicsIntegralSalut",,post,,0,
/lipofilling-resultats-permanents-nomes-amb-greix/,301,/ca/lipofilling-resultats-permanents-nomes-amb-greix/,301,"Lipofilling, resultats permanents només amb greix - MedicsIntegralSalut",,post,,,catalán en la raíz con gemela en /ca/: 301 (decisión usuario 05/10/2026)
/lipofilling-resultados-permanentes-solo-con-grasa/,mantener,/lipofilling-resultados-permanentes-solo-con-grasa/,200,Lipofilling: resultados permanentes sólo con grasa - Medics,,post,1,0,
/en/advice-on-breast-augmentation-surgery/,mantener,/en/advice-on-breast-augmentation-surgery/,200,Advice on Breast Augmentation Surgery - MedicsIntegralSalut,,sitemap_only,,0,
/fr/consell-a-la-cirurgia-daugment-de-mames/,mantener,/fr/consell-a-la-cirurgia-daugment-de-mames/,200,Consell a la cirurgia d'Augment de Mames - MedicsIntegralSalut,,sitemap_only,,,
/ru/consell-a-la-cirurgia-daugment-de-mames/,mantener,/ru/consell-a-la-cirurgia-daugment-de-mames/,200,Consell a la cirurgia d'Augment de Mames - MedicsIntegralSalut,,sitemap_only,,,
/uk/%d0%bf%d0%be%d1%80%d0%b0%d0%b4%d0%b8-%d1%89%d0%be%d0%b4%d0%be-%d0%be%d0%bf%d0%b5%d1%80%d0%b0%d1%86%d1%96%d1%97-%d0%b7-%d0%b7%d0%b1%d1%96%d0%bb%d1%8c%d1%88%d0%b5%d0%bd%d0%bd%d1%8f-%d0%b3%d1%80%d1%83/,mantener,/uk/%d0%bf%d0%be%d1%80%d0%b0%d0%b4%d0%b8-%d1%89%d0%be%d0%b4%d0%be-%d0%be%d0%bf%d0%b5%d1%80%d0%b0%d1%86%d1%96%d1%97-%d0%b7-%d0%b7%d0%b1%d1%96%d0%bb%d1%8c%d1%88%d0%b5%d0%bd%d0%bd%d1%8f-%d0%b3%d1%80%d1%83/,200,Рекомендації щодо операції з збільшення грудей — MedicsIntegralSalut,,sitemap_only,,,
/ca/consell-a-la-cirurgia-daugment-de-mames/,mantener,/ca/consell-a-la-cirurgia-daugment-de-mames/,200,Consell a la cirurgia d'Augment de Mames - MedicsIntegralSalut,,sitemap_only,1,0,
/en/congela-el-tiempo/,mantener,/en/congela-el-tiempo/,200,Congela el tiempo - MedicsIntegralSalut,,sitemap_only,,,
/fr/congela-el-tiempo/,mantener,/fr/congela-el-tiempo/,200,Congela el tiempo - MedicsIntegralSalut,,sitemap_only,,,
/ru/congela-el-tiempo/,mantener,/ru/congela-el-tiempo/,200,Congela el tiempo - MedicsIntegralSalut,,sitemap_only,,,
/uk/%d0%b7%d0%b0%d0%bc%d0%be%d1%80%d0%be%d0%b6%d1%83%d1%94-%d1%87%d0%b0%d1%81/,mantener,/uk/%d0%b7%d0%b0%d0%bc%d0%be%d1%80%d0%be%d0%b6%d1%83%d1%94-%d1%87%d0%b0%d1%81/,200,Зупини час — MedicsIntegralSalut,,sitemap_only,,,
/ca/congela-el-temps-2/,301,/ca/congela-el-temps/,301,Congela el temps - MedicsIntegralSalut,,sitemap_only,,,renombrada 05/10/2026: URL catalana sin «-2» (decisión usuario)
/en/welcome-dr-langdon/,mantener,/en/welcome-dr-langdon/,200,Welcome Dr. Langdon - MedicsIntegralHello,,sitemap_only,,0,
/fr/bienvenido-dr-langdon/,mantener,/fr/bienvenido-dr-langdon/,200,Bienvenido Dr. Langdon - MedicsIntegralSalut,,sitemap_only,,0,
/ru/%d0%b4%d0%be%d0%b1%d1%80%d0%be-%d0%bf%d0%be%d0%b6%d0%b0%d0%bb%d0%be%d0%b2%d0%b0%d1%82%d1%8c-%d0%b4%d0%be%d0%ba%d1%82%d0%be%d1%80-%d0%bb%d1%8d%d0%bd%d0%b3%d0%b4%d0%be%d0%bd-2/,mantener,/ru/%d0%b4%d0%be%d0%b1%d1%80%d0%be-%d0%bf%d0%be%d0%b6%d0%b0%d0%bb%d0%be%d0%b2%d0%b0%d1%82%d1%8c-%d0%b4%d0%be%d0%ba%d1%82%d0%be%d1%80-%d0%bb%d1%8d%d0%bd%d0%b3%d0%b4%d0%be%d0%bd-2/,200,"Добро пожаловать, доктор Лэнгдон — MedicsIntegralSalut",,sitemap_only,,,
/uk/bienvenido-dr-langdon/,mantener,/uk/bienvenido-dr-langdon/,200,Bienvenido Dr. Langdon - MedicsIntegralSalut,,sitemap_only,,0,
/ca/bienvenido-dr-langdon/,mantener,/ca/bienvenido-dr-langdon/,200,Bienvenido Dr. Langdon - MedicsIntegralSalut,,sitemap_only,,1,
/en/lipofilling-resultats-permanents-nomes-amb-greix/,mantener,/en/lipofilling-resultats-permanents-nomes-amb-greix/,200,"Lipofilling, resultats permanents només amb greix - MedicsIntegralSalut",,sitemap_only,,0,
/fr/lipofilling-resultats-permanents-nomes-amb-greix/,mantener,/fr/lipofilling-resultats-permanents-nomes-amb-greix/,200,"Lipofilling, resultats permanents només amb greix - MedicsIntegralSalut",,sitemap_only,,1,
/ru/lipofilling-resultats-permanents-nomes-amb-greix/,mantener,/ru/lipofilling-resultats-permanents-nomes-amb-greix/,200,"Lipofilling, resultats permanents només amb greix - MedicsIntegralSalut",,sitemap_only,,,
/uk/lipofilling-resultats-permanents-nomes-amb-greix/,mantener,/uk/lipofilling-resultats-permanents-nomes-amb-greix/,200,"Lipofilling, resultats permanents només amb greix - MedicsIntegralSalut",,sitemap_only,,,
/ca/lipofilling-resultats-permanents-nomes-amb-greix/,mantener,/ca/lipofilling-resultats-permanents-nomes-amb-greix/,200,"Lipofilling, resultats permanents només amb greix - MedicsIntegralSalut",,sitemap_only,1,0,antes /ca/lipofilling-resultats-permanents-nomes-amb-greix-2/ · renombrada 05/10/2026: URL catalana sin «-2» (decisión usuario)
/en/els-meus-tractaments-preferits-resultats-immediats/,mantener,/en/els-meus-tractaments-preferits-resultats-immediats/,200,"Els meus tractaments preferits, resultats immediats - MedicsIntegralSalut",,sitemap_only,,0,
/fr/els-meus-tractaments-preferits-resultats-immediats/,mantener,/fr/els-meus-tractaments-preferits-resultats-immediats/,200,"Els meus tractaments preferits, resultats immediats - MedicsIntegralSalut",,sitemap_only,,,
/ru/els-meus-tractaments-preferits-resultats-immediats/,mantener,/ru/els-meus-tractaments-preferits-resultats-immediats/,200,"Els meus tractaments preferits, resultats immediats - MedicsIntegralSalut",,sitemap_only,,,
/uk/%d0%bc%d0%be%d1%97-%d1%83%d0%bb%d1%8e%d0%b1%d0%bb%d0%b5%d0%bd%d1%96-%d0%bf%d1%80%d0%be%d1%86%d0%b5%d0%b4%d1%83%d1%80%d0%b8-%d1%89%d0%be-%d0%b4%d0%b0%d1%8e%d1%82%d1%8c-%d0%bc%d0%b8%d1%82%d1%82%d1%94/,mantener,/uk/%d0%bc%d0%be%d1%97-%d1%83%d0%bb%d1%8e%d0%b1%d0%bb%d0%b5%d0%bd%d1%96-%d0%bf%d1%80%d0%be%d1%86%d0%b5%d0%b4%d1%83%d1%80%d0%b8-%d1%89%d0%be-%d0%b4%d0%b0%d1%8e%d1%82%d1%8c-%d0%bc%d0%b8%d1%82%d1%82%d1%94/,200,"Мої улюблені процедури, миттєві результати — MedicsIntegralSalut",,sitemap_only,,,
/ca/els-meus-tractaments-preferits-resultats-immediats/,mantener,/ca/els-meus-tractaments-preferits-resultats-immediats/,200,"Els meus tractaments preferits, resultats immediats - MedicsIntegralSalut",,sitemap_only,1,0,antes /ca/els-meus-tractaments-preferits-resultats-immediats-2/ · renombrada 05/10/2026: URL catalana sin «-2» (decisión usuario)
/en/que-es-faci-la-llum-al-rostre/,mantener,/en/que-es-faci-la-llum-al-rostre/,200,Que es faci la llum al rostre - MedicsIntegralSalut,,sitemap_only,,0,
/fr/que-es-faci-la-llum-al-rostre/,mantener,/fr/que-es-faci-la-llum-al-rostre/,200,Que es faci la llum al rostre - MedicsIntegralSalut,,sitemap_only,,0,
/ru/%d1%87%d1%82%d0%be-%d0%be%d1%81%d0%b2%d0%b5%d1%89%d0%b0%d0%b5%d1%82-%d0%bb%d0%b8%d1%86%d0%be/,mantener,/ru/%d1%87%d1%82%d0%be-%d0%be%d1%81%d0%b2%d0%b5%d1%89%d0%b0%d0%b5%d1%82-%d0%bb%d0%b8%d1%86%d0%be/,200,Что такое свет на лице - MedicsIntegralSalut,,sitemap_only,,,
/uk/que-es-faci-la-llum-al-rostre/,mantener,/uk/que-es-faci-la-llum-al-rostre/,200,Que es faci la llum al rostre - MedicsIntegralSalut,,sitemap_only,,0,
/ca/fes-llum-al-rostre/,mantener,/ca/fes-llum-al-rostre/,200,Que es faci la llum al rostre - MedicsIntegralSalut,,sitemap_only,,0,
/en/hauria-de-reduir-el-meu-pit/,mantener,/en/hauria-de-reduir-el-meu-pit/,200,Hauria de reduir el meu pit? - MedicsIntegralSalut,,sitemap_only,,,
/fr/hauria-de-reduir-el-meu-pit/,mantener,/fr/hauria-de-reduir-el-meu-pit/,200,Hauria de reduir el meu pit? - MedicsIntegralSalut,,sitemap_only,,,
/ru/hauria-de-reduir-el-meu-pit/,mantener,/ru/hauria-de-reduir-el-meu-pit/,200,Hauria de reduir el meu pit? - MedicsIntegralSalut,,sitemap_only,,0,
/uk/hauria-de-reduir-el-meu-pit/,mantener,/uk/hauria-de-reduir-el-meu-pit/,200,Hauria de reduir el meu pit? - MedicsIntegralSalut,,sitemap_only,,,
/ca/hauria-de-reduir-el-meu-pit/,mantener,/ca/hauria-de-reduir-el-meu-pit/,200,Hauria de reduir el meu pit? - MedicsIntegralSalut,,sitemap_only,1,0,
/en/lexit-del-procediment-es-lexit-dels-resultats/,mantener,/en/lexit-del-procediment-es-lexit-dels-resultats/,200,"""El èxito del procedimiento, es el èxito de los resultados"" - MedicsIntegralSalut",,sitemap_only,,,
/fr/lexit-del-procediment-es-lexit-dels-resultats/,mantener,/fr/lexit-del-procediment-es-lexit-dels-resultats/,200,"""El èxito del procedimiento, es el èxito de los resultados"" - MedicsIntegralSalut",,sitemap_only,,,
/ru/lexit-del-procediment-es-lexit-dels-resultats/,mantener,/ru/lexit-del-procediment-es-lexit-dels-resultats/,200,"""El èxito del procedimiento, es el èxito de los resultados"" - MedicsIntegralSalut",,sitemap_only,,0,
/uk/lexit-del-procediment-es-lexit-dels-resultats/,mantener,/uk/lexit-del-procediment-es-lexit-dels-resultats/,200,"""El èxito del procedimiento, es el èxito de los resultados"" - MedicsIntegralSalut",,sitemap_only,,,
/ca/lexit-del-procediment-es-lexit-dels-resultats/,mantener,/ca/lexit-del-procediment-es-lexit-dels-resultats/,200,"""El èxito del procedimiento, es el èxito de los resultados"" - MedicsIntegralSalut",,sitemap_only,1,0,
/en/reconstruccio-despres-dun-cancer-de-mama/,mantener,/en/reconstruccio-despres-dun-cancer-de-mama/,200,Reconstrucció després d'un càncer de mama - MedicsIntegralSalut,,sitemap_only,,0,
/fr/reconstruction-apres-un-cancer-du-sein/,mantener,/fr/reconstruction-apres-un-cancer-du-sein/,200,Reconstruction après un cancer du sein - MedicsIntegralSalut,,sitemap_only,,0,
/ru/%d1%80%d0%b5%d0%ba%d0%be%d0%bd%d1%81%d1%82%d1%80%d1%83%d0%ba%d1%86%d0%b8%d1%8f-%d0%bf%d0%be%d1%81%d0%bb%d0%b5-%d1%80%d0%b0%d0%ba%d0%b0-%d0%bc%d0%be%d0%bb%d0%be%d1%87%d0%bd%d0%be%d0%b9-%d0%b6%d0%b5/,mantener,/ru/%d1%80%d0%b5%d0%ba%d0%be%d0%bd%d1%81%d1%82%d1%80%d1%83%d0%ba%d1%86%d0%b8%d1%8f-%d0%bf%d0%be%d1%81%d0%bb%d0%b5-%d1%80%d0%b0%d0%ba%d0%b0-%d0%bc%d0%be%d0%bb%d0%be%d1%87%d0%bd%d0%be%d0%b9-%d0%b6%d0%b5/,200,Восстановление после рака молочной железы — MedicsIntegralSalut,,sitemap_only,,,
/uk/%d0%b2%d1%96%d0%b4%d0%bd%d0%be%d0%b2%d0%bb%d0%b5%d0%bd%d0%bd%d1%8f-%d0%bf%d1%96%d1%81%d0%bb%d1%8f-%d1%80%d0%b0%d0%ba%d1%83-%d0%bc%d0%be%d0%bb%d0%be%d1%87%d0%bd%d0%be%d1%97-%d0%b7%d0%b0%d0%bb%d0%be/,mantener,/uk/%d0%b2%d1%96%d0%b4%d0%bd%d0%be%d0%b2%d0%bb%d0%b5%d0%bd%d0%bd%d1%8f-%d0%bf%d1%96%d1%81%d0%bb%d1%8f-%d1%80%d0%b0%d0%ba%d1%83-%d0%bc%d0%be%d0%bb%d0%be%d1%87%d0%bd%d0%be%d1%97-%d0%b7%d0%b0%d0%bb%d0%be/,200,Відновлення після раку молочної залози — MedicsIntegralSalut,,sitemap_only,,,
/ca/reconstruccio-despres-dun-cancer-de-mama/,mantener,/ca/reconstruccio-despres-dun-cancer-de-mama/,200,Reconstrucció després d'un càncer de mama - MedicsIntegralSalut,,sitemap_only,1,0,
/en/how-to-care-for-your-skin-at-50/,mantener,/en/how-to-care-for-your-skin-at-50/,200,How to care for skin at 50 - MedicsIntegralHealth,,sitemap_only,,0,
/fr/com-cuidar-la-pell-als-50/,mantener,/fr/com-cuidar-la-pell-als-50/,200,Com cuidar la pell als 50 - MedicsIntegralSalut,,sitemap_only,,,
/ru/com-cuidar-la-pell-als-50/,mantener,/ru/com-cuidar-la-pell-als-50/,200,Com cuidar la pell als 50 - MedicsIntegralSalut,,sitemap_only,,0,
/uk/com-cuidar-la-pell-als-50/,mantener,/uk/com-cuidar-la-pell-als-50/,200,Com cuidar la pell als 50 - MedicsIntegralSalut,,sitemap_only,,0,
/ca/com-cuidar-la-pell-als-50/,mantener,/ca/com-cuidar-la-pell-als-50/,200,Com cuidar la pell als 50 - MedicsIntegralSalut,,sitemap_only,1,0,
/en/lunica-pilota-que-pot-estar-implantada-un-any/,mantener,/en/lunica-pilota-que-pot-estar-implantada-un-any/,200,L'única pilota que pot estar implantada un any - MedicsIntegralSalut,,sitemap_only,,,
/fr/la-seule-pilote-qui-peut-etre-implantee-une-annee/,mantener,/fr/la-seule-pilote-qui-peut-etre-implantee-une-annee/,200,L&#039 ; le seul projet pilote pouvant être mis en place pendant un an - MedicsIntegralSalut,,sitemap_only,,0,
/ru/lunica-pilota-que-pot-estar-implantada-un-any/,mantener,/ru/lunica-pilota-que-pot-estar-implantada-un-any/,200,L'única pilota que pot estar implantada un any - MedicsIntegralSalut,,sitemap_only,,,
/uk/lunica-pilota-que-pot-estar-implantada-un-any/,mantener,/uk/lunica-pilota-que-pot-estar-implantada-un-any/,200,L'única pilota que pot estar implantada un any - MedicsIntegralSalut,,sitemap_only,,0,
/ca/lunica-pilota-que-pot-estar-implantada-un-any/,mantener,/ca/lunica-pilota-que-pot-estar-implantada-un-any/,200,L'única pilota que pot estar implantada un any - MedicsIntegralSalut,,sitemap_only,1,0,antes /ca/lunica-pilota-que-pot-estar-implantada-un-any-2/ · renombrada 05/10/2026: URL catalana sin «-2» (decisión usuario)
/en/perque-envellim/,mantener,/en/perque-envellim/,200,Perquè envellim? - MedicsIntegralSalut,,sitemap_only,,0,
/fr/perque-envellim/,mantener,/fr/perque-envellim/,200,Perquè envellim? - MedicsIntegralSalut,,sitemap_only,,,
/ru/perque-envellim/,mantener,/ru/perque-envellim/,200,Perquè envellim? - MedicsIntegralSalut,,sitemap_only,,,
/uk/perque-envellim/,mantener,/uk/perque-envellim/,200,Perquè envellim? - MedicsIntegralSalut,,sitemap_only,,,
/ca/perque-envellim/,mantener,/ca/perque-envellim/,200,Perquè envellim? - MedicsIntegralSalut,,sitemap_only,1,0,
/en/tecnicas-de-medicina-estetica-que-ens-fan-rejovenir/,mantener,/en/tecnicas-de-medicina-estetica-que-ens-fan-rejovenir/,200,Tècnicas de Medicina Estètica que ens fan rejovenir - MedicsIntegralSalut,,sitemap_only,,0,
/fr/techniques-de-medecine-esthetique-pour-nous-rajeunir/,mantener,/fr/techniques-de-medecine-esthetique-pour-nous-rajeunir/,200,Techniques de Médecine Esthétique pour nous rajeunir - MedicsIntegralSalut,,sitemap_only,,0,
/ru/%d0%bc%d0%b5%d1%82%d0%be%d0%b4%d1%8b-%d1%8d%d1%81%d1%82%d0%b5%d1%82%d0%b8%d1%87%d0%b5%d1%81%d0%ba%d0%be%d0%b9-%d0%bc%d0%b5%d0%b4%d0%b8%d1%86%d0%b8%d0%bd%d1%8b-%d0%ba%d0%be%d1%82%d0%be%d1%80%d1%8b/,mantener,/ru/%d0%bc%d0%b5%d1%82%d0%be%d0%b4%d1%8b-%d1%8d%d1%81%d1%82%d0%b5%d1%82%d0%b8%d1%87%d0%b5%d1%81%d0%ba%d0%be%d0%b9-%d0%bc%d0%b5%d0%b4%d0%b8%d1%86%d0%b8%d0%bd%d1%8b-%d0%ba%d0%be%d1%82%d0%be%d1%80%d1%8b/,200,"Техники эстетической медицины, которые омолаживают нас - MedicsIntegralSalut",,sitemap_only,,,
/uk/tecnicas-de-medicina-estetica-que-ens-fan-rejovenir/,mantener,/uk/tecnicas-de-medicina-estetica-que-ens-fan-rejovenir/,200,Tècnicas de Medicina Estètica que ens fan rejovenir - MedicsIntegralSalut,,sitemap_only,,0,
/ca/tecniques-de-medicina-estetica-que-ens-fan-rejovenir/,mantener,/ca/tecniques-de-medicina-estetica-que-ens-fan-rejovenir/,200,Tècniques de Medicina Estètica que ens fan rejovenir - MedicsIntegralSalut,,sitemap_only,,0,
/en/foods-that-benefit-your-skin/,mantener,/en/foods-that-benefit-your-skin/,200,Foods that benefit your skin - MedicsIntegralSalut,,sitemap_only,,0,
/fr/aliments-que-beneficien-la-teva-pell/,mantener,/fr/aliments-que-beneficien-la-teva-pell/,200,Aliments que beneficien la teva pell - MedicsIntegralSalut,,sitemap_only,,0,
/ru/%d0%bf%d1%80%d0%be%d0%b4%d1%83%d0%ba%d1%82%d1%8b-%d0%ba%d0%be%d1%82%d0%be%d1%80%d1%8b%d0%b5-%d0%bf%d0%be%d0%bb%d0%b5%d0%b7%d0%bd%d1%8b-%d0%b4%d0%bb%d1%8f-%d0%b2%d0%b0%d1%88%d0%b5%d0%b9-%d0%ba%d0%be/,mantener,/ru/%d0%bf%d1%80%d0%be%d0%b4%d1%83%d0%ba%d1%82%d1%8b-%d0%ba%d0%be%d1%82%d0%be%d1%80%d1%8b%d0%b5-%d0%bf%d0%be%d0%bb%d0%b5%d0%b7%d0%bd%d1%8b-%d0%b4%d0%bb%d1%8f-%d0%b2%d0%b0%d1%88%d0%b5%d0%b9-%d0%ba%d0%be/,200,"Продукты, полезные для вашей кожи - MedicsIntegralSalut",,sitemap_only,,,
/uk/aliments-que-beneficien-la-teva-pell/,mantener,/uk/aliments-que-beneficien-la-teva-pell/,200,Aliments que beneficien la teva pell - MedicsIntegralSalut,,sitemap_only,,0,
/ca/aliments-que-beneficien-la-teva-pell/,mantener,/ca/aliments-que-beneficien-la-teva-pell/,200,Aliments que beneficien la teva pell - MedicsIntegralSalut,,sitemap_only,1,0,
/en/hi-ha-solucio-per-a-lantiestetica-marca-del-cansament-sota-els-ulls/,mantener,/en/hi-ha-solucio-per-a-lantiestetica-marca-del-cansament-sota-els-ulls/,200,Hi ha solució per a l'antiestètica marca del cansament sota els ulls - MedicsIntegralSalut,,sitemap_only,,0,
/fr/hi-ha-solucio-per-a-lantiestetica-marca-del-cansament-sota-els-ulls/,mantener,/fr/hi-ha-solucio-per-a-lantiestetica-marca-del-cansament-sota-els-ulls/,200,Hi ha solució per a l'antiestètica marca del cansament sota els ulls - MedicsIntegralSalut,,sitemap_only,,,
/ru/hi-ha-solucio-per-a-lantiestetica-marca-del-cansament-sota-els-ulls/,mantener,/ru/hi-ha-solucio-per-a-lantiestetica-marca-del-cansament-sota-els-ulls/,200,Hi ha solució per a l'antiestètica marca del cansament sota els ulls - MedicsIntegralSalut,,sitemap_only,,0,
/uk/hi-ha-solucio-per-a-lantiestetica-marca-del-cansament-sota-els-ulls/,mantener,/uk/hi-ha-solucio-per-a-lantiestetica-marca-del-cansament-sota-els-ulls/,200,Hi ha solució per a l'antiestètica marca del cansament sota els ulls - MedicsIntegralSalut,,sitemap_only,,0,
/ca/hi-ha-solucio-per-a-lantiestetica-marca-del-cansament-sota-els-ulls/,mantener,/ca/hi-ha-solucio-per-a-lantiestetica-marca-del-cansament-sota-els-ulls/,200,Hi ha solució per a l'antiestètica marca del cansament sota els ulls - MedicsIntegralSalut,,sitemap_only,1,0,
/en/360-novelty-lifting-effect/,mantener,/en/360-novelty-lifting-effect/,200,"New, 360º lifting effect threads - MedicsIntegralSalut",,sitemap_only,,,
/fr/nouveaute-fils-360-effet-lifting/,mantener,/fr/nouveaute-fils-360-effet-lifting/,200,"Nouveauté, fils 360º effet lifting - MedicsIntegralBonjour",,sitemap_only,,1,
/ru/%d0%bd%d0%be%d0%b2%d0%b8%d0%bd%d0%ba%d0%b8-%d1%8d%d1%84%d1%84%d0%b5%d0%ba%d1%82-%d0%bb%d0%b8%d1%84%d1%82%d0%b8%d0%bd%d0%b3-360/,mantener,/ru/%d0%bd%d0%be%d0%b2%d0%b8%d0%bd%d0%ba%d0%b8-%d1%8d%d1%84%d1%84%d0%b5%d0%ba%d1%82-%d0%bb%d0%b8%d1%84%d1%82%d0%b8%d0%bd%d0%b3-360/,200,"Новинка, филлер 360º лифтинг-эффект - MedicsIntegralSalut",,sitemap_only,,,
/uk/novetat-fils-360o-efecte-lifting/,mantener,/uk/novetat-fils-360o-efecte-lifting/,200,"Novetat, fils 360º efecte lifting - MedicsIntegralSalut",,sitemap_only,,,
/ca/novetat-fils-360o-efecte-lifting/,mantener,/ca/novetat-fils-360o-efecte-lifting/,200,"Novetat, fils 360º efecte lifting - MedicsIntegralSalut",,sitemap_only,1,0,antes /ca/novetat-fils-360o-efecte-lifting-2/ · renombrada 05/10/2026: URL catalana sin «-2» (decisión usuario)
/en/la-bellesa-del-rostre-el-triangle-invertit/,mantener,/en/la-bellesa-del-rostre-el-triangle-invertit/,200,"La bellesa del rostre, el triangle invertit - MedicsIntegralSalut",,sitemap_only,,,
/fr/la-bellesa-del-rostre-el-triangle-invertit/,mantener,/fr/la-bellesa-del-rostre-el-triangle-invertit/,200,"La bellesa del rostre, el triangle invertit - MedicsIntegralSalut",,sitemap_only,,0,
/ru/la-bellesa-del-rostre-el-triangle-invertit/,mantener,/ru/la-bellesa-del-rostre-el-triangle-invertit/,200,"La bellesa del rostre, el triangle invertit - MedicsIntegralSalut",,sitemap_only,,0,
/uk/la-bellesa-del-rostre-el-triangle-invertit/,mantener,/uk/la-bellesa-del-rostre-el-triangle-invertit/,200,"La bellesa del rostre, el triangle invertit - MedicsIntegralSalut",,sitemap_only,,,
/ca/la-bellesa-del-rostre-el-triangle-invertit/,mantener,/ca/la-bellesa-del-rostre-el-triangle-invertit/,200,"La bellesa del rostre, el triangle invertit - MedicsIntegralSalut",,sitemap_only,1,0,
/en/elevacio-de-glutis-sense-cirurgia-es-possible/,mantener,/en/elevacio-de-glutis-sense-cirurgia-es-possible/,200,"Elevació de glutis sense cirurgia, és possible - MedicsIntegralSalut",,sitemap_only,,0,
/fr/elevacio-de-glutis-sense-cirurgia-es-possible/,mantener,/fr/elevacio-de-glutis-sense-cirurgia-es-possible/,200,"Elevació de glutis sense cirurgia, és possible - MedicsIntegralSalut",,sitemap_only,,,
/ru/elevacio-de-glutis-sense-cirurgia-es-possible/,mantener,/ru/elevacio-de-glutis-sense-cirurgia-es-possible/,200,"Elevació de glutis sense cirurgia, és possible - MedicsIntegralSalut",,sitemap_only,,0,
/uk/elevacio-de-glutis-sense-cirurgia-es-possible/,mantener,/uk/elevacio-de-glutis-sense-cirurgia-es-possible/,200,"Elevació de glutis sense cirurgia, és possible - MedicsIntegralSalut",,sitemap_only,,,
/ca/elevacio-de-glutis-sense-cirurgia-es-possible/,mantener,/ca/elevacio-de-glutis-sense-cirurgia-es-possible/,200,"Elevació de glutis sense cirurgia, és possible - MedicsIntegralSalut",,sitemap_only,1,0,
/en/perque-la-teva-pell-no-faci-anys-coctel-de-vitamines-i-acid-hialuronic/,mantener,/en/perque-la-teva-pell-no-faci-anys-coctel-de-vitamines-i-acid-hialuronic/,200,Perquè la teva pell no faci anys: còctel de vitamines i àcid hialurònic - MedicsIntegralSalut,,sitemap_only,,,
/fr/perque-la-teva-pell-no-faci-anys-coctel-de-vitamines-i-acid-hialuronic/,mantener,/fr/perque-la-teva-pell-no-faci-anys-coctel-de-vitamines-i-acid-hialuronic/,200,Perquè la teva pell no faci anys: còctel de vitamines i àcid hialurònic - MedicsIntegralSalut,,sitemap_only,,0,
/ru/perque-la-teva-pell-no-faci-anys-coctel-de-vitamines-i-acid-hialuronic/,mantener,/ru/perque-la-teva-pell-no-faci-anys-coctel-de-vitamines-i-acid-hialuronic/,200,Perquè la teva pell no faci anys: còctel de vitamines i àcid hialurònic - MedicsIntegralSalut,,sitemap_only,,,
/uk/perque-la-teva-pell-no-faci-anys-coctel-de-vitamines-i-acid-hialuronic/,mantener,/uk/perque-la-teva-pell-no-faci-anys-coctel-de-vitamines-i-acid-hialuronic/,200,Perquè la teva pell no faci anys: còctel de vitamines i àcid hialurònic - MedicsIntegralSalut,,sitemap_only,,,
/ca/perque-la-teva-pell-no-faci-anys-coctel-de-vitamines-i-acid-hialuronic/,mantener,/ca/perque-la-teva-pell-no-faci-anys-coctel-de-vitamines-i-acid-hialuronic/,200,Perquè la teva pell no faci anys: còctel de vitamines i àcid hialurònic - MedicsIntegralSalut,,sitemap_only,1,0,
/en/rinoplastia-ultrasonica-o-rinomodelacio-quines-son-les-diferencies/,mantener,/en/rinoplastia-ultrasonica-o-rinomodelacio-quines-son-les-diferencies/,200,Rinoplàstia ultrasònica o Rinomodelació Quines són les diferències? -,,sitemap_only,,0,
/fr/rinoplastia-ultrasonica-o-rinomodelacio-quines-son-les-diferencies/,mantener,/fr/rinoplastia-ultrasonica-o-rinomodelacio-quines-son-les-diferencies/,200,Rinoplàstia ultrasònica o Rinomodelació Quines són les diferències? -,,sitemap_only,,0,
/ru/rinoplastia-ultrasonica-o-rinomodelacio-quines-son-les-diferencies/,mantener,/ru/rinoplastia-ultrasonica-o-rinomodelacio-quines-son-les-diferencies/,200,Rinoplàstia ultrasònica o Rinomodelació Quines són les diferències? -,,sitemap_only,,0,
/uk/rinoplastia-ultrasonica-o-rinomodelacio-quines-son-les-diferencies/,mantener,/uk/rinoplastia-ultrasonica-o-rinomodelacio-quines-son-les-diferencies/,200,Rinoplàstia ultrasònica o Rinomodelació Quines són les diferències? -,,sitemap_only,,,
/ca/rinoplastia-ultrasonica-o-rinomodulacio-quines-son-les-diferencies/,mantener,/ca/rinoplastia-ultrasonica-o-rinomodulacio-quines-son-les-diferencies/,200,Rinoplàstia ultrasònica o Rinomodelació: Quines són les diferències?,,sitemap_only,,0,
/en/el-que-vols-saber-de-laugment-de-pit-pas-a-pas/,301,/en/lo-que-quieres-saber-del-aumento-de-pecho-paso-a-paso/,301,"El que vols saber de l'augment de pit, pas a pas - MedicsIntegralSalut",,sitemap_only,,0,duplicada: 301 a su canónica (aprobado Oscar 27/09/2026)
/fr/el-que-vols-saber-de-laugment-de-pit-pas-a-pas/,301,/fr/lo-que-quieres-saber-del-aumento-de-pecho-paso-a-paso/,301,"El que vols saber de l'augment de pit, pas a pas - MedicsIntegralSalut",,sitemap_only,,,duplicada: 301 a su canónica (aprobado Oscar 27/09/2026)
/ru/el-que-vols-saber-de-laugment-de-pit-pas-a-pas/,301,/ru/lo-que-quieres-saber-del-aumento-de-pecho-paso-a-paso/,301,"El que vols saber de l'augment de pit, pas a pas - MedicsIntegralSalut",,sitemap_only,,0,duplicada: 301 a su canónica (aprobado Oscar 27/09/2026)
/uk/el-que-vols-saber-de-laugment-de-pit-pas-a-pas/,301,/uk/все-що-ви-хочете-знати-про-збільшення-г/,301,"El que vols saber de l'augment de pit, pas a pas - MedicsIntegralSalut",,sitemap_only,,,duplicada: 301 a su canónica (aprobado Oscar 27/09/2026)
/ca/el-que-vols-saber-de-laugment-de-pit-pas-a-pas/,301,/ca/lo-que-quieres-saber-del-aumento-de-pecho-paso-a-paso/,301,"El que vols saber de l'augment de pit, pas a pas - MedicsIntegralSalut",,sitemap_only,1,0,duplicada: 301 a su canónica (aprobado Oscar 27/09/2026)
/en/quines-son-les-millors-protesis-de-mama/,mantener,/en/quines-son-les-millors-protesis-de-mama/,200,Quines són les millors pròtesis de mama? - MedicsIntegralSalut,,sitemap_only,,0,
/fr/quines-son-les-millors-protesis-de-mama/,mantener,/fr/quines-son-les-millors-protesis-de-mama/,200,Quines són les millors pròtesis de mama? - MedicsIntegralSalut,,sitemap_only,,,
/ru/quines-son-les-millors-protesis-de-mama/,mantener,/ru/quines-son-les-millors-protesis-de-mama/,200,Quines són les millors pròtesis de mama? - MedicsIntegralSalut,,sitemap_only,,,
/uk/quines-son-les-millors-protesis-de-mama/,mantener,/uk/quines-son-les-millors-protesis-de-mama/,200,Quines són les millors pròtesis de mama? - MedicsIntegralSalut,,sitemap_only,,,
/ca/quines-son-les-millors-protesis-de-mama/,mantener,/ca/quines-son-les-millors-protesis-de-mama/,200,Quines són les millors pròtesis de mama? - MedicsIntegralSalut,,sitemap_only,1,0,
/en/sk-10-el-tractament-amb-una-injeccio-que-aprima/,301,/en/sk-10-el-tratamiento-con-una-inyeccion-que-adelgaza/,301,"SK- 10, el tractament amb una injecció que aprima - MedicsIntegralSalut",,sitemap_only,,0,duplicada: 301 a su canónica (aprobado Oscar 27/09/2026)
/fr/sk-10-le-traitement-avec-une-injection-qui-amincit/,301,/fr/sk-10-el-tratamiento-con-una-inyeccion-que-adelgaza/,301,"SK- 10, le traitement avec une injection qui affine - MedicsIntegralSanté",,sitemap_only,,,duplicada: 301 a su canónica (aprobado Oscar 27/09/2026)
/ru/%d1%81%d0%ba-10-%d1%8d%d0%bb%d1%8c-%d1%82%d1%80%d0%b0%d0%ba%d1%82%d0%b0%d0%bc%d0%b5%d0%bd%d1%82-%d0%b0%d0%bc-%d1%83%d0%bd%d0%b0-%d0%b8%d0%bd%d1%8c%d0%b5%d0%ba%d1%86%d0%b8%d0%be-%d0%ba%d0%b5-%d0%b0/,301,/ru/sk-10-el-tratamiento-con-una-inyeccion-que-adelgaza/,301,"СК-10, лечение инъекцией, которая сужает - MedicsIntegralSalut",,sitemap_only,,,duplicada: 301 a su canónica (aprobado Oscar 27/09/2026)
/uk/sk-10-el-tractament-amb-una-injeccio-que-aprima/,301,/uk/sk-10-el-tratamiento-con-una-inyeccion-que-adelgaza/,301,"SK- 10, el tractament amb una injecció que aprima - MedicsIntegralSalut",,sitemap_only,,0,duplicada: 301 a su canónica (aprobado Oscar 27/09/2026)
/ca/sk-10-el-tractament-amb-una-injeccio-que-aprimat/,301,/ca/sk-10-el-tratamiento-con-una-inyeccion-que-adelgaza/,301,"SK- 10, el tractament amb una injecció que aprimament - MedicsIntegralSalut",,sitemap_only,,9,duplicada: 301 a su canónica (aprobado Oscar 27/09/2026)
/en/canvi-dimatge-i-estil-de-vida-amb-la-cirurgia-bariatrica/,mantener,/en/canvi-dimatge-i-estil-de-vida-amb-la-cirurgia-bariatrica/,200,Canvi d'imatge i estil de vida amb la Cirurgia Bariàtrica - MedicsIntegralSalut,,sitemap_only,,0,
/fr/canvi-dimatge-i-estil-de-vida-amb-la-cirurgia-bariatrica/,mantener,/fr/canvi-dimatge-i-estil-de-vida-amb-la-cirurgia-bariatrica/,200,Canvi d'imatge i estil de vida amb la Cirurgia Bariàtrica - MedicsIntegralSalut,,sitemap_only,,0,
/ru/%d0%b8%d0%b7%d0%bc%d0%b5%d0%bd%d0%b5%d0%bd%d0%b8%d0%b5-%d0%be%d0%b1%d1%80%d0%b0%d0%b7%d0%b0-%d0%b6%d0%b8%d0%b7%d0%bd%d0%b8-%d0%b8-%d0%b1%d0%b0%d1%80%d0%b8%d0%b0%d1%82%d1%80%d0%b8%d1%87%d0%b5%d1%81/,mantener,/ru/%d0%b8%d0%b7%d0%bc%d0%b5%d0%bd%d0%b5%d0%bd%d0%b8%d0%b5-%d0%be%d0%b1%d1%80%d0%b0%d0%b7%d0%b0-%d0%b6%d0%b8%d0%b7%d0%bd%d0%b8-%d0%b8-%d0%b1%d0%b0%d1%80%d0%b8%d0%b0%d1%82%d1%80%d0%b8%d1%87%d0%b5%d1%81/,200,Изменение внешности и образа жизни с помощью бариатрической хирургии — MedicsIntegralSalut,,sitemap_only,,,
/uk/canvi-dimatge-i-estil-de-vida-amb-la-cirurgia-bariatrica/,mantener,/uk/canvi-dimatge-i-estil-de-vida-amb-la-cirurgia-bariatrica/,200,Canvi d'imatge i estil de vida amb la Cirurgia Bariàtrica - MedicsIntegralSalut,,sitemap_only,,,
/ca/canvi-dimatge-i-estil-de-vida-amb-la-cirurgia-bariatrica/,mantener,/ca/canvi-dimatge-i-estil-de-vida-amb-la-cirurgia-bariatrica/,200,Canvi d'imatge i estil de vida amb la Cirurgia Bariàtrica - MedicsIntegralSalut,,sitemap_only,1,0,
/en/factors-de-creixement-obtinguts-de-les-plaquetes-prp/,mantener,/en/factors-de-creixement-obtinguts-de-les-plaquetes-prp/,200,Factors de creixement obtinguts de les plaquetes PRP - MedicsIntegralSalut,,sitemap_only,,,
/fr/factors-de-creixement-obtinguts-de-les-plaquetes-prp/,mantener,/fr/factors-de-creixement-obtinguts-de-les-plaquetes-prp/,200,Factors de creixement obtinguts de les plaquetes PRP - MedicsIntegralSalut,,sitemap_only,,0,
/ru/factors-de-creixement-obtinguts-de-les-plaquetes-prp/,mantener,/ru/factors-de-creixement-obtinguts-de-les-plaquetes-prp/,200,Factors de creixement obtinguts de les plaquetes PRP - MedicsIntegralSalut,,sitemap_only,,,
/uk/%d1%84%d0%b0%d0%ba%d1%82%d0%be%d1%80%d0%b8-%d1%80%d0%be%d1%81%d1%82%d1%83-%d0%be%d1%82%d1%80%d0%b8%d0%bc%d0%b0%d0%bd%d1%96-%d0%b7-%d1%82%d1%80%d0%be%d0%bc%d0%b1%d0%be%d1%86%d0%b8%d1%82%d1%96%d0%b2-pr/,mantener,/uk/%d1%84%d0%b0%d0%ba%d1%82%d0%be%d1%80%d0%b8-%d1%80%d0%be%d1%81%d1%82%d1%83-%d0%be%d1%82%d1%80%d0%b8%d0%bc%d0%b0%d0%bd%d1%96-%d0%b7-%d1%82%d1%80%d0%be%d0%bc%d0%b1%d0%be%d1%86%d0%b8%d1%82%d1%96%d0%b2-pr/,200,"Фактори росту, отримані з тромбоцитів PRP — MedicsIntegralSalut",,sitemap_only,,,
/ca/factors-de-creixement-obtinguts-de-les-plaquetes-prp/,mantener,/ca/factors-de-creixement-obtinguts-de-les-plaquetes-prp/,200,Factors de creixement obtinguts de les plaquetes PRP - MedicsIntegralSalut,,sitemap_only,1,0,antes /ca/factors-de-creixement-obtinguts-de-les-plaquetes-prp-2/ · renombrada 05/10/2026: URL catalana sin «-2» (decisión usuario)
/en/la-ginecomastia-te-solucio-definitiva/,mantener,/en/la-ginecomastia-te-solucio-definitiva/,200,La Ginecomàstia te solució definitiva - MedicsIntegralSalut,,sitemap_only,,0,
/fr/la-ginecomastia-te-solucio-definitiva/,mantener,/fr/la-ginecomastia-te-solucio-definitiva/,200,La Ginecomàstia te solució definitiva - MedicsIntegralSalut,,sitemap_only,,0,
/ru/la-ginecomastia-te-solucio-definitiva/,mantener,/ru/la-ginecomastia-te-solucio-definitiva/,200,La Ginecomàstia te solució definitiva - MedicsIntegralSalut,,sitemap_only,,0,
/uk/la-ginecomastia-te-solucio-definitiva/,mantener,/uk/la-ginecomastia-te-solucio-definitiva/,200,La Ginecomàstia te solució definitiva - MedicsIntegralSalut,,sitemap_only,,,
/ca/la-ginecomastia-te-solucio-definitiva/,mantener,/ca/la-ginecomastia-te-solucio-definitiva/,200,La Ginecomàstia te solució definitiva - MedicsIntegralSalut,,sitemap_only,1,0,antes /ca/la-ginecomastia-te-solucio-definitiva-2/ · renombrada 05/10/2026: URL catalana sin «-2» (decisión usuario)
/en/augment-mamari-amb-protesi-motiva/,mantener,/en/augment-mamari-amb-protesi-motiva/,200,Augment Mamari amb Pròtesi Motiva - MedicsIntegralSalut,,sitemap_only,,0,
/fr/augmentation-mammaire-avec-protheses-motivation/,mantener,/fr/augmentation-mammaire-avec-protheses-motivation/,200,Augmentation Mammaire avec Prothèses Motivée - MedicsIntegral Salut,,sitemap_only,,0,
/ru/augment-mamari-amb-protesi-motiva/,mantener,/ru/augment-mamari-amb-protesi-motiva/,200,Augment Mamari amb Pròtesi Motiva - MedicsIntegralSalut,,sitemap_only,,1,
/uk/augment-mamari-amb-protesi-motiva/,mantener,/uk/augment-mamari-amb-protesi-motiva/,200,Augment Mamari amb Pròtesi Motiva - MedicsIntegralSalut,,sitemap_only,,,
/ca/augment-mamari-amb-protesi-motiva/,mantener,/ca/augment-mamari-amb-protesi-motiva/,200,Augment Mamari amb Pròtesi Motiva - MedicsIntegralSalut,,sitemap_only,1,0,
/en/bye-bye-panxa/,mantener,/en/bye-bye-panxa/,200,Bye bye... Panxa - MedicsIntegralSalut,,sitemap_only,,0,
/fr/bye-bye-panxa/,mantener,/fr/bye-bye-panxa/,200,Bye bye... Panxa - MedicsIntegralSalut,,sitemap_only,,,
/ru/bye-bye-panxa/,mantener,/ru/bye-bye-panxa/,200,Bye bye... Panxa - MedicsIntegralSalut,,sitemap_only,,0,
/uk/bye-bye-panxa/,mantener,/uk/bye-bye-panxa/,200,Bye bye... Panxa - MedicsIntegralSalut,,sitemap_only,,,
/ca/bye-bye-panxa/,mantener,/ca/bye-bye-panxa/,200,Bye bye... Panxa - MedicsIntegralSalut,,sitemap_only,1,0,
/en/la-nostra-experiencia-amb-la-rinoplastia-ultrasonica/,mantener,/en/la-nostra-experiencia-amb-la-rinoplastia-ultrasonica/,200,La nostra experiència amb la rinoplàstia ultrasònica - MedicsIntegralSalut,,sitemap_only,,0,
/fr/la-nostra-experiencia-amb-la-rinoplastia-ultrasonica/,mantener,/fr/la-nostra-experiencia-amb-la-rinoplastia-ultrasonica/,200,La nostra experiència amb la rinoplàstia ultrasònica - MedicsIntegralSalut,,sitemap_only,,0,
/ru/la-nostra-experiencia-amb-la-rinoplastia-ultrasonica/,mantener,/ru/la-nostra-experiencia-amb-la-rinoplastia-ultrasonica/,200,La nostra experiència amb la rinoplàstia ultrasònica - MedicsIntegralSalut,,sitemap_only,,0,
/uk/%d0%bd%d0%b0%d1%88-%d0%b4%d0%be%d1%81%d0%b2%d1%96%d0%b4-%d1%83-%d0%bf%d1%80%d0%be%d0%b2%d0%b5%d0%b4%d0%b5%d0%bd%d0%bd%d1%96-%d1%83%d0%bb%d1%8c%d1%82%d1%80%d0%b0%d0%b7%d0%b2%d1%83%d0%ba%d0%be%d0%b2/,mantener,/uk/%d0%bd%d0%b0%d1%88-%d0%b4%d0%be%d1%81%d0%b2%d1%96%d0%b4-%d1%83-%d0%bf%d1%80%d0%be%d0%b2%d0%b5%d0%b4%d0%b5%d0%bd%d0%bd%d1%96-%d1%83%d0%bb%d1%8c%d1%82%d1%80%d0%b0%d0%b7%d0%b2%d1%83%d0%ba%d0%be%d0%b2/,200,Наш досвід у проведенні ультразвукової ринопластики — MedicsIntegralSalut,,sitemap_only,,,
/ca/la-nostra-experiencia-amb-la-rinoplastia-ultrasonica/,mantener,/ca/la-nostra-experiencia-amb-la-rinoplastia-ultrasonica/,200,La nostra experiència amb la rinoplàstia ultrasònica - MedicsIntegralSalut,,sitemap_only,1,0,antes /ca/la-nostra-experiencia-amb-la-rinoplastia-ultrasonica-2/ · renombrada 05/10/2026: URL catalana sin «-2» (decisión usuario)
/en/algunes-raons-per-les-quals-no-perdem-pes/,mantener,/en/algunes-raons-per-les-quals-no-perdem-pes/,200,Algunes raons per les quals no perdem pes - MedicsIntegralSalut,,sitemap_only,,,
/fr/algunes-raons-per-les-quals-no-perdem-pes/,mantener,/fr/algunes-raons-per-les-quals-no-perdem-pes/,200,Algunes raons per les quals no perdem pes - MedicsIntegralSalut,,sitemap_only,,,
/ru/algunes-raons-per-les-quals-no-perdem-pes/,mantener,/ru/algunes-raons-per-les-quals-no-perdem-pes/,200,Algunes raons per les quals no perdem pes - MedicsIntegralSalut,,sitemap_only,,0,
/uk/algunes-raons-per-les-quals-no-perdem-pes/,mantener,/uk/algunes-raons-per-les-quals-no-perdem-pes/,200,Algunes raons per les quals no perdem pes - MedicsIntegralSalut,,sitemap_only,,0,
/ca/algunes-raons-per-les-quals-no-perdem-pes/,mantener,/ca/algunes-raons-per-les-quals-no-perdem-pes/,200,Algunes raons per les quals no perdem pes - MedicsIntegralSalut,,sitemap_only,1,0,
/en/benvingut-dr-langdon/,mantener,/en/benvingut-dr-langdon/,200,Benvingut Dr. Langdon - MedicsIntegralSalut,,sitemap_only,,0,
/fr/bienvenue-dr-langdon/,mantener,/fr/bienvenue-dr-langdon/,200,Bienvenue Dr. Langdon - MedicsIntegralSalut,,sitemap_only,,0,
/ru/%d0%b4%d0%be%d0%b1%d1%80%d0%be-%d0%bf%d0%be%d0%b6%d0%b0%d0%bb%d0%be%d0%b2%d0%b0%d1%82%d1%8c-%d0%b4%d0%be%d0%ba%d1%82%d0%be%d1%80-%d0%bb%d1%8d%d0%bd%d0%b3%d0%b4%d0%be%d0%bd/,mantener,/ru/%d0%b4%d0%be%d0%b1%d1%80%d0%be-%d0%bf%d0%be%d0%b6%d0%b0%d0%bb%d0%be%d0%b2%d0%b0%d1%82%d1%8c-%d0%b4%d0%be%d0%ba%d1%82%d0%be%d1%80-%d0%bb%d1%8d%d0%bd%d0%b3%d0%b4%d0%be%d0%bd/,200,"Добро пожаловать, доктор Лэнгдон - MedicsIntegralSalut",,sitemap_only,,,
/uk/%d0%bb%d0%b0%d1%81%d0%ba%d0%b0%d0%b2%d0%be-%d0%bf%d1%80%d0%be%d1%81%d0%b8%d0%bc%d0%be-%d0%b4%d0%be%d0%ba%d1%82%d0%be%d1%80%d0%b5-%d0%bb%d0%b5%d0%bd%d0%b3%d0%b4%d0%be%d0%bd%d0%b5/,mantener,/uk/%d0%bb%d0%b0%d1%81%d0%ba%d0%b0%d0%b2%d0%be-%d0%bf%d1%80%d0%be%d1%81%d0%b8%d0%bc%d0%be-%d0%b4%d0%be%d0%ba%d1%82%d0%be%d1%80%d0%b5-%d0%bb%d0%b5%d0%bd%d0%b3%d0%b4%d0%be%d0%bd%d0%b5/,200,"Ласкаво просимо, докторе Лангдоне — MedicsIntegralSalut",,sitemap_only,,,
/ca/benvingut-dr-langdon/,mantener,/ca/benvingut-dr-langdon/,200,Benvingut Dr. Langdon - MedicsIntegralSalut,,sitemap_only,1,0,
/en/congela-el-temps/,mantener,/en/congela-el-temps/,200,Congela el temps - MedicsIntegralSalut,,sitemap_only,,,
/fr/congela-el-temps/,mantener,/fr/congela-el-temps/,200,Congela el temps - MedicsIntegralSalut,,sitemap_only,,,
/ru/%d0%b7%d0%b0%d0%bc%d0%be%d1%80%d0%be%d0%b7%d0%b8%d1%82%d1%8c-%d0%b2%d1%80%d0%b5%d0%bc%d1%8f/,mantener,/ru/%d0%b7%d0%b0%d0%bc%d0%be%d1%80%d0%be%d0%b7%d0%b8%d1%82%d1%8c-%d0%b2%d1%80%d0%b5%d0%bc%d1%8f/,200,Заморозь время - MedicsIntegralSalut,,sitemap_only,,,
/uk/congela-el-temps/,mantener,/uk/congela-el-temps/,200,Congela el temps - MedicsIntegralSalut,,sitemap_only,,0,
/ca/congela-el-temps/,mantener,/ca/congela-el-temps/,200,Congela el temps - MedicsIntegralSalut,,sitemap_only,1,0,antes /ca/congela-el-temps-2/ · renombrada 05/10/2026: URL catalana sin «-2» (decisión usuario)
/en/solucio-per-mames-tuberoses/,mantener,/en/solucio-per-mames-tuberoses/,200,Solució per mames tuberoses - MedicsIntegralSalut,,sitemap_only,,0,
/fr/solution-pour-tuberses-mammaires/,mantener,/fr/solution-pour-tuberses-mammaires/,200,Solution pour seins tubéreux - MedicsIntegralBonjour,,sitemap_only,,0,
/ru/solucio-per-mames-tuberoses/,mantener,/ru/solucio-per-mames-tuberoses/,200,Solució per mames tuberoses - MedicsIntegralSalut,,sitemap_only,,0,
/uk/%d0%b7%d0%b0%d1%81%d1%96%d0%b1-%d0%b2%d1%96%d0%b4-%d0%b1%d1%83%d0%bb%d1%8c%d0%b1%d0%be%d0%b2%d0%b8%d1%85-%d0%b1%d0%be%d0%bb%d1%8f%d1%87%d0%be%d0%ba/,mantener,/uk/%d0%b7%d0%b0%d1%81%d1%96%d0%b1-%d0%b2%d1%96%d0%b4-%d0%b1%d1%83%d0%bb%d1%8c%d0%b1%d0%be%d0%b2%d0%b8%d1%85-%d0%b1%d0%be%d0%bb%d1%8f%d1%87%d0%be%d0%ba/,200,Лікування маточних кіст — MedicsIntegralSalut,,sitemap_only,,,
/ca/solucio-per-pits-tuberosos/,mantener,/ca/solucio-per-pits-tuberosos/,200,Solució per pits tuberosos - MedicsIntegralSalut,,sitemap_only,,0,
/en/beneficis-de-la-cirurgia-bariatrica/,mantener,/en/beneficis-de-la-cirurgia-bariatrica/,200,Beneficis de la cirurgia bariàtrica - MedicsIntegralSalut,,sitemap_only,,0,
/fr/beneficis-de-la-cirurgia-bariatrica/,mantener,/fr/beneficis-de-la-cirurgia-bariatrica/,200,Beneficis de la cirurgia bariàtrica - MedicsIntegralSalut,,sitemap_only,,,
/ru/beneficis-de-la-cirurgia-bariatrica/,mantener,/ru/beneficis-de-la-cirurgia-bariatrica/,200,Beneficis de la cirurgia bariàtrica - MedicsIntegralSalut,,sitemap_only,,0,
/uk/beneficis-de-la-cirurgia-bariatrica/,mantener,/uk/beneficis-de-la-cirurgia-bariatrica/,200,Beneficis de la cirurgia bariàtrica - MedicsIntegralSalut,,sitemap_only,,,
/ca/beneficis-de-la-cirurgia-bariatrica/,mantener,/ca/beneficis-de-la-cirurgia-bariatrica/,200,Beneficis de la cirurgia bariàtrica - MedicsIntegralSalut,,sitemap_only,1,0,
/en/ja-no-tinc-orelles-de-bufador/,301,/en/otoplasty-for-prominent-ears-girona/,301,Ja no tinc orelles de bufador. - MedicsIntegralSalut,,sitemap_only,,,duplicada: 301 a su canónica (aprobado Oscar 27/09/2026)
/fr/ja-no-tinc-orelles-de-bufador/,301,/fr/otoplastia-orejas-de-soplillo-girona/,301,Ja no tinc orelles de bufador. - MedicsIntegralSalut,,sitemap_only,,0,duplicada: 301 a su canónica (aprobado Oscar 27/09/2026)
/ru/ja-no-tinc-orelles-de-bufador/,301,/ru/отопластика-лопоухих-ушей-жирона/,301,Ja no tinc orelles de bufador. - MedicsIntegralSalut,,sitemap_only,,,duplicada: 301 a su canónica (aprobado Oscar 27/09/2026)
/uk/ja-no-tinc-orelles-de-bufador/,301,/uk/otoplastia-orejas-de-soplillo-girona/,301,Ja no tinc orelles de bufador. - MedicsIntegralSalut,,sitemap_only,,,duplicada: 301 a su canónica (aprobado Oscar 27/09/2026)
/ca/ja-no-tinc-orelles-de-bufador/,301,/ca/otoplastia-orelles-de-punxa-girona/,301,Ja no tinc orelles de bufador. - MedicsIntegralSalut,,sitemap_only,1,0,duplicada: 301 a su canónica (aprobado Oscar 27/09/2026)
/en/nuestra-experiencia-con-la-rinoplastia-ultrasonica/,mantener,/en/nuestra-experiencia-con-la-rinoplastia-ultrasonica/,200,Diferencias y ventajas de la rinoplastia ultrasónica frente a la rinoplastia tradicional - MedicsIntegralSalut,,sitemap_only,,0,
/fr/nuestra-experiencia-con-la-rinoplastia-ultrasonica/,mantener,/fr/nuestra-experiencia-con-la-rinoplastia-ultrasonica/,200,Diferencias y ventajas de la rinoplastia ultrasónica frente a la rinoplastia tradicional - MedicsIntegralSalut,,sitemap_only,,0,
/ru/nuestra-experiencia-con-la-rinoplastia-ultrasonica/,mantener,/ru/nuestra-experiencia-con-la-rinoplastia-ultrasonica/,200,Diferencias y ventajas de la rinoplastia ultrasónica frente a la rinoplastia tradicional - MedicsIntegralSalut,,sitemap_only,,0,
/uk/%d0%bd%d0%b0%d1%88-%d0%b4%d0%be%d1%81%d0%b2%d1%96%d0%b4-%d0%bf%d1%80%d0%be%d0%b2%d0%b5%d0%b4%d0%b5%d0%bd%d0%bd%d1%8f-%d1%83%d0%bb%d1%8c%d1%82%d1%80%d0%b0%d0%b7%d0%b2%d1%83%d0%ba%d0%be%d0%b2%d0%be/,mantener,/uk/%d0%bd%d0%b0%d1%88-%d0%b4%d0%be%d1%81%d0%b2%d1%96%d0%b4-%d0%bf%d1%80%d0%be%d0%b2%d0%b5%d0%b4%d0%b5%d0%bd%d0%bd%d1%8f-%d1%83%d0%bb%d1%8c%d1%82%d1%80%d0%b0%d0%b7%d0%b2%d1%83%d0%ba%d0%be%d0%b2%d0%be/,200,Відмінності та переваги ультразвукової ринопластики порівняно з традиційною ринопластикою — MedicsIntegralSalut,,sitemap_only,,,
/ca/la-nostra-experiencia-amb-la-rinoplastia-ultrasonica-2/,301,/ca/la-nostra-experiencia-amb-la-rinoplastia-ultrasonica/,301,Diferències i avantatges de la rinoplàstia ultrasònica enfront de la rinoplàstia tradicional - MedicsIntegralSalut,,sitemap_only,,,renombrada 05/10/2026: URL catalana sin «-2» (decisión usuario)
/en/advice-on-breast-augmentation-surgery-2/,mantener,/en/advice-on-breast-augmentation-surgery-2/,200,Breast Augmentation Surgery Advice - MedicsIntegralSalut,,sitemap_only,,0,
/fr/consejo-en-la-cirugia-de-amento-de-mamas/,mantener,/fr/consejo-en-la-cirugia-de-amento-de-mamas/,200,Consejo en la cirugía de Aumento de Mamas - MedicsIntegralSalut,,sitemap_only,,,
/ru/consejo-en-la-cirugia-de-amento-de-mamas/,mantener,/ru/consejo-en-la-cirugia-de-amento-de-mamas/,200,Consejo en la cirugía de Aumento de Mamas - MedicsIntegralSalut,,sitemap_only,,0,
/uk/consejo-en-la-cirugia-de-amento-de-mamas/,mantener,/uk/consejo-en-la-cirugia-de-amento-de-mamas/,200,Consejo en la cirugía de Aumento de Mamas - MedicsIntegralSalut,,sitemap_only,,,
/ca/consejo-en-la-cirugia-de-amento-de-mamas/,mantener,/ca/consejo-en-la-cirugia-de-amento-de-mamas/,200,Consejo en la cirugía de Aumento de Mamas - MedicsIntegralSalut,,sitemap_only,,,
/en/como-elegir-los-implantes-mamarios-adecuados/,mantener,/en/como-elegir-los-implantes-mamarios-adecuados/,200,¿Cómo elegir los implantes mamarios adecuados? - MedicsIntegralSalut,,sitemap_only,,,
/fr/como-elegir-los-implantes-mamarios-adecuados/,mantener,/fr/como-elegir-los-implantes-mamarios-adecuados/,200,¿Cómo elegir los implantes mamarios adecuados? - MedicsIntegralSalut,,sitemap_only,,0,
/ru/como-elegir-los-implantes-mamarios-adecuados/,mantener,/ru/como-elegir-los-implantes-mamarios-adecuados/,200,¿Cómo elegir los implantes mamarios adecuados? - MedicsIntegralSalut,,sitemap_only,,0,
/uk/como-elegir-los-implantes-mamarios-adecuados/,mantener,/uk/como-elegir-los-implantes-mamarios-adecuados/,200,¿Cómo elegir los implantes mamarios adecuados? - MedicsIntegralSalut,,sitemap_only,,,
/ca/como-elegir-los-implantes-mamarios-adecuados/,mantener,/ca/como-elegir-los-implantes-mamarios-adecuados/,200,¿Cómo elegir los implantes mamarios adecuados? - MedicsIntegralSalut,,sitemap_only,,0,
/en/the-naturalness-of-the-result-in-a-breast-augmentation/,mantener,/en/the-naturalness-of-the-result-in-a-breast-augmentation/,200,The naturalness of the result in breast augmentation - MedicsIntegralSalut,,sitemap_only,,0,
/fr/le-naturel-du-resultat-dune-augmentation-mammaire/,mantener,/fr/le-naturel-du-resultat-dune-augmentation-mammaire/,200,La naturalité du résultat lors d'une augmentation mammaire - MedicsIntegralSalut,,sitemap_only,,0,
/ru/la-naturalidad-del-resultado-en-un-aumento-de-pecho/,mantener,/ru/la-naturalidad-del-resultado-en-un-aumento-de-pecho/,200,La naturalidad del resultado en un aumento de pecho - MedicsIntegralSalut,,sitemap_only,,,
/uk/la-naturalidad-del-resultado-en-un-aumento-de-pecho/,mantener,/uk/la-naturalidad-del-resultado-en-un-aumento-de-pecho/,200,La naturalidad del resultado en un aumento de pecho - MedicsIntegralSalut,,sitemap_only,,,
/ca/la-naturalitat-del-resultat-en-un-pit-augmentat/,mantener,/ca/la-naturalitat-del-resultat-en-un-pit-augmentat/,200,La naturalitat del resultat en un augment de pit - MedicsIntegralSalut,,sitemap_only,,,
/en/la-rinoplastia-ultrasonica-es-una-tecnica-de-cirugia-estetica-de-nariz/,mantener,/en/la-rinoplastia-ultrasonica-es-una-tecnica-de-cirugia-estetica-de-nariz/,200,La rinoplastia ultrasónica es una técnica de cirugía estética de nariz - MedicsIntegralSalut,,sitemap_only,,0,
/fr/la-rinoplastia-ultrasonica-es-una-tecnica-de-cirugia-estetica-de-nariz/,mantener,/fr/la-rinoplastia-ultrasonica-es-una-tecnica-de-cirugia-estetica-de-nariz/,200,La rinoplastia ultrasónica es una técnica de cirugía estética de nariz - MedicsIntegralSalut,,sitemap_only,,0,
/ru/la-rinoplastia-ultrasonica-es-una-tecnica-de-cirugia-estetica-de-nariz/,mantener,/ru/la-rinoplastia-ultrasonica-es-una-tecnica-de-cirugia-estetica-de-nariz/,200,La rinoplastia ultrasónica es una técnica de cirugía estética de nariz - MedicsIntegralSalut,,sitemap_only,,1,
/uk/la-rinoplastia-ultrasonica-es-una-tecnica-de-cirugia-estetica-de-nariz/,mantener,/uk/la-rinoplastia-ultrasonica-es-una-tecnica-de-cirugia-estetica-de-nariz/,200,La rinoplastia ultrasónica es una técnica de cirugía estética de nariz - MedicsIntegralSalut,,sitemap_only,,0,
/ca/la-rinoplastia-ultrasonica-es-una-tecnica-de-cirugia-estetica-de-nariz/,mantener,/ca/la-rinoplastia-ultrasonica-es-una-tecnica-de-cirugia-estetica-de-nariz/,200,La rinoplastia ultrasónica es una técnica de cirugía estética de nariz - MedicsIntegralSalut,,sitemap_only,,,
/en/que-son-las-protesis-de-mamas-ergonomicas/,mantener,/en/que-son-las-protesis-de-mamas-ergonomicas/,200,¿Qué son las prótesis de mamas ergonómicas? - MedicsIntegralSalut,,sitemap_only,,0,
/fr/quest-ce-quune-prothese-mammaire-ergonomique/,mantener,/fr/quest-ce-quune-prothese-mammaire-ergonomique/,200,Qu'est-ce que les prothèses mammaires ergonomiques - MedicsIntegralSalut,,sitemap_only,,0,
/ru/que-son-las-protesis-de-mamas-ergonomicas/,mantener,/ru/que-son-las-protesis-de-mamas-ergonomicas/,200,¿Qué son las prótesis de mamas ergonómicas? - MedicsIntegralSalut,,sitemap_only,,0,
/uk/que-son-las-protesis-de-mamas-ergonomicas/,mantener,/uk/que-son-las-protesis-de-mamas-ergonomicas/,200,¿Qué son las prótesis de mamas ergonómicas? - MedicsIntegralSalut,,sitemap_only,,,
/ca/les-protesis-mamaries-ergonomiques-son-un-tipus-dimplant-mamari-dissenyat-per-adaptar-se-millor-a-la-forma-del-cos-de-la-dona-a-diferencia-de-les-protesis-tradicionals-que-solen-tenir-una-forma-mes/,mantener,/ca/les-protesis-mamaries-ergonomiques-son-un-tipus-dimplant-mamari-dissenyat-per-adaptar-se-millor-a-la-forma-del-cos-de-la-dona-a-diferencia-de-les-protesis-tradicionals-que-solen-tenir-una-forma-mes/,200,Quines són les pròtesis mamàries ergonòmiques - MedicsIntegralSalut,,sitemap_only,,0,
/en/dr-mike-dewever/,mantener,/en/dr-mike-dewever/,200,"Welcome, we are at Teknon Medical Centre - MedicsIntegralSalut",,sitemap_only,,0,
/fr/dr-mike-dewever/,mantener,/fr/dr-mike-dewever/,200,Bienvenidos estamos en el Centro Médico Teknon - MedicsIntegralSalut,,sitemap_only,,0,
/ru/dr-mike-dewever/,mantener,/ru/dr-mike-dewever/,200,Bienvenidos estamos en el Centro Médico Teknon - MedicsIntegralSalut,,sitemap_only,,0,
/uk/%d0%b4%d0%be%d0%ba%d1%82%d0%be%d1%80-%d0%bc%d0%b0%d0%b9%d0%ba-%d0%b4%d0%b5%d0%b2%d0%b5%d0%b2%d0%b5%d1%80/,mantener,/uk/%d0%b4%d0%be%d0%ba%d1%82%d0%be%d1%80-%d0%bc%d0%b0%d0%b9%d0%ba-%d0%b4%d0%b5%d0%b2%d0%b5%d0%b2%d0%b5%d1%80/,200,Ласкаво просимо до Медичного центру «Текнон» — MedicsIntegralSalut,,sitemap_only,,,
/ca/dr-mike-dewever/,mantener,/ca/dr-mike-dewever/,200,"Benvinguts, som al Centre Mèdic Teknon - MedicsIntegralSalut",,sitemap_only,,0,
/en/cuando-debemos-poner-protesis-anatomicas/,mantener,/en/cuando-debemos-poner-protesis-anatomicas/,200,¿En que momento ponerse prótesis anatómicas? - MedicsIntegralSalut,,sitemap_only,,0,
/fr/cuando-debemos-poner-protesis-anatomicas/,mantener,/fr/cuando-debemos-poner-protesis-anatomicas/,200,¿En que momento ponerse prótesis anatómicas? - MedicsIntegralSalut,,sitemap_only,,0,
/ru/cuando-debemos-poner-protesis-anatomicas/,mantener,/ru/cuando-debemos-poner-protesis-anatomicas/,200,¿En que momento ponerse prótesis anatómicas? - MedicsIntegralSalut,,sitemap_only,,0,
/uk/%d0%ba%d0%be%d0%bb%d0%b8-%d1%81%d0%bb%d1%96%d0%b4-%d0%b2%d1%81%d1%82%d0%b0%d0%bd%d0%be%d0%b2%d0%bb%d1%8e%d0%b2%d0%b0%d1%82%d0%b8-%d0%b0%d0%bd%d0%b0%d1%82%d0%be%d0%bc%d1%96%d1%87%d0%bd%d1%96-%d0%bf/,mantener,/uk/%d0%ba%d0%be%d0%bb%d0%b8-%d1%81%d0%bb%d1%96%d0%b4-%d0%b2%d1%81%d1%82%d0%b0%d0%bd%d0%be%d0%b2%d0%bb%d1%8e%d0%b2%d0%b0%d1%82%d0%b8-%d0%b0%d0%bd%d0%b0%d1%82%d0%be%d0%bc%d1%96%d1%87%d0%bd%d1%96-%d0%bf/,200,Коли слід встановлювати анатомічні протези? — MedicsIntegralSalut,,sitemap_only,,,
/ca/cuando-debemos-poner-protesis-anatomicas/,mantener,/ca/cuando-debemos-poner-protesis-anatomicas/,200,¿En que momento ponerse prótesis anatómicas? - MedicsIntegralSalut,,sitemap_only,,0,
/en/feel-the-power-of-well-being-with-cosmetic-surgery-for-separated-breasts/,mantener,/en/feel-the-power-of-well-being-with-cosmetic-surgery-for-separated-breasts/,200,Cosmetic Surgery for Separated Breasts: The Power of Well-being,,sitemap_only,,0,
/fr/siente-el-poder-del-bienestar-con-una-cirugia-estetica-para-los-pechos-separados/,mantener,/fr/siente-el-poder-del-bienestar-con-una-cirugia-estetica-para-los-pechos-separados/,200,Cirugía Estética para los Pechos Separados: el Poder del Bienestar,,sitemap_only,,0,
/ru/%d0%bf%d0%be%d1%87%d1%83%d0%b2%d1%81%d1%82%d0%b2%d1%83%d0%b9%d1%82%d0%b5-%d1%81%d0%b8%d0%bb%d1%83-%d0%b1%d0%bb%d0%b0%d0%b3%d0%be%d0%bf%d0%be%d0%bb%d1%83%d1%87%d0%b8%d1%8f-%d1%81-%d0%bf%d0%be%d0%bc/,mantener,/ru/%d0%bf%d0%be%d1%87%d1%83%d0%b2%d1%81%d1%82%d0%b2%d1%83%d0%b9%d1%82%d0%b5-%d1%81%d0%b8%d0%bb%d1%83-%d0%b1%d0%bb%d0%b0%d0%b3%d0%be%d0%bf%d0%be%d0%bb%d1%83%d1%87%d0%b8%d1%8f-%d1%81-%d0%bf%d0%be%d0%bc/,200,Эстетическая хирургия для раздельной груди: сила благополучия,,sitemap_only,,,
/uk/%d0%b2%d1%96%d0%b4%d1%87%d1%83%d0%b9%d1%82%d0%b5-%d1%81%d0%b8%d0%bb%d1%83-%d0%b3%d0%b0%d1%80%d0%bd%d0%be%d0%b3%d0%be-%d1%81%d0%b0%d0%bc%d0%be%d0%bf%d0%be%d1%87%d1%83%d1%82%d1%82%d1%8f-%d0%b7%d0%b0/,mantener,/uk/%d0%b2%d1%96%d0%b4%d1%87%d1%83%d0%b9%d1%82%d0%b5-%d1%81%d0%b8%d0%bb%d1%83-%d0%b3%d0%b0%d1%80%d0%bd%d0%be%d0%b3%d0%be-%d1%81%d0%b0%d0%bc%d0%be%d0%bf%d0%be%d1%87%d1%83%d1%82%d1%82%d1%8f-%d0%b7%d0%b0/,200,Естетична хірургія для розсунутих грудей: сила гарного самопочуття,,sitemap_only,,,
/ca/siente-el-poder-del-bienestar-con-una-cirugia-estetica-para-los-pechos-separados/,mantener,/ca/siente-el-poder-del-bienestar-con-una-cirugia-estetica-para-los-pechos-separados/,200,Cirugía Estética para los Pechos Separados: el Poder del Bienestar,,sitemap_only,,0,
/en/primera-visita-para-aumento-de-pecho/,mantener,/en/primera-visita-para-aumento-de-pecho/,200,Primera visita al medico para aumento de pecho - MedicsIntegralSalut,,sitemap_only,,0,
/fr/primera-visita-para-aumento-de-pecho/,mantener,/fr/primera-visita-para-aumento-de-pecho/,200,Primera visita al medico para aumento de pecho - MedicsIntegralSalut,,sitemap_only,,0,
/ru/primera-visita-para-aumento-de-pecho/,mantener,/ru/primera-visita-para-aumento-de-pecho/,200,Primera visita al medico para aumento de pecho - MedicsIntegralSalut,,sitemap_only,,,
/uk/primera-visita-para-aumento-de-pecho/,mantener,/uk/primera-visita-para-aumento-de-pecho/,200,Primera visita al medico para aumento de pecho - MedicsIntegralSalut,,sitemap_only,,,
/ca/primera-visita-para-aumento-de-pecho/,mantener,/ca/primera-visita-para-aumento-de-pecho/,200,Primera visita al medico para aumento de pecho - MedicsIntegralSalut,,sitemap_only,,,
/en/cirugia-de-elevacion-de-pecho/,mantener,/en/cirugia-de-elevacion-de-pecho/,200,Cirugía de elevación de pecho: todo lo que tenes que saber - MedicsIntegralSalut,,sitemap_only,,0,
/fr/cirugia-de-elevacion-de-pecho/,mantener,/fr/cirugia-de-elevacion-de-pecho/,200,Cirugía de elevación de pecho: todo lo que tenes que saber - MedicsIntegralSalut,,sitemap_only,,1,
/ru/cirugia-de-elevacion-de-pecho/,mantener,/ru/cirugia-de-elevacion-de-pecho/,200,Cirugía de elevación de pecho: todo lo que tenes que saber - MedicsIntegralSalut,,sitemap_only,,0,
/uk/%d0%be%d0%bf%d0%b5%d1%80%d0%b0%d1%86%d1%96%d1%8f-%d0%b7-%d0%bf%d1%96%d0%b4%d1%82%d1%8f%d0%b6%d0%ba%d0%b8-%d0%b3%d1%80%d1%83%d0%b4%d0%b5%d0%b9/,mantener,/uk/%d0%be%d0%bf%d0%b5%d1%80%d0%b0%d1%86%d1%96%d1%8f-%d0%b7-%d0%bf%d1%96%d0%b4%d1%82%d1%8f%d0%b6%d0%ba%d0%b8-%d0%b3%d1%80%d1%83%d0%b4%d0%b5%d0%b9/,200,"Операція з підтяжки грудей: все, що потрібно знати — MedicsIntegralSalut",,sitemap_only,,,
/ca/cirugia-de-elevacion-de-pecho/,mantener,/ca/cirugia-de-elevacion-de-pecho/,200,Cirugía de elevación de pecho: todo lo que tenes que saber - MedicsIntegralSalut,,sitemap_only,,,
/en/cuales-son-los-mejores-implantes-de-protesis-de-pechos/,mantener,/en/cuales-son-los-mejores-implantes-de-protesis-de-pechos/,200,What are the best breast implant prostheses?,,sitemap_only,,0,
/fr/quels-sont-les-meilleurs-implants-de-protheses-mammaires/,mantener,/fr/quels-sont-les-meilleurs-implants-de-protheses-mammaires/,200,Quels sont les meilleurs implants mammaires prothétiques ?,,sitemap_only,,0,
/ru/%d0%ba%d0%b0%d0%ba%d0%b8%d0%b5-%d0%bb%d1%83%d1%87%d1%88%d0%b8%d0%b5-%d0%b8%d0%bc%d0%bf%d0%bb%d0%b0%d0%bd%d1%82%d1%8b-%d0%b4%d0%bb%d1%8f-%d0%b3%d1%80%d1%83%d0%b4%d0%bd%d1%8b%d1%85-%d0%bf%d1%80%d0%be/,mantener,/ru/%d0%ba%d0%b0%d0%ba%d0%b8%d0%b5-%d0%bb%d1%83%d1%87%d1%88%d0%b8%d0%b5-%d0%b8%d0%bc%d0%bf%d0%bb%d0%b0%d0%bd%d1%82%d1%8b-%d0%b4%d0%bb%d1%8f-%d0%b3%d1%80%d1%83%d0%b4%d0%bd%d1%8b%d1%85-%d0%bf%d1%80%d0%be/,200,Каковы лучшие имплантаты для протезирования груди?,,sitemap_only,,,
/uk/cuales-son-los-mejores-implantes-de-protesis-de-pechos/,mantener,/uk/cuales-son-los-mejores-implantes-de-protesis-de-pechos/,200,Які імплантати для грудей вважаються найкращими?,,sitemap_only,,0,
/ca/cuales-son-los-mejores-implantes-de-protesis-de-pechos/,mantener,/ca/cuales-son-los-mejores-implantes-de-protesis-de-pechos/,200,Quins són els millors implants de pròtesis mamàries?,,sitemap_only,,0,
/en/rinoplastia-sin-cirugia-rinoplastia-ultrasonica/,mantener,/en/rinoplastia-sin-cirugia-rinoplastia-ultrasonica/,200,Diferencias entre Rinoplastia ultrasónica y Rinomodelación ✅,,sitemap_only,,0,
/fr/rinoplastia-sin-cirugia-rinoplastia-ultrasonica/,mantener,/fr/rinoplastia-sin-cirugia-rinoplastia-ultrasonica/,200,Diferencias entre Rinoplastia ultrasónica y Rinomodelación ✅,,sitemap_only,,0,
/ru/%d1%80%d0%b8%d0%bd%d0%be%d0%bf%d0%bb%d0%b0%d1%81%d1%82%d0%b8%d0%ba%d0%b0-%d0%b1%d0%b5%d0%b7-%d1%85%d0%b8%d1%80%d1%83%d1%80%d0%b3%d0%b8%d0%b8-%d1%83%d0%bb%d1%8c%d1%82%d1%80%d0%b0%d0%b7%d0%b2%d1%83/,mantener,/ru/%d1%80%d0%b8%d0%bd%d0%be%d0%bf%d0%bb%d0%b0%d1%81%d1%82%d0%b8%d0%ba%d0%b0-%d0%b1%d0%b5%d0%b7-%d1%85%d0%b8%d1%80%d1%83%d1%80%d0%b3%d0%b8%d0%b8-%d1%83%d0%bb%d1%8c%d1%82%d1%80%d0%b0%d0%b7%d0%b2%d1%83/,200,Различия между ультразвуковой ринопластикой и риномоделированием ✅,,sitemap_only,,,
/uk/rinoplastia-sin-cirugia-rinoplastia-ultrasonica/,mantener,/uk/rinoplastia-sin-cirugia-rinoplastia-ultrasonica/,200,Diferencias entre Rinoplastia ultrasónica y Rinomodelación ✅,,sitemap_only,,,
/ca/rinoplastia-sin-cirugia-rinoplastia-ultrasonica/,mantener,/ca/rinoplastia-sin-cirugia-rinoplastia-ultrasonica/,200,Diferencias entre Rinoplastia ultrasónica y Rinomodelación ✅,,sitemap_only,,0,
/en/image-and-lifestyle-change-with-bariatric-surgery/,mantener,/en/image-and-lifestyle-change-with-bariatric-surgery/,200,Image and Lifestyle Change with Bariatric Surgery - MedicsIntegralSalut,,sitemap_only,,0,
/fr/cambio-de-imagen-y-estilo-de-vida-con-la-cirugia-bariatrica/,mantener,/fr/cambio-de-imagen-y-estilo-de-vida-con-la-cirugia-bariatrica/,200,Cambio de imagen y estilo de vida con la Cirugía Bariátrica - MedicsIntegralSalut,,sitemap_only,,,
/ru/cambio-de-imagen-y-estilo-de-vida-con-la-cirugia-bariatrica/,mantener,/ru/cambio-de-imagen-y-estilo-de-vida-con-la-cirugia-bariatrica/,200,Cambio de imagen y estilo de vida con la Cirugía Bariátrica - MedicsIntegralSalut,,sitemap_only,,0,
/uk/cambio-de-imagen-y-estilo-de-vida-con-la-cirugia-bariatrica/,mantener,/uk/cambio-de-imagen-y-estilo-de-vida-con-la-cirugia-bariatrica/,200,Cambio de imagen y estilo de vida con la Cirugía Bariátrica - MedicsIntegralSalut,,sitemap_only,,,
/ca/cambio-de-imagen-y-estilo-de-vida-con-la-cirugia-bariatrica/,mantener,/ca/cambio-de-imagen-y-estilo-de-vida-con-la-cirugia-bariatrica/,200,Cambio de imagen y estilo de vida con la Cirugía Bariátrica - MedicsIntegralSalut,,sitemap_only,,,
/en/breast-augmentation-with-implants-motivations/,mantener,/en/breast-augmentation-with-implants-motivations/,200,Prosthesis Motiva: Breast Augmentation - MedicsIntegralSalut,,sitemap_only,,0,
/fr/aumento-mamario-con-protesis-motiva/,mantener,/fr/aumento-mamario-con-protesis-motiva/,200,Prótesis Motiva: Aumento Mamario - MedicsIntegralSalut,,sitemap_only,,0,
/ru/aumento-mamario-con-protesis-motiva/,mantener,/ru/aumento-mamario-con-protesis-motiva/,200,Prótesis Motiva: Aumento Mamario - MedicsIntegralSalut,,sitemap_only,,1,
/uk/aumento-mamario-con-protesis-motiva/,mantener,/uk/aumento-mamario-con-protesis-motiva/,200,Prótesis Motiva: Aumento Mamario - MedicsIntegralSalut,,sitemap_only,,0,
/ca/aumento-mamario-con-protesis-motiva/,mantener,/ca/aumento-mamario-con-protesis-motiva/,200,Prótesis Motiva: Aumento Mamario - MedicsIntegralSalut,,sitemap_only,,0,
/en/benefits-of-bariatric-surgery/,mantener,/en/benefits-of-bariatric-surgery/,200,Benefits of Bariatric Surgery - MedicsIntegralSalut,,sitemap_only,,0,
/fr/beneficios-de-la-cirugia-bariatrica/,mantener,/fr/beneficios-de-la-cirugia-bariatrica/,200,Beneficios de la cirugía bariátrica - MedicsIntegralSalut,,sitemap_only,,0,
/ru/beneficios-de-la-cirugia-bariatrica/,mantener,/ru/beneficios-de-la-cirugia-bariatrica/,200,Beneficios de la cirugía bariátrica - MedicsIntegralSalut,,sitemap_only,,0,
/uk/beneficios-de-la-cirugia-bariatrica/,mantener,/uk/beneficios-de-la-cirugia-bariatrica/,200,Beneficios de la cirugía bariátrica - MedicsIntegralSalut,,sitemap_only,,,
/ca/beneficios-de-la-cirugia-bariatrica/,mantener,/ca/beneficios-de-la-cirugia-bariatrica/,200,Beneficios de la cirugía bariátrica - MedicsIntegralSalut,,sitemap_only,,,
/en/hagase-la-luz-en-el-rostro/,mantener,/en/hagase-la-luz-en-el-rostro/,200,What can we do to restore the skin's radiance?,,sitemap_only,,0,
/fr/hagase-la-luz-en-el-rostro/,mantener,/fr/hagase-la-luz-en-el-rostro/,200,Que pouvons-nous faire pour redonner de l'éclat à la peau ?,,sitemap_only,,,
/ru/%d1%81%d0%b4%d0%b5%d0%bb%d0%b0%d0%b9-%d1%81%d0%b2%d0%b5%d1%82-%d0%bd%d0%b0-%d0%bb%d0%b8%d1%86%d0%b5/,mantener,/ru/%d1%81%d0%b4%d0%b5%d0%bb%d0%b0%d0%b9-%d1%81%d0%b2%d0%b5%d1%82-%d0%bd%d0%b0-%d0%bb%d0%b8%d1%86%d0%b5/,200,"Что мы можем сделать, чтобы вернуть коже сияние?",,sitemap_only,,,
/uk/hagase-la-luz-en-el-rostro/,mantener,/uk/hagase-la-luz-en-el-rostro/,200,"Що можна зробити, щоб повернути шкірі сяйво?",,sitemap_only,,0,
/ca/hagase-la-luz-en-el-rostro/,mantener,/ca/hagase-la-luz-en-el-rostro/,200,Què podem fer per recuperar la lluminositat de la pell?,,sitemap_only,,,
/en/deberia-reducirme-el-pecho/,mantener,/en/deberia-reducirme-el-pecho/,200,¿Debería reducirme el pecho? - MedicsIntegralSalut,,sitemap_only,,0,
/fr/deberia-reducirme-el-pecho/,mantener,/fr/deberia-reducirme-el-pecho/,200,¿Debería reducirme el pecho? - MedicsIntegralSalut,,sitemap_only,,0,
/ru/deberia-reducirme-el-pecho/,mantener,/ru/deberia-reducirme-el-pecho/,200,¿Debería reducirme el pecho? - MedicsIntegralSalut,,sitemap_only,,0,
/uk/%d0%bc%d0%b5%d0%bd%d1%96-%d1%81%d0%bb%d1%96%d0%b4-%d0%b7%d0%bc%d0%b5%d0%bd%d1%88%d0%b8%d1%82%d0%b8-%d0%b3%d1%80%d1%83%d0%b4%d0%b8/,mantener,/uk/%d0%bc%d0%b5%d0%bd%d1%96-%d1%81%d0%bb%d1%96%d0%b4-%d0%b7%d0%bc%d0%b5%d0%bd%d1%88%d0%b8%d1%82%d0%b8-%d0%b3%d1%80%d1%83%d0%b4%d0%b8/,200,Чи варто мені зменшити груди? — MedicsIntegralSalut,,sitemap_only,,,
/ca/hauria-de-reduir-me-el-pit/,mantener,/ca/hauria-de-reduir-me-el-pit/,200,M'hauria de fer una reducció de pits? - MedicsIntegralSalut,,sitemap_only,,,
/en/como-cuidar-la-piel-a-los-50/,mantener,/en/como-cuidar-la-piel-a-los-50/,200,Cómo cuidar la piel de la cara a los 50 - MedicsIntegralSalut,,sitemap_only,,,
/fr/como-cuidar-la-piel-a-los-50/,mantener,/fr/como-cuidar-la-piel-a-los-50/,200,Cómo cuidar la piel de la cara a los 50 - MedicsIntegralSalut,,sitemap_only,,,
/ru/como-cuidar-la-piel-a-los-50/,mantener,/ru/como-cuidar-la-piel-a-los-50/,200,Cómo cuidar la piel de la cara a los 50 - MedicsIntegralSalut,,sitemap_only,,0,
/uk/como-cuidar-la-piel-a-los-50/,mantener,/uk/como-cuidar-la-piel-a-los-50/,200,Cómo cuidar la piel de la cara a los 50 - MedicsIntegralSalut,,sitemap_only,,,
/ca/como-cuidar-la-piel-a-los-50/,mantener,/ca/como-cuidar-la-piel-a-los-50/,200,Cómo cuidar la piel de la cara a los 50 - MedicsIntegralSalut,,sitemap_only,,0,
/en/alimentos-que-benefician-tu-piel/,mantener,/en/alimentos-que-benefician-tu-piel/,200,¿Qué Alimentos benefician la piel? - MedicsIntegralSalut,,sitemap_only,,0,
/fr/alimentos-que-benefician-tu-piel/,mantener,/fr/alimentos-que-benefician-tu-piel/,200,¿Qué Alimentos benefician la piel? - MedicsIntegralSalut,,sitemap_only,,,
/ru/alimentos-que-benefician-tu-piel/,mantener,/ru/alimentos-que-benefician-tu-piel/,200,¿Qué Alimentos benefician la piel? - MedicsIntegralSalut,,sitemap_only,,0,
/uk/%d0%bf%d1%80%d0%be%d0%b4%d1%83%d0%ba%d1%82%d0%b8-%d1%8f%d0%ba%d1%96-%d0%ba%d0%be%d1%80%d0%b8%d1%81%d0%bd%d1%96-%d0%b4%d0%bb%d1%8f-%d1%88%d0%ba%d1%96%d1%80%d0%b8/,mantener,/uk/%d0%bf%d1%80%d0%be%d0%b4%d1%83%d0%ba%d1%82%d0%b8-%d1%8f%d0%ba%d1%96-%d0%ba%d0%be%d1%80%d0%b8%d1%81%d0%bd%d1%96-%d0%b4%d0%bb%d1%8f-%d1%88%d0%ba%d1%96%d1%80%d0%b8/,200,Які продукти корисні для шкіри? — MedicsIntegralSalut,,sitemap_only,,,
/ca/alimentos-que-benefician-tu-piel/,mantener,/ca/alimentos-que-benefician-tu-piel/,200,¿Qué Alimentos benefician la piel? - MedicsIntegralSalut,,sitemap_only,,0,
/en/hay-solucion-para-la-antiestetica-marca-del-cansancio-bajo-los-ojos/,mantener,/en/hay-solucion-para-la-antiestetica-marca-del-cansancio-bajo-los-ojos/,200,Are there any solutions for unsightly under-eye tiredness marks?,,sitemap_only,,0,
/fr/hay-solucion-para-la-antiestetica-marca-del-cansancio-bajo-los-ojos/,mantener,/fr/hay-solucion-para-la-antiestetica-marca-del-cansancio-bajo-los-ojos/,200,Existe-t-il une solution pour les cernes disgracieux sous les yeux ?,,sitemap_only,,0,
/ru/hay-solucion-para-la-antiestetica-marca-del-cansancio-bajo-los-ojos/,mantener,/ru/hay-solucion-para-la-antiestetica-marca-del-cansancio-bajo-los-ojos/,200,Есть ли решение для неприглядных темных кругов под глазами?,,sitemap_only,,0,
/uk/hay-solucion-para-la-antiestetica-marca-del-cansancio-bajo-los-ojos/,mantener,/uk/hay-solucion-para-la-antiestetica-marca-del-cansancio-bajo-los-ojos/,200,Чи існує якийсь спосіб позбутися непривабливих слідів втоми під очима?,,sitemap_only,,0,
/ca/hay-solucion-para-la-antiestetica-marca-del-cansancio-bajo-los-ojos/,mantener,/ca/hay-solucion-para-la-antiestetica-marca-del-cansancio-bajo-los-ojos/,200,Hi ha alguna solució per a l'antiestètica marca de cansament sota els ulls?,,sitemap_only,,0,
/en/mis-tratamientos-preferidos-resultados-inmediatos/,mantener,/en/mis-tratamientos-preferidos-resultados-inmediatos/,200,"Mis tratamientos preferidos, resultados inmediatos - MedicsIntegralSalut",,sitemap_only,,,
/fr/mis-tratamientos-preferidos-resultados-inmediatos/,mantener,/fr/mis-tratamientos-preferidos-resultados-inmediatos/,200,"Mis tratamientos preferidos, resultados inmediatos - MedicsIntegralSalut",,sitemap_only,,,
/ru/mis-tratamientos-preferidos-resultados-inmediatos/,mantener,/ru/mis-tratamientos-preferidos-resultados-inmediatos/,200,"Mis tratamientos preferidos, resultados inmediatos - MedicsIntegralSalut",,sitemap_only,,,
/uk/mis-tratamientos-preferidos-resultados-inmediatos/,mantener,/uk/mis-tratamientos-preferidos-resultados-inmediatos/,200,"Mis tratamientos preferidos, resultados inmediatos - MedicsIntegralSalut",,sitemap_only,,,
/ca/els-meus-tractaments-preferits-resultats-immediats-2/,301,/ca/els-meus-tractaments-preferits-resultats-immediats/,301,"Els meus tractaments preferits, resultats immediats - MedicsIntegralSalut",,sitemap_only,,,renombrada 05/10/2026: URL catalana sin «-2» (decisión usuario)
/en/rinoplastia-recuperacion-fotos/,mantener,/en/rinoplastia-recuperacion-fotos/,200,Fotos de recuperación de rinoplastia: antes y después,,sitemap_only,,,
/fr/rinoplastia-recuperacion-fotos/,mantener,/fr/rinoplastia-recuperacion-fotos/,200,Fotos de recuperación de rinoplastia: antes y después,,sitemap_only,,,
/ru/%d1%80%d0%b8%d0%bd%d0%be%d0%bf%d0%bb%d0%b0%d1%81%d1%82%d0%b8%d0%ba%d0%b0-%d0%b2%d0%be%d1%81%d1%81%d1%82%d0%b0%d0%bd%d0%be%d0%b2%d0%bb%d0%b5%d0%bd%d0%b8%d0%b5-%d1%84%d0%be%d1%82%d0%be/,mantener,/ru/%d1%80%d0%b8%d0%bd%d0%be%d0%bf%d0%bb%d0%b0%d1%81%d1%82%d0%b8%d0%ba%d0%b0-%d0%b2%d0%be%d1%81%d1%81%d1%82%d0%b0%d0%bd%d0%be%d0%b2%d0%bb%d0%b5%d0%bd%d0%b8%d0%b5-%d1%84%d0%be%d1%82%d0%be/,200,Фотографии восстановления после ринопластики: до и после,,sitemap_only,,,
/uk/rinoplastia-recuperacion-fotos/,mantener,/uk/rinoplastia-recuperacion-fotos/,200,Fotos de recuperación de rinoplastia: antes y después,,sitemap_only,0,23,
/ca/rinoplastia-recuperacion-fotos/,mantener,/ca/rinoplastia-recuperacion-fotos/,200,Fotos de recuperación de rinoplastia: antes y después,,sitemap_only,,1,
/en/ultrasonic-rhinoplasty-2/,mantener,/en/ultrasonic-rhinoplasty-2/,200,Ultrasonic rhinoplasty: what it is and its advantages,,sitemap_only,,0,
/fr/rhinoplastie-ultrasonique-quest-ce-que-cest/,mantener,/fr/rhinoplastie-ultrasonique-quest-ce-que-cest/,200,Rinoplastie ultrasonique : qu'est-ce que c'est et quels sont les avantages de la réaliser,,sitemap_only,,0,
/ru/%d1%83%d0%bb%d1%8c%d1%82%d1%80%d0%b0%d0%b7%d0%b2%d1%83%d0%ba%d0%be%d0%b2%d0%b0%d1%8f-%d1%80%d0%b8%d0%bd%d0%be%d0%bf%d0%bb%d0%b0%d1%81%d1%82%d0%b8%d0%ba%d0%b0-%d1%87%d1%82%d0%be-%d1%8d%d1%82%d0%be/,mantener,/ru/%d1%83%d0%bb%d1%8c%d1%82%d1%80%d0%b0%d0%b7%d0%b2%d1%83%d0%ba%d0%be%d0%b2%d0%b0%d1%8f-%d1%80%d0%b8%d0%bd%d0%be%d0%bf%d0%bb%d0%b0%d1%81%d1%82%d0%b8%d0%ba%d0%b0-%d1%87%d1%82%d0%be-%d1%8d%d1%82%d0%be/,200,Ультразвуковая ринопластика: что это и какие преимущества дает ее проведение,,sitemap_only,,,
/uk/%d1%89%d0%be-%d1%82%d0%b0%d0%ba%d0%b5-%d1%83%d0%bb%d1%8c%d1%82%d1%80%d0%b0%d0%b7%d0%b2%d1%83%d0%ba%d0%be%d0%b2%d0%b0-%d1%80%d0%b8%d0%bd%d0%be%d0%bf%d0%bb%d0%b0%d1%81%d1%82%d0%b8%d0%ba%d0%b0/,mantener,/uk/%d1%89%d0%be-%d1%82%d0%b0%d0%ba%d0%b5-%d1%83%d0%bb%d1%8c%d1%82%d1%80%d0%b0%d0%b7%d0%b2%d1%83%d0%ba%d0%be%d0%b2%d0%b0-%d1%80%d0%b8%d0%bd%d0%be%d0%bf%d0%bb%d0%b0%d1%81%d1%82%d0%b8%d0%ba%d0%b0/,200,Ультразвукова ринопластика: що це таке та які переваги має така операція,,sitemap_only,,,
/ca/rinoplastia-ultrasonica-que-es/,mantener,/ca/rinoplastia-ultrasonica-que-es/,200,Rinoplàstia ultrasònica: què és i avantatges que té fer-se-la,,sitemap_only,,,
/en/rhinoseptoplasty/,mantener,/en/rhinoseptoplasty/,200,Rinoseptoplastia: qué es y cuándo se recomienda | Medics,,sitemap_only,,0,
/fr/la-rhinoseptoplastie-quest-ce-que-cest/,mantener,/fr/la-rhinoseptoplastie-quest-ce-que-cest/,200,Rinoseptoplastia: qué es y cuándo se recomienda | Medics,,sitemap_only,,0,
/ru/%d1%80%d0%b8%d0%bd%d0%be%d1%81%d0%b5%d0%bf%d1%82%d0%be%d0%bf%d0%bb%d0%b0%d1%81%d1%82%d0%b8%d0%ba%d0%b0-%d1%87%d1%82%d0%be-%d1%8d%d1%82%d0%be/,mantener,/ru/%d1%80%d0%b8%d0%bd%d0%be%d1%81%d0%b5%d0%bf%d1%82%d0%be%d0%bf%d0%bb%d0%b0%d1%81%d1%82%d0%b8%d0%ba%d0%b0-%d1%87%d1%82%d0%be-%d1%8d%d1%82%d0%be/,200,Риносептопластика: что это и когда ее рекомендуют | Medics,,sitemap_only,,,
/uk/%d1%80%d0%b8%d0%bd%d0%be%d1%81%d0%b5%d0%bf%d1%82%d0%be%d0%bf%d0%bb%d0%b0%d1%81%d1%82%d0%b8%d0%ba%d0%b0-%d1%86%d0%b5/,mantener,/uk/%d1%80%d0%b8%d0%bd%d0%be%d1%81%d0%b5%d0%bf%d1%82%d0%be%d0%bf%d0%bb%d0%b0%d1%81%d1%82%d0%b8%d0%ba%d0%b0-%d1%86%d0%b5/,200,Риносептопластика: що це таке і коли її рекомендують | Medics,,sitemap_only,,,
/ca/rinoseptoplastia-que-es/,mantener,/ca/rinoseptoplastia-que-es/,200,Rinoseptoplàstia: què és i quan es recomana | Medics,,sitemap_only,,0,
/en/rhinoplasty-or-septoplasty/,mantener,/en/rhinoplasty-or-septoplasty/,200,Rhinoplasty or septoplasty: differences and which one you need,,sitemap_only,,0,
/fr/rinoplastia-o-septoplastia/,mantener,/fr/rinoplastia-o-septoplastia/,200,Rinoplastia o septoplastia: diferencias y cuál necesitas,,sitemap_only,,0,
/ru/rinoplastia-o-septoplastia/,mantener,/ru/rinoplastia-o-septoplastia/,200,Rinoplastia o septoplastia: diferencias y cuál necesitas,,sitemap_only,,0,
/uk/%d1%80%d0%b8%d0%bd%d0%be%d0%bf%d0%bb%d0%b0%d1%81%d1%82%d0%b8%d0%ba%d0%b0-%d0%b0%d0%b1%d0%be-%d1%81%d0%b5%d0%bf%d1%82%d0%be%d0%bf%d0%bb%d0%b0%d1%81%d1%82%d0%b8%d0%ba%d0%b0/,mantener,/uk/%d1%80%d0%b8%d0%bd%d0%be%d0%bf%d0%bb%d0%b0%d1%81%d1%82%d0%b8%d0%ba%d0%b0-%d0%b0%d0%b1%d0%be-%d1%81%d0%b5%d0%bf%d1%82%d0%be%d0%bf%d0%bb%d0%b0%d1%81%d1%82%d0%b8%d0%ba%d0%b0/,200,Ринопластика чи септопластика: відмінності та що саме вам потрібно,,sitemap_only,,,
/ca/rinoplastia-o-setoplastia/,mantener,/ca/rinoplastia-o-setoplastia/,200,Rinoplàstia o setoplàstia: diferències i quina necessites,,sitemap_only,,0,
/en/cuanto-cuesta-rinoplastia-espana/,mantener,/en/cuanto-cuesta-rinoplastia-espana/,200,Cuánto cuesta una Rinoplastia en España | MedicsIntegralSalut,,sitemap_only,,0,
/fr/cuanto-cuesta-rinoplastia-espana/,mantener,/fr/cuanto-cuesta-rinoplastia-espana/,200,Cuánto cuesta una Rinoplastia en España | MedicsIntegralSalut,,sitemap_only,,,
/ru/cuanto-cuesta-rinoplastia-espana/,mantener,/ru/cuanto-cuesta-rinoplastia-espana/,200,Cuánto cuesta una Rinoplastia en España | MedicsIntegralSalut,,sitemap_only,,3,
/uk/cuanto-cuesta-rinoplastia-espana/,mantener,/uk/cuanto-cuesta-rinoplastia-espana/,200,Cuánto cuesta una Rinoplastia en España | MedicsIntegralSalut,,sitemap_only,,0,
/ca/quant-val-una-rinoplastia-a-espanya/,mantener,/ca/quant-val-una-rinoplastia-a-espanya/,200,Quant costa una Rinoplàstia a Espanya | MedicsIntegralSalut,,sitemap_only,,0,
/en/rhinoplasty-recovery/,mantener,/en/rhinoplasty-recovery/,200,"Rhinoplasty Recovery: Timings, Care, and Tips ✅",,sitemap_only,,0,
/fr/recuperation-rhinoplastie/,mantener,/fr/recuperation-rhinoplastie/,200,"Récupération après une rhinoplastie : délais, soins et conseils",,sitemap_only,,0,
/ru/%d1%80%d0%b8%d0%bd%d0%be%d0%bf%d0%bb%d0%b0%d1%81%d1%82%d0%b8%d0%ba%d0%b0-%d0%b2%d0%be%d1%81%d1%81%d1%82%d0%b0%d0%bd%d0%be%d0%b2%d0%bb%d0%b5%d0%bd%d0%b8%d0%b5/,mantener,/ru/%d1%80%d0%b8%d0%bd%d0%be%d0%bf%d0%bb%d0%b0%d1%81%d1%82%d0%b8%d0%ba%d0%b0-%d0%b2%d0%be%d1%81%d1%81%d1%82%d0%b0%d0%bd%d0%be%d0%b2%d0%bb%d0%b5%d0%bd%d0%b8%d0%b5/,200,"Восстановление после ринопластики: сроки, уход и советы ✅",,sitemap_only,,,
/uk/%d0%b2%d1%96%d0%b4%d0%bd%d0%be%d0%b2%d0%bb%d0%b5%d0%bd%d0%bd%d1%8f-%d0%bf%d1%96%d1%81%d0%bb%d1%8f-%d1%80%d0%b8%d0%bd%d0%be%d0%bf%d0%bb%d0%b0%d1%81%d1%82%d0%b8%d0%ba%d0%b8/,mantener,/uk/%d0%b2%d1%96%d0%b4%d0%bd%d0%be%d0%b2%d0%bb%d0%b5%d0%bd%d0%bd%d1%8f-%d0%bf%d1%96%d1%81%d0%bb%d1%8f-%d1%80%d0%b8%d0%bd%d0%be%d0%bf%d0%bb%d0%b0%d1%81%d1%82%d0%b8%d0%ba%d0%b8/,200,"Відновлення після ринопластики: терміни, догляд та поради ✅",,sitemap_only,,,
/ca/recuperacio-rinoplastia/,mantener,/ca/recuperacio-rinoplastia/,200,"Recuperació de rinoplàstia: temps, cures i consells ✅",,sitemap_only,,0,
/en/what-is-a-rhinoplasty/,mantener,/en/what-is-a-rhinoplasty/,200,"What is a rhinoplasty: types, recovery and results | Medics",,sitemap_only,,,
/fr/quest-ce-quune-rhinoplastie/,mantener,/fr/quest-ce-quune-rhinoplastie/,200,"Qu'est-ce qu'une rhinoplastie : types, récupération et résultats | Medics",,sitemap_only,,0,
/ru/que-es-una-rinoplastia/,mantener,/ru/que-es-una-rinoplastia/,200,"Qué es una rinoplastia: tipos, recuperación y resultados | Medics",,sitemap_only,,,
/uk/%d1%89%d0%be-%d1%82%d0%b0%d0%ba%d0%b5-%d1%80%d0%b8%d0%bd%d0%be%d0%bf%d0%bb%d0%b0%d1%81%d1%82%d0%b8%d0%ba%d0%b0/,mantener,/uk/%d1%89%d0%be-%d1%82%d0%b0%d0%ba%d0%b5-%d1%80%d0%b8%d0%bd%d0%be%d0%bf%d0%bb%d0%b0%d1%81%d1%82%d0%b8%d0%ba%d0%b0/,200,"Що таке ринопластика: види, відновлення та результати | Medics",,sitemap_only,,,
/ca/que-es-una-rinoplastia/,mantener,/ca/que-es-una-rinoplastia/,200,"Qué es una rinoplastia: tipos, recuperación y resultados | Medics",,sitemap_only,,,
/en/cuanto-cuesta-balon-gastrico/,mantener,/en/cuanto-cuesta-balon-gastrico/,200,Cuánto cuesta un balón gástrico: qué incluye y de que depende ⭐,,sitemap_only,,2,
/fr/cuanto-cuesta-balon-gastrico/,mantener,/fr/cuanto-cuesta-balon-gastrico/,200,Cuánto cuesta un balón gástrico: qué incluye y de que depende ⭐,,sitemap_only,,0,
/ru/cuanto-cuesta-balon-gastrico/,mantener,/ru/cuanto-cuesta-balon-gastrico/,200,Cuánto cuesta un balón gástrico: qué incluye y de que depende ⭐,,sitemap_only,,1,
/uk/%d1%81%d0%ba%d1%96%d0%bb%d1%8c%d0%ba%d0%b8-%d0%ba%d0%be%d1%88%d1%82%d1%83%d1%94-%d1%88%d0%bb%d1%83%d0%bd%d0%ba%d0%be%d0%b2%d0%b8%d0%b9-%d0%b1%d0%b0%d0%bb%d0%be%d0%bd/,mantener,/uk/%d1%81%d0%ba%d1%96%d0%bb%d1%8c%d0%ba%d0%b8-%d0%ba%d0%be%d1%88%d1%82%d1%83%d1%94-%d1%88%d0%bb%d1%83%d0%bd%d0%ba%d0%be%d0%b2%d0%b8%d0%b9-%d0%b1%d0%b0%d0%bb%d0%be%d0%bd/,200,Скільки коштує шлунковий балон: що входить у вартість і від чого вона залежить ⭐,,sitemap_only,,,
/ca/cuanto-cuesta-balon-gastrico/,mantener,/ca/cuanto-cuesta-balon-gastrico/,200,Cuánto cuesta un balón gástrico: qué incluye y de que depende ⭐,,sitemap_only,,0,
/en/la-importancia-de-seleccionar-el-tratamiento-adecuado-para-la-perdida-de-peso/,mantener,/en/la-importancia-de-seleccionar-el-tratamiento-adecuado-para-la-perdida-de-peso/,200,Tratamiento Adecuado para la Pérdida de Peso- MedicsIntegralSalut,,sitemap_only,,0,
/fr/limportance-de-selectionner-le-traitement-approprie-pour-la-perte-de-poids/,mantener,/fr/limportance-de-selectionner-le-traitement-approprie-pour-la-perte-de-poids/,200,Traitement adapté pour la perte de poids - MedicsIntegralSalut,,sitemap_only,,0,
/ru/la-importancia-de-seleccionar-el-tratamiento-adecuado-para-la-perdida-de-peso/,mantener,/ru/la-importancia-de-seleccionar-el-tratamiento-adecuado-para-la-perdida-de-peso/,200,Tratamiento Adecuado para la Pérdida de Peso- MedicsIntegralSalut,,sitemap_only,,0,
/uk/la-importancia-de-seleccionar-el-tratamiento-adecuado-para-la-perdida-de-peso/,mantener,/uk/la-importancia-de-seleccionar-el-tratamiento-adecuado-para-la-perdida-de-peso/,200,Tratamiento Adecuado para la Pérdida de Peso- MedicsIntegralSalut,,sitemap_only,,0,
/ca/la-importancia-de-seleccionar-el-tratamiento-adecuado-para-la-perdida-de-peso/,mantener,/ca/la-importancia-de-seleccionar-el-tratamiento-adecuado-para-la-perdida-de-peso/,200,Tratamiento Adecuado para la Pérdida de Peso- MedicsIntegralSalut,,sitemap_only,,0,
/en/que-es-mejor-liposuccion-tradicional-o-liposuccion-vaser/,mantener,/en/que-es-mejor-liposuccion-tradicional-o-liposuccion-vaser/,200,Qué es mejor: ¿Liposucción tradicional o liposucción Váser? - MedicsIntegralSalut,,sitemap_only,,1,
/fr/que-es-mejor-liposuccion-tradicional-o-liposuccion-vaser/,mantener,/fr/que-es-mejor-liposuccion-tradicional-o-liposuccion-vaser/,200,Qué es mejor: ¿Liposucción tradicional o liposucción Váser? - MedicsIntegralSalut,,sitemap_only,,,
/ru/que-es-mejor-liposuccion-tradicional-o-liposuccion-vaser/,mantener,/ru/que-es-mejor-liposuccion-tradicional-o-liposuccion-vaser/,200,Qué es mejor: ¿Liposucción tradicional o liposucción Váser? - MedicsIntegralSalut,,sitemap_only,,,
/uk/que-es-mejor-liposuccion-tradicional-o-liposuccion-vaser/,mantener,/uk/que-es-mejor-liposuccion-tradicional-o-liposuccion-vaser/,200,Qué es mejor: ¿Liposucción tradicional o liposucción Váser? - MedicsIntegralSalut,,sitemap_only,,,
/ca/que-es-mejor-liposuccion-tradicional-o-liposuccion-vaser/,mantener,/ca/que-es-mejor-liposuccion-tradicional-o-liposuccion-vaser/,200,Qué es mejor: ¿Liposucción tradicional o liposucción Váser? - MedicsIntegralSalut,,sitemap_only,,0,
/en/que-cambios-positivos-aporta-una-cirugia-de-aumento-de-pecho/,mantener,/en/que-cambios-positivos-aporta-una-cirugia-de-aumento-de-pecho/,200,What real changes does breast augmentation surgery bring?,,sitemap_only,,0,
/fr/que-cambios-positivos-aporta-una-cirugia-de-aumento-de-pecho/,mantener,/fr/que-cambios-positivos-aporta-una-cirugia-de-aumento-de-pecho/,200,Quels sont les changements réels apportés par une chirurgie d'augmentation mammaire ?,,sitemap_only,,0,
/ru/que-cambios-positivos-aporta-una-cirugia-de-aumento-de-pecho/,mantener,/ru/que-cambios-positivos-aporta-una-cirugia-de-aumento-de-pecho/,200,Какие реальные изменения приносит операция по увеличению груди?,,sitemap_only,,0,
/uk/que-cambios-positivos-aporta-una-cirugia-de-aumento-de-pecho/,mantener,/uk/que-cambios-positivos-aporta-una-cirugia-de-aumento-de-pecho/,200,Які реальні зміни дає операція з збільшення грудей?,,sitemap_only,,0,
/ca/que-cambios-positivos-aporta-una-cirugia-de-aumento-de-pecho/,mantener,/ca/que-cambios-positivos-aporta-una-cirugia-de-aumento-de-pecho/,200,Quins canvis reals aporta una cirurgia d'augment de pit?,,sitemap_only,,0,
/en/the-significant-help-of-ozempic-and-mounjaro-drugs-in-weight-loss-at-our-clinic/,mantener,/en/the-significant-help-of-ozempic-and-mounjaro-drugs-in-weight-loss-at-our-clinic/,200,Drug Assistance in Weight Loss: Ozempic and Mounjaro,,sitemap_only,,0,
/fr/la-importante-ayuda-de-los-farmacos-en-la-perdida-de-peso-ozempic-y-mounjaro-en-nuestra-clinica/,mantener,/fr/la-importante-ayuda-de-los-farmacos-en-la-perdida-de-peso-ozempic-y-mounjaro-en-nuestra-clinica/,200,Ayuda de Fármacos en la Pérdida de Peso: Ozempic y Mounjaro,,sitemap_only,,0,
/ru/la-importante-ayuda-de-los-farmacos-en-la-perdida-de-peso-ozempic-y-mounjaro-en-nuestra-clinica/,mantener,/ru/la-importante-ayuda-de-los-farmacos-en-la-perdida-de-peso-ozempic-y-mounjaro-en-nuestra-clinica/,200,Ayuda de Fármacos en la Pérdida de Peso: Ozempic y Mounjaro,,sitemap_only,,0,
/uk/la-importante-ayuda-de-los-farmacos-en-la-perdida-de-peso-ozempic-y-mounjaro-en-nuestra-clinica/,mantener,/uk/la-importante-ayuda-de-los-farmacos-en-la-perdida-de-peso-ozempic-y-mounjaro-en-nuestra-clinica/,200,Ayuda de Fármacos en la Pérdida de Peso: Ozempic y Mounjaro,,sitemap_only,,0,
/ca/la-importante-ayuda-de-los-farmacos-en-la-perdida-de-peso-ozempic-y-mounjaro-en-nuestra-clinica/,mantener,/ca/la-importante-ayuda-de-los-farmacos-en-la-perdida-de-peso-ozempic-y-mounjaro-en-nuestra-clinica/,200,Ayuda de Fármacos en la Pérdida de Peso: Ozempic y Mounjaro,,sitemap_only,,1,
/en/la-reduccion-de-mamas-mas-que-un-cambio-de-volumen-un-cambio-de-vida/,mantener,/en/la-reduccion-de-mamas-mas-que-un-cambio-de-volumen-un-cambio-de-vida/,200,Reducción de Mamas: Más Que un Cambio de Volumen,,sitemap_only,,0,
/fr/la-reduccion-de-mamas-mas-que-un-cambio-de-volumen-un-cambio-de-vida/,mantener,/fr/la-reduccion-de-mamas-mas-que-un-cambio-de-volumen-un-cambio-de-vida/,200,Reducción de Mamas: Más Que un Cambio de Volumen,,sitemap_only,,0,
/ru/%d1%80%d0%b5%d0%b4%d1%83%d0%ba%d1%86%d0%b8%d1%8f-%d0%b3%d1%80%d1%83%d0%b4%d0%b8-%d0%b1%d0%be%d0%bb%d1%8c%d1%88%d0%b5-%d1%87%d0%b5%d0%bc-%d0%b8%d0%b7%d0%bc%d0%b5%d0%bd%d0%b5%d0%bd%d0%b8%d0%b5-%d0%be/,mantener,/ru/%d1%80%d0%b5%d0%b4%d1%83%d0%ba%d1%86%d0%b8%d1%8f-%d0%b3%d1%80%d1%83%d0%b4%d0%b8-%d0%b1%d0%be%d0%bb%d1%8c%d1%88%d0%b5-%d1%87%d0%b5%d0%bc-%d0%b8%d0%b7%d0%bc%d0%b5%d0%bd%d0%b5%d0%bd%d0%b8%d0%b5-%d0%be/,200,"Редукционная маммопластика: больше, чем изменение объема",,sitemap_only,,,
/uk/la-reduccion-de-mamas-mas-que-un-cambio-de-volumen-un-cambio-de-vida/,mantener,/uk/la-reduccion-de-mamas-mas-que-un-cambio-de-volumen-un-cambio-de-vida/,200,Reducción de Mamas: Más Que un Cambio de Volumen,,sitemap_only,,0,
/ca/la-reduccio-de-pits-mes-que-un-canvi-de-volum-un-canvi-de-vida/,mantener,/ca/la-reduccio-de-pits-mes-que-un-canvi-de-volum-un-canvi-de-vida/,200,Reducció de Mames: Més Que un Canvi de Volum,,sitemap_only,,1,
/en/eres-candidata-o-a-una-cirugia-bariatrica/,mantener,/en/eres-candidata-o-a-una-cirugia-bariatrica/,200,¿Eres candidata/o a una cirugía bariátrica? - MedicsIntegralSalut,,sitemap_only,,,
/fr/etes-vous-candidate-a-une-chirurgie-bariatrique/,mantener,/fr/etes-vous-candidate-a-une-chirurgie-bariatrique/,200,Êtes-vous candidat(e) à la chirurgie bariatrique ? - MedicsIntegralSalut,,sitemap_only,,0,
/ru/eres-candidata-o-a-una-cirugia-bariatrica/,mantener,/ru/eres-candidata-o-a-una-cirugia-bariatrica/,200,¿Eres candidata/o a una cirugía bariátrica? - MedicsIntegralSalut,,sitemap_only,,0,
/uk/%d0%b2%d0%b8-%d1%94-%d0%ba%d0%b0%d0%bd%d0%b4%d0%b8%d0%b4%d0%b0%d1%82%d0%ba%d0%be%d1%8e-%d0%bd%d0%b0-%d0%bf%d1%80%d0%be%d0%b2%d0%b5%d0%b4%d0%b5%d0%bd%d0%bd%d1%8f-%d0%b1%d0%b0%d1%80%d1%96%d0%b0%d1%82/,mantener,/uk/%d0%b2%d0%b8-%d1%94-%d0%ba%d0%b0%d0%bd%d0%b4%d0%b8%d0%b4%d0%b0%d1%82%d0%ba%d0%be%d1%8e-%d0%bd%d0%b0-%d0%bf%d1%80%d0%be%d0%b2%d0%b5%d0%b4%d0%b5%d0%bd%d0%bd%d1%8f-%d0%b1%d0%b0%d1%80%d1%96%d0%b0%d1%82/,200,Чи підходите ви для проведення баріатричної операції? — MedicsIntegralSalut,,sitemap_only,,,
/ca/eres-candidata-o-a-una-cirugia-bariatrica/,mantener,/ca/eres-candidata-o-a-una-cirugia-bariatrica/,200,¿Eres candidata/o a una cirugía bariátrica? - MedicsIntegralSalut,,sitemap_only,,,
/en/round-prostheses-vs-ergonomic-prostheses/,mantener,/en/round-prostheses-vs-ergonomic-prostheses/,200,Round Prosthetics vs. Ergonomic Prosthetics - MedicsIntegralSalut,,sitemap_only,,0,
/fr/protesis-redondas-vs-protesis-ergonomicas/,mantener,/fr/protesis-redondas-vs-protesis-ergonomicas/,200,Prótesis Redondas vs. Prótesis Ergonómicas - MedicsIntegralSalut,,sitemap_only,,0,
/ru/%d0%ba%d1%80%d1%83%d0%b3%d0%bb%d1%8b%d0%b5-%d0%bf%d1%80%d0%be%d1%82%d0%b5%d0%b7%d1%8b-%d0%bf%d1%80%d0%be%d1%82%d0%b8%d0%b2-%d1%8d%d1%80%d0%b3%d0%be%d0%bd%d0%be%d0%bc%d0%b8%d1%87%d0%bd%d1%8b%d1%85/,mantener,/ru/%d0%ba%d1%80%d1%83%d0%b3%d0%bb%d1%8b%d0%b5-%d0%bf%d1%80%d0%be%d1%82%d0%b5%d0%b7%d1%8b-%d0%bf%d1%80%d0%be%d1%82%d0%b8%d0%b2-%d1%8d%d1%80%d0%b3%d0%be%d0%bd%d0%be%d0%bc%d0%b8%d1%87%d0%bd%d1%8b%d1%85/,200,Prótesis Redondas vs. Prótesis Ergonómicas - MedicsIntegralSalut,,sitemap_only,,,
/uk/%d0%ba%d1%80%d1%83%d0%b3%d0%bb%d1%96-%d0%bf%d1%80%d0%be%d1%82%d0%b5%d0%b7%d0%b8-%d0%bf%d1%80%d0%be%d1%82%d0%b8-%d0%b5%d1%80%d0%b3%d0%be%d0%bd%d0%be%d0%bc%d1%96%d1%87%d0%bd%d0%b8%d1%85-%d0%bf%d1%80/,mantener,/uk/%d0%ba%d1%80%d1%83%d0%b3%d0%bb%d1%96-%d0%bf%d1%80%d0%be%d1%82%d0%b5%d0%b7%d0%b8-%d0%bf%d1%80%d0%be%d1%82%d0%b8-%d0%b5%d1%80%d0%b3%d0%be%d0%bd%d0%be%d0%bc%d1%96%d1%87%d0%bd%d0%b8%d1%85-%d0%bf%d1%80/,200,Круглі протези проти ергономічних протезів — MedicsIntegralSalut,,sitemap_only,,,
/ca/protesis-redondas-vs-protesis-ergonomicas/,mantener,/ca/protesis-redondas-vs-protesis-ergonomicas/,200,Prótesis Redondas vs. Prótesis Ergonómicas - MedicsIntegralSalut,,sitemap_only,,0,
/en/la-radiofrecuencia-la-mejor-solucion-a-la-flacidez/,mantener,/en/la-radiofrecuencia-la-mejor-solucion-a-la-flacidez/,200,"La Radiofrecuencia, la mejor solución a la flacidez - MedicsIntegralSalut",,sitemap_only,,0,
/fr/la-radiofrecuencia-la-mejor-solucion-a-la-flacidez/,mantener,/fr/la-radiofrecuencia-la-mejor-solucion-a-la-flacidez/,200,"La Radiofrecuencia, la mejor solución a la flacidez - MedicsIntegralSalut",,sitemap_only,,0,
/ru/la-radiofrecuencia-la-mejor-solucion-a-la-flacidez/,mantener,/ru/la-radiofrecuencia-la-mejor-solucion-a-la-flacidez/,200,"La Radiofrecuencia, la mejor solución a la flacidez - MedicsIntegralSalut",,sitemap_only,,2,
/uk/%d1%80%d0%b0%d0%b4%d1%96%d0%be%d1%87%d0%b0%d1%81%d1%82%d0%be%d1%82%d0%bd%d0%b0-%d1%82%d0%b5%d1%80%d0%b0%d0%bf%d1%96%d1%8f-%d0%bd%d0%b0%d0%b9%d0%ba%d1%80%d0%b0%d1%89%d0%b5-%d1%80%d1%96%d1%88/,mantener,/uk/%d1%80%d0%b0%d0%b4%d1%96%d0%be%d1%87%d0%b0%d1%81%d1%82%d0%be%d1%82%d0%bd%d0%b0-%d1%82%d0%b5%d1%80%d0%b0%d0%bf%d1%96%d1%8f-%d0%bd%d0%b0%d0%b9%d0%ba%d1%80%d0%b0%d1%89%d0%b5-%d1%80%d1%96%d1%88/,200,Радіочастотна терапія — найкраще рішення для боротьби з в’ялістю шкіри — MedicsIntegralSalut,,sitemap_only,,,
/ca/la-radiofrecuencia-la-mejor-solucion-a-la-flacidez/,mantener,/ca/la-radiofrecuencia-la-mejor-solucion-a-la-flacidez/,200,"La Radiofrecuencia, la mejor solución a la flacidez - MedicsIntegralSalut",,sitemap_only,,0,
/en/gigantomastia-solved-by-breast-reduction-surgery/,mantener,/en/gigantomastia-solved-by-breast-reduction-surgery/,200,Gigantomastia: The Solution for Breast Reduction - MedicsIntegralSalut,,sitemap_only,,0,
/fr/la-gigantomastie-solution-reduction-mammaire/,mantener,/fr/la-gigantomastie-solution-reduction-mammaire/,200,Gigantomastie : La solution pour la réduction mammaire - MedicsIntegralSalut,,sitemap_only,,0,
/ru/%d0%b3%d0%b8%d0%b3%d0%b0%d0%bd%d1%82%d0%be%d0%bc%d0%b0%d1%81%d1%82%d0%b8%d1%8f-%d1%80%d0%b5%d1%88%d0%b5%d0%bd%d0%b8%d0%b5-%d1%80%d0%b5%d0%b4%d1%83%d0%ba%d1%86%d0%b8%d0%be%d0%bd/,mantener,/ru/%d0%b3%d0%b8%d0%b3%d0%b0%d0%bd%d1%82%d0%be%d0%bc%d0%b0%d1%81%d1%82%d0%b8%d1%8f-%d1%80%d0%b5%d1%88%d0%b5%d0%bd%d0%b8%d0%b5-%d1%80%d0%b5%d0%b4%d1%83%d0%ba%d1%86%d0%b8%d0%be%d0%bd/,200,Гигантомастия: Решение для уменьшения груди — MedicsIntegralSalut,,sitemap_only,,,
/uk/%d0%b3%d1%96%d0%b3%d0%b0%d0%bd%d1%82%d0%be%d0%bc%d0%b0%d1%81%d1%82%d1%96%d1%8f-%d1%80%d1%96%d1%88%d0%b5%d0%bd%d0%bd%d1%8f-%d1%89%d0%be%d0%b4%d0%be-%d0%b7%d0%bc%d0%b5%d0%bd%d1%88%d0%b5%d0%bd%d0%bd/,mantener,/uk/%d0%b3%d1%96%d0%b3%d0%b0%d0%bd%d1%82%d0%be%d0%bc%d0%b0%d1%81%d1%82%d1%96%d1%8f-%d1%80%d1%96%d1%88%d0%b5%d0%bd%d0%bd%d1%8f-%d1%89%d0%be%d0%b4%d0%be-%d0%b7%d0%bc%d0%b5%d0%bd%d1%88%d0%b5%d0%bd%d0%bd/,200,Гігантомастія: рішення для зменшення грудей — MedicsIntegralSalut,,sitemap_only,,,
/ca/la-gigantomastia-solucio-reduccio-de-pits/,mantener,/ca/la-gigantomastia-solucio-reduccio-de-pits/,200,Gigantomàstia: La solució per a la reducció de pits - MedicsIntegralSalut,,sitemap_only,,,
/en/transforma-tu-figura-con-la-elevacion-de-pecho-todo-lo-que-necesitas-saber/,mantener,/en/transforma-tu-figura-con-la-elevacion-de-pecho-todo-lo-que-necesitas-saber/,200,Mejora tu figura con la elevación de pecho: lo que necesitas saber,,sitemap_only,,0,
/fr/transforme-votre-silhouette-avec-le-lifting-mammaire-tout-ce-que-vous-devez-savoir/,mantener,/fr/transforme-votre-silhouette-avec-le-lifting-mammaire-tout-ce-que-vous-devez-savoir/,200,Améliorez votre silhouette avec la levée de poitrine : ce que vous devez savoir,,sitemap_only,,0,
/ru/%d0%bf%d1%80%d0%b5%d0%be%d0%b1%d1%80%d0%b0%d0%b7%d0%b8%d1%82%d0%b5-%d1%81%d0%b2%d0%be%d1%8e-%d1%84%d0%b8%d0%b3%d1%83%d1%80%d1%83-%d1%81-%d0%bf%d0%be%d0%bc%d0%be%d1%89%d1%8c%d1%8e-%d0%bf%d0%be%d0%b4/,mantener,/ru/%d0%bf%d1%80%d0%b5%d0%be%d0%b1%d1%80%d0%b0%d0%b7%d0%b8%d1%82%d0%b5-%d1%81%d0%b2%d0%be%d1%8e-%d1%84%d0%b8%d0%b3%d1%83%d1%80%d1%83-%d1%81-%d0%bf%d0%be%d0%bc%d0%be%d1%89%d1%8c%d1%8e-%d0%bf%d0%be%d0%b4/,200,Улучшите свою фигуру с помощью лифтинга груди: что вам нужно знать,,sitemap_only,,,
/uk/transforma-tu-figura-con-la-elevacion-de-pecho-todo-lo-que-necesitas-saber/,mantener,/uk/transforma-tu-figura-con-la-elevacion-de-pecho-todo-lo-que-necesitas-saber/,200,Mejora tu figura con la elevación de pecho: lo que necesitas saber,,sitemap_only,,,
/ca/transforma-tu-figura-con-la-elevacion-de-pecho-todo-lo-que-necesitas-saber/,mantener,/ca/transforma-tu-figura-con-la-elevacion-de-pecho-todo-lo-que-necesitas-saber/,200,Mejora tu figura con la elevación de pecho: lo que necesitas saber,,sitemap_only,,,
/en/descubre-todo-lo-que-necesitas-saber-sobre-los-diferentes-tipos-de-cirugia-bariatrica/,mantener,/en/descubre-todo-lo-que-necesitas-saber-sobre-los-diferentes-tipos-de-cirugia-bariatrica/,200,Lo que necesitas saber sobre diferentes tipos de Cirugía Bariátrica,,sitemap_only,,,
/fr/descubre-todo-lo-que-necesitas-saber-sobre-los-diferentes-tipos-de-cirugia-bariatrica/,mantener,/fr/descubre-todo-lo-que-necesitas-saber-sobre-los-diferentes-tipos-de-cirugia-bariatrica/,200,Lo que necesitas saber sobre diferentes tipos de Cirugía Bariátrica,,sitemap_only,,0,
/ru/descubre-todo-lo-que-necesitas-saber-sobre-los-diferentes-tipos-de-cirugia-bariatrica/,mantener,/ru/descubre-todo-lo-que-necesitas-saber-sobre-los-diferentes-tipos-de-cirugia-bariatrica/,200,Lo que necesitas saber sobre diferentes tipos de Cirugía Bariátrica,,sitemap_only,,0,
/uk/descubre-todo-lo-que-necesitas-saber-sobre-los-diferentes-tipos-de-cirugia-bariatrica/,mantener,/uk/descubre-todo-lo-que-necesitas-saber-sobre-los-diferentes-tipos-de-cirugia-bariatrica/,200,Lo que necesitas saber sobre diferentes tipos de Cirugía Bariátrica,,sitemap_only,,0,
/ca/descubre-todo-lo-que-necesitas-saber-sobre-los-diferentes-tipos-de-cirugia-bariatrica/,mantener,/ca/descubre-todo-lo-que-necesitas-saber-sobre-los-diferentes-tipos-de-cirugia-bariatrica/,200,Lo que necesitas saber sobre diferentes tipos de Cirugía Bariátrica,,sitemap_only,,1,
/en/que-es-la-tecnica-minimal-scar-en-aumento-de-pecho/,mantener,/en/que-es-la-tecnica-minimal-scar-en-aumento-de-pecho/,200,¿Qué es la técnica mínimal scar en aumento de pecho? - MedicsIntegralSalut,,sitemap_only,,0,
/fr/que-es-la-tecnica-minimal-scar-en-aumento-de-pecho/,mantener,/fr/que-es-la-tecnica-minimal-scar-en-aumento-de-pecho/,200,¿Qué es la técnica mínimal scar en aumento de pecho? - MedicsIntegralSalut,,sitemap_only,,0,
/ru/que-es-la-tecnica-minimal-scar-en-aumento-de-pecho/,mantener,/ru/que-es-la-tecnica-minimal-scar-en-aumento-de-pecho/,200,¿Qué es la técnica mínimal scar en aumento de pecho? - MedicsIntegralSalut,,sitemap_only,,0,
/uk/que-es-la-tecnica-minimal-scar-en-aumento-de-pecho/,mantener,/uk/que-es-la-tecnica-minimal-scar-en-aumento-de-pecho/,200,¿Qué es la técnica mínimal scar en aumento de pecho? - MedicsIntegralSalut,,sitemap_only,,,
/ca/que-es-la-tecnica-minimal-scar-en-aumento-de-pecho/,mantener,/ca/que-es-la-tecnica-minimal-scar-en-aumento-de-pecho/,200,¿Qué es la técnica mínimal scar en aumento de pecho? - MedicsIntegralSalut,,sitemap_only,,0,
/en/descubre-la-diferencia-entre-lipo-vaser-y-liposuccion/,mantener,/en/descubre-la-diferencia-entre-lipo-vaser-y-liposuccion/,200,Diferencia entre Lipo Vaser y Liposucción: - MedicsIntegralSalut,,sitemap_only,,0,
/fr/descubre-la-diferencia-entre-lipo-vaser-y-liposuccion/,mantener,/fr/descubre-la-diferencia-entre-lipo-vaser-y-liposuccion/,200,Diferencia entre Lipo Vaser y Liposucción: - MedicsIntegralSalut,,sitemap_only,,0,
/ru/descubre-la-diferencia-entre-lipo-vaser-y-liposuccion/,mantener,/ru/descubre-la-diferencia-entre-lipo-vaser-y-liposuccion/,200,Diferencia entre Lipo Vaser y Liposucción: - MedicsIntegralSalut,,sitemap_only,,0,
/uk/descubre-la-diferencia-entre-lipo-vaser-y-liposuccion/,mantener,/uk/descubre-la-diferencia-entre-lipo-vaser-y-liposuccion/,200,Diferencia entre Lipo Vaser y Liposucción: - MedicsIntegralSalut,,sitemap_only,,0,
/ca/descubre-la-diferencia-entre-lipo-vaser-y-liposuccion/,mantener,/ca/descubre-la-diferencia-entre-lipo-vaser-y-liposuccion/,200,Diferencia entre Lipo Vaser y Liposucción: - MedicsIntegralSalut,,sitemap_only,,0,
/en/como-cuidarse-despues-de-una-rinoplastia-los-mejores-consejos-para-un-rapido-postoperatorio/,mantener,/en/como-cuidarse-despues-de-una-rinoplastia-los-mejores-consejos-para-un-rapido-postoperatorio/,200,Cómo cuidarse después de una rinoplastia - MedicsIntegralSalut,,sitemap_only,,0,
/fr/como-cuidarse-despues-de-una-rinoplastia-los-mejores-consejos-para-un-rapido-postoperatorio/,mantener,/fr/como-cuidarse-despues-de-una-rinoplastia-los-mejores-consejos-para-un-rapido-postoperatorio/,200,Cómo cuidarse después de una rinoplastia - MedicsIntegralSalut,,sitemap_only,,0,
/ru/%d0%ba%d0%b0%d0%ba-%d1%83%d1%85%d0%b0%d0%b6%d0%b8%d0%b2%d0%b0%d1%82%d1%8c-%d0%b7%d0%b0-%d1%81%d0%be%d0%b1%d0%be%d0%b9-%d0%bf%d0%be%d1%81%d0%bb%d0%b5-%d1%80%d0%b8%d0%bd%d0%be%d0%bf%d0%bb%d0%b0%d1%81/,mantener,/ru/%d0%ba%d0%b0%d0%ba-%d1%83%d1%85%d0%b0%d0%b6%d0%b8%d0%b2%d0%b0%d1%82%d1%8c-%d0%b7%d0%b0-%d1%81%d0%be%d0%b1%d0%be%d0%b9-%d0%bf%d0%be%d1%81%d0%bb%d0%b5-%d1%80%d0%b8%d0%bd%d0%be%d0%bf%d0%bb%d0%b0%d1%81/,200,Как ухаживать за собой после ринопластики - MedicsIntegralSalut,,sitemap_only,,,
/uk/%d1%8f%d0%ba-%d0%b4%d0%be%d0%b3%d0%bb%d1%8f%d0%b4%d0%b0%d1%82%d0%b8-%d0%b7%d0%b0-%d1%81%d0%be%d0%b1%d0%be%d1%8e-%d0%bf%d1%96%d1%81%d0%bb%d1%8f-%d1%80%d0%b8%d0%bd%d0%be%d0%bf%d0%bb%d0%b0%d1%81%d1%82/,mantener,/uk/%d1%8f%d0%ba-%d0%b4%d0%be%d0%b3%d0%bb%d1%8f%d0%b4%d0%b0%d1%82%d0%b8-%d0%b7%d0%b0-%d1%81%d0%be%d0%b1%d0%be%d1%8e-%d0%bf%d1%96%d1%81%d0%bb%d1%8f-%d1%80%d0%b8%d0%bd%d0%be%d0%bf%d0%bb%d0%b0%d1%81%d1%82/,200,Як доглядати за собою після ринопластики — MedicsIntegralSalut,,sitemap_only,,,
/ca/com-cuidar-se-despres-duna-rinoplastia-els-millors-consells-per-a-un-postoperatori-rapid/,mantener,/ca/com-cuidar-se-despres-duna-rinoplastia-els-millors-consells-per-a-un-postoperatori-rapid/,200,Com tenir cura després d'una rinoplàstia - MedicsIntegralSalut,,sitemap_only,,0,
/en/se-pueden-realizar-tratamientos-postparto-de-cirugia-estetica/,mantener,/en/se-pueden-realizar-tratamientos-postparto-de-cirugia-estetica/,200,Can cosmetic surgery treatments be performed after childbirth?,,sitemap_only,,0,
/fr/se-pueden-realizar-tratamientos-postparto-de-cirugia-estetica/,mantener,/fr/se-pueden-realizar-tratamientos-postparto-de-cirugia-estetica/,200,Peut-on effectuer des chirurgies esthétiques après l'accouchement ?,,sitemap_only,,0,
/ru/se-pueden-realizar-tratamientos-postparto-de-cirugia-estetica/,mantener,/ru/se-pueden-realizar-tratamientos-postparto-de-cirugia-estetica/,200,Можно ли проводить процедуры косметической хирургии после родов?,,sitemap_only,,0,
/uk/se-pueden-realizar-tratamientos-postparto-de-cirugia-estetica/,mantener,/uk/se-pueden-realizar-tratamientos-postparto-de-cirugia-estetica/,200,Чи можна проводити процедури естетичної хірургії після пологів?,,sitemap_only,,,
/ca/se-pueden-realizar-tratamientos-postparto-de-cirugia-estetica/,mantener,/ca/se-pueden-realizar-tratamientos-postparto-de-cirugia-estetica/,200,És possible realitzar tractaments de cirurgia estètica després del part?,,sitemap_only,,1,
/en/como-mejorar-la-estetica-de-las-cicatrices/,mantener,/en/como-mejorar-la-estetica-de-las-cicatrices/,200,Cómo mejorar la estética de las cicatrices - MedicsIntegralSalut,,sitemap_only,,0,
/fr/como-mejorar-la-estetica-de-las-cicatrices/,mantener,/fr/como-mejorar-la-estetica-de-las-cicatrices/,200,Cómo mejorar la estética de las cicatrices - MedicsIntegralSalut,,sitemap_only,,0,
/ru/como-mejorar-la-estetica-de-las-cicatrices/,mantener,/ru/como-mejorar-la-estetica-de-las-cicatrices/,200,Cómo mejorar la estética de las cicatrices - MedicsIntegralSalut,,sitemap_only,,,
/uk/como-mejorar-la-estetica-de-las-cicatrices/,mantener,/uk/como-mejorar-la-estetica-de-las-cicatrices/,200,Cómo mejorar la estética de las cicatrices - MedicsIntegralSalut,,sitemap_only,,,
/ca/com-millorar-lestetica-de-les-cicatrius/,mantener,/ca/com-millorar-lestetica-de-les-cicatrius/,200,Com millorar l'estètica de les cicatrius - MedicsIntegralSalut,,sitemap_only,,1,
/en/how-to-get-rid-of-cellulite/,mantener,/en/how-to-get-rid-of-cellulite/,200,How to get rid of cellulite? - MedicsIntegralSalut,,sitemap_only,,0,
/fr/como-eliminar-la-celulitis/,mantener,/fr/como-eliminar-la-celulitis/,200,¿Cómo eliminar la celulitis? - MedicsIntegralSalut,,sitemap_only,,0,
/ru/%d0%ba%d0%b0%d0%ba-%d0%b8%d0%b7%d0%b1%d0%b0%d0%b2%d0%b8%d1%82%d1%8c%d1%81%d1%8f-%d0%be%d1%82-%d1%86%d0%b5%d0%bb%d0%bb%d1%8e%d0%bb%d0%b8%d1%82%d0%b0/,mantener,/ru/%d0%ba%d0%b0%d0%ba-%d0%b8%d0%b7%d0%b1%d0%b0%d0%b2%d0%b8%d1%82%d1%8c%d1%81%d1%8f-%d0%be%d1%82-%d1%86%d0%b5%d0%bb%d0%bb%d1%8e%d0%bb%d0%b8%d1%82%d0%b0/,200,Как избавиться от целлюлита? - MedicsIntegralSalut,,sitemap_only,,,
/uk/%d1%8f%d0%ba-%d0%bf%d0%be%d0%b7%d0%b1%d1%83%d1%82%d0%b8%d1%81%d1%8f-%d1%86%d0%b5%d0%bb%d1%8e%d0%bb%d1%96%d1%82%d1%83/,mantener,/uk/%d1%8f%d0%ba-%d0%bf%d0%be%d0%b7%d0%b1%d1%83%d1%82%d0%b8%d1%81%d1%8f-%d1%86%d0%b5%d0%bb%d1%8e%d0%bb%d1%96%d1%82%d1%83/,200,Як позбутися целюліту? — MedicsIntegralSalut,,sitemap_only,,,
/ca/com-eliminar-la-cel%c2%b7lulitis/,mantener,/ca/com-eliminar-la-cel%c2%b7lulitis/,200,Com eliminar la cel·lulitis? - MedicsIntegralSalut,,sitemap_only,,,
/en/que-es-la-bichectomia/,mantener,/en/que-es-la-bichectomia/,200,¿La bichectomía que es? - MedicsIntegralSalut,,sitemap_only,,0,
/fr/que-es-la-bichectomia/,mantener,/fr/que-es-la-bichectomia/,200,¿La bichectomía que es? - MedicsIntegralSalut,,sitemap_only,,0,
/ru/que-es-la-bichectomia/,mantener,/ru/que-es-la-bichectomia/,200,¿La bichectomía que es? - MedicsIntegralSalut,,sitemap_only,,0,
/uk/que-es-la-bichectomia/,mantener,/uk/que-es-la-bichectomia/,200,¿La bichectomía que es? - MedicsIntegralSalut,,sitemap_only,,0,
/ca/que-es-la-bichectomia/,mantener,/ca/que-es-la-bichectomia/,200,¿La bichectomía que es? - MedicsIntegralSalut,,sitemap_only,,0,
/en/como-eliminar-ojeras/,mantener,/en/como-eliminar-ojeras/,200,¿Cómo eliminar las ojeras? - MedicsIntegralSalut,,sitemap_only,,0,
/fr/como-eliminar-ojeras/,mantener,/fr/como-eliminar-ojeras/,200,¿Cómo eliminar las ojeras? - MedicsIntegralSalut,,sitemap_only,,0,
/ru/como-eliminar-ojeras/,mantener,/ru/como-eliminar-ojeras/,200,¿Cómo eliminar las ojeras? - MedicsIntegralSalut,,sitemap_only,,0,
/uk/como-eliminar-ojeras/,mantener,/uk/como-eliminar-ojeras/,200,¿Cómo eliminar las ojeras? - MedicsIntegralSalut,,sitemap_only,,,
/ca/como-eliminar-ojeras/,mantener,/ca/como-eliminar-ojeras/,200,¿Cómo eliminar las ojeras? - MedicsIntegralSalut,,sitemap_only,,0,
/en/lo-que-quieres-saber-del-aumento-de-pecho-paso-a-paso/,mantener,/en/lo-que-quieres-saber-del-aumento-de-pecho-paso-a-paso/,200,What you need to know about breast augmentation: step-by-step,,sitemap_only,,0,
/fr/lo-que-quieres-saber-del-aumento-de-pecho-paso-a-paso/,mantener,/fr/lo-que-quieres-saber-del-aumento-de-pecho-paso-a-paso/,200,Ce que vous devez savoir sur l'augmentation mammaire : étape par étape,,sitemap_only,,0,
/ru/lo-que-quieres-saber-del-aumento-de-pecho-paso-a-paso/,mantener,/ru/lo-que-quieres-saber-del-aumento-de-pecho-paso-a-paso/,200,Что нужно знать об увеличении груди: шаг за шагом,,sitemap_only,,0,
/uk/%d0%b2%d1%81%d0%b5-%d1%89%d0%be-%d0%b2%d0%b8-%d1%85%d0%be%d1%87%d0%b5%d1%82%d0%b5-%d0%b7%d0%bd%d0%b0%d1%82%d0%b8-%d0%bf%d1%80%d0%be-%d0%b7%d0%b1%d1%96%d0%bb%d1%8c%d1%88%d0%b5%d0%bd%d0%bd%d1%8f-%d0%b3/,mantener,/uk/%d0%b2%d1%81%d0%b5-%d1%89%d0%be-%d0%b2%d0%b8-%d1%85%d0%be%d1%87%d0%b5%d1%82%d0%b5-%d0%b7%d0%bd%d0%b0%d1%82%d0%b8-%d0%bf%d1%80%d0%be-%d0%b7%d0%b1%d1%96%d0%bb%d1%8c%d1%88%d0%b5%d0%bd%d0%bd%d1%8f-%d0%b3/,200,Що потрібно знати про збільшення грудей: крок за кроком,,sitemap_only,,,
/ca/lo-que-quieres-saber-del-aumento-de-pecho-paso-a-paso/,mantener,/ca/lo-que-quieres-saber-del-aumento-de-pecho-paso-a-paso/,200,El que has de saber de l'augment de pit: pas a pas,,sitemap_only,,0,
/en/cuales-son-las-mejores-protesis-de-mama/,mantener,/en/cuales-son-las-mejores-protesis-de-mama/,200,¿Cuáles son las mejores prótesis de pecho? - MedicsIntegralSalut,,sitemap_only,,2,
/fr/quelles-sont-les-meilleures-protheses-mammaires/,mantener,/fr/quelles-sont-les-meilleures-protheses-mammaires/,200,Quels sont les meilleurs implants mammaires ? - MedicsIntegralSalut,,sitemap_only,,0,
/ru/cuales-son-las-mejores-protesis-de-mama/,mantener,/ru/cuales-son-las-mejores-protesis-de-mama/,200,¿Cuáles son las mejores prótesis de pecho? - MedicsIntegralSalut,,sitemap_only,,0,
/uk/%d1%8f%d0%ba%d1%96-%d0%b3%d1%80%d1%83%d0%b4%d0%bd%d1%96-%d0%bf%d1%80%d0%be%d1%82%d0%b5%d0%b7%d0%b8-%d0%bd%d0%b0%d0%b9%d0%ba%d1%80%d0%b0%d1%89%d1%96/,mantener,/uk/%d1%8f%d0%ba%d1%96-%d0%b3%d1%80%d1%83%d0%b4%d0%bd%d1%96-%d0%bf%d1%80%d0%be%d1%82%d0%b5%d0%b7%d0%b8-%d0%bd%d0%b0%d0%b9%d0%ba%d1%80%d0%b0%d1%89%d1%96/,200,Які грудні протези найкращі? — MedicsIntegralSalut,,sitemap_only,,,
/ca/cuales-son-las-mejores-protesis-de-mama/,mantener,/ca/cuales-son-las-mejores-protesis-de-mama/,200,¿Cuáles son las mejores prótesis de pecho? - MedicsIntegralSalut,,sitemap_only,,0,
/en/sk-10-el-tratamiento-con-una-inyeccion-que-adelgaza/,mantener,/en/sk-10-el-tratamiento-con-una-inyeccion-que-adelgaza/,200,SK-10 Saxenda: el tratamiento con una inyección que adelgaza - MedicsIntegralSalut,,sitemap_only,,0,
/fr/sk-10-el-tratamiento-con-una-inyeccion-que-adelgaza/,mantener,/fr/sk-10-el-tratamiento-con-una-inyeccion-que-adelgaza/,200,SK-10 Saxenda: el tratamiento con una inyección que adelgaza - MedicsIntegralSalut,,sitemap_only,,0,
/ru/sk-10-el-tratamiento-con-una-inyeccion-que-adelgaza/,mantener,/ru/sk-10-el-tratamiento-con-una-inyeccion-que-adelgaza/,200,SK-10 Saxenda: el tratamiento con una inyección que adelgaza - MedicsIntegralSalut,,sitemap_only,0,5,
/uk/sk-10-el-tratamiento-con-una-inyeccion-que-adelgaza/,mantener,/uk/sk-10-el-tratamiento-con-una-inyeccion-que-adelgaza/,200,SK-10 Saxenda: el tratamiento con una inyección que adelgaza - MedicsIntegralSalut,,sitemap_only,,0,
/ca/sk-10-el-tratamiento-con-una-inyeccion-que-adelgaza/,mantener,/ca/sk-10-el-tratamiento-con-una-inyeccion-que-adelgaza/,200,SK-10 Saxenda: el tratamiento con una inyección que adelgaza - MedicsIntegralSalut,,sitemap_only,,1,
/en/factores-de-crecimiento-obtenidos-de-las-plaquetas-prp/,mantener,/en/factores-de-crecimiento-obtenidos-de-las-plaquetas-prp/,200,Factores de crecimiento obtenidos de las plaquetas PRP - Medics,,sitemap_only,,0,
/fr/facteurs-de-croissance-obtenus-a-partir-de-plaquettes-prp/,mantener,/fr/facteurs-de-croissance-obtenus-a-partir-de-plaquettes-prp/,200,Facteurs de croissance obtenus à partir de plaquettes PRP - Medics,,sitemap_only,,0,
/ru/%d1%84%d0%b0%d0%ba%d1%82%d0%be%d1%80%d1%8b-%d1%80%d0%be%d1%81%d1%82%d0%b0-%d0%bf%d0%be%d0%bb%d1%83%d1%87%d0%b5%d0%bd%d0%bd%d1%8b%d0%b5-%d0%b8%d0%b7-%d1%82%d1%80%d0%be%d0%bc%d0%b1%d0%be%d1%86%d0%b8/,mantener,/ru/%d1%84%d0%b0%d0%ba%d1%82%d0%be%d1%80%d1%8b-%d1%80%d0%be%d1%81%d1%82%d0%b0-%d0%bf%d0%be%d0%bb%d1%83%d1%87%d0%b5%d0%bd%d0%bd%d1%8b%d0%b5-%d0%b8%d0%b7-%d1%82%d1%80%d0%be%d0%bc%d0%b1%d0%be%d1%86%d0%b8/,200,"Факторы роста, полученные из тромбоцитов PRP - Medics",,sitemap_only,,,
/uk/factores-de-crecimiento-obtenidos-de-las-plaquetas-prp/,mantener,/uk/factores-de-crecimiento-obtenidos-de-las-plaquetas-prp/,200,Factores de crecimiento obtenidos de las plaquetas PRP - Medics,,sitemap_only,,,
/ca/factors-de-creixement-obtinguts-de-les-plaquetes-prp-2/,301,/ca/factors-de-creixement-obtinguts-de-les-plaquetes-prp/,301,Factors de creixement obtinguts de les plaquetes PRP - Medics,,sitemap_only,,,renombrada 05/10/2026: URL catalana sin «-2» (decisión usuario)
/en/la-ginecomastia-tiene-solucion-definitiva/,mantener,/en/la-ginecomastia-tiene-solucion-definitiva/,200,La Ginecomastia tiene solución definitiva - MedicsIntegralSalut,,sitemap_only,,0,
/fr/la-gynecomastie-a-t-elle-une-solution-definitive/,mantener,/fr/la-gynecomastie-a-t-elle-une-solution-definitive/,200,La gynécomastie a une solution définitive - MedicsIntegralSalut,,sitemap_only,,0,
/ru/%d1%83-%d0%b3%d0%b8%d0%bd%d0%b5%d0%ba%d0%be%d0%bc%d0%b0%d1%81%d1%82%d0%b8%d0%b8-%d0%b5%d1%81%d1%82%d1%8c-%d0%be%d0%ba%d0%be%d0%bd%d1%87%d0%b0%d1%82%d0%b5%d0%bb%d1%8c%d0%bd%d0%be%d0%b5-%d1%80%d0%b5/,mantener,/ru/%d1%83-%d0%b3%d0%b8%d0%bd%d0%b5%d0%ba%d0%be%d0%bc%d0%b0%d1%81%d1%82%d0%b8%d0%b8-%d0%b5%d1%81%d1%82%d1%8c-%d0%be%d0%ba%d0%be%d0%bd%d1%87%d0%b0%d1%82%d0%b5%d0%bb%d1%8c%d0%bd%d0%be%d0%b5-%d1%80%d0%b5/,200,Гинекомастия имеет окончательное решение - MedicsIntegralSalut,,sitemap_only,,,
/uk/%d0%b3%d1%96%d0%bd%d0%b5%d0%ba%d0%be%d0%bc%d0%b0%d1%81%d1%82%d1%96%d1%8f-%d0%bc%d0%b0%d1%94-%d0%be%d1%81%d1%82%d0%b0%d1%82%d0%be%d1%87%d0%bd%d0%b5-%d1%80%d1%96%d1%88%d0%b5%d0%bd%d0%bd%d1%8f/,mantener,/uk/%d0%b3%d1%96%d0%bd%d0%b5%d0%ba%d0%be%d0%bc%d0%b0%d1%81%d1%82%d1%96%d1%8f-%d0%bc%d0%b0%d1%94-%d0%be%d1%81%d1%82%d0%b0%d1%82%d0%be%d1%87%d0%bd%d0%b5-%d1%80%d1%96%d1%88%d0%b5%d0%bd%d0%bd%d1%8f/,200,Гінекомастія має остаточне рішення — MedicsIntegralSalut,,sitemap_only,,,
/ca/la-ginecomastia-te-solucio-definitiva-2/,301,/ca/la-ginecomastia-te-solucio-definitiva/,301,La Ginecomàstia té solució definitiva - MedicsIntegralSalut,,sitemap_only,,0,renombrada 05/10/2026: URL catalana sin «-2» (decisión usuario)
/en/bye-bye-barriga/,mantener,/en/bye-bye-barriga/,200,Bye bye... Barriga - MedicsIntegralSalut,,sitemap_only,,0,
/fr/au-revoir-le-ventre/,mantener,/fr/au-revoir-le-ventre/,200,Au revoir... Barriga - MedicsIntegralSalut,,sitemap_only,,0,
/ru/bye-bye-barriga/,mantener,/ru/bye-bye-barriga/,200,Bye bye... Barriga - MedicsIntegralSalut,,sitemap_only,,0,
/uk/bye-bye-barriga/,mantener,/uk/bye-bye-barriga/,200,Bye bye... Barriga - MedicsIntegralSalut,,sitemap_only,,0,
/ca/adeu-a-la-panxeta/,mantener,/ca/adeu-a-la-panxeta/,200,"Adéu, adéu... Pànxeres - MedicsIntegralSalut",,sitemap_only,,0,
/en/algunas-razones-por-las-que-no-perdemos-peso/,mantener,/en/algunas-razones-por-las-que-no-perdemos-peso/,200,Razones por las que no perdemos peso - MedicsIntegralSalut,,sitemap_only,,,
/fr/voici-quelques-raisons-pour-lesquelles-on-ne-perd-pas-de-poids/,mantener,/fr/voici-quelques-raisons-pour-lesquelles-on-ne-perd-pas-de-poids/,200,Raisons pour lesquelles nous ne perdons pas de poids - MedicsIntegralSalut,,sitemap_only,,0,
/ru/algunas-razones-por-las-que-no-perdemos-peso/,mantener,/ru/algunas-razones-por-las-que-no-perdemos-peso/,200,Razones por las que no perdemos peso - MedicsIntegralSalut,,sitemap_only,,0,
/uk/algunas-razones-por-las-que-no-perdemos-peso/,mantener,/uk/algunas-razones-por-las-que-no-perdemos-peso/,200,Razones por las que no perdemos peso - MedicsIntegralSalut,,sitemap_only,,0,
/ca/algunas-razones-por-las-que-no-perdemos-peso/,mantener,/ca/algunas-razones-por-las-que-no-perdemos-peso/,200,Razones por las que no perdemos peso - MedicsIntegralSalut,,sitemap_only,,,
/en/tubular-breast-correction/,mantener,/en/tubular-breast-correction/,200,Solutions for tuberous breasts - MedicsIntegralSalut,,sitemap_only,,1,
/fr/solution-pour-seins-tubereux/,mantener,/fr/solution-pour-seins-tubereux/,200,Solution pour les seins tubéreux - MedicsIntegralSalut,,sitemap_only,,0,
/ru/%d1%80%d0%b5%d1%88%d0%b5%d0%bd%d0%b8%d0%b5-%d0%bf%d1%80%d0%be%d0%b1%d0%bb%d0%b5%d0%bc%d1%8b-%d1%82%d1%83%d0%b1%d1%83%d0%bb%d1%8f%d1%80%d0%bd%d1%8b%d1%85-%d0%bc%d0%be%d0%bb%d0%be%d1%87%d0%bd%d1%8b/,mantener,/ru/%d1%80%d0%b5%d1%88%d0%b5%d0%bd%d0%b8%d0%b5-%d0%bf%d1%80%d0%be%d0%b1%d0%bb%d0%b5%d0%bc%d1%8b-%d1%82%d1%83%d0%b1%d1%83%d0%bb%d1%8f%d1%80%d0%bd%d1%8b%d1%85-%d0%bc%d0%be%d0%bb%d0%be%d1%87%d0%bd%d1%8b/,200,Решение для трубчатой груди - MedicsIntegralSalut,,sitemap_only,,,
/uk/solucion-mamas-tuberosas/,mantener,/uk/solucion-mamas-tuberosas/,200,Solución para mamas tuberosas - MedicsIntegralSalut,,sitemap_only,,0,
/ca/solucion-mamas-tuberosas/,mantener,/ca/solucion-mamas-tuberosas/,200,Solución para mamas tuberosas - MedicsIntegralSalut,,sitemap_only,,0,
/en/otoplasty-for-prominent-ears-girona/,mantener,/en/otoplasty-for-prominent-ears-girona/,200,I no longer have prominent ears. - MedicsIntegralSalut,,sitemap_only,,0,
/fr/otoplastia-orejas-de-soplillo-girona/,mantener,/fr/otoplastia-orejas-de-soplillo-girona/,200,Ya no tengo orejas de soplillo. - MedicsIntegralSalut,,sitemap_only,,,
/ru/%d0%be%d1%82%d0%be%d0%bf%d0%bb%d0%b0%d1%81%d1%82%d0%b8%d0%ba%d0%b0-%d0%bb%d0%be%d0%bf%d0%be%d1%83%d1%85%d0%b8%d1%85-%d1%83%d1%88%d0%b5%d0%b9-%d0%b6%d0%b8%d1%80%d0%be%d0%bd%d0%b0/,mantener,/ru/%d0%be%d1%82%d0%be%d0%bf%d0%bb%d0%b0%d1%81%d1%82%d0%b8%d0%ba%d0%b0-%d0%bb%d0%be%d0%bf%d0%be%d1%83%d1%85%d0%b8%d1%85-%d1%83%d1%88%d0%b5%d0%b9-%d0%b6%d0%b8%d1%80%d0%be%d0%bd%d0%b0/,200,У меня больше нет оттопыренных ушей. - MedicsIntegralSalut,,sitemap_only,,,
/uk/otoplastia-orejas-de-soplillo-girona/,mantener,/uk/otoplastia-orejas-de-soplillo-girona/,200,Ya no tengo orejas de soplillo. - MedicsIntegralSalut,,sitemap_only,,,
/ca/otoplastia-orelles-de-punxa-girona/,mantener,/ca/otoplastia-orelles-de-punxa-girona/,200,Ja no tinc les orelles a les golfes. - MedicsIntegralSalut,,sitemap_only,,0,
/en/reconstruccion-tras-cancer-de-mama/,mantener,/en/reconstruccion-tras-cancer-de-mama/,200,Reconstrucción tras cáncer de mama - MedicsIntegralSalut,,sitemap_only,,,
/fr/reconstruccion-tras-cancer-de-mama/,mantener,/fr/reconstruccion-tras-cancer-de-mama/,200,Reconstrucción tras cáncer de mama - MedicsIntegralSalut,,sitemap_only,,0,
/ru/reconstruccion-tras-cancer-de-mama/,mantener,/ru/reconstruccion-tras-cancer-de-mama/,200,Reconstrucción tras cáncer de mama - MedicsIntegralSalut,,sitemap_only,,0,
/uk/%d0%b2%d1%96%d0%b4%d0%bd%d0%be%d0%b2%d0%bb%d0%b5%d0%bd%d0%bd%d1%8f-%d0%bf%d1%96%d1%81%d0%bb%d1%8f-%d1%80%d0%b0%d0%ba%d1%83-%d0%bc%d0%be%d0%bb%d0%be%d1%87%d0%bd%d0%be%d1%97-%d0%b7%d0%b0%d0%bb%d0%be-2/,mantener,/uk/%d0%b2%d1%96%d0%b4%d0%bd%d0%be%d0%b2%d0%bb%d0%b5%d0%bd%d0%bd%d1%8f-%d0%bf%d1%96%d1%81%d0%bb%d1%8f-%d1%80%d0%b0%d0%ba%d1%83-%d0%bc%d0%be%d0%bb%d0%be%d1%87%d0%bd%d0%be%d1%97-%d0%b7%d0%b0%d0%bb%d0%be-2/,200,Відновлення після раку молочної залози — MedicsIntegralSalut,,sitemap_only,,,
/ca/reconstruccio-mamaria-despres-dun-cancer-de-mama/,mantener,/ca/reconstruccio-mamaria-despres-dun-cancer-de-mama/,200,Reconstrucció després de càncer de mama - MedicsIntegralSalut,,sitemap_only,,,
/en/the-only-ball-that-can-be-implanted-for-a-year/,mantener,/en/the-only-ball-that-can-be-implanted-for-a-year/,200,The only balloon that can be implanted for a year - 12-month balloon,,sitemap_only,,0,
/fr/le-seul-ballonnet-qui-peut-etre-implante-une-annee/,mantener,/fr/le-seul-ballonnet-qui-peut-etre-implante-une-annee/,200,Le seul ballon qui peut être implanté pendant un an - Ballon 12 mois,,sitemap_only,,3,
/ru/%d0%b5%d0%b4%d0%b8%d0%bd%d1%81%d1%82%d0%b2%d0%b5%d0%bd%d0%bd%d1%8b%d0%b9-%d0%bc%d1%8f%d1%87-%d0%ba%d0%be%d1%82%d0%be%d1%80%d1%8b%d0%b9-%d0%bc%d0%be%d0%b6%d0%b5%d1%82-%d0%b1%d1%8b%d1%82%d1%8c-%d0%b8/,mantener,/ru/%d0%b5%d0%b4%d0%b8%d0%bd%d1%81%d1%82%d0%b2%d0%b5%d0%bd%d0%bd%d1%8b%d0%b9-%d0%bc%d1%8f%d1%87-%d0%ba%d0%be%d1%82%d0%be%d1%80%d1%8b%d0%b9-%d0%bc%d0%be%d0%b6%d0%b5%d1%82-%d0%b1%d1%8b%d1%82%d1%8c-%d0%b8/,200,"Единственный мяч, который может быть имплантирован на год — мяч 12 месяцев",,sitemap_only,,,
/uk/%d1%94%d0%b4%d0%b8%d0%bd%d0%b8%d0%b9-%d0%b1%d0%b0%d0%bb%d0%be%d0%bd-%d1%8f%d0%ba%d0%b8%d0%b9-%d0%bc%d0%be%d0%b6%d0%bd%d0%b0-%d1%96%d0%bc%d0%bf%d0%bb%d0%b0%d0%bd%d1%82%d1%83%d0%b2%d0%b0%d1%82%d0%b8/,mantener,/uk/%d1%94%d0%b4%d0%b8%d0%bd%d0%b8%d0%b9-%d0%b1%d0%b0%d0%bb%d0%be%d0%bd-%d1%8f%d0%ba%d0%b8%d0%b9-%d0%bc%d0%be%d0%b6%d0%bd%d0%b0-%d1%96%d0%bc%d0%bf%d0%bb%d0%b0%d0%bd%d1%82%d1%83%d0%b2%d0%b0%d1%82%d0%b8/,200,"Єдиний балон, який можна залишити в організмі на рік — балон на 12 місяців",,sitemap_only,,,
/ca/lunica-pilota-que-pot-estar-implantada-un-any-2/,301,/ca/lunica-pilota-que-pot-estar-implantada-un-any/,301,L'única pilota que pot estar implantada un any - Pilota 12 mesos,,sitemap_only,,1,renombrada 05/10/2026: URL catalana sin «-2» (decisión usuario)
/en/why-do-we-age/,mantener,/en/why-do-we-age/,200,Why do we age? MedicsIntegralSalut,,sitemap_only,,0,
/fr/pourquoi-vieillissons-nous/,mantener,/fr/pourquoi-vieillissons-nous/,200,Pourquoi vieillissons-nous ? MedicsIntegralSalut,,sitemap_only,,0,
/ru/por-que-envejecemos/,mantener,/ru/por-que-envejecemos/,200,¿Porqué envejecemos? MedicsIntegralSalut,,sitemap_only,,0,
/uk/%d1%87%d0%be%d0%bc%d1%83-%d0%bc%d0%b8-%d1%81%d1%82%d0%b0%d1%80%d1%96%d1%94%d0%bc%d0%be/,mantener,/uk/%d1%87%d0%be%d0%bc%d1%83-%d0%bc%d0%b8-%d1%81%d1%82%d0%b0%d1%80%d1%96%d1%94%d0%bc%d0%be/,200,Чому ми старіємо? MedicsIntegralSalut,,sitemap_only,,,
/ca/per-que-envellim/,mantener,/ca/per-que-envellim/,200,Per què envellim? MedicsIntegralSalut,,sitemap_only,,0,
/en/tecnicas-de-medicina-estetica-que-nos-rejuvenecen/,mantener,/en/tecnicas-de-medicina-estetica-que-nos-rejuvenecen/,200,Técnicas de Medicina Estética que nos rejuvenecen - MedicsIntegralSalut,,sitemap_only,,0,
/fr/tecnicas-de-medicina-estetica-que-nos-rejuvenecen/,mantener,/fr/tecnicas-de-medicina-estetica-que-nos-rejuvenecen/,200,Técnicas de Medicina Estética que nos rejuvenecen - MedicsIntegralSalut,,sitemap_only,,0,
/ru/tecnicas-de-medicina-estetica-que-nos-rejuvenecen/,mantener,/ru/tecnicas-de-medicina-estetica-que-nos-rejuvenecen/,200,Técnicas de Medicina Estética que nos rejuvenecen - MedicsIntegralSalut,,sitemap_only,,0,
/uk/%d0%bc%d0%b5%d1%82%d0%be%d0%b4%d0%b8-%d0%b5%d1%81%d1%82%d0%b5%d1%82%d0%b8%d1%87%d0%bd%d0%be%d1%97-%d0%bc%d0%b5%d0%b4%d0%b8%d1%86%d0%b8%d0%bd%d0%b8-%d1%8f%d0%ba%d1%96-%d0%be%d0%bc%d0%be%d0%bb%d0%be/,mantener,/uk/%d0%bc%d0%b5%d1%82%d0%be%d0%b4%d0%b8-%d0%b5%d1%81%d1%82%d0%b5%d1%82%d0%b8%d1%87%d0%bd%d0%be%d1%97-%d0%bc%d0%b5%d0%b4%d0%b8%d1%86%d0%b8%d0%bd%d0%b8-%d1%8f%d0%ba%d1%96-%d0%be%d0%bc%d0%be%d0%bb%d0%be/,200,"Методи естетичної медицини, що омолоджують нас — MedicsIntegralSalut",,sitemap_only,,,
/ca/tecnicas-de-medicina-estetica-que-nos-rejuvenecen/,mantener,/ca/tecnicas-de-medicina-estetica-que-nos-rejuvenecen/,200,Técnicas de Medicina Estética que nos rejuvenecen - MedicsIntegralSalut,,sitemap_only,,,
/en/novedad-hilos-360o-efecto-lifting/,mantener,/en/novedad-hilos-360o-efecto-lifting/,200,Hilos faciales efecto lifting 360º - MedicsIntegralSalut,,sitemap_only,,0,
/fr/novedad-hilos-360o-efecto-lifting/,mantener,/fr/novedad-hilos-360o-efecto-lifting/,200,Hilos faciales efecto lifting 360º - MedicsIntegralSalut,,sitemap_only,,,
/ru/%d0%bd%d0%be%d0%b2%d0%b8%d0%bd%d0%ba%d0%b0-%d0%bd%d0%b8%d1%82%d0%b8-360-%d0%bb%d0%b8%d1%84%d1%82%d0%b8%d0%bd%d0%b3-%d1%8d%d1%84%d1%84%d0%b5%d0%ba%d1%82/,mantener,/ru/%d0%bd%d0%be%d0%b2%d0%b8%d0%bd%d0%ba%d0%b0-%d0%bd%d0%b8%d1%82%d0%b8-360-%d0%bb%d0%b8%d1%84%d1%82%d0%b8%d0%bd%d0%b3-%d1%8d%d1%84%d1%84%d0%b5%d0%ba%d1%82/,200,Нити для подтяжки лица 360º - MedicsIntegralSalut,,sitemap_only,,,
/uk/%d0%bd%d0%be%d0%b2%d0%b8%d0%bd%d0%ba%d0%b0-%d0%bd%d0%b8%d1%82%d0%ba%d0%b8-360-%d0%b7-%d0%bb%d1%96%d1%84%d1%82%d0%b8%d0%bd%d0%b3%d0%be%d0%b2%d0%b8%d0%bc-%d0%b5%d1%84%d0%b5%d0%ba%d1%82%d0%be/,mantener,/uk/%d0%bd%d0%be%d0%b2%d0%b8%d0%bd%d0%ba%d0%b0-%d0%bd%d0%b8%d1%82%d0%ba%d0%b8-360-%d0%b7-%d0%bb%d1%96%d1%84%d1%82%d0%b8%d0%bd%d0%b3%d0%be%d0%b2%d0%b8%d0%bc-%d0%b5%d1%84%d0%b5%d0%ba%d1%82%d0%be/,200,Нитки для підтяжки обличчя з ефектом ліфтингу на 360º — MedicsIntegralSalut,,sitemap_only,,,
/ca/novetat-fils-360o-efecte-lifting-2/,301,/ca/novetat-fils-360o-efecte-lifting/,301,Fils facials efecte lifting 360º - MedicsIntegralSalut,,sitemap_only,,0,renombrada 05/10/2026: URL catalana sin «-2» (decisión usuario)
/en/the-beauty-of-the-face-the-inverted-triangle/,mantener,/en/the-beauty-of-the-face-the-inverted-triangle/,200,Inverted triangle: The beauty of the face - MedicsIntegralSalut,,sitemap_only,,0,
/fr/la-belleza-del-rostro-el-triangulo-invertido/,mantener,/fr/la-belleza-del-rostro-el-triangulo-invertido/,200,Triangulo invertido: La belleza del rostro - MedicsIntegralSalut,,sitemap_only,,0,
/ru/la-belleza-del-rostro-el-triangulo-invertido/,mantener,/ru/la-belleza-del-rostro-el-triangulo-invertido/,200,Triangulo invertido: La belleza del rostro - MedicsIntegralSalut,,sitemap_only,,0,
/uk/%d0%ba%d1%80%d0%b0%d1%81%d0%b0-%d0%be%d0%b1%d0%bb%d0%b8%d1%87%d1%87%d1%8f-%d0%bf%d0%b5%d1%80%d0%b5%d0%b2%d0%b5%d1%80%d0%bd%d1%83%d1%82%d0%b8%d0%b9-%d1%82%d1%80%d0%b8%d0%ba%d1%83%d1%82%d0%bd/,mantener,/uk/%d0%ba%d1%80%d0%b0%d1%81%d0%b0-%d0%be%d0%b1%d0%bb%d0%b8%d1%87%d1%87%d1%8f-%d0%bf%d0%b5%d1%80%d0%b5%d0%b2%d0%b5%d1%80%d0%bd%d1%83%d1%82%d0%b8%d0%b9-%d1%82%d1%80%d0%b8%d0%ba%d1%83%d1%82%d0%bd/,200,Перевернутий трикутник: Краса обличчя — MedicsIntegralSalut,,sitemap_only,,,
/ca/la-belleza-del-rostro-el-triangulo-invertido/,mantener,/ca/la-belleza-del-rostro-el-triangulo-invertido/,200,Triangulo invertido: La belleza del rostro - MedicsIntegralSalut,,sitemap_only,,1,
/en/elevacion-de-gluteos-sin-cirugia-es-posible/,mantener,/en/elevacion-de-gluteos-sin-cirugia-es-posible/,200,Elevación de glúteos sin cirugía: es posible? - MedicsIntegralSalut,,sitemap_only,,0,
/fr/elevacion-de-gluteos-sin-cirugia-es-posible/,mantener,/fr/elevacion-de-gluteos-sin-cirugia-es-posible/,200,Elevación de glúteos sin cirugía: es posible? - MedicsIntegralSalut,,sitemap_only,,0,
/ru/elevacion-de-gluteos-sin-cirugia-es-posible/,mantener,/ru/elevacion-de-gluteos-sin-cirugia-es-posible/,200,Elevación de glúteos sin cirugía: es posible? - MedicsIntegralSalut,,sitemap_only,,0,
/uk/elevacion-de-gluteos-sin-cirugia-es-posible/,mantener,/uk/elevacion-de-gluteos-sin-cirugia-es-posible/,200,Elevación de glúteos sin cirugía: es posible? - MedicsIntegralSalut,,sitemap_only,,0,
/ca/elevacion-de-gluteos-sin-cirugia-es-posible/,mantener,/ca/elevacion-de-gluteos-sin-cirugia-es-posible/,200,Elevación de glúteos sin cirugía: es posible? - MedicsIntegralSalut,,sitemap_only,,0,
/en/para-que-tu-piel-no-cumpla-anos-coctel-de-vitaminas-y-acido-hialuronico/,mantener,/en/para-que-tu-piel-no-cumpla-anos-coctel-de-vitaminas-y-acido-hialuronico/,200,Para que la piel no cumpla años: vitaminas y ácido hialurónico,,sitemap_only,,0,
/fr/para-que-tu-piel-no-cumpla-anos-coctel-de-vitaminas-y-acido-hialuronico/,mantener,/fr/para-que-tu-piel-no-cumpla-anos-coctel-de-vitaminas-y-acido-hialuronico/,200,Para que la piel no cumpla años: vitaminas y ácido hialurónico,,sitemap_only,,,
/ru/para-que-tu-piel-no-cumpla-anos-coctel-de-vitaminas-y-acido-hialuronico/,mantener,/ru/para-que-tu-piel-no-cumpla-anos-coctel-de-vitaminas-y-acido-hialuronico/,200,Para que la piel no cumpla años: vitaminas y ácido hialurónico,,sitemap_only,,,
/uk/para-que-tu-piel-no-cumpla-anos-coctel-de-vitaminas-y-acido-hialuronico/,mantener,/uk/para-que-tu-piel-no-cumpla-anos-coctel-de-vitaminas-y-acido-hialuronico/,200,Para que la piel no cumpla años: vitaminas y ácido hialurónico,,sitemap_only,,0,
/ca/para-que-tu-piel-no-cumpla-anos-coctel-de-vitaminas-y-acido-hialuronico/,mantener,/ca/para-que-tu-piel-no-cumpla-anos-coctel-de-vitaminas-y-acido-hialuronico/,200,Para que la piel no cumpla años: vitaminas y ácido hialurónico,,sitemap_only,,,
/en/lipofilling-resultados-permanentes-solo-con-grasa/,mantener,/en/lipofilling-resultados-permanentes-solo-con-grasa/,200,Lipofilling: resultados permanentes sólo con grasa - Medics,,sitemap_only,,0,
/fr/lipofilling-resultats-permanents-seulement-avec-de-la-graisse/,mantener,/fr/lipofilling-resultats-permanents-seulement-avec-de-la-graisse/,200,Lipofilling : Des résultats permanents uniquement avec la graisse - Medics,,sitemap_only,,0,
/ru/lipofilling-resultados-permanentes-solo-con-grasa/,mantener,/ru/lipofilling-resultados-permanentes-solo-con-grasa/,200,Lipofilling: resultados permanentes sólo con grasa - Medics,,sitemap_only,,0,
/uk/lipofilling-resultados-permanentes-solo-con-grasa/,mantener,/uk/lipofilling-resultados-permanentes-solo-con-grasa/,200,Lipofilling: resultados permanentes sólo con grasa - Medics,,sitemap_only,,0,
/ca/lipofilling-resultats-permanents-nomes-amb-greix-2/,301,/ca/lipofilling-resultats-permanents-nomes-amb-greix/,301,Llipofilling: resultats permanents només amb greix - Medics,,sitemap_only,,0,renombrada 05/10/2026: URL catalana sin «-2» (decisión usuario)
/en/cuanto-cuesta-lifting-facial/,mantener,/en/cuanto-cuesta-lifting-facial/,200,Cuánto cuesta un lifting facial: precio y factores,,sitemap_only,,0,
/fr/cuanto-cuesta-lifting-facial/,mantener,/fr/cuanto-cuesta-lifting-facial/,200,Cuánto cuesta un lifting facial: precio y factores,,sitemap_only,,0,
/ru/cuanto-cuesta-lifting-facial/,mantener,/ru/cuanto-cuesta-lifting-facial/,200,Cuánto cuesta un lifting facial: precio y factores,,sitemap_only,,0,
/uk/cuanto-cuesta-lifting-facial/,mantener,/uk/cuanto-cuesta-lifting-facial/,200,Cuánto cuesta un lifting facial: precio y factores,,sitemap_only,,0,
/ca/cuanto-cuesta-lifting-facial/,mantener,/ca/cuanto-cuesta-lifting-facial/,200,Cuánto cuesta un lifting facial: precio y factores,,sitemap_only,,0,
/en/otoplastia-que-es/,mantener,/en/otoplastia-que-es/,200,"Otoplastia: qué es, operación de orejas y recuperación",,sitemap_only,,1,
/fr/otoplastia-que-es/,mantener,/fr/otoplastia-que-es/,200,"Otoplastia: qué es, operación de orejas y recuperación",,sitemap_only,,0,
/ru/otoplastia-que-es/,mantener,/ru/otoplastia-que-es/,200,"Otoplastia: qué es, operación de orejas y recuperación",,sitemap_only,,0,
/uk/otoplastia-que-es/,mantener,/uk/otoplastia-que-es/,200,"Otoplastia: qué es, operación de orejas y recuperación",,sitemap_only,,0,
/ca/otoplastia-que-es/,mantener,/ca/otoplastia-que-es/,200,"Otoplastia: qué es, operación de orejas y recuperación",,sitemap_only,,0,
/en/,mantener,/en/,200,Cosmetic Surgery Clinic in Girona | Medics Integral Salut,,sitemap_only,,0,
/fr/,mantener,/fr/,200,Clinique de Chirurgie Esthétique à Girona | Medics Integral Salut,,sitemap_only,,16,
/ru/,mantener,/ru/,200,Клиника эстетической хирургии в Жироне | Medics Integral Salut,,sitemap_only,,3,
/uk/,mantener,/uk/,200,Клініка естетичної хірургії в Жироні | Medics Integral Salut,,sitemap_only,,0,
/ca/,mantener,/ca/,200,Clínica de Cirurgia Estètica a Girona | Medics Integral Salut,,sitemap_only,1,0,
/en/units/beauty-salon/lymphatic-drainage/,mantener,/en/units/beauty-salon/lymphatic-drainage/,200,Lymphatic Drainage - MedicsIntegralSalut,,sitemap_only,,,
/fr/unites/institut-de-beaute/drainage-lymphatique/,mantener,/fr/unites/institut-de-beaute/drainage-lymphatique/,200,Drainage lymphatique - MedicsIntegralSalut,,sitemap_only,,0,
/ru/%d0%b5%d0%b4%d0%b8%d0%bd%d0%b8%d1%86%d1%8b/%d0%ba%d0%b0%d0%b1%d0%b8%d0%bd%d0%b5%d1%82-%d1%8d%d1%81%d1%82%d0%b5%d1%82%d0%b8%d0%ba%d0%b8/%d0%bb%d0%b8%d0%bc%d1%84%d0%be%d0%b4%d1%80%d0%b5%d0%bd%d0%b0%d0%b6/,mantener,/ru/%d0%b5%d0%b4%d0%b8%d0%bd%d0%b8%d1%86%d1%8b/%d0%ba%d0%b0%d0%b1%d0%b8%d0%bd%d0%b5%d1%82-%d1%8d%d1%81%d1%82%d0%b5%d1%82%d0%b8%d0%ba%d0%b8/%d0%bb%d0%b8%d0%bc%d1%84%d0%be%d0%b4%d1%80%d0%b5%d0%bd%d0%b0%d0%b6/,200,Лимфодренаж — MedicsIntegralSalut,,sitemap_only,,,
/uk/%d0%be%d0%b4%d0%b8%d0%bd%d0%b8%d1%86%d1%96/%d1%81%d0%b0%d0%bb%d0%be%d0%bd-%d0%ba%d1%80%d0%b0%d1%81%d0%b8/%d0%bb%d1%96%d0%bc%d1%84%d0%be%d0%b4%d1%80%d0%b5%d0%bd%d0%b0%d0%b6/,mantener,/uk/%d0%be%d0%b4%d0%b8%d0%bd%d0%b8%d1%86%d1%96/%d1%81%d0%b0%d0%bb%d0%be%d0%bd-%d0%ba%d1%80%d0%b0%d1%81%d0%b8/%d0%bb%d1%96%d0%bc%d1%84%d0%be%d0%b4%d1%80%d0%b5%d0%bd%d0%b0%d0%b6/,200,Лімфодренаж — MedicsIntegralSalut,,sitemap_only,,,
/ca/unitats-2/gabinet-destetica-2/drenatge-limfatic-2/,301,/ca/unitats/gabinet-destetica/drenatge-limfatic/,301,Drenatge limfàtic - MedicsIntegralSalut,,sitemap_only,,1,renombrada 05/10/2026: URL catalana sin «-2» (decisión usuario)
/en/units/beauty-salon/facial-rejuvenation/,mantener,/en/units/beauty-salon/facial-rejuvenation/,200,Facial Revitalisation - MedicsIntegralSalut,,sitemap_only,,0,
/fr/unites/institut-de-beaute/rajeunissement-facial/,mantener,/fr/unites/institut-de-beaute/rajeunissement-facial/,200,Soins du visage - MedicsIntegralSalut,,sitemap_only,,,
/ru/%d0%b5%d0%b4%d0%b8%d0%bd%d0%b8%d1%86%d1%8b/%d0%ba%d0%b0%d0%b1%d0%b8%d0%bd%d0%b5%d1%82-%d1%8d%d1%81%d1%82%d0%b5%d1%82%d0%b8%d0%ba%d0%b8/%d0%be%d0%bc%d0%be%d0%bb%d0%be%d0%b6%d0%b5%d0%bd%d0%b8%d0%b5-%d0%bb%d0%b8%d1%86%d0%b0/,mantener,/ru/%d0%b5%d0%b4%d0%b8%d0%bd%d0%b8%d1%86%d1%8b/%d0%ba%d0%b0%d0%b1%d0%b8%d0%bd%d0%b5%d1%82-%d1%8d%d1%81%d1%82%d0%b5%d1%82%d0%b8%d0%ba%d0%b8/%d0%be%d0%bc%d0%be%d0%bb%d0%be%d0%b6%d0%b5%d0%bd%d0%b8%d0%b5-%d0%bb%d0%b8%d1%86%d0%b0/,200,Омоложение лица - MedicsIntegralSalut,,sitemap_only,,,
/uk/%d0%be%d0%b4%d0%b8%d0%bd%d0%b8%d1%86%d1%96/%d1%81%d0%b0%d0%bb%d0%be%d0%bd-%d0%ba%d1%80%d0%b0%d1%81%d0%b8/%d0%be%d0%bc%d0%be%d0%bb%d0%be%d0%b4%d0%b6%d0%b5%d0%bd%d0%bd%d1%8f-%d0%be%d0%b1%d0%bb%d0%b8%d1%87%d1%87%d1%8f/,mantener,/uk/%d0%be%d0%b4%d0%b8%d0%bd%d0%b8%d1%86%d1%96/%d1%81%d0%b0%d0%bb%d0%be%d0%bd-%d0%ba%d1%80%d0%b0%d1%81%d0%b8/%d0%be%d0%bc%d0%be%d0%bb%d0%be%d0%b4%d0%b6%d0%b5%d0%bd%d0%bd%d1%8f-%d0%be%d0%b1%d0%bb%d0%b8%d1%87%d1%87%d1%8f/,200,Омолодження обличчя — MedicsIntegralSalut,,sitemap_only,,,
/ca/unitats-2/gabinet-destetica-2/revitalitzacio-facial-2/,301,/ca/unitats/gabinet-destetica/revitalitzacio-facial/,301,Revitalització facial - MedicsIntegralSalut,,sitemap_only,,0,renombrada 05/10/2026: URL catalana sin «-2» (decisión usuario)
/en/units/male-cosmetic-surgery/eyelid-surgery/,mantener,/en/units/male-cosmetic-surgery/eyelid-surgery/,200,Blepharoplasty - MedicsIntegralSalut,,sitemap_only,,0,
/fr/unites/chirurgie-esthetique-masculine/blepharoplastie/,mantener,/fr/unites/chirurgie-esthetique-masculine/blepharoplastie/,200,Blépharoplastie - MedicsIntegralSalut,,sitemap_only,,0,
/ru/%d0%b5%d0%b4%d0%b8%d0%bd%d0%b8%d1%86%d1%8b/%d0%bc%d1%83%d0%b6%d1%81%d0%ba%d0%b0%d1%8f-%d0%ba%d0%be%d1%81%d0%bc%d0%b5%d1%82%d0%b8%d1%87%d0%b5%d1%81%d0%ba%d0%b0%d1%8f-%d1%85%d0%b8%d1%80%d1%83%d1%80%d0%b3%d0%b8%d1%8f/%d0%b1%d0%bb%d0%b5%d1%84%d0%b0%d1%80%d0%be%d0%bf%d0%bb%d0%b0%d1%81%d1%82%d0%b8%d0%ba%d0%b0/,mantener,/ru/%d0%b5%d0%b4%d0%b8%d0%bd%d0%b8%d1%86%d1%8b/%d0%bc%d1%83%d0%b6%d1%81%d0%ba%d0%b0%d1%8f-%d0%ba%d0%be%d1%81%d0%bc%d0%b5%d1%82%d0%b8%d1%87%d0%b5%d1%81%d0%ba%d0%b0%d1%8f-%d1%85%d0%b8%d1%80%d1%83%d1%80%d0%b3%d0%b8%d1%8f/%d0%b1%d0%bb%d0%b5%d1%84%d0%b0%d1%80%d0%be%d0%bf%d0%bb%d0%b0%d1%81%d1%82%d0%b8%d0%ba%d0%b0/,200,Блефаропластика - MedicsIntegralSalut,,sitemap_only,,,
/uk/%d0%be%d0%b4%d0%b8%d0%bd%d0%b8%d1%86%d1%96/%d1%87%d0%be%d0%bb%d0%be%d0%b2%d1%96%d1%87%d0%b0-%d0%b5%d1%81%d1%82%d0%b5%d1%82%d0%b8%d1%87%d0%bd%d0%b0-%d1%85%d1%96%d1%80%d1%83%d1%80%d0%b3%d1%96%d1%8f/%d0%b1%d0%bb%d0%b5%d1%84%d0%b0%d1%80%d0%be%d0%bf%d0%bb%d0%b0%d1%81%d1%82%d0%b8%d0%ba%d0%b0/,mantener,/uk/%d0%be%d0%b4%d0%b8%d0%bd%d0%b8%d1%86%d1%96/%d1%87%d0%be%d0%bb%d0%be%d0%b2%d1%96%d1%87%d0%b0-%d0%b5%d1%81%d1%82%d0%b5%d1%82%d0%b8%d1%87%d0%bd%d0%b0-%d1%85%d1%96%d1%80%d1%83%d1%80%d0%b3%d1%96%d1%8f/%d0%b1%d0%bb%d0%b5%d1%84%d0%b0%d1%80%d0%be%d0%bf%d0%bb%d0%b0%d1%81%d1%82%d0%b8%d0%ba%d0%b0/,200,Блефаропластика — MedicsIntegralSalut,,sitemap_only,,,
/ca/unitats-2/cirurgia-estetica-masculina-2/blefaroplastia/,301,/ca/unitats/cirurgia-estetica-masculina/blefaroplastia/,301,Blefaroplàstia - MedicsIntegralSalut,,sitemap_only,,0,renombrada 05/10/2026: URL catalana sin «-2» (decisión usuario)
/en/units/beauty-salon/,mantener,/en/units/beauty-salon/,200,Aesthetic clinic - MedicsIntegralSalut,,sitemap_only,,,
/fr/unites/institut-de-beaute/,mantener,/fr/unites/institut-de-beaute/,200,Cabinet d'esthétique - MedicsIntegralSalut,,sitemap_only,,0,
/ru/%d0%b5%d0%b4%d0%b8%d0%bd%d0%b8%d1%86%d1%8b/%d0%ba%d0%b0%d0%b1%d0%b8%d0%bd%d0%b5%d1%82-%d1%8d%d1%81%d1%82%d0%b5%d1%82%d0%b8%d0%ba%d0%b8/,mantener,/ru/%d0%b5%d0%b4%d0%b8%d0%bd%d0%b8%d1%86%d1%8b/%d0%ba%d0%b0%d0%b1%d0%b8%d0%bd%d0%b5%d1%82-%d1%8d%d1%81%d1%82%d0%b5%d1%82%d0%b8%d0%ba%d0%b8/,200,Кабинет эстетической медицины - MedicsIntegralSalut,,sitemap_only,,,
/uk/%d0%be%d0%b4%d0%b8%d0%bd%d0%b8%d1%86%d1%96/%d1%81%d0%b0%d0%bb%d0%be%d0%bd-%d0%ba%d1%80%d0%b0%d1%81%d0%b8/,mantener,/uk/%d0%be%d0%b4%d0%b8%d0%bd%d0%b8%d1%86%d1%96/%d1%81%d0%b0%d0%bb%d0%be%d0%bd-%d0%ba%d1%80%d0%b0%d1%81%d0%b8/,200,Салон краси — MedicsIntegralSalut,,sitemap_only,,,
/ca/unitats-2/gabinet-destetica-2/,301,/ca/unitats/gabinet-destetica/,301,Gabinet d'estètica - MedicsIntegralSalut,,sitemap_only,,,renombrada 05/10/2026: URL catalana sin «-2» (decisión usuario)
/en/units/beauty-salon/radiofrequency-facial-and-body-treatments/,mantener,/en/units/beauty-salon/radiofrequency-facial-and-body-treatments/,200,Radiofrequency facial and body treatment - MedicsIntegralSalut,,sitemap_only,,0,
/fr/unites/institut-de-beaute/radiofrequence-faciale-et-corporelle/,mantener,/fr/unites/institut-de-beaute/radiofrequence-faciale-et-corporelle/,200,Radiofréquence faciale et corporelle - MedicsIntegralSalut,,sitemap_only,,0,
/ru/%d0%b5%d0%b4%d0%b8%d0%bd%d0%b8%d1%86%d1%8b/%d0%ba%d0%b0%d0%b1%d0%b8%d0%bd%d0%b5%d1%82-%d1%8d%d1%81%d1%82%d0%b5%d1%82%d0%b8%d0%ba%d0%b8/%d1%80%d0%b0%d0%b4%d0%b8%d0%be%d1%87%d0%b0%d1%81%d1%82%d0%be%d1%82%d0%bd%d0%b0%d1%8f-%d0%bf%d0%be%d0%b4%d1%82%d1%8f%d0%b6%d0%ba%d0%b0-%d0%bb%d0%b8%d1%86%d0%b0-%d0%b8-%d1%82%d0%b5%d0%bb%d0%b0/,mantener,/ru/%d0%b5%d0%b4%d0%b8%d0%bd%d0%b8%d1%86%d1%8b/%d0%ba%d0%b0%d0%b1%d0%b8%d0%bd%d0%b5%d1%82-%d1%8d%d1%81%d1%82%d0%b5%d1%82%d0%b8%d0%ba%d0%b8/%d1%80%d0%b0%d0%b4%d0%b8%d0%be%d1%87%d0%b0%d1%81%d1%82%d0%be%d1%82%d0%bd%d0%b0%d1%8f-%d0%bf%d0%be%d0%b4%d1%82%d1%8f%d0%b6%d0%ba%d0%b0-%d0%bb%d0%b8%d1%86%d0%b0-%d0%b8-%d1%82%d0%b5%d0%bb%d0%b0/,200,Радиочастотная терапия для лица и тела - MedicsIntegralSalut,,sitemap_only,,,
/uk/%d0%be%d0%b4%d0%b8%d0%bd%d0%b8%d1%86%d1%96/%d1%81%d0%b0%d0%bb%d0%be%d0%bd-%d0%ba%d1%80%d0%b0%d1%81%d0%b8/%d1%80%d0%b0%d0%b4%d1%96%d0%be%d1%87%d0%b0%d1%81%d1%82%d0%be%d1%82%d0%bd%d0%b0-%d1%82%d0%b5%d1%80%d0%b0%d0%bf%d1%96%d1%8f-%d0%b4%d0%bb%d1%8f-%d0%be%d0%b1%d0%bb%d0%b8%d1%87%d1%87%d1%8f-%d1%82%d0%b0/,mantener,/uk/%d0%be%d0%b4%d0%b8%d0%bd%d0%b8%d1%86%d1%96/%d1%81%d0%b0%d0%bb%d0%be%d0%bd-%d0%ba%d1%80%d0%b0%d1%81%d0%b8/%d1%80%d0%b0%d0%b4%d1%96%d0%be%d1%87%d0%b0%d1%81%d1%82%d0%be%d1%82%d0%bd%d0%b0-%d1%82%d0%b5%d1%80%d0%b0%d0%bf%d1%96%d1%8f-%d0%b4%d0%bb%d1%8f-%d0%be%d0%b1%d0%bb%d0%b8%d1%87%d1%87%d1%8f-%d1%82%d0%b0/,200,Радіочастотна терапія для обличчя та тіла — MedicsIntegralSalut,,sitemap_only,,,
/ca/unitats-2/gabinet-destetica-2/radiofrequencia-facial-i-corporal/,301,/ca/unitats/gabinet-destetica/radiofrequencia-facial-i-corporal/,301,Radiofreqüència facial i corporal - MedicsIntegralSalut,,sitemap_only,,0,renombrada 05/10/2026: URL catalana sin «-2» (decisión usuario)
/en/financing/,mantener,/en/financing/,200,Financing - MedicsIntegralSalut,,sitemap_only,,0,
/fr/financement/,mantener,/fr/financement/,200,Financement - MedicsIntegralSalut,,sitemap_only,,1,
/ru/%d1%84%d0%b8%d0%bd%d0%b0%d0%bd%d1%81%d0%b8%d1%80%d0%be%d0%b2%d0%b0%d0%bd%d0%b8%d0%b5/,mantener,/ru/%d1%84%d0%b8%d0%bd%d0%b0%d0%bd%d1%81%d0%b8%d1%80%d0%be%d0%b2%d0%b0%d0%bd%d0%b8%d0%b5/,200,Финансирование - MedicsIntegralSalut,,sitemap_only,,,
/uk/%d1%84%d1%96%d0%bd%d0%b0%d0%bd%d1%81%d1%83%d0%b2%d0%b0%d0%bd%d0%bd%d1%8f/,mantener,/uk/%d1%84%d1%96%d0%bd%d0%b0%d0%bd%d1%81%d1%83%d0%b2%d0%b0%d0%bd%d0%bd%d1%8f/,200,Фінансування — MedicsIntegralSalut,,sitemap_only,,,
/ca/financament-2/,301,/ca/financament/,301,Finançament - MedicsIntegralSalut,,sitemap_only,,0,renombrada 05/10/2026: URL catalana sin «-2» (decisión usuario)
/en/privacy-policy-on-social-networks/,mantener,/en/privacy-policy-on-social-networks/,200,Social Media Privacy Policy - MedicsIntegralSalut,,sitemap_only,,,
/fr/politique-de-confidentialite-sur-les-reseaux-sociaux/,mantener,/fr/politique-de-confidentialite-sur-les-reseaux-sociaux/,200,Politique de confidentialité sur les réseaux sociaux - MedicsIntegralSalut,,sitemap_only,,,
/ru/%d0%bf%d0%be%d0%bb%d0%b8%d1%82%d0%b8%d0%ba%d0%b0-%d0%ba%d0%be%d0%bd%d1%84%d0%b8%d0%b4%d0%b5%d0%bd%d1%86%d0%b8%d0%b0%d0%bb%d1%8c%d0%bd%d0%be%d1%81%d1%82%d0%b8-%d0%b2-%d1%81%d0%be%d1%86%d0%b8%d0%b0/,mantener,/ru/%d0%bf%d0%be%d0%bb%d0%b8%d1%82%d0%b8%d0%ba%d0%b0-%d0%ba%d0%be%d0%bd%d1%84%d0%b8%d0%b4%d0%b5%d0%bd%d1%86%d0%b8%d0%b0%d0%bb%d1%8c%d0%bd%d0%be%d1%81%d1%82%d0%b8-%d0%b2-%d1%81%d0%be%d1%86%d0%b8%d0%b0/,200,Политика конфиденциальности в социальных сетях - MedicsIntegralSalut,,sitemap_only,,,
/uk/%d0%bf%d0%be%d0%bb%d1%96%d1%82%d0%b8%d0%ba%d0%b0-%d0%ba%d0%be%d0%bd%d1%84%d1%96%d0%b4%d0%b5%d0%bd%d1%86%d1%96%d0%b9%d0%bd%d0%be%d1%81%d1%82%d1%96-%d0%b2-%d1%81%d0%be%d1%86%d1%96%d0%b0%d0%bb%d1%8c/,mantener,/uk/%d0%bf%d0%be%d0%bb%d1%96%d1%82%d0%b8%d0%ba%d0%b0-%d0%ba%d0%be%d0%bd%d1%84%d1%96%d0%b4%d0%b5%d0%bd%d1%86%d1%96%d0%b9%d0%bd%d0%be%d1%81%d1%82%d1%96-%d0%b2-%d1%81%d0%be%d1%86%d1%96%d0%b0%d0%bb%d1%8c/,200,Політика конфіденційності в соціальних мережах — MedicsIntegralSalut,,sitemap_only,,,
/ca/politica-de-privadesa-en-xarxes-socials/,mantener,/ca/politica-de-privadesa-en-xarxes-socials/,200,Política de privadesa en xarxes socials - MedicsIntegralSalut,,sitemap_only,1,0,
/en/privacy-policy-on-social-media/,mantener,/en/privacy-policy-on-social-media/,200,Social Media Privacy Policy - MedicsIntegralSalut,,sitemap_only,,0,
/fr/politique-de-confidentialite-sur-les-reseaux-sociaux-2/,mantener,/fr/politique-de-confidentialite-sur-les-reseaux-sociaux-2/,200,Politique de confidentialité sur les réseaux sociaux - MedicsIntegralSalut,,sitemap_only,,,
/ru/%d0%bf%d0%be%d0%bb%d0%b8%d1%82%d0%b8%d0%ba%d0%b0-%d0%ba%d0%be%d0%bd%d1%84%d0%b8%d0%b4%d0%b5%d0%bd%d1%86%d0%b8%d0%b0%d0%bb%d1%8c%d0%bd%d0%be%d1%81%d1%82%d0%b8-%d0%b2-%d1%81%d0%be%d1%86%d0%b8%d0%b0-2/,mantener,/ru/%d0%bf%d0%be%d0%bb%d0%b8%d1%82%d0%b8%d0%ba%d0%b0-%d0%ba%d0%be%d0%bd%d1%84%d0%b8%d0%b4%d0%b5%d0%bd%d1%86%d0%b8%d0%b0%d0%bb%d1%8c%d0%bd%d0%be%d1%81%d1%82%d0%b8-%d0%b2-%d1%81%d0%be%d1%86%d0%b8%d0%b0-2/,200,Политика конфиденциальности в социальных сетях — MedicsIntegralSalut,,sitemap_only,,,
/uk/%d0%bf%d0%be%d0%bb%d1%96%d1%82%d0%b8%d0%ba%d0%b0-%d0%ba%d0%be%d0%bd%d1%84%d1%96%d0%b4%d0%b5%d0%bd%d1%86%d1%96%d0%b9%d0%bd%d0%be%d1%81%d1%82%d1%96-%d0%b2-%d1%81%d0%be%d1%86%d1%96%d0%b0%d0%bb%d1%8c-2/,mantener,/uk/%d0%bf%d0%be%d0%bb%d1%96%d1%82%d0%b8%d0%ba%d0%b0-%d0%ba%d0%be%d0%bd%d1%84%d1%96%d0%b4%d0%b5%d0%bd%d1%86%d1%96%d0%b9%d0%bd%d0%be%d1%81%d1%82%d1%96-%d0%b2-%d1%81%d0%be%d1%86%d1%96%d0%b0%d0%bb%d1%8c-2/,200,Політика конфіденційності в соціальних мережах — MedicsIntegralSalut,,sitemap_only,,,
/ca/politica-de-privacitat-a-les-xarxes-socials/,mantener,/ca/politica-de-privacitat-a-les-xarxes-socials/,200,Política de privacitat a les xarxes socials - MedicsIntegralSalut,,sitemap_only,,,
/en/privacy-policy/,mantener,/en/privacy-policy/,200,Privacy Policy - MedicsIntegralSalut,,sitemap_only,,0,
/fr/politique-de-confidentialite/,mantener,/fr/politique-de-confidentialite/,200,Politique de confidentialité - MedicsIntegralSalut,,sitemap_only,,0,
/ru/%d0%bf%d0%be%d0%bb%d0%b8%d1%82%d0%b8%d0%ba%d0%b0-%d0%ba%d0%be%d0%bd%d1%84%d0%b8%d0%b4%d0%b5%d0%bd%d1%86%d0%b8%d0%b0%d0%bb%d1%8c%d0%bd%d0%be%d1%81%d1%82%d0%b8/,mantener,/ru/%d0%bf%d0%be%d0%bb%d0%b8%d1%82%d0%b8%d0%ba%d0%b0-%d0%ba%d0%be%d0%bd%d1%84%d0%b8%d0%b4%d0%b5%d0%bd%d1%86%d0%b8%d0%b0%d0%bb%d1%8c%d0%bd%d0%be%d1%81%d1%82%d0%b8/,200,Политика конфиденциальности - MedicsIntegralSalut,,sitemap_only,,,
/uk/%d0%bf%d0%be%d0%bb%d1%96%d1%82%d0%b8%d0%ba%d0%b0-%d0%ba%d0%be%d0%bd%d1%84%d1%96%d0%b4%d0%b5%d0%bd%d1%86%d1%96%d0%b9%d0%bd%d0%be%d1%81%d1%82%d1%96/,mantener,/uk/%d0%bf%d0%be%d0%bb%d1%96%d1%82%d0%b8%d0%ba%d0%b0-%d0%ba%d0%be%d0%bd%d1%84%d1%96%d0%b4%d0%b5%d0%bd%d1%86%d1%96%d0%b9%d0%bd%d0%be%d1%81%d1%82%d1%96/,200,Політика конфіденційності — MedicsIntegralSalut,,sitemap_only,,,
/ca/politica-de-privadesa-2/,301,/ca/politica-de-privadesa/,301,Política de privadesa - MedicsIntegralSalut,,sitemap_only,,,renombrada 05/10/2026: URL catalana sin «-2» (decisión usuario)
/en/legal-notice/,mantener,/en/legal-notice/,200,Legal Notice - MedicsIntegralSalut,,sitemap_only,,0,
/fr/mentions-legales/,mantener,/fr/mentions-legales/,200,Mentions légales - MedicsIntegralSalut,,sitemap_only,,0,
/ru/%d0%bf%d1%80%d0%b0%d0%b2%d0%be%d0%b2%d0%b0%d1%8f-%d0%be%d0%b3%d0%be%d0%b2%d0%be%d1%80%d0%ba%d0%b0/,mantener,/ru/%d0%bf%d1%80%d0%b0%d0%b2%d0%be%d0%b2%d0%b0%d1%8f-%d0%be%d0%b3%d0%be%d0%b2%d0%be%d1%80%d0%ba%d0%b0/,200,Правовая информация - MedicsIntegralSalut,,sitemap_only,,,
/uk/%d1%8e%d1%80%d0%b8%d0%b4%d0%b8%d1%87%d0%bd%d0%b5-%d0%bf%d0%be%d0%b2%d1%96%d0%b4%d0%be%d0%bc%d0%bb%d0%b5%d0%bd%d0%bd%d1%8f/,mantener,/uk/%d1%8e%d1%80%d0%b8%d0%b4%d0%b8%d1%87%d0%bd%d0%b5-%d0%bf%d0%be%d0%b2%d1%96%d0%b4%d0%be%d0%bc%d0%bb%d0%b5%d0%bd%d0%bd%d1%8f/,200,Юридичне повідомлення — MedicsIntegralSalut,,sitemap_only,,,
/ca/avis-legal-2/,301,/ca/avis-legal/,301,Avís legal - MedicsIntegralSalut,,sitemap_only,,0,renombrada 05/10/2026: URL catalana sin «-2» (decisión usuario)
/en/cookie-policy/,mantener,/en/cookie-policy/,200,Cookie Policy - MedicsIntegralSalut,,sitemap_only,,0,
/fr/politique-de-cookies/,mantener,/fr/politique-de-cookies/,200,Politique de cookies - MedicsIntegralSalut,,sitemap_only,,0,
/ru/%d0%bf%d0%be%d0%bb%d0%b8%d1%82%d0%b8%d0%ba%d0%b0-%d0%b8%d1%81%d0%bf%d0%be%d0%bb%d1%8c%d0%b7%d0%be%d0%b2%d0%b0%d0%bd%d0%b8%d1%8f-%d1%84%d0%b0%d0%b9%d0%bb%d0%be%d0%b2-cookie/,mantener,/ru/%d0%bf%d0%be%d0%bb%d0%b8%d1%82%d0%b8%d0%ba%d0%b0-%d0%b8%d1%81%d0%bf%d0%be%d0%bb%d1%8c%d0%b7%d0%be%d0%b2%d0%b0%d0%bd%d0%b8%d1%8f-%d1%84%d0%b0%d0%b9%d0%bb%d0%be%d0%b2-cookie/,200,Политика использования файлов cookie - MedicsIntegralSalut,,sitemap_only,,,
/uk/%d0%bf%d0%be%d0%bb%d1%96%d1%82%d0%b8%d0%ba%d0%b0-%d1%89%d0%be%d0%b4%d0%be-%d1%84%d0%b0%d0%b9%d0%bb%d1%96%d0%b2-cookie/,mantener,/uk/%d0%bf%d0%be%d0%bb%d1%96%d1%82%d0%b8%d0%ba%d0%b0-%d1%89%d0%be%d0%b4%d0%be-%d1%84%d0%b0%d0%b9%d0%bb%d1%96%d0%b2-cookie/,200,Політика щодо файлів cookie — MedicsIntegralSalut,,sitemap_only,,,
/ca/politica-de-cookies/,mantener,/ca/politica-de-cookies/,200,Política de cookies - MedicsIntegralSalut,,sitemap_only,1,0,
/en/eyelid-surgery/,mantener,/en/eyelid-surgery/,200,Beauty Days Blepharoplasty - MedicsIntegralSalut,,sitemap_only,,0,
/fr/blepharoplastie/,mantener,/fr/blepharoplastie/,200,Beauty Days blépharoplastie - MedicsIntegralSalut,,sitemap_only,,,
/ru/%d0%b1%d0%bb%d0%b5%d1%84%d0%b0%d1%80%d0%be%d0%bf%d0%bb%d0%b0%d1%81%d1%82%d0%b8%d0%ba%d0%b0/,mantener,/ru/%d0%b1%d0%bb%d0%b5%d1%84%d0%b0%d1%80%d0%be%d0%bf%d0%bb%d0%b0%d1%81%d1%82%d0%b8%d0%ba%d0%b0/,200,Бьюти Дни блефаропластика - MedicsIntegralSalut,,sitemap_only,,,
/uk/%d0%b1%d0%bb%d0%b5%d1%84%d0%b0%d1%80%d0%be%d0%bf%d0%bb%d0%b0%d1%81%d1%82%d0%b8%d0%ba%d0%b0/,mantener,/uk/%d0%b1%d0%bb%d0%b5%d1%84%d0%b0%d1%80%d0%be%d0%bf%d0%bb%d0%b0%d1%81%d1%82%d0%b8%d0%ba%d0%b0/,200,Beauty Days: блефаропластика — MedicsIntegralSalut,,sitemap_only,,,
/ca/blefaroplastia/,mantener,/ca/blefaroplastia/,200,Jornades de Bellesa Blefaroplàstia - MedicsIntegralSalut,,sitemap_only,,0,
/en/lp-augment-de-girona/,mantener,/en/lp-augment-de-girona/,200,Home | Web Rino,,sitemap_only,,,
/fr/lp-augment-de-pit-girona/,mantener,/fr/lp-augment-de-pit-girona/,200,Accueil | Web Rino,,sitemap_only,,0,
/ru/%d0%bb%d0%bf-%d0%b0%d1%83%d0%b3%d0%bc%d0%b5%d0%bd%d1%82-%d0%b4%d0%b5-%d0%bf%d0%b8%d1%82-%d0%b6%d0%b8%d1%80%d0%be%d0%bd%d0%b0/,mantener,/ru/%d0%bb%d0%bf-%d0%b0%d1%83%d0%b3%d0%bc%d0%b5%d0%bd%d1%82-%d0%b4%d0%b5-%d0%bf%d0%b8%d1%82-%d0%b6%d0%b8%d1%80%d0%be%d0%bd%d0%b0/,200,Главная | Web Rino,,sitemap_only,,,
/uk/lp-augment-de-pit-%d0%b6%d0%b8%d1%80%d0%be%d0%bd%d0%b0/,mantener,/uk/lp-augment-de-pit-%d0%b6%d0%b8%d1%80%d0%be%d0%bd%d0%b0/,200,Головна | Web Rino,,sitemap_only,,,
/ca/augment-de-pits-girona/,mantener,/ca/augment-de-pits-girona/,200,Inici | Web Rino,,sitemap_only,,0,
/en/tp-augment-de-pit-girona/,mantener,/en/tp-augment-de-pit-girona/,200,Home | Web Rino,,sitemap_only,,,
/fr/tp-augmentation-de-pit-girona/,mantener,/fr/tp-augmentation-de-pit-girona/,200,Accueil | Web Rino,,sitemap_only,,,
/ru/%d1%83%d1%81%d0%b8%d0%bb%d0%b5%d0%bd%d0%b8%d0%b5-%d1%82-%d0%bf-%d0%b6%d0%b8%d1%80%d0%be%d0%bd%d0%b0/,mantener,/ru/%d1%83%d1%81%d0%b8%d0%bb%d0%b5%d0%bd%d0%b8%d0%b5-%d1%82-%d0%bf-%d0%b6%d0%b8%d1%80%d0%be%d0%bd%d0%b0/,200,Главная | Web Rino,,sitemap_only,,,
/uk/tp-augment-de-pit-%d0%b6%d0%b8%d1%80%d0%be%d0%bd%d0%b0/,mantener,/uk/tp-augment-de-pit-%d0%b6%d0%b8%d1%80%d0%be%d0%bd%d0%b0/,200,Головна | Web Rino,,sitemap_only,,,
/ca/augment-de-pit-girona/,mantener,/ca/augment-de-pit-girona/,200,Inici | Web Rino,,sitemap_only,,,
/en/breast-augmentation-girona/,mantener,/en/breast-augmentation-girona/,200,Home | Web Rino,,sitemap_only,,0,
/fr/lp-augmentation-mammaire-girona/,mantener,/fr/lp-augmentation-mammaire-girona/,200,Accueil | Web Rino,,sitemap_only,,,
/ru/lp-%d1%83%d0%b2%d0%b5%d0%bb%d0%b8%d1%87%d0%b5%d0%bd%d0%b8%d0%b5-%d0%b3%d1%80%d1%83%d0%b4%d0%b8-%d0%b6%d0%b8%d1%80%d0%be%d0%bd%d0%b0/,mantener,/ru/lp-%d1%83%d0%b2%d0%b5%d0%bb%d0%b8%d1%87%d0%b5%d0%bd%d0%b8%d0%b5-%d0%b3%d1%80%d1%83%d0%b4%d0%b8-%d0%b6%d0%b8%d1%80%d0%be%d0%bd%d0%b0/,200,Главная | Web Rino,,sitemap_only,,,
/uk/%d0%b7%d0%b1%d1%96%d0%bb%d1%8c%d1%88%d0%b5%d0%bd%d0%bd%d1%8f-%d0%b3%d1%80%d1%83%d0%b4%d0%b5%d0%b9-%d1%83-%d0%b6%d0%b8%d1%80%d0%be%d0%bd%d1%96/,mantener,/uk/%d0%b7%d0%b1%d1%96%d0%bb%d1%8c%d1%88%d0%b5%d0%bd%d0%bd%d1%8f-%d0%b3%d1%80%d1%83%d0%b4%d0%b5%d0%b9-%d1%83-%d0%b6%d0%b8%d1%80%d0%be%d0%bd%d1%96/,200,Головна | Web Rino,,sitemap_only,,,
/ca/lp-augment-de-pit-girona-2/,301,/ca/lp-augment-de-pit-girona/,301,Inici | Web Rino,,sitemap_only,,0,renombrada 05/10/2026: URL catalana sin «-2» (decisión usuario)
/en/breast-augmentation-girona-2/,mantener,/en/breast-augmentation-girona-2/,200,Home | Web Rino,,sitemap_only,,0,
/fr/augmentation-mammaire-tp-gerone/,mantener,/fr/augmentation-mammaire-tp-gerone/,200,Accueil | Web Rino,,sitemap_only,,,
/ru/%d1%83%d0%b2%d0%b5%d0%bb%d0%b8%d1%87%d0%b5%d0%bd%d0%b8%d0%b5-%d0%b3%d1%80%d1%83%d0%b4%d0%b8-%d0%b6%d0%b8%d1%80%d0%be%d0%bd%d0%b0/,mantener,/ru/%d1%83%d0%b2%d0%b5%d0%bb%d0%b8%d1%87%d0%b5%d0%bd%d0%b8%d0%b5-%d0%b3%d1%80%d1%83%d0%b4%d0%b8-%d0%b6%d0%b8%d1%80%d0%be%d0%bd%d0%b0/,200,Главная | Web Rino,,sitemap_only,,,
/uk/tp-%d0%b7%d0%b1%d1%96%d0%bb%d1%8c%d1%88%d0%b5%d0%bd%d0%bd%d1%8f-%d0%b3%d1%80%d1%83%d0%b4%d0%b5%d0%b9-%d0%b2-%d0%b6%d0%b8%d1%80%d0%be%d0%bd%d1%96/,mantener,/uk/tp-%d0%b7%d0%b1%d1%96%d0%bb%d1%8c%d1%88%d0%b5%d0%bd%d0%bd%d1%8f-%d0%b3%d1%80%d1%83%d0%b4%d0%b5%d0%b9-%d0%b2-%d0%b6%d0%b8%d1%80%d0%be%d0%bd%d1%96/,200,Головна | Web Rino,,sitemap_only,,,
/ca/tp-augment-de-pit-girona-2/,301,/ca/tp-augment-de-pit-girona/,301,Inici | Web Rino,,sitemap_only,,,renombrada 05/10/2026: URL catalana sin «-2» (decisión usuario)
/en/lp-augment-de-pit-girona-test-a-b/,mantener,/en/lp-augment-de-pit-girona-test-a-b/,200,Home | Web Rino,,sitemap_only,,,
/fr/lp-augmentation-de-pit-girona-test-a-b/,mantener,/fr/lp-augmentation-de-pit-girona-test-a-b/,200,Accueil | Web Rino,,sitemap_only,,,
/ru/lp-%d0%b0%d1%83%d0%b3%d0%bc%d0%b5%d0%bd%d1%82-%d0%b4%d0%b5-%d0%bf%d0%b8%d1%82-%d0%b6%d0%b8%d1%80%d0%be%d0%bd%d0%b0-%d1%82%d0%b5%d1%81%d1%82-%d0%b0-%d0%b1/,mantener,/ru/lp-%d0%b0%d1%83%d0%b3%d0%bc%d0%b5%d0%bd%d1%82-%d0%b4%d0%b5-%d0%bf%d0%b8%d1%82-%d0%b6%d0%b8%d1%80%d0%be%d0%bd%d0%b0-%d1%82%d0%b5%d1%81%d1%82-%d0%b0-%d0%b1/,200,Главная | Web Rino,,sitemap_only,,,
/uk/lp-augment-de-pit-girona-test-a-b/,mantener,/uk/lp-augment-de-pit-girona-test-a-b/,200,Головна | Web Rino,,sitemap_only,,0,
/ca/lp-augment-de-pit-girona-test-a-b/,mantener,/ca/lp-augment-de-pit-girona-test-a-b/,200,Inici | Web Rino,,sitemap_only,,,antes /ca/lp-augment-de-pit-girona-test-a-b-2/ · renombrada 05/10/2026: URL catalana sin «-2» (decisión usuario)
/en/breast-augmentation-girona-test-a-b/,mantener,/en/breast-augmentation-girona-test-a-b/,200,Home | Web Rino,,sitemap_only,,,
/fr/lp-augmentation-mammaire-gerone-test-a-b/,mantener,/fr/lp-augmentation-mammaire-gerone-test-a-b/,200,Accueil | Web Rino,,sitemap_only,,,
/ru/%d0%bf%d0%bb%d0%b0%d1%81%d1%82%d0%b8%d1%87%d0%b5%d1%81%d0%ba%d0%b0%d1%8f-%d1%85%d0%b8%d1%80%d1%83%d1%80%d0%b3%d0%b8%d1%8f-%d1%83%d0%b2%d0%b5%d0%bb%d0%b8%d1%87%d0%b5%d0%bd%d0%b8%d0%b5-%d0%b3%d1%80/,mantener,/ru/%d0%bf%d0%bb%d0%b0%d1%81%d1%82%d0%b8%d1%87%d0%b5%d1%81%d0%ba%d0%b0%d1%8f-%d1%85%d0%b8%d1%80%d1%83%d1%80%d0%b3%d0%b8%d1%8f-%d1%83%d0%b2%d0%b5%d0%bb%d0%b8%d1%87%d0%b5%d0%bd%d0%b8%d0%b5-%d0%b3%d1%80/,200,Главная | Web Rino,,sitemap_only,,,
/uk/lp-%d0%b7%d0%b1%d1%96%d0%bb%d1%8c%d1%88%d0%b5%d0%bd%d0%bd%d1%8f-%d0%b3%d1%80%d1%83%d0%b4%d0%b5%d0%b9-%d0%b6%d0%b8%d1%80%d0%be%d0%bd%d0%b0-%d1%82%d0%b5%d1%81%d1%82-a-b/,mantener,/uk/lp-%d0%b7%d0%b1%d1%96%d0%bb%d1%8c%d1%88%d0%b5%d0%bd%d0%bd%d1%8f-%d0%b3%d1%80%d1%83%d0%b4%d0%b5%d0%b9-%d0%b6%d0%b8%d1%80%d0%be%d0%bd%d0%b0-%d1%82%d0%b5%d1%81%d1%82-a-b/,200,Головна | Web Rino,,sitemap_only,,,
/ca/lp-augment-de-pit-girona-test-a-b-2/,301,/ca/lp-augment-de-pit-girona-test-a-b/,301,Inici | Web Rino,,sitemap_only,,,renombrada 05/10/2026: URL catalana sin «-2» (decisión usuario)
/en/lp-gyna-ecomastia-girona/,mantener,/en/lp-gyna-ecomastia-girona/,200,Home | Web Rino,,sitemap_only,,0,
/fr/lp-gynecomastie-girona/,mantener,/fr/lp-gynecomastie-girona/,200,Accueil | Web Rino,,sitemap_only,,0,
/ru/%d0%b3%d0%b8%d0%bd%d0%b5%d0%ba%d0%be%d0%bc%d0%b0%d1%81%d1%82%d0%b8%d1%8f-%d0%bb%d0%bf-%d0%b6%d0%b8%d1%80%d0%be%d0%bd%d0%b0/,mantener,/ru/%d0%b3%d0%b8%d0%bd%d0%b5%d0%ba%d0%be%d0%bc%d0%b0%d1%81%d1%82%d0%b8%d1%8f-%d0%bb%d0%bf-%d0%b6%d0%b8%d1%80%d0%be%d0%bd%d0%b0/,200,Главная | Web Rino,,sitemap_only,,,
/uk/lp-%d0%b3%d1%96%d0%bd%d0%b5%d0%ba%d0%be%d0%bc%d0%b0%d1%81%d1%82%d1%96%d1%8f-%d0%b6%d0%b8%d1%80%d0%be%d0%bd%d0%b0/,mantener,/uk/lp-%d0%b3%d1%96%d0%bd%d0%b5%d0%ba%d0%be%d0%bc%d0%b0%d1%81%d1%82%d1%96%d1%8f-%d0%b6%d0%b8%d1%80%d0%be%d0%bd%d0%b0/,200,Головна | Web Rino,,sitemap_only,,,
/ca/lp-ginecomastia-girona/,mantener,/ca/lp-ginecomastia-girona/,200,Inici | Web Rino,,sitemap_only,,,
/en/ginecomastia-girona/,mantener,/en/ginecomastia-girona/,200,Home | Web Rino,,sitemap_only,,0,
/fr/tp-gynecomastie-gerone/,mantener,/fr/tp-gynecomastie-gerone/,200,Accueil | Web Rino,,sitemap_only,,,
/ru/%d0%b3%d0%b8%d0%bd%d0%b5%d0%ba%d0%be%d0%bc%d0%b0%d1%81%d1%82%d0%b8%d1%8f/,mantener,/ru/%d0%b3%d0%b8%d0%bd%d0%b5%d0%ba%d0%be%d0%bc%d0%b0%d1%81%d1%82%d0%b8%d1%8f/,200,Главная | Web Rino,,sitemap_only,,,
/uk/tp-%d0%b3%d1%96%d0%bd%d0%b5%d0%ba%d0%be%d0%bc%d0%b0%d1%81%d1%82%d1%96%d1%8f-%d0%b6%d0%b8%d1%80%d0%be%d0%bd%d0%b0/,mantener,/uk/tp-%d0%b3%d1%96%d0%bd%d0%b5%d0%ba%d0%be%d0%bc%d0%b0%d1%81%d1%82%d1%96%d1%8f-%d0%b6%d0%b8%d1%80%d0%be%d0%bd%d0%b0/,200,Головна | Web Rino,,sitemap_only,,,
/ca/tp-ginecomastia-girona/,mantener,/ca/tp-ginecomastia-girona/,200,Inici | Web Rino,,sitemap_only,,,
/en/legal-bases-for-participation-in-the-prize-draw/,301,/en/legal-basis-for-participation-in-the-prize-draw/,301,Legal terms for participation in the prize draw - MedicsIntegralSalut,,sitemap_only,,,duplicada: 301 a su canónica (aprobado Oscar 27/09/2026)
/fr/bases-legales-de-participation-au-tirage-au-sort/,301,/fr/bases-legales-de-participation-au-tirage-au-sort-2/,301,Bases légales de participation au tirage au sort - MedicsIntegralSalut,,sitemap_only,,,duplicada: 301 a su canónica (aprobado Oscar 27/09/2026)
/ru/%d0%bf%d1%80%d0%b0%d0%b2%d0%be%d0%b2%d1%8b%d0%b5-%d0%be%d1%81%d0%bd%d0%be%d0%b2%d0%b0%d0%bd%d0%b8%d1%8f-%d0%b4%d0%bb%d1%8f-%d1%83%d1%87%d0%b0%d1%81%d1%82%d0%b8%d1%8f-%d0%b2-%d1%80%d0%be%d0%b7%d1%8b/,301,/ru/правовые-основания-для-участия-в-розы-2/,301,Правовые основания участия в розыгрыше - MedicsIntegralSalut,,sitemap_only,,,duplicada: 301 a su canónica (aprobado Oscar 27/09/2026)
/uk/%d0%bf%d1%80%d0%b0%d0%b2%d0%be%d0%b2%d1%96-%d0%b7%d0%b0%d1%81%d0%b0%d0%b4%d0%b8-%d1%83%d1%87%d0%b0%d1%81%d1%82%d1%96-%d0%b2-%d1%80%d0%be%d0%b7%d1%96%d0%b3%d1%80%d0%b0%d1%88%d1%96/,301,/uk/правові-засади-участі-в-розіграші-2/,301,Правові засади участі в розіграші — MedicsIntegralSalut,,sitemap_only,,,duplicada: 301 a su canónica (aprobado Oscar 27/09/2026)
/ca/bases-legals-de-participacio-al-sorteig/,301,/ca/bases-legals-de-participacio-en-el-sorteig/,301,Bases legals de participació en el sorteig - MedicsIntegralSalut,,sitemap_only,,0,duplicada: 301 a su canónica (aprobado Oscar 27/09/2026)
/en/cosmetic-surgery/,mantener,/en/cosmetic-surgery/,200,Cosmetic Surgery - MedicsIntegralSalut,,sitemap_only,,0,
/fr/chirurgie-esthetique/,mantener,/fr/chirurgie-esthetique/,200,Chirurgie esthétique - MedicsIntegralSalut,,sitemap_only,,,
/ru/%d1%8d%d1%81%d1%82%d0%b5%d1%82%d0%b8%d1%87%d0%b5%d1%81%d0%ba%d0%b0%d1%8f-%d1%85%d0%b8%d1%80%d1%83%d1%80%d0%b3%d0%b8%d1%8f/,mantener,/ru/%d1%8d%d1%81%d1%82%d0%b5%d1%82%d0%b8%d1%87%d0%b5%d1%81%d0%ba%d0%b0%d1%8f-%d1%85%d0%b8%d1%80%d1%83%d1%80%d0%b3%d0%b8%d1%8f/,200,Пластическая хирургия - MedicsIntegralSalut,,sitemap_only,,,
/uk/%d0%b5%d1%81%d1%82%d0%b5%d1%82%d0%b8%d1%87%d0%bd%d0%b0-%d1%85%d1%96%d1%80%d1%83%d1%80%d0%b3%d1%96%d1%8f/,mantener,/uk/%d0%b5%d1%81%d1%82%d0%b5%d1%82%d0%b8%d1%87%d0%bd%d0%b0-%d1%85%d1%96%d1%80%d1%83%d1%80%d0%b3%d1%96%d1%8f/,200,Естетична хірургія — MedicsIntegralSalut,,sitemap_only,,,
/ca/cirurgia-estetica-2/,301,/ca/cirurgia-estetica/,301,Cirurgia Estètica - MedicsIntegralSalut,,sitemap_only,,0,renombrada 05/10/2026: URL catalana sin «-2» (decisión usuario)
/en/legal-basis-for-participation-in-the-prize-draw/,mantener,/en/legal-basis-for-participation-in-the-prize-draw/,200,Legal basis for participation in the prize draw - MedicsIntegralSalut,,sitemap_only,,0,
/fr/bases-legales-de-participation-au-tirage-au-sort-2/,mantener,/fr/bases-legales-de-participation-au-tirage-au-sort-2/,200,Bases légales de participation au tirage au sort - MedicsIntegralSalut,,sitemap_only,,0,
/ru/%d0%bf%d1%80%d0%b0%d0%b2%d0%be%d0%b2%d1%8b%d0%b5-%d0%be%d1%81%d0%bd%d0%be%d0%b2%d0%b0%d0%bd%d0%b8%d1%8f-%d0%b4%d0%bb%d1%8f-%d1%83%d1%87%d0%b0%d1%81%d1%82%d0%b8%d1%8f-%d0%b2-%d1%80%d0%be%d0%b7%d1%8b-2/,mantener,/ru/%d0%bf%d1%80%d0%b0%d0%b2%d0%be%d0%b2%d1%8b%d0%b5-%d0%be%d1%81%d0%bd%d0%be%d0%b2%d0%b0%d0%bd%d0%b8%d1%8f-%d0%b4%d0%bb%d1%8f-%d1%83%d1%87%d0%b0%d1%81%d1%82%d0%b8%d1%8f-%d0%b2-%d1%80%d0%be%d0%b7%d1%8b-2/,200,Правовые основания для участия в розыгрыше - MedicsIntegralSalut,,sitemap_only,,,
/uk/%d0%bf%d1%80%d0%b0%d0%b2%d0%be%d0%b2%d1%96-%d0%b7%d0%b0%d1%81%d0%b0%d0%b4%d0%b8-%d1%83%d1%87%d0%b0%d1%81%d1%82%d1%96-%d0%b2-%d1%80%d0%be%d0%b7%d1%96%d0%b3%d1%80%d0%b0%d1%88%d1%96-2/,mantener,/uk/%d0%bf%d1%80%d0%b0%d0%b2%d0%be%d0%b2%d1%96-%d0%b7%d0%b0%d1%81%d0%b0%d0%b4%d0%b8-%d1%83%d1%87%d0%b0%d1%81%d1%82%d1%96-%d0%b2-%d1%80%d0%be%d0%b7%d1%96%d0%b3%d1%80%d0%b0%d1%88%d1%96-2/,200,Правові засади участі в розіграші — MedicsIntegralSalut,,sitemap_only,,,
/ca/bases-legals-de-participacio-en-el-sorteig/,mantener,/ca/bases-legals-de-participacio-en-el-sorteig/,200,Bases legals de participació en el sorteig - MedicsIntegralSalut,,sitemap_only,,0,
/en/beauty-days/,mantener,/en/beauty-days/,200,Beauty Days - MedicsIntegralSalut,,sitemap_only,,,
/fr/jours-de-beaute/,mantener,/fr/jours-de-beaute/,200,Beauty Days - MedicsIntegralBonjour,,sitemap_only,,,
/ru/%d0%b4%d0%bd%d0%b8-%d0%ba%d1%80%d0%b0%d1%81%d0%be%d1%82%d1%8b/,mantener,/ru/%d0%b4%d0%bd%d0%b8-%d0%ba%d1%80%d0%b0%d1%81%d0%be%d1%82%d1%8b/,200,Дни красоты – MedicsIntegralSalut,,sitemap_only,,,
/uk/%d0%b4%d0%bd%d1%96-%d0%ba%d1%80%d0%b0%d1%81%d0%b8/,mantener,/uk/%d0%b4%d0%bd%d1%96-%d0%ba%d1%80%d0%b0%d1%81%d0%b8/,200,Beauty Days — MedicsIntegralSalut,,sitemap_only,,,
/ca/dies-de-bellesa/,mantener,/ca/dies-de-bellesa/,200,Beauty Days - MedicsIntegralSalut,,sitemap_only,,,
/en/thank-you/,mantener,/en/thank-you/,200,Thank you - MedicsIntegralHealth,,sitemap_only,,,
/fr/merci/,mantener,/fr/merci/,200,Merci - MedicsIntegralSalut,,sitemap_only,,0,
/ru/%d1%81%d0%bf%d0%b0%d1%81%d0%b8%d0%b1%d0%be/,mantener,/ru/%d1%81%d0%bf%d0%b0%d1%81%d0%b8%d0%b1%d0%be/,200,Спасибо - MedicsIntegralSalut,,sitemap_only,,,
/uk/%d0%b4%d1%8f%d0%ba%d1%83%d1%8e/,mantener,/uk/%d0%b4%d1%8f%d0%ba%d1%83%d1%8e/,200,Дякую — MedicsIntegralSalut,,sitemap_only,,,
/ca/gracies/,mantener,/ca/gracies/,200,Gràcies - MedicsIntegralSalut,,sitemap_only,,,
/en/aesthetic-medicine/,mantener,/en/aesthetic-medicine/,200,Aesthetic Medicine - MedicsIntegralSalut,,sitemap_only,,,
/fr/medecine-esthetique/,mantener,/fr/medecine-esthetique/,200,Médecine Esthétique - MedicsIntegralSalut,,sitemap_only,,0,
/ru/%d1%8d%d1%81%d1%82%d0%b5%d1%82%d0%b8%d1%87%d0%b5%d1%81%d0%ba%d0%b0%d1%8f-%d0%bc%d0%b5%d0%b4%d0%b8%d1%86%d0%b8%d0%bd%d0%b0/,mantener,/ru/%d1%8d%d1%81%d1%82%d0%b5%d1%82%d0%b8%d1%87%d0%b5%d1%81%d0%ba%d0%b0%d1%8f-%d0%bc%d0%b5%d0%b4%d0%b8%d1%86%d0%b8%d0%bd%d0%b0/,200,Эстетическая медицина - MedicsIntegralSalut,,sitemap_only,,,
/uk/%d0%b5%d1%81%d1%82%d0%b5%d1%82%d0%b8%d1%87%d0%bd%d0%b0-%d0%bc%d0%b5%d0%b4%d0%b8%d1%86%d0%b8%d0%bd%d0%b0/,mantener,/uk/%d0%b5%d1%81%d1%82%d0%b5%d1%82%d0%b8%d1%87%d0%bd%d0%b0-%d0%bc%d0%b5%d0%b4%d0%b8%d1%86%d0%b8%d0%bd%d0%b0/,200,Естетична медицина — MedicsIntegralSalut,,sitemap_only,,,
/ca/medicina-estetica/,mantener,/ca/medicina-estetica/,200,Medicina Estètica - MedicsIntegralSalut,,sitemap_only,1,0,
/en/cosmetic-surgery-2/,301,/en/cosmetic-surgery/,301,Cosmetic Surgery - MedicsIntegralSalut,,sitemap_only,,,duplicada: 301 a su canónica (aprobado Oscar 27/09/2026)
/fr/chirurgie-esthetique-2/,301,/fr/chirurgie-esthetique/,301,Chirurgie Esthétique - MedicsIntegralSalut,,sitemap_only,,,duplicada: 301 a su canónica (aprobado Oscar 27/09/2026)
/ru/%d0%bf%d0%bb%d0%b0%d1%81%d1%82%d0%b8%d1%87%d0%b5%d1%81%d0%ba%d0%b0%d1%8f-%d1%85%d0%b8%d1%80%d1%83%d1%80%d0%b3%d0%b8%d1%8f/,301,/ru/эстетическая-хирургия/,301,Пластическая хирургия - MedicsIntegralSalut,,sitemap_only,,,duplicada: 301 a su canónica (aprobado Oscar 27/09/2026)
/uk/%d0%b5%d1%81%d1%82%d0%b5%d1%82%d0%b8%d1%87%d0%bd%d0%b0-%d1%85%d1%96%d1%80%d1%83%d1%80%d0%b3%d1%96%d1%8f-2/,301,/uk/естетична-хірургія/,301,Естетична хірургія — MedicsIntegralSalut,,sitemap_only,,,duplicada: 301 a su canónica (aprobado Oscar 27/09/2026)
/ca/cirurgia-estetica/,mantener,/ca/cirurgia-estetica/,200,Cirurgia Estètica - MedicsIntegralSalut,,sitemap_only,,,antes /ca/cirurgia-estetica-2/ · renombrada 05/10/2026: URL catalana sin «-2» (decisión usuario)
/en/units-2/aesthetic-cabinet/radiofrequency-facial-and-body-treatments-2/,301,/en/units/beauty-salon/radiofrequency-facial-and-body-treatments/,301,Radiofrequency for face and body - MedicsIntegralSalut,,sitemap_only,,0,duplicada: 301 a su canónica (aprobado Oscar 27/09/2026)
/fr/unites-2/cabinet-desthetique/radiofrequence-faciale-et-corporelle-2/,301,/fr/unites/institut-de-beaute/radiofrequence-faciale-et-corporelle/,301,Radiofréquence faciale et corporelle - MedicsIntegralSalut,,sitemap_only,,,duplicada: 301 a su canónica (aprobado Oscar 27/09/2026)
/ru/%d1%8e%d0%bd%d0%b8%d1%82%d0%b0%d1%86/%d0%ba%d0%b0%d0%b1%d0%b8%d0%bd%d0%b5%d1%82-%d1%8d%d1%81%d1%82%d0%b5%d1%82%d0%b8%d0%ba%d0%b8-2/%d1%80%d0%b0%d0%b4%d0%b8%d0%be%d1%87%d0%b0%d1%81%d1%82%d0%be%d1%82%d0%bd%d0%b0%d1%8f-%d1%82%d0%b5%d1%80%d0%b0%d0%bf%d0%b8%d1%8f-%d0%b4%d0%bb%d1%8f-%d0%bb%d0%b8%d1%86%d0%b0-%d0%b8-%d1%82%d0%b5%d0%bb/,301,/ru/единицы/кабинет-эстетики/радиочастотная-подтяжка-лица-и-тела/,301,Радиочастотный лифтинг лица и тела - MedicsIntegralSalut,,sitemap_only,,,duplicada: 301 a su canónica (aprobado Oscar 27/09/2026)
/uk/%d0%be%d0%b4%d0%b8%d0%bd%d0%b8%d1%86%d1%96-2/%d1%81%d0%b0%d0%bb%d0%be%d0%bd-%d0%ba%d1%80%d0%b0%d1%81%d0%b8-2/%d1%80%d0%b0%d0%b4%d1%96%d0%be%d1%87%d0%b0%d1%81%d1%82%d0%be%d1%82%d0%bd%d0%b0-%d0%bf%d1%80%d0%be%d1%86%d0%b5%d0%b4%d1%83%d1%80%d0%b0-%d0%b4%d0%bb%d1%8f-%d0%be%d0%b1%d0%bb%d0%b8%d1%87%d1%87%d1%8f/,301,/uk/одиниці/салон-краси/радіочастотна-терапія-для-обличчя-та/,301,Радіочастотна терапія обличчя та тіла — MedicsIntegralSalut,,sitemap_only,,,duplicada: 301 a su canónica (aprobado Oscar 27/09/2026)
/ca/unitats/gabinet-destetica/radiofrequencia-facial-i-corporal-2/,301,/ca/unitats/gabinet-destetica/radiofrequencia-facial-i-corporal/,301,Radiofreqüència facial i corporal - MedicsIntegralSalut,,sitemap_only,,0,duplicada: 301 a su canónica (aprobado Oscar 27/09/2026)
/en/units-2/aesthetic-cabinet/facial-rejuvenation-2/,mantener,/en/units-2/aesthetic-cabinet/facial-rejuvenation-2/,200,Facial Revitalisation - MedicsIntegralSalut,,sitemap_only,,0,
/fr/unites-2/cabinet-desthetique/rajeunissement-facial-2/,mantener,/fr/unites-2/cabinet-desthetique/rajeunissement-facial-2/,200,Revitalisation faciale - MedicsIntegralSalut,,sitemap_only,,0,
/ru/%d1%8e%d0%bd%d0%b8%d1%82%d0%b0%d1%86/%d0%ba%d0%b0%d0%b1%d0%b8%d0%bd%d0%b5%d1%82-%d1%8d%d1%81%d1%82%d0%b5%d1%82%d0%b8%d0%ba%d0%b8-2/%d1%80%d0%b5%d0%b2%d0%b8%d1%82%d0%b0%d0%bb%d0%b8%d0%b7%d0%b0%d1%86%d0%b8%d1%8f-%d0%bb%d0%b8%d1%86%d0%b0/,mantener,/ru/%d1%8e%d0%bd%d0%b8%d1%82%d0%b0%d1%86/%d0%ba%d0%b0%d0%b1%d0%b8%d0%bd%d0%b5%d1%82-%d1%8d%d1%81%d1%82%d0%b5%d1%82%d0%b8%d0%ba%d0%b8-2/%d1%80%d0%b5%d0%b2%d0%b8%d1%82%d0%b0%d0%bb%d0%b8%d0%b7%d0%b0%d1%86%d0%b8%d1%8f-%d0%bb%d0%b8%d1%86%d0%b0/,200,Омоложение лица - MedicsIntegralSalut,,sitemap_only,,,
/uk/%d0%be%d0%b4%d0%b8%d0%bd%d0%b8%d1%86%d1%96-2/%d1%81%d0%b0%d0%bb%d0%be%d0%bd-%d0%ba%d1%80%d0%b0%d1%81%d0%b8-2/%d0%b2%d1%96%d0%b4%d0%bd%d0%be%d0%b2%d0%bb%d0%b5%d0%bd%d0%bd%d1%8f-%d1%88%d0%ba%d1%96%d1%80%d0%b8-%d0%be%d0%b1%d0%bb%d0%b8%d1%87%d1%87%d1%8f/,mantener,/uk/%d0%be%d0%b4%d0%b8%d0%bd%d0%b8%d1%86%d1%96-2/%d1%81%d0%b0%d0%bb%d0%be%d0%bd-%d0%ba%d1%80%d0%b0%d1%81%d0%b8-2/%d0%b2%d1%96%d0%b4%d0%bd%d0%be%d0%b2%d0%bb%d0%b5%d0%bd%d0%bd%d1%8f-%d1%88%d0%ba%d1%96%d1%80%d0%b8-%d0%be%d0%b1%d0%bb%d0%b8%d1%87%d1%87%d1%8f/,200,Омолодження обличчя — MedicsIntegralSalut,,sitemap_only,,,
/ca/unitats/gabinet-destetica/revitalitzacio-facial/,mantener,/ca/unitats/gabinet-destetica/revitalitzacio-facial/,200,Rejoveniment facial - MedicsIntegralSalut,,sitemap_only,1,0,antes /ca/unitats-2/gabinet-destetica-2/revitalitzacio-facial-2/ · renombrada 05/10/2026: URL catalana sin «-2» (decisión usuario)
/en/units-2/aesthetic-cabinet/lymphatic-drainage-2/,301,/en/units/beauty-salon/lymphatic-drainage/,301,Lymphatic drainage - MedicsIntegralHealth,,sitemap_only,,0,duplicada: 301 a su canónica (aprobado Oscar 27/09/2026)
/fr/unites-2/cabinet-desthetique/drainage-lymphatique-2/,301,/fr/unites/institut-de-beaute/drainage-lymphatique/,301,Drainage lymphatique - MedicsIntegralSalut,,sitemap_only,,,duplicada: 301 a su canónica (aprobado Oscar 27/09/2026)
/ru/%d1%8e%d0%bd%d0%b8%d1%82%d0%b0%d1%86/%d0%ba%d0%b0%d0%b1%d0%b8%d0%bd%d0%b5%d1%82-%d1%8d%d1%81%d1%82%d0%b5%d1%82%d0%b8%d0%ba%d0%b8-2/%d0%bb%d0%b8%d0%bc%d1%84%d0%b0%d1%82%d0%b8%d1%87%d0%b5%d1%81%d0%ba%d0%b8%d0%b9-%d0%b4%d1%80%d0%b5%d0%bd%d0%b0%d0%b6/,301,/ru/единицы/кабинет-эстетики/лимфодренаж/,301,Лимфодренаж - MedicsIntegralSalut,,sitemap_only,,,duplicada: 301 a su canónica (aprobado Oscar 27/09/2026)
/uk/%d0%be%d0%b4%d0%b8%d0%bd%d0%b8%d1%86%d1%96-2/%d1%81%d0%b0%d0%bb%d0%be%d0%bd-%d0%ba%d1%80%d0%b0%d1%81%d0%b8-2/%d0%bb%d1%96%d0%bc%d1%84%d0%b0%d1%82%d0%b8%d1%87%d0%bd%d0%b8%d0%b9-%d0%b4%d1%80%d0%b5%d0%bd%d0%b0%d0%b6/,301,/uk/одиниці/салон-краси/лімфодренаж/,301,Лімфодренаж — MedicsIntegralSalut,,sitemap_only,,,duplicada: 301 a su canónica (aprobado Oscar 27/09/2026)
/ca/unitats/gabinet-destetica/drenatge-limfatic/,mantener,/ca/unitats/gabinet-destetica/drenatge-limfatic/,200,Drenatge limfàtic - MedicsIntegralSalut,,sitemap_only,1,0,antes /ca/unitats-2/gabinet-destetica-2/drenatge-limfatic-2/ · renombrada 05/10/2026: URL catalana sin «-2» (decisión usuario)
/en/privacy-policy-2/,301,/en/privacy-policy/,301,Privacy Policy - MedicsIntegralSalut,,sitemap_only,,,duplicada: 301 a su canónica (aprobado Oscar 27/09/2026)
/fr/politique-de-confidentialite-2/,301,/fr/politique-de-confidentialite/,301,Politique de confidentialité - MedicsIntegralSalut,,sitemap_only,,0,duplicada: 301 a su canónica (aprobado Oscar 27/09/2026)
/ru/%d0%bf%d0%be%d0%bb%d0%b8%d1%82%d0%b8%d0%ba%d0%b0-%d0%ba%d0%be%d0%bd%d1%84%d0%b8%d0%b4%d0%b5%d0%bd%d1%86%d0%b8%d0%b0%d0%bb%d1%8c%d0%bd%d0%be%d1%81%d1%82%d0%b8-2/,301,/ru/политика-конфиденциальности/,301,Политика конфиденциальности - MedicsIntegralSalut,,sitemap_only,,,duplicada: 301 a su canónica (aprobado Oscar 27/09/2026)
/uk/%d0%bf%d0%be%d0%bb%d1%96%d1%82%d0%b8%d0%ba%d0%b0-%d0%ba%d0%be%d0%bd%d1%84%d1%96%d0%b4%d0%b5%d0%bd%d1%86%d1%96%d0%b9%d0%bd%d0%be%d1%81%d1%82%d1%96-2/,301,/uk/політика-конфіденційності/,301,Політика конфіденційності — MedicsIntegralSalut,,sitemap_only,,,duplicada: 301 a su canónica (aprobado Oscar 27/09/2026)
/ca/politica-de-privadesa/,mantener,/ca/politica-de-privadesa/,200,Política de privadesa - MedicsIntegralSalut,,sitemap_only,,0,antes /ca/politica-de-privadesa-2/ · renombrada 05/10/2026: URL catalana sin «-2» (decisión usuario)
/en/units-2/overweight-and-obesity/bariatric-surgery/gastric-bypass/,mantener,/en/units-2/overweight-and-obesity/bariatric-surgery/gastric-bypass/,200,Gastric Bypass - MedicsIntegralSalut,,sitemap_only,,0,
/fr/unites-2/surpoids-et-obesite/chirurgie-bariatrique/le-bypass-gastrique/,mantener,/fr/unites-2/surpoids-et-obesite/chirurgie-bariatrique/le-bypass-gastrique/,200,Bypass Gastrique - MedicsIntegralSalut,,sitemap_only,,0,
/ru/%d1%8e%d0%bd%d0%b8%d1%82%d0%b0%d1%86/%d0%b8%d0%b7%d0%b1%d1%8b%d1%82%d0%be%d1%87%d0%bd%d1%8b%d0%b9-%d0%b2%d0%b5%d1%81-%d0%b8-%d0%be%d0%b6%d0%b8%d1%80%d0%b5%d0%bd%d0%b8%d0%b5/%d0%b1%d0%b0%d1%80%d0%b8%d0%b0%d1%82%d1%80%d0%b8%d1%87%d0%b5%d1%81%d0%ba%d0%b0%d1%8f-%d1%85%d0%b8%d1%80%d1%83%d1%80%d0%b3%d0%b8%d1%8f/%d1%88%d1%83%d0%bd%d1%82%d0%b8%d1%80%d0%be%d0%b2%d0%b0%d0%bd%d0%b8%d0%b5-%d0%b6%d0%b5%d0%bb%d1%83%d0%b4%d0%ba%d0%b0/,mantener,/ru/%d1%8e%d0%bd%d0%b8%d1%82%d0%b0%d1%86/%d0%b8%d0%b7%d0%b1%d1%8b%d1%82%d0%be%d1%87%d0%bd%d1%8b%d0%b9-%d0%b2%d0%b5%d1%81-%d0%b8-%d0%be%d0%b6%d0%b8%d1%80%d0%b5%d0%bd%d0%b8%d0%b5/%d0%b1%d0%b0%d1%80%d0%b8%d0%b0%d1%82%d1%80%d0%b8%d1%87%d0%b5%d1%81%d0%ba%d0%b0%d1%8f-%d1%85%d0%b8%d1%80%d1%83%d1%80%d0%b3%d0%b8%d1%8f/%d1%88%d1%83%d0%bd%d1%82%d0%b8%d1%80%d0%be%d0%b2%d0%b0%d0%bd%d0%b8%d0%b5-%d0%b6%d0%b5%d0%bb%d1%83%d0%b4%d0%ba%d0%b0/,200,Байпас Гастрик - MedicsIntegralSalut,,sitemap_only,,,
/uk/%d0%be%d0%b4%d0%b8%d0%bd%d0%b8%d1%86%d1%96-2/%d0%bd%d0%b0%d0%b4%d0%bc%d1%96%d1%80%d0%bd%d0%b0-%d0%b2%d0%b0%d0%b3%d0%b0-%d1%82%d0%b0-%d0%be%d0%b6%d0%b8%d1%80%d1%96%d0%bd%d0%bd%d1%8f/%d0%b1%d0%b0%d1%80%d1%96%d0%b0%d1%82%d1%80%d0%b8%d1%87%d0%bd%d0%b0-%d1%85%d1%96%d1%80%d1%83%d1%80%d0%b3%d1%96%d1%8f/%d1%88%d1%83%d0%bd%d1%82%d1%83%d0%b2%d0%b0%d0%bd%d0%bd%d1%8f-%d1%88%d0%bb%d1%83%d0%bd%d0%ba%d0%b0/,mantener,/uk/%d0%be%d0%b4%d0%b8%d0%bd%d0%b8%d1%86%d1%96-2/%d0%bd%d0%b0%d0%b4%d0%bc%d1%96%d1%80%d0%bd%d0%b0-%d0%b2%d0%b0%d0%b3%d0%b0-%d1%82%d0%b0-%d0%be%d0%b6%d0%b8%d1%80%d1%96%d0%bd%d0%bd%d1%8f/%d0%b1%d0%b0%d1%80%d1%96%d0%b0%d1%82%d1%80%d0%b8%d1%87%d0%bd%d0%b0-%d1%85%d1%96%d1%80%d1%83%d1%80%d0%b3%d1%96%d1%8f/%d1%88%d1%83%d0%bd%d1%82%d1%83%d0%b2%d0%b0%d0%bd%d0%bd%d1%8f-%d1%88%d0%bb%d1%83%d0%bd%d0%ba%d0%b0/,200,Шлунковий шунт — MedicsIntegralSalut,,sitemap_only,,,
/ca/unitats/sobrepes-i-obesitat/cirurgia-bariatrica/bypass-gastric/,mantener,/ca/unitats/sobrepes-i-obesitat/cirurgia-bariatrica/bypass-gastric/,200,Bypass Gàstric - MedicsIntegralSalut,,sitemap_only,1,0,
/en/units-2/cosmetic-breast-surgery/prosthetic-replacement/,301,/en/units/cosmetic-breast-surgery-2/prosthetic-replacement-2/,301,Prosthetic Replacement - MedicsIntegralSalut,,sitemap_only,,0,duplicada: 301 a su canónica (aprobado Oscar 27/09/2026)
/fr/unites-2/chirurgie-esthetique-des-seins/rechange-de-prothese/,301,/fr/unites/chirurgie-esthetique-des-seins-2/remplacement-de-prothese/,301,Prothèse de remplacement - MedicsIntegralSalut,,sitemap_only,,0,duplicada: 301 a su canónica (aprobado Oscar 27/09/2026)
/ru/%d1%8e%d0%bd%d0%b8%d1%82%d0%b0%d1%86/%d1%8d%d1%81%d1%82%d0%b5%d1%82%d0%b8%d1%87%d0%b5%d1%81%d0%ba%d0%b0%d1%8f-%d1%85%d0%b8%d1%80%d1%83%d1%80%d0%b3%d0%b8%d1%8f-%d0%b3%d1%80%d1%83%d0%b4%d0%b8/%d0%b7%d0%b0%d0%bc%d0%b5%d0%bd%d0%b0-%d0%bf%d1%80%d0%be%d1%82%d0%b5%d0%b7%d0%b0/,301,/ru/единицы/пластическая-хирургия-груди/замена-протеза-2/,301,Замена протеза - MedicsIntegralSalut,,sitemap_only,,,duplicada: 301 a su canónica (aprobado Oscar 27/09/2026)
/uk/%d0%be%d0%b4%d0%b8%d0%bd%d0%b8%d1%86%d1%96-2/%d0%b5%d1%81%d1%82%d0%b5%d1%82%d0%b8%d1%87%d0%bd%d0%b0-%d1%85%d1%96%d1%80%d1%83%d1%80%d0%b3%d1%96%d1%8f-%d0%b3%d1%80%d1%83%d0%b4%d0%b5%d0%b9/%d0%b7%d0%b0%d0%bc%d1%96%d0%bd%d0%b0-%d0%bf%d1%80%d0%be%d1%82%d0%b5%d0%b7%d0%b0/,301,/uk/одиниці/естетична-хірургія-грудей-2/заміна-протеза-2/,301,Заміна протеза — MedicsIntegralSalut,,sitemap_only,,,duplicada: 301 a su canónica (aprobado Oscar 27/09/2026)
/ca/unitats/cirurgia-estetica-pits/recanvi-de-protesi/,301,/ca/unitats/cirurgia-estetica-de-mames/canvi-de-protesi/,301,Recanvi de pròtesi - MedicsIntegralSalut,,sitemap_only,,0,duplicada: 301 a su canónica (aprobado Oscar 27/09/2026)
/en/units-2/cosmetic-facial-surgery/,301,/en/units/cosmetic-facial-surgery-2/,301,,,sitemap_only,,,da 500 en WordPress: reintentar y decidir · RESUELTO 28/09: árbol duplicado units-2 -> unidad en inglés
/fr/unites-2/chirurgie-esthetique-du-visage/,301,/fr/unites/chirurgie-esthetique-faciale/,301,Chirurgie esthétique du visage - MedicsIntegralSalut,,sitemap_only,,,duplicada: 301 a su canónica (aprobado Oscar 27/09/2026)
/ru/%d1%8e%d0%bd%d0%b8%d1%82%d0%b0%d1%86/%d0%bf%d0%bb%d0%b0%d1%81%d1%82%d0%b8%d1%87%d0%b5%d1%81%d0%ba%d0%b0%d1%8f-%d0%be%d0%bf%d0%b5%d1%80%d0%b0%d1%86%d0%b8%d1%8f-%d0%bd%d0%b0-%d0%bb%d0%b8%d1%86%d0%b5/,301,/ru/единицы/пластическая-хирургия-лица/,301,Пластическая хирургия лица - MedicsIntegralSalut,,sitemap_only,,,duplicada: 301 a su canónica (aprobado Oscar 27/09/2026)
/uk/%d0%be%d0%b4%d0%b8%d0%bd%d0%b8%d1%86%d1%96-2/%d0%b5%d1%81%d1%82%d0%b5%d1%82%d0%b8%d1%87%d0%bd%d0%b0-%d1%85%d1%96%d1%80%d1%83%d1%80%d0%b3%d1%96%d1%8f-%d0%be%d0%b1%d0%bb%d0%b8%d1%87%d1%87%d1%8f/,301,/uk/одиниці/естетична-хірургія-обличчя-2/,301,Естетична хірургія обличчя — MedicsIntegralSalut,,sitemap_only,,,duplicada: 301 a su canónica (aprobado Oscar 27/09/2026)
/ca/unitats/cirurgia-estetica-facial/,mantener,/ca/unitats/cirurgia-estetica-facial/,200,Cirurgia estètica facial - MedicsIntegralSalut,,sitemap_only,1,0,antes /ca/unitats-2/cirurgia-estetica-facial-2/ · renombrada 05/10/2026: URL catalana sin «-2» (decisión usuario)
/en/units-2/cosmetic-facial-surgery/chin-surgery-and-cheek-implants/,301,/en/units/cosmetic-facial-surgery-2/chin-and-cheek-surgery/,301,Surgical procedures on the chin and pommels - MedicsIntegralSalut,,sitemap_only,,,duplicada: 301 a su canónica (aprobado Oscar 27/09/2026)
/fr/unites-2/chirurgie-esthetique-du-visage/chirurgie-du-menton-et-des-pommettes/,301,/fr/unites/chirurgie-esthetique-faciale/chirurgie-du-menton-et-des-pommettes-2/,301,Chirurgie du menton et des pommettes - MedicsIntegralSalut,,sitemap_only,,0,duplicada: 301 a su canónica (aprobado Oscar 27/09/2026)
/ru/%d1%8e%d0%bd%d0%b8%d1%82%d0%b0%d1%86/%d0%bf%d0%bb%d0%b0%d1%81%d1%82%d0%b8%d1%87%d0%b5%d1%81%d0%ba%d0%b0%d1%8f-%d0%be%d0%bf%d0%b5%d1%80%d0%b0%d1%86%d0%b8%d1%8f-%d0%bd%d0%b0-%d0%bb%d0%b8%d1%86%d0%b5/%d0%bc%d0%b5%d0%bd%d1%82oplasty-%d0%b8-%d0%b0%d1%83%d0%b3%d0%bc%d0%b5%d0%bd%d1%82%d0%b0%d1%86%d0%b8%d1%8f-%d0%bf%d0%be%d0%b4%d0%b1%d0%be%d1%80%d0%be%d0%b4%d0%ba%d0%b0/,301,/ru/единицы/пластическая-хирургия-лица/операция-на-подбородке-и-скулах/,301,Хирургия младенцев и детей - MedicsIntegralSalut,,sitemap_only,,,duplicada: 301 a su canónica (aprobado Oscar 27/09/2026)
/uk/%d0%be%d0%b4%d0%b8%d0%bd%d0%b8%d1%86%d1%96-2/%d0%b5%d1%81%d1%82%d0%b5%d1%82%d0%b8%d1%87%d0%bd%d0%b0-%d1%85%d1%96%d1%80%d1%83%d1%80%d0%b3%d1%96%d1%8f-%d0%be%d0%b1%d0%bb%d0%b8%d1%87%d1%87%d1%8f/%d1%85%d1%96%d1%80%d1%83%d1%80%d0%b3%d1%96%d1%8f-%d0%bf%d1%96%d0%b4%d0%b1%d0%be%d1%80%d1%96%d0%b4%d0%b4%d1%8f-%d1%82%d0%b0-%d1%89%d0%be%d0%ba/,301,/uk/одиниці/естетична-хірургія-обличчя-2/хірургія-підборіддя-та-вилиць/,301,Хірургія підборіддя та скронь — MedicsIntegralSalut,,sitemap_only,,,duplicada: 301 a su canónica (aprobado Oscar 27/09/2026)
/ca/unitats/cirurgia-estetica-facial/mento-i-pomuls-cirurgia/,mantener,/ca/unitats/cirurgia-estetica-facial/mento-i-pomuls-cirurgia/,200,Cirurgia de barbeta i pòmuls - MedicsIntegralSalut,,sitemap_only,,0,
/en/legal-notice-2/,301,/en/legal-notice/,301,Legal Notice - MedicsIntegralSalut,,sitemap_only,,,duplicada: 301 a su canónica (aprobado Oscar 27/09/2026)
/fr/avis-juridique/,301,/fr/mentions-legales/,301,Mentions légales - MedicsIntegralSalut,,sitemap_only,,,duplicada: 301 a su canónica (aprobado Oscar 27/09/2026)
/ru/%d1%8e%d1%80%d0%b8%d0%b4%d0%b8%d1%87%d0%b5%d1%81%d0%ba%d0%be%d0%b5-%d0%b7%d0%b0%d0%ba%d0%bb%d1%8e%d1%87%d0%b5%d0%bd%d0%b8%d0%b5/,301,/ru/правовая-оговорка/,301,Правовая информация - MedicsIntegralSalut,,sitemap_only,,,duplicada: 301 a su canónica (aprobado Oscar 27/09/2026)
/uk/%d1%8e%d1%80%d0%b8%d0%b4%d0%b8%d1%87%d0%bd%d0%b5-%d0%bf%d0%be%d0%b2%d1%96%d0%b4%d0%be%d0%bc%d0%bb%d0%b5%d0%bd%d0%bd%d1%8f-2/,301,/uk/юридичне-повідомлення/,301,Юридичне повідомлення — MedicsIntegralSalut,,sitemap_only,,,duplicada: 301 a su canónica (aprobado Oscar 27/09/2026)
/ca/avis-legal/,mantener,/ca/avis-legal/,200,Avís legal - MedicsIntegralSalut,,sitemap_only,1,0,antes /ca/avis-legal-2/ · renombrada 05/10/2026: URL catalana sin «-2» (decisión usuario)
/en/units-2/body-contouring-surgery/,mantener,/en/units-2/body-contouring-surgery/,200,Body aesthetic surgery - MedicsIntegralSalut,,sitemap_only,,0,
/fr/unites-2/chirurgie-esthetique-corporelle/,mantener,/fr/unites-2/chirurgie-esthetique-corporelle/,200,Chirurgie esthétique corporelle - MedicsIntegralSalut,,sitemap_only,,,
/ru/%d1%8e%d0%bd%d0%b8%d1%82%d0%b0%d1%86/%d1%8d%d1%81%d1%82%d0%b5%d1%82%d0%b8%d1%87%d0%b5%d1%81%d0%ba%d0%b0%d1%8f-%d1%85%d0%b8%d1%80%d1%83%d1%80%d0%b3%d0%b8%d1%8f-%d1%82%d0%b5%d0%bb%d0%b0/,mantener,/ru/%d1%8e%d0%bd%d0%b8%d1%82%d0%b0%d1%86/%d1%8d%d1%81%d1%82%d0%b5%d1%82%d0%b8%d1%87%d0%b5%d1%81%d0%ba%d0%b0%d1%8f-%d1%85%d0%b8%d1%80%d1%83%d1%80%d0%b3%d0%b8%d1%8f-%d1%82%d0%b5%d0%bb%d0%b0/,200,Эстетическая хирургия тела - MedicsIntegralSalut,,sitemap_only,,,
/uk/%d0%be%d0%b4%d0%b8%d0%bd%d0%b8%d1%86%d1%96-2/%d0%b5%d1%81%d1%82%d0%b5%d1%82%d0%b8%d1%87%d0%bd%d0%b0-%d1%85%d1%96%d1%80%d1%83%d1%80%d0%b3%d1%96%d1%8f-%d1%82%d1%96%d0%bb%d0%b0/,mantener,/uk/%d0%be%d0%b4%d0%b8%d0%bd%d0%b8%d1%86%d1%96-2/%d0%b5%d1%81%d1%82%d0%b5%d1%82%d0%b8%d1%87%d0%bd%d0%b0-%d1%85%d1%96%d1%80%d1%83%d1%80%d0%b3%d1%96%d1%8f-%d1%82%d1%96%d0%bb%d0%b0/,200,Естетична хірургія тіла — MedicsIntegralSalut,,sitemap_only,,,
/ca/unitats/cirurgia-estetica-corporal/,mantener,/ca/unitats/cirurgia-estetica-corporal/,200,Cirurgia estètica corporal - MedicsIntegralSalut,,sitemap_only,1,0,antes /ca/unitats-2/cirurgia-estetica-corporal-2/ · renombrada 05/10/2026: URL catalana sin «-2» (decisión usuario)
/en/units-2/body-contouring-surgery/vaser-liposuction/,301,/en/units/cosmetic-surgery-3/vaser-liposuction-2/,301,Vaser Liposuction - MedicsIntegralHealth,,sitemap_only,,0,duplicada: 301 a su canónica (aprobado Oscar 27/09/2026)
/fr/unites-2/chirurgie-esthetique-corporelle/liposuccion-vaser-2/,301,/fr/unites/chirurgie-esthetique-corporelle-2/liposuccion-vaser/,301,Liposuccion Vasera - MedicsIntegralSalut,,sitemap_only,,0,duplicada: 301 a su canónica (aprobado Oscar 27/09/2026)
/ru/%d1%8e%d0%bd%d0%b8%d1%82%d0%b0%d1%86/%d1%8d%d1%81%d1%82%d0%b5%d1%82%d0%b8%d1%87%d0%b5%d1%81%d0%ba%d0%b0%d1%8f-%d1%85%d0%b8%d1%80%d1%83%d1%80%d0%b3%d0%b8%d1%8f-%d1%82%d0%b5%d0%bb%d0%b0/%d0%bb%d0%b8%d0%bf%d0%be%d1%81%d0%b0%d0%ba%d1%86%d0%b8%d1%8f-%d0%b2%d0%b0%d1%81%d0%b5%d1%80/,301,/ru/единицы/эстетическая-операция-тела/липосакция-vaser/,301,Липосакция Васер - MedicsIntegralSalut,,sitemap_only,,,duplicada: 301 a su canónica (aprobado Oscar 27/09/2026)
/uk/%d0%be%d0%b4%d0%b8%d0%bd%d0%b8%d1%86%d1%96-2/%d0%b5%d1%81%d1%82%d0%b5%d1%82%d0%b8%d1%87%d0%bd%d0%b0-%d1%85%d1%96%d1%80%d1%83%d1%80%d0%b3%d1%96%d1%8f-%d1%82%d1%96%d0%bb%d0%b0/%d0%bb%d1%96%d0%bf%d0%be%d1%81%d0%b0%d0%ba%d1%86%d1%96%d1%8f-%d0%bc%d0%b5%d1%82%d0%be%d0%b4%d0%be%d0%bc-vaser/,301,/uk/одиниці/естетична-хірургія-тіла-2/ліпосакція-методом-vaser-2/,301,Вазерна ліпосакція — MedicsIntegralSalut,,sitemap_only,,,duplicada: 301 a su canónica (aprobado Oscar 27/09/2026)
/ca/unitats/cirurgia-estetica-corporal/liposuccio-vaser/,mantener,/ca/unitats/cirurgia-estetica-corporal/liposuccio-vaser/,200,Liposucció Làser - MedicsIntegralSalut,,sitemap_only,1,0,antes /ca/unitats-2/cirurgia-estetica-corporal-2/liposuccio-vaser-2/ · renombrada 05/10/2026: URL catalana sin «-2» (decisión usuario)
/en/units-2/body-contouring-surgery/gluteal-augmentation/,301,/en/units/cosmetic-surgery-3/buttock-augmentation/,301,Gluteal augmentation - MedicsIntegralHello,,sitemap_only,,0,duplicada: 301 a su canónica (aprobado Oscar 27/09/2026)
/fr/unites-2/chirurgie-esthetique-corporelle/augmentation-des-glutis/,301,/fr/unites/chirurgie-esthetique-corporelle-2/augmentation-des-fessiers/,301,Augmentation des fessiers - MedicsIntegralSalut,,sitemap_only,,0,duplicada: 301 a su canónica (aprobado Oscar 27/09/2026)
/ru/%d1%8e%d0%bd%d0%b8%d1%82%d0%b0%d1%86/%d1%8d%d1%81%d1%82%d0%b5%d1%82%d0%b8%d1%87%d0%b5%d1%81%d0%ba%d0%b0%d1%8f-%d1%85%d0%b8%d1%80%d1%83%d1%80%d0%b3%d0%b8%d1%8f-%d1%82%d0%b5%d0%bb%d0%b0/%d1%83%d0%b2%d0%b5%d0%bb%d0%b8%d1%87%d0%b5%d0%bd%d0%b8%d0%b5-%d1%8f%d0%b3%d0%be%d0%b4%d0%b8%d1%86/,301,/ru/единицы/эстетическая-операция-тела/увеличение-ягодиц-2/,301,Увеличение ягодиц - MedicsIntegralSalut,,sitemap_only,,,duplicada: 301 a su canónica (aprobado Oscar 27/09/2026)
/uk/%d0%be%d0%b4%d0%b8%d0%bd%d0%b8%d1%86%d1%96-2/%d0%b5%d1%81%d1%82%d0%b5%d1%82%d0%b8%d1%87%d0%bd%d0%b0-%d1%85%d1%96%d1%80%d1%83%d1%80%d0%b3%d1%96%d1%8f-%d1%82%d1%96%d0%bb%d0%b0/%d0%b7%d0%b1%d1%96%d0%bb%d1%8c%d1%88%d0%b5%d0%bd%d0%bd%d1%8f-%d1%81%d1%96%d0%b4%d0%bd%d0%b8%d1%86%d1%8c/,301,/uk/одиниці/естетична-хірургія-тіла-2/збільшення-сідниць-2/,301,Збільшення сідниць — MedicsIntegralSalut,,sitemap_only,,,duplicada: 301 a su canónica (aprobado Oscar 27/09/2026)
/ca/unitats/cirurgia-estetica-corporal/augment-de-glutis/,mantener,/ca/unitats/cirurgia-estetica-corporal/augment-de-glutis/,200,Augment de glutis - MedicsIntegralSalut,,sitemap_only,1,0,antes /ca/unitats-2/cirurgia-estetica-corporal-2/augment-de-glutis-2/ · renombrada 05/10/2026: URL catalana sin «-2» (decisión usuario)
/en/units-2/body-contouring-surgery/female-genital-surgery/,301,/en/units/cosmetic-surgery-3/female-genital-surgery-2/,301,Female Genital Surgery - MedicsIntegralSalut,,sitemap_only,,0,duplicada: 301 a su canónica (aprobado Oscar 27/09/2026)
/fr/unites-2/chirurgie-esthetique-corporelle/chirurgie-genitale-feminine/,301,/fr/unites/chirurgie-esthetique-corporelle-2/chirurgie-genitale-feminine-2/,301,Chirurgie génitale féminine - MedicsIntegralSalut,,sitemap_only,,0,duplicada: 301 a su canónica (aprobado Oscar 27/09/2026)
/ru/%d1%8e%d0%bd%d0%b8%d1%82%d0%b0%d1%86/%d1%8d%d1%81%d1%82%d0%b5%d1%82%d0%b8%d1%87%d0%b5%d1%81%d0%ba%d0%b0%d1%8f-%d1%85%d0%b8%d1%80%d1%83%d1%80%d0%b3%d0%b8%d1%8f-%d1%82%d0%b5%d0%bb%d0%b0/%d0%b6%d0%b5%d0%bd%d1%81%d0%ba%d0%b0%d1%8f-%d0%b3%d0%b5%d0%bd%d0%b8%d1%82%d0%b0%d0%bb%d1%8c%d0%bd%d0%b0%d1%8f-%d1%85%d0%b8%d1%80%d1%83%d1%80%d0%b3%d0%b8%d1%8f/,301,/ru/единицы/эстетическая-операция-тела/женская-генитальная-хирургия-2/,301,Хирургия женских половых органов - MedicsIntegralSalut,,sitemap_only,,,duplicada: 301 a su canónica (aprobado Oscar 27/09/2026)
/uk/%d0%be%d0%b4%d0%b8%d0%bd%d0%b8%d1%86%d1%96-2/%d0%b5%d1%81%d1%82%d0%b5%d1%82%d0%b8%d1%87%d0%bd%d0%b0-%d1%85%d1%96%d1%80%d1%83%d1%80%d0%b3%d1%96%d1%8f-%d1%82%d1%96%d0%bb%d0%b0/%d1%85%d1%96%d1%80%d1%83%d1%80%d0%b3%d1%96%d1%8f-%d0%b6%d1%96%d0%bd%d0%be%d1%87%d0%b8%d1%85-%d1%81%d1%82%d0%b0%d1%82%d0%b5%d0%b2%d0%b8%d1%85-%d0%be%d1%80%d0%b3%d0%b0%d0%bd%d1%96%d0%b2/,301,/uk/одиниці/естетична-хірургія-тіла-2/хірургія-жіночих-статевих-органів-2/,301,Хірургія жіночих статевих органів — MedicsIntegralSalut,,sitemap_only,,,duplicada: 301 a su canónica (aprobado Oscar 27/09/2026)
/ca/unitats/cirurgia-estetica-corporal/cirurgia-genital-femenina/,mantener,/ca/unitats/cirurgia-estetica-corporal/cirurgia-genital-femenina/,200,Cirurgia genital femenina - MedicsIntegralSalut,,sitemap_only,1,0,antes /ca/unitats-2/cirurgia-estetica-corporal-2/cirurgia-genital-femenina-2/ · renombrada 05/10/2026: URL catalana sin «-2» (decisión usuario)
/en/units-2/male-cosmetic-surgery-2/,mantener,/en/units-2/male-cosmetic-surgery-2/,200,Male Cosmetic Surgery - MedicsIntegralSalut,,sitemap_only,,0,
/fr/unites-2/chirurgie-esthetique-masculine-2/,mantener,/fr/unites-2/chirurgie-esthetique-masculine-2/,200,Chirurgie esthétique masculine - MedicsIntegralSalut,,sitemap_only,,,
/ru/%d1%8e%d0%bd%d0%b8%d1%82%d0%b0%d1%86/%d0%bc%d1%83%d0%b6%d1%81%d0%ba%d0%b0%d1%8f-%d0%bf%d0%bb%d0%b0%d1%81%d1%82%d0%b8%d1%87%d0%b5%d1%81%d0%ba%d0%b0%d1%8f-%d1%85%d0%b8%d1%80%d1%83%d1%80%d0%b3%d0%b8%d1%8f/,mantener,/ru/%d1%8e%d0%bd%d0%b8%d1%82%d0%b0%d1%86/%d0%bc%d1%83%d0%b6%d1%81%d0%ba%d0%b0%d1%8f-%d0%bf%d0%bb%d0%b0%d1%81%d1%82%d0%b8%d1%87%d0%b5%d1%81%d0%ba%d0%b0%d1%8f-%d1%85%d0%b8%d1%80%d1%83%d1%80%d0%b3%d0%b8%d1%8f/,200,Мужская пластическая хирургия - MedicsIntegralSalut,,sitemap_only,,,
/uk/%d0%be%d0%b4%d0%b8%d0%bd%d0%b8%d1%86%d1%96-2/%d1%87%d0%be%d0%bb%d0%be%d0%b2%d1%96%d1%87%d0%b0-%d0%b5%d1%81%d1%82%d0%b5%d1%82%d0%b8%d1%87%d0%bd%d0%b0-%d1%85%d1%96%d1%80%d1%83%d1%80%d0%b3%d1%96%d1%8f-2/,mantener,/uk/%d0%be%d0%b4%d0%b8%d0%bd%d0%b8%d1%86%d1%96-2/%d1%87%d0%be%d0%bb%d0%be%d0%b2%d1%96%d1%87%d0%b0-%d0%b5%d1%81%d1%82%d0%b5%d1%82%d0%b8%d1%87%d0%bd%d0%b0-%d1%85%d1%96%d1%80%d1%83%d1%80%d0%b3%d1%96%d1%8f-2/,200,Естетична хірургія для чоловіків — MedicsIntegralSalut,,sitemap_only,,,
/ca/unitats/cirurgia-estetica-masculina/,mantener,/ca/unitats/cirurgia-estetica-masculina/,200,Cirurgia estètica masculina - MedicsIntegralSalut,,sitemap_only,1,0,antes /ca/unitats-2/cirurgia-estetica-masculina-2/ · renombrada 05/10/2026: URL catalana sin «-2» (decisión usuario)
/en/units-2/facial-aesthetic-medicine/lip-augmentation/,301,/en/units/facial-aesthetic-medicine/lip-filler/,301,Lip augmentation - MedicsIntegralSalut,,sitemap_only,,0,duplicada: 301 a su canónica (aprobado Oscar 27/09/2026)
/fr/unites-2/medecine-esthetique-faciale/augmentation-de-lavis/,301,/fr/unites/medecine-esthetique-faciale/augmentation-des-levres/,301,Augmentation des salaires - MedicsIntegral Salut,,sitemap_only,,,duplicada: 301 a su canónica (aprobado Oscar 27/09/2026)
/ru/%d1%8e%d0%bd%d0%b8%d1%82%d0%b0%d1%86/%d1%8d%d1%81%d1%82%d0%b5%d1%82%d0%b8%d1%87%d0%b5%d1%81%d0%ba%d0%b0%d1%8f-%d0%bc%d0%b5%d0%b4%d0%b8%d1%86%d0%b8%d0%bd%d0%b0-%d0%bb%d0%b8%d1%86%d0%b0/%d1%83%d0%b2%d0%b5%d0%bb%d0%b8%d1%87%d0%b8%d1%82%d1%8c-%d0%b3%d1%83%d0%b1%d1%8b/,301,/ru/единицы/эстетическая-медицина-лица/увеличение-губ/,301,Губы увеличиваются - MedicsIntegralSalut,,sitemap_only,,,duplicada: 301 a su canónica (aprobado Oscar 27/09/2026)
/uk/%d0%be%d0%b4%d0%b8%d0%bd%d0%b8%d1%86%d1%96-2/%d0%b5%d1%81%d1%82%d0%b5%d1%82%d0%b8%d1%87%d0%bd%d0%b0-%d0%bc%d0%b5%d0%b4%d0%b8%d1%86%d0%b8%d0%bd%d0%b0-%d0%b4%d0%bb%d1%8f-%d0%be%d0%b1%d0%bb%d0%b8%d1%87%d1%87%d1%8f/%d0%b7%d0%b1%d1%96%d0%bb%d1%8c%d1%88%d0%b5%d0%bd%d0%bd%d1%8f-%d0%ba%d1%96%d0%bb%d1%8c%d0%ba%d0%be%d1%81%d1%82%d1%96-%d0%ba%d0%bb%d1%8e%d1%87%d1%96%d0%b2/,301,/uk/одиниці/естетична-медицина-для-обличчя/збільшення-губ/,301,Збільшення кількості ключів - MedicsIntegralSalut,,sitemap_only,,,duplicada: 301 a su canónica (aprobado Oscar 27/09/2026)
/ca/unitats/medicina-estetica-facial/augment-de-llavis/,301,/ca/unitats/medicina-estetica-facial/augmentacio-de-llavis/,301,Augment de llavis - MedicsIntegralSalut,,sitemap_only,1,0,duplicada: 301 a su canónica (aprobado Oscar 27/09/2026)
/en/units-2/facial-aesthetic-medicine/hydration-and-nutrition/,301,/en/units/facial-aesthetic-medicine/hydration-and-nutrition-2/,301,Hydration and Nutrition - MedicsIntegralSalut,,sitemap_only,,0,duplicada: 301 a su canónica (aprobado Oscar 27/09/2026)
/fr/unites-2/medecine-esthetique-faciale/hydratation-et-nutrition/,301,/fr/unites/medecine-esthetique-faciale/hydratation-et-nutrition-2/,301,Hydratation et nutrition - MedicsIntegralSalut,,sitemap_only,,,duplicada: 301 a su canónica (aprobado Oscar 27/09/2026)
/ru/%d1%8e%d0%bd%d0%b8%d1%82%d0%b0%d1%86/%d1%8d%d1%81%d1%82%d0%b5%d1%82%d0%b8%d1%87%d0%b5%d1%81%d0%ba%d0%b0%d1%8f-%d0%bc%d0%b5%d0%b4%d0%b8%d1%86%d0%b8%d0%bd%d0%b0-%d0%bb%d0%b8%d1%86%d0%b0/%d0%b3%d0%b8%d0%b4%d1%80%d0%b0%d1%82%d0%b0%d1%86%d0%b8%d1%8f-%d0%b8-%d0%bf%d0%b8%d1%82%d0%b0%d0%bd%d0%b8%d0%b5/,301,/ru/единицы/эстетическая-медицина-лица/гидратация-и-питание-2/,301,Увлажнение и питание - MedicsIntegralSalut,,sitemap_only,,,duplicada: 301 a su canónica (aprobado Oscar 27/09/2026)
/uk/%d0%be%d0%b4%d0%b8%d0%bd%d0%b8%d1%86%d1%96-2/%d0%b5%d1%81%d1%82%d0%b5%d1%82%d0%b8%d1%87%d0%bd%d0%b0-%d0%bc%d0%b5%d0%b4%d0%b8%d1%86%d0%b8%d0%bd%d0%b0-%d0%b4%d0%bb%d1%8f-%d0%be%d0%b1%d0%bb%d0%b8%d1%87%d1%87%d1%8f/%d0%b3%d1%96%d0%b4%d1%80%d0%b0%d1%82%d0%b0%d1%86%d1%96%d1%8f-%d1%82%d0%b0-%d1%85%d0%b0%d1%80%d1%87%d1%83%d0%b2%d0%b0%d0%bd%d0%bd%d1%8f/,301,/uk/одиниці/естетична-медицина-для-обличчя/зволоження-та-живлення/,301,Гідратація та харчування — MedicsIntegralSalut,,sitemap_only,,,duplicada: 301 a su canónica (aprobado Oscar 27/09/2026)
/ca/unitats/medicina-estetica-facial/hidratacio-i-nutricio/,mantener,/ca/unitats/medicina-estetica-facial/hidratacio-i-nutricio/,200,Hidratació i nutrició - MedicsIntegralSalut,,sitemap_only,1,0,antes /ca/unitats-2/medicina-estetica-facial/hidratacio-i-nutricio-2/ · renombrada 05/10/2026: URL catalana sin «-2» (decisión usuario)
/en/units-2/aesthetic-cabinet/p50-face/,301,/en/units/beauty-salon/p50-face/,301,P50 Visage - MedicsIntegralHello,,sitemap_only,,0,duplicada: 301 a su canónica (aprobado Oscar 27/09/2026)
/fr/unites-2/cabinet-desthetique/visage-plie/,301,/fr/unites/institut-de-beaute/visage-plie/,301,P50 Visage - MedicsIntégralSalut,,sitemap_only,,,duplicada: 301 a su canónica (aprobado Oscar 27/09/2026)
/ru/%d1%8e%d0%bd%d0%b8%d1%82%d0%b0%d1%86/%d0%ba%d0%b0%d0%b1%d0%b8%d0%bd%d0%b5%d1%82-%d1%8d%d1%81%d1%82%d0%b5%d1%82%d0%b8%d0%ba%d0%b8-2/p50-%d0%b2%d0%b8%d0%b7%d0%b0%d0%b6/,301,/ru/единицы/кабинет-эстетики/p50-визаж/,301,P50 Visage - MedicsIntegralSalut,,sitemap_only,,,duplicada: 301 a su canónica (aprobado Oscar 27/09/2026)
/uk/%d0%be%d0%b4%d0%b8%d0%bd%d0%b8%d1%86%d1%96-2/%d1%81%d0%b0%d0%bb%d0%be%d0%bd-%d0%ba%d1%80%d0%b0%d1%81%d0%b8-2/p50-%d0%b4%d0%bb%d1%8f-%d0%be%d0%b1%d0%bb%d0%b8%d1%87%d1%87%d1%8f/,301,/uk/одиниці/салон-краси/p50-для-обличчя/,301,P50 Visage — MedicsIntegralSalut,,sitemap_only,,,duplicada: 301 a su canónica (aprobado Oscar 27/09/2026)
/ca/unitats/gabinet-destetica/p50-rostre/,mantener,/ca/unitats/gabinet-destetica/p50-rostre/,200,P50 Visage - MedicsIntegralSalut,,sitemap_only,,,antes /ca/unitats-2/gabinet-destetica-2/p50-rostre/ · renombrada 05/10/2026: URL catalana sin «-2» (decisión usuario)
/en/units-2/aesthetic-cabinet/recoverer/,301,/en/units/beauty-salon/recoverer/,301,Recovery - MedicsIntegralSalut,,sitemap_only,,0,duplicada: 301 a su canónica (aprobado Oscar 27/09/2026)
/fr/unites-2/cabinet-desthetique/recuperateur/,301,/fr/unites/institut-de-beaute/recuperateur/,301,Récupérateur - MedicsIntegralSalut,,sitemap_only,,,duplicada: 301 a su canónica (aprobado Oscar 27/09/2026)
/ru/%d1%8e%d0%bd%d0%b8%d1%82%d0%b0%d1%86/%d0%ba%d0%b0%d0%b1%d0%b8%d0%bd%d0%b5%d1%82-%d1%8d%d1%81%d1%82%d0%b5%d1%82%d0%b8%d0%ba%d0%b8-2/%d1%80%d0%b5%d0%ba%d1%83%d0%bf%d0%b5%d1%80%d0%b0%d1%82%d0%be%d1%80/,301,/ru/единицы/кабинет-эстетики/рекуператор/,301,Рекуператор - MedicsIntegralSalut,,sitemap_only,,,duplicada: 301 a su canónica (aprobado Oscar 27/09/2026)
/uk/%d0%be%d0%b4%d0%b8%d0%bd%d0%b8%d1%86%d1%96-2/%d1%81%d0%b0%d0%bb%d0%be%d0%bd-%d0%ba%d1%80%d0%b0%d1%81%d0%b8-2/%d1%80%d0%b5%d0%ba%d1%83%d0%bf%d0%b5%d1%80%d0%b0%d1%82%d0%be%d1%80/,301,/uk/одиниці/салон-краси/рекуператор/,301,Реабілітаційний центр — MedicsIntegralSalut,,sitemap_only,,,duplicada: 301 a su canónica (aprobado Oscar 27/09/2026)
/ca/unitats/gabinet-destetica/recuperador/,mantener,/ca/unitats/gabinet-destetica/recuperador/,200,Recuperador - MedicsIntegralSalut,,sitemap_only,1,0,antes /ca/unitats-2/gabinet-destetica-2/recuperador/ · renombrada 05/10/2026: URL catalana sin «-2» (decisión usuario)
/en/units-2/aesthetic-cabinet/anti-date-mc110/,301,/en/units/beauty-salon/anti-ageing-mc-110/,301,Antiedat MC110 - MedicsIntegralHello,,sitemap_only,,0,duplicada: 301 a su canónica (aprobado Oscar 27/09/2026)
/fr/unites-2/cabinet-desthetique/antidate-mc110/,301,/fr/unites/institut-de-beaute/anti-age-mc-110/,301,Antiedat MC110 - MedicsIntegralSalut,,sitemap_only,,0,duplicada: 301 a su canónica (aprobado Oscar 27/09/2026)
/ru/%d1%8e%d0%bd%d0%b8%d1%82%d0%b0%d1%86/%d0%ba%d0%b0%d0%b1%d0%b8%d0%bd%d0%b5%d1%82-%d1%8d%d1%81%d1%82%d0%b5%d1%82%d0%b8%d0%ba%d0%b8-2/%d0%b0%d0%bd%d1%82%d0%b8%d1%83%d1%82%d0%be%d0%bf%d0%b8%d1%8f-mc110/,301,/ru/единицы/кабинет-эстетики/antiedad-mc-110/,301,Антиединт MC110 - MedicsIntegralSalut,,sitemap_only,,,duplicada: 301 a su canónica (aprobado Oscar 27/09/2026)
/uk/%d0%be%d0%b4%d0%b8%d0%bd%d0%b8%d1%86%d1%96-2/%d1%81%d0%b0%d0%bb%d0%be%d0%bd-%d0%ba%d1%80%d0%b0%d1%81%d0%b8-2/antiedat-mc110/,301,/uk/одиниці/салон-краси/antiedad-mc-110/,301,Antiedat MC110 — MedicsIntegralSalut,,sitemap_only,,,duplicada: 301 a su canónica (aprobado Oscar 27/09/2026)
/ca/unitats/gabinet-destetica/mc110-antiedat/,301,/ca/unitats/gabinet-destetica/anti-edat-mc-110/,301,Antiedat MC110 - MedicsIntegralSalut,,sitemap_only,,,duplicada: 301 a su canónica (aprobado Oscar 27/09/2026)
/en/units-2/cosmetic-breast-surgery/,301,/en/units/cosmetic-breast-surgery-2/,301,Cosmetic Breast Surgery - MedicsIntegralHealth,,sitemap_only,,,duplicada: 301 a su canónica (aprobado Oscar 27/09/2026)
/fr/unites-2/chirurgie-esthetique-des-seins/,301,/fr/unites/chirurgie-esthetique-des-seins-2/,301,Chirurgie esthétique des seins - MedicsIntegralSalut,,sitemap_only,,,duplicada: 301 a su canónica (aprobado Oscar 27/09/2026)
/ru/%d1%8e%d0%bd%d0%b8%d1%82%d0%b0%d1%86/%d1%8d%d1%81%d1%82%d0%b5%d1%82%d0%b8%d1%87%d0%b5%d1%81%d0%ba%d0%b0%d1%8f-%d1%85%d0%b8%d1%80%d1%83%d1%80%d0%b3%d0%b8%d1%8f-%d0%b3%d1%80%d1%83%d0%b4%d0%b8/,301,/ru/единицы/пластическая-хирургия-груди/,301,Пластическая хирургия молочной железы - MedicsIntegralSalut,,sitemap_only,,,duplicada: 301 a su canónica (aprobado Oscar 27/09/2026)
/uk/%d0%be%d0%b4%d0%b8%d0%bd%d0%b8%d1%86%d1%96-2/%d0%b5%d1%81%d1%82%d0%b5%d1%82%d0%b8%d1%87%d0%bd%d0%b0-%d1%85%d1%96%d1%80%d1%83%d1%80%d0%b3%d1%96%d1%8f-%d0%b3%d1%80%d1%83%d0%b4%d0%b5%d0%b9/,301,/uk/одиниці/естетична-хірургія-грудей-2/,301,Естетична хірургія грудей — MedicsIntegralSalut,,sitemap_only,,,duplicada: 301 a su canónica (aprobado Oscar 27/09/2026)
/ca/unitats/cirurgia-estetica-pits/,301,/ca/unitats-2/cirurgia-estetica-de-mames/,301,Cirurgia estètica de pits - MedicsIntegralSalut,,sitemap_only,,,duplicada: 301 a su canónica (aprobado Oscar 27/09/2026)
/en/units-2/facial-aesthetic-medicine/flacciditas-filum-tensors/,301,/en/units/facial-aesthetic-medicine/sagging-and-thread-lifts/,301,Flaccidity: Tensor Filaments - MedicsIntegralSalut,,sitemap_only,,0,duplicada: 301 a su canónica (aprobado Oscar 27/09/2026)
/fr/unites-2/medecine-esthetique-faciale/flaccidite-des-muscles-tenseurs/,301,/fr/unites/medecine-esthetique-faciale/flaccidite-fils-tenseurs/,301,Flacciditat: fils tenseurs - MedicsIntegralSalut,,sitemap_only,,0,duplicada: 301 a su canónica (aprobado Oscar 27/09/2026)
/ru/%d1%8e%d0%bd%d0%b8%d1%82%d0%b0%d1%86/%d1%8d%d1%81%d1%82%d0%b5%d1%82%d0%b8%d1%87%d0%b5%d1%81%d0%ba%d0%b0%d1%8f-%d0%bc%d0%b5%d0%b4%d0%b8%d1%86%d0%b8%d0%bd%d0%b0-%d0%bb%d0%b8%d1%86%d0%b0/%d1%84%d0%bb%d0%b0%d0%ba%d1%86%d0%b8%d0%b4%d0%b8%d1%82%d0%b0%d1%82%d0%b8%d1%82-%d1%84%d0%b8%d0%bb%d1%81-%d1%82%d0%b5%d0%bd%d0%b7%d0%be%d1%80%d1%81/,301,/ru/единицы/эстетическая-медицина-лица/дряблость-подтягивающие-нити/,301,Флакцидитатис: нити тензоров - MedicsIntegralSalut,,sitemap_only,,,duplicada: 301 a su canónica (aprobado Oscar 27/09/2026)
/uk/%d0%be%d0%b4%d0%b8%d0%bd%d0%b8%d1%86%d1%96-2/%d0%b5%d1%81%d1%82%d0%b5%d1%82%d0%b8%d1%87%d0%bd%d0%b0-%d0%bc%d0%b5%d0%b4%d0%b8%d1%86%d0%b8%d0%bd%d0%b0-%d0%b4%d0%bb%d1%8f-%d0%be%d0%b1%d0%bb%d0%b8%d1%87%d1%87%d1%8f/%d0%b2%d1%8f%d0%bb%d1%96%d1%81%d1%82%d1%8c-%d0%bd%d0%b0%d1%82%d1%8f%d0%b6%d0%bd%d0%b8%d1%85-%d0%bd%d0%b8%d1%82%d0%be%d0%ba/,301,/uk/одиниці/естетична-медицина-для-обличчя/вялість-шкіри-підтягувальні-нитки/,301,В'ялість: натяжні нитки — MedicsIntegralSalut,,sitemap_only,,,duplicada: 301 a su canónica (aprobado Oscar 27/09/2026)
/ca/unitats/medicina-estetica-facial/flacciditat-fils-tensors/,301,/ca/unitats/medicina-estetica-facial/flacidesa-fils-tensors/,301,Flacciditat: fils tensors - MedicsIntegralSalut,,sitemap_only,1,0,duplicada: 301 a su canónica (aprobado Oscar 27/09/2026)
/en/units-2/,mantener,/en/units-2/,200,Units - Medics Integral Health,,sitemap_only,,0,
/fr/unites-2/,mantener,/fr/unites-2/,200,Unitats - MedicsIntegralSalut,,sitemap_only,,0,
/ru/%d1%8e%d0%bd%d0%b8%d1%82%d0%b0%d1%86/,mantener,/ru/%d1%8e%d0%bd%d0%b8%d1%82%d0%b0%d1%86/,200,Юнитац - МедИнтсалют,,sitemap_only,,,
/uk/%d0%be%d0%b4%d0%b8%d0%bd%d0%b8%d1%86%d1%96-2/,mantener,/uk/%d0%be%d0%b4%d0%b8%d0%bd%d0%b8%d1%86%d1%96-2/,200,Відділення — MedicsIntegralSalut,,sitemap_only,,,
/ca/unitats/,mantener,/ca/unitats/,200,Unitats - MedicsIntegralSalut,,sitemap_only,,0,antes /ca/unitats-2/ · renombrada 05/10/2026: URL catalana sin «-2» (decisión usuario)
/en/units-2/cosmetic-facial-surgery/dried-fruit-stuffing/,301,/en/units/cosmetic-facial-surgery-2/wrinkle-fillers/,301,Wrinkle filler - MedicsIntegralSalut,,sitemap_only,,,duplicada: 301 a su canónica (aprobado Oscar 27/09/2026)
/fr/unites-2/chirurgie-esthetique-du-visage/farce-darragon/,301,/fr/unites/chirurgie-esthetique-faciale/remplissage-de-rides/,301,Injection anti-rides - MedicsIntegralSalut,,sitemap_only,,0,duplicada: 301 a su canónica (aprobado Oscar 27/09/2026)
/ru/%d1%8e%d0%bd%d0%b8%d1%82%d0%b0%d1%86/%d0%bf%d0%bb%d0%b0%d1%81%d1%82%d0%b8%d1%87%d0%b5%d1%81%d0%ba%d0%b0%d1%8f-%d0%be%d0%bf%d0%b5%d1%80%d0%b0%d1%86%d0%b8%d1%8f-%d0%bd%d0%b0-%d0%bb%d0%b8%d1%86%d0%b5/%d1%84%d0%b0%d1%80%d1%81%d0%b8%d0%bc%d0%b5%d0%bd%d1%82-%d0%b4%d0%b0%d1%80%d1%83%d0%b3%d1%8e%d1%81/,301,/ru/единицы/пластическая-хирургия-лица/филлер-против-морщин/,301,Средство от морщин - MedicsIntegralSalut,,sitemap_only,,,duplicada: 301 a su canónica (aprobado Oscar 27/09/2026)
/uk/%d0%be%d0%b4%d0%b8%d0%bd%d0%b8%d1%86%d1%96-2/%d0%b5%d1%81%d1%82%d0%b5%d1%82%d0%b8%d1%87%d0%bd%d0%b0-%d1%85%d1%96%d1%80%d1%83%d1%80%d0%b3%d1%96%d1%8f-%d0%be%d0%b1%d0%bb%d0%b8%d1%87%d1%87%d1%8f/%d0%bd%d0%b0%d1%87%d0%b8%d0%bd%d0%ba%d0%b0-%d0%b7-%d1%80%d1%83%d0%bb%d0%b5%d1%82%d1%96%d0%b2/,301,/uk/одиниці/естетична-хірургія-обличчя-2/заповнення-зморшок/,301,Засіб від зморшок - MedicsIntegralSalut,,sitemap_only,,,duplicada: 301 a su canónica (aprobado Oscar 27/09/2026)
/ca/unitats/cirurgia-estetica-facial/farciment-darros/,301,/ca/unitats/cirurgia-estetica-facial/farciment-darrugues/,301,Rellenyidor de arrugues - MedicsIntegralSalut,,sitemap_only,,,duplicada: 301 a su canónica (aprobado Oscar 27/09/2026)
/en/units-2/cosmetic-body-medicine/liposuction-without-surgery/,301,/en/units/cosmetic-body-medicine/non-surgical-liposuction/,301,Non-surgical liposuction - MedicsIntegralSalut,,sitemap_only,,0,duplicada: 301 a su canónica (aprobado Oscar 27/09/2026)
/fr/unites-2/medecine-esthetique-corporelle/liposuction-sans-chirurgie/,301,/fr/unites/medecine-esthetique-corporelle/liposuccion-sans-chirurgie/,301,Liposuccion sans chirurgie - MedicsIntegralSalut,,sitemap_only,,0,duplicada: 301 a su canónica (aprobado Oscar 27/09/2026)
/ru/%d1%8e%d0%bd%d0%b8%d1%82%d0%b0%d1%86/%d1%8d%d1%81%d1%82%d0%b5%d1%82%d0%b8%d1%87%d0%b5%d1%81%d0%ba%d0%b0%d1%8f-%d0%bc%d0%b5%d0%b4%d0%b8%d1%86%d0%b8%d0%bd%d0%b0-%d1%82%d0%b5%d0%bb%d0%b0/%d0%bb%d0%b8%d0%bf%d0%be%d1%81%d0%b0%d0%ba%d1%86%d0%b8%d1%8f-%d0%b1%d0%b5%d0%b7-%d0%be%d0%bf%d0%b5%d1%80%d0%b0%d1%86%d0%b8%d0%b8/,301,/ru/единицы/эстетическая-медицина-тела/липосакция-без-операции-2/,301,Липосакция без операции - MedicsIntegralSalut,,sitemap_only,,,duplicada: 301 a su canónica (aprobado Oscar 27/09/2026)
/uk/%d0%be%d0%b4%d0%b8%d0%bd%d0%b8%d1%86%d1%96-2/%d0%b5%d1%81%d1%82%d0%b5%d1%82%d0%b8%d1%87%d0%bd%d0%b0-%d0%bc%d0%b5%d0%b4%d0%b8%d1%86%d0%b8%d0%bd%d0%b0-%d0%b4%d0%bb%d1%8f-%d1%82%d1%96%d0%bb%d0%b0/%d0%bb%d1%96%d0%bf%d0%be%d1%81%d0%b0%d0%ba%d1%86%d1%96%d1%8f-%d0%b1%d0%b5%d0%b7-%d1%85%d1%96%d1%80%d1%83%d1%80%d0%b3%d1%96%d1%87%d0%bd%d0%be%d0%b3%d0%be-%d0%b2%d1%82%d1%80%d1%83%d1%87%d0%b0%d0%bd/,301,/uk/одиниці/естетична-медицина-для-тіла/ліпосакція-без-хірургічного-втручан-2/,301,Ліпосакція без хірургічного втручання — MedicsIntegralSalut,,sitemap_only,,,duplicada: 301 a su canónica (aprobado Oscar 27/09/2026)
/ca/unitats/medicina-estetica-corporal/llipoescultura-no-invasiva/,301,/ca/unitats/medicina-estetica-corporal/liposuccio-sense-cirurgia/,301,Liposucció sense cirurgia - MedicsIntegralSalut,,sitemap_only,,0,duplicada: 301 a su canónica (aprobado Oscar 27/09/2026)
/en/units-2/cosmetic-body-medicine/,301,/en/units/cosmetic-body-medicine/,301,Aesthetic Body Medicine - MedicsIntegralSalut,,sitemap_only,,,duplicada: 301 a su canónica (aprobado Oscar 27/09/2026)
/fr/unites-2/medecine-esthetique-corporelle/,301,/fr/unites/medecine-esthetique-corporelle/,301,Médecine esthétique corporelle - MedicsIntegralSalut,,sitemap_only,,,duplicada: 301 a su canónica (aprobado Oscar 27/09/2026)
/ru/%d1%8e%d0%bd%d0%b8%d1%82%d0%b0%d1%86/%d1%8d%d1%81%d1%82%d0%b5%d1%82%d0%b8%d1%87%d0%b5%d1%81%d0%ba%d0%b0%d1%8f-%d0%bc%d0%b5%d0%b4%d0%b8%d1%86%d0%b8%d0%bd%d0%b0-%d1%82%d0%b5%d0%bb%d0%b0/,301,/ru/единицы/эстетическая-медицина-тела/,301,Эстетическая медицина тела - MedicsIntegralSalut,,sitemap_only,,,duplicada: 301 a su canónica (aprobado Oscar 27/09/2026)
/uk/%d0%be%d0%b4%d0%b8%d0%bd%d0%b8%d1%86%d1%96-2/%d0%b5%d1%81%d1%82%d0%b5%d1%82%d0%b8%d1%87%d0%bd%d0%b0-%d0%bc%d0%b5%d0%b4%d0%b8%d1%86%d0%b8%d0%bd%d0%b0-%d0%b4%d0%bb%d1%8f-%d1%82%d1%96%d0%bb%d0%b0/,301,/uk/одиниці/естетична-медицина-для-тіла/,301,Естетична медицина для тіла — MedicsIntegralSalut,,sitemap_only,,,duplicada: 301 a su canónica (aprobado Oscar 27/09/2026)
/ca/unitats/medicina-estetica-corporal/,mantener,/ca/unitats/medicina-estetica-corporal/,200,Medicina estètica corporal - MedicsIntegralSalut,,sitemap_only,1,0,antes /ca/unitats-2/medicina-estetica-corporal/ · renombrada 05/10/2026: URL catalana sin «-2» (decisión usuario)
/en/units-2/aesthetic-cabinet/fruit-acid/,301,/en/units/beauty-salon/fruit-acid-2/,301,Fruit Acid - MedicsIntegralHealth,,sitemap_only,,,duplicada: 301 a su canónica (aprobado Oscar 27/09/2026)
/fr/unites-2/cabinet-desthetique/acides-de-fruits/,301,/fr/unites/institut-de-beaute/acide-de-fruits/,301,Acide de fruits - MedicsIntegral Salut,,sitemap_only,,0,duplicada: 301 a su canónica (aprobado Oscar 27/09/2026)
/ru/%d1%8e%d0%bd%d0%b8%d1%82%d0%b0%d1%86/%d0%ba%d0%b0%d0%b1%d0%b8%d0%bd%d0%b5%d1%82-%d1%8d%d1%81%d1%82%d0%b5%d1%82%d0%b8%d0%ba%d0%b8-2/%d0%ba%d0%b8%d1%81%d0%bb%d0%be%d1%82%d0%b0-%d1%84%d1%80%d1%83%d0%ba%d1%82%d0%be%d0%b2%d0%b0%d1%8f/,301,/ru/единицы/кабинет-эстетики/acido-de-frutas/,301,Кислота фруктов - MedicsIntegralSalut,,sitemap_only,,,duplicada: 301 a su canónica (aprobado Oscar 27/09/2026)
/uk/%d0%be%d0%b4%d0%b8%d0%bd%d0%b8%d1%86%d1%96-2/%d1%81%d0%b0%d0%bb%d0%be%d0%bd-%d0%ba%d1%80%d0%b0%d1%81%d0%b8-2/%d1%84%d1%80%d1%83%d0%ba%d1%82%d0%be%d0%b2%d1%96-%d0%ba%d0%b8%d1%81%d0%bb%d0%be%d1%82%d0%b8/,301,/uk/одиниці/салон-краси/фруктова-кислота/,301,Фруктові кислоти — MedicsIntegralSalut,,sitemap_only,,,duplicada: 301 a su canónica (aprobado Oscar 27/09/2026)
/ca/unitats/gabinet-destetica/acid-de-fruites/,301,/ca/unitats/gabinet-destetica/acido-de-frutas/,301,Àcids de fruita - MedicsIntegralSalut,,sitemap_only,1,0,duplicada: 301 a su canónica (aprobado Oscar 27/09/2026)
/en/units-2/aesthetic-cabinet/,mantener,/en/units-2/aesthetic-cabinet/,200,Cosmetic Surgery Clinic - MedicsIntegralSalut,,sitemap_only,,,
/fr/unites-2/cabinet-desthetique/,mantener,/fr/unites-2/cabinet-desthetique/,200,Cabinet d'esthétique - MedicsIntegralSalut,,sitemap_only,,0,
/ru/%d1%8e%d0%bd%d0%b8%d1%82%d0%b0%d1%86/%d0%ba%d0%b0%d0%b1%d0%b8%d0%bd%d0%b5%d1%82-%d1%8d%d1%81%d1%82%d0%b5%d1%82%d0%b8%d0%ba%d0%b8-2/,mantener,/ru/%d1%8e%d0%bd%d0%b8%d1%82%d0%b0%d1%86/%d0%ba%d0%b0%d0%b1%d0%b8%d0%bd%d0%b5%d1%82-%d1%8d%d1%81%d1%82%d0%b5%d1%82%d0%b8%d0%ba%d0%b8-2/,200,Кабинет эстетической медицины — MedicsIntegralSalut,,sitemap_only,,,
/uk/%d0%be%d0%b4%d0%b8%d0%bd%d0%b8%d1%86%d1%96-2/%d1%81%d0%b0%d0%bb%d0%be%d0%bd-%d0%ba%d1%80%d0%b0%d1%81%d0%b8-2/,mantener,/uk/%d0%be%d0%b4%d0%b8%d0%bd%d0%b8%d1%86%d1%96-2/%d1%81%d0%b0%d0%bb%d0%be%d0%bd-%d0%ba%d1%80%d0%b0%d1%81%d0%b8-2/,200,Кабінет естетичної медицини — MedicsIntegralSalut,,sitemap_only,,,
/ca/unitats/gabinet-destetica/,mantener,/ca/unitats/gabinet-destetica/,200,Clínica de Cirurgia Estètica - MedicsIntegralSalut,,sitemap_only,,,antes /ca/unitats-2/gabinet-destetica-2/ · renombrada 05/10/2026: URL catalana sin «-2» (decisión usuario)
/en/units-2/aesthetic-cabinet/volume-reduction-girona/,mantener,/en/units-2/aesthetic-cabinet/volume-reduction-girona/,200,Volume Reduction - MedicsIntegralSalut,,sitemap_only,,0,
/fr/unites-2/cabinet-desthetique/reduction-de-volume-gerone/,mantener,/fr/unites-2/cabinet-desthetique/reduction-de-volume-gerone/,200,Réduction de volume - MedicsIntegralSalut,,sitemap_only,,0,
/ru/%d1%8e%d0%bd%d0%b8%d1%82%d0%b0%d1%86/%d0%ba%d0%b0%d0%b1%d0%b8%d0%bd%d0%b5%d1%82-%d1%8d%d1%81%d1%82%d0%b5%d1%82%d0%b8%d0%ba%d0%b8-2/%d1%83%d0%bc%d0%b5%d0%bd%d1%8c%d1%88%d0%b5%d0%bd%d0%b8%d0%b5-%d0%b3%d1%80%d0%be%d0%bc%d0%ba%d0%be%d1%81%d1%82%d0%b8-%d0%b6%d0%b8%d1%80%d0%be%d0%bd%d0%b0/,301,/ru/%d0%b5%d0%b4%d0%b8%d0%bd%d0%b8%d1%86%d1%8b/%d0%ba%d0%b0%d0%b1%d0%b8%d0%bd%d0%b5%d1%82-%d1%8d%d1%81%d1%82%d0%b5%d1%82%d0%b8%d0%ba%d0%b8/reduccion-de-volumen-girona/,301,,,sitemap_only,,,da 500 en WordPress: reintentar y decidir · RESUELTO 28/09: árbol duplicado -> unidad en ruso
/uk/%d0%be%d0%b4%d0%b8%d0%bd%d0%b8%d1%86%d1%96-2/%d1%81%d0%b0%d0%bb%d0%be%d0%bd-%d0%ba%d1%80%d0%b0%d1%81%d0%b8-2/%d0%b7%d0%bc%d0%b5%d0%bd%d1%88%d0%b5%d0%bd%d0%bd%d1%8f-%d0%be%d0%b1%d1%94%d0%bc%d1%83-%d0%b6%d0%b8%d1%80%d0%be%d0%bd%d0%b0/,mantener,/uk/%d0%be%d0%b4%d0%b8%d0%bd%d0%b8%d1%86%d1%96-2/%d1%81%d0%b0%d0%bb%d0%be%d0%bd-%d0%ba%d1%80%d0%b0%d1%81%d0%b8-2/%d0%b7%d0%bc%d0%b5%d0%bd%d1%88%d0%b5%d0%bd%d0%bd%d1%8f-%d0%be%d0%b1%d1%94%d0%bc%d1%83-%d0%b6%d0%b8%d1%80%d0%be%d0%bd%d0%b0/,200,Зменшення об’єму — MedicsIntegralSalut,,sitemap_only,,,
/ca/unitats/gabinet-destetica/reduccio-de-volum-girona/,mantener,/ca/unitats/gabinet-destetica/reduccio-de-volum-girona/,200,Reducció de volum - MedicsIntegralSalut,,sitemap_only,1,0,antes /ca/unitats-2/gabinet-destetica-2/reduccio-de-volum-girona-2/ · renombrada 05/10/2026: URL catalana sin «-2» (decisión usuario)
/en/units-2/cosmetic-facial-surgery/eyelid-surgery/,301,/en/units/cosmetic-facial-surgery-2/eyelid-surgery/,301,Eyelid surgery - MedicsIntegralSalut,,sitemap_only,,,duplicada: 301 a su canónica (aprobado Oscar 27/09/2026)
/fr/unites-2/chirurgie-esthetique-du-visage/blepharoplastie/,301,/fr/unites/chirurgie-esthetique-faciale/blepharoplastie/,301,Blépharoplastie - MedicsIntegralSalut,,sitemap_only,,0,duplicada: 301 a su canónica (aprobado Oscar 27/09/2026)
/ru/%d1%8e%d0%bd%d0%b8%d1%82%d0%b0%d1%86/%d0%bf%d0%bb%d0%b0%d1%81%d1%82%d0%b8%d1%87%d0%b5%d1%81%d0%ba%d0%b0%d1%8f-%d0%be%d0%bf%d0%b5%d1%80%d0%b0%d1%86%d0%b8%d1%8f-%d0%bd%d0%b0-%d0%bb%d0%b8%d1%86%d0%b5/%d0%b1%d0%bb%d0%b5%d1%84%d0%b0%d1%80%d0%be%d0%bf%d0%bb%d0%b0%d1%81%d1%82%d0%b8%d0%ba%d0%b0/,301,/ru/единицы/пластическая-хирургия-лица/блефаропластика/,301,Блефаропластика - MedicsIntegralSalut,,sitemap_only,,,duplicada: 301 a su canónica (aprobado Oscar 27/09/2026)
/uk/%d0%be%d0%b4%d0%b8%d0%bd%d0%b8%d1%86%d1%96-2/%d0%b5%d1%81%d1%82%d0%b5%d1%82%d0%b8%d1%87%d0%bd%d0%b0-%d1%85%d1%96%d1%80%d1%83%d1%80%d0%b3%d1%96%d1%8f-%d0%be%d0%b1%d0%bb%d0%b8%d1%87%d1%87%d1%8f/%d0%b1%d0%bb%d0%b5%d1%84%d0%b0%d1%80%d0%be%d0%bf%d0%bb%d0%b0%d1%81%d1%82%d0%b8%d0%ba%d0%b0/,301,/uk/одиниці/естетична-хірургія-обличчя-2/блефаропластика/,301,Блефаропластика — MedicsIntegralSalut,,sitemap_only,,,duplicada: 301 a su canónica (aprobado Oscar 27/09/2026)
/ca/unitats/cirurgia-estetica-facial/blefaroplastia/,mantener,/ca/unitats/cirurgia-estetica-facial/blefaroplastia/,200,Blefaroplàstia - MedicsIntegralSalut,,sitemap_only,1,0,antes /ca/unitats-2/cirurgia-estetica-facial-2/blefaroplastia/ · renombrada 05/10/2026: URL catalana sin «-2» (decisión usuario)
/en/units-2/body-contouring-surgery/liposuction/,301,/en/units/cosmetic-surgery-3/liposuction-2/,301,Liposuction - MedicsIntegralHealth,,sitemap_only,,,duplicada: 301 a su canónica (aprobado Oscar 27/09/2026)
/fr/unites-2/chirurgie-esthetique-corporelle/liposuccion-2/,301,/fr/unites/chirurgie-esthetique-corporelle-2/liposuccion/,301,Liposuccion - MedicsIntegralSalut,,sitemap_only,,0,duplicada: 301 a su canónica (aprobado Oscar 27/09/2026)
/ru/%d1%8e%d0%bd%d0%b8%d1%82%d0%b0%d1%86/%d1%8d%d1%81%d1%82%d0%b5%d1%82%d0%b8%d1%87%d0%b5%d1%81%d0%ba%d0%b0%d1%8f-%d1%85%d0%b8%d1%80%d1%83%d1%80%d0%b3%d0%b8%d1%8f-%d1%82%d0%b5%d0%bb%d0%b0/%d0%bb%d0%b8%d0%bf%d0%be%d1%81%d0%b0%d0%ba%d1%86%d0%b8%d1%8f/,301,/ru/единицы/эстетическая-операция-тела/липосакция-2/,301,Липосакция - MedicsIntegralSalut,,sitemap_only,,,duplicada: 301 a su canónica (aprobado Oscar 27/09/2026)
/uk/%d0%be%d0%b4%d0%b8%d0%bd%d0%b8%d1%86%d1%96-2/%d0%b5%d1%81%d1%82%d0%b5%d1%82%d0%b8%d1%87%d0%bd%d0%b0-%d1%85%d1%96%d1%80%d1%83%d1%80%d0%b3%d1%96%d1%8f-%d1%82%d1%96%d0%bb%d0%b0/%d0%bb%d1%96%d0%bf%d0%be%d1%81%d0%b0%d0%ba%d1%86%d1%96%d1%8f/,301,/uk/одиниці/естетична-хірургія-тіла-2/ліпосакція-2/,301,Ліпосакція — MedicsIntegralSalut,,sitemap_only,,,duplicada: 301 a su canónica (aprobado Oscar 27/09/2026)
/ca/unitats/cirurgia-estetica-corporal/lipoescultura/,301,/ca/unitats/cirurgia-estetica-corporal/liposuccio/,301,Liposucció - MedicsIntegralSalut,,sitemap_only,,0,duplicada: 301 a su canónica (aprobado Oscar 27/09/2026)
/en/units-2/body-contouring-surgery/lifting-arms-and-legs/,301,/en/units/cosmetic-surgery-3/lifting-arms-and-legs-2/,301,Lifting arms and legs - MedicsIntegralHealth,,sitemap_only,,0,duplicada: 301 a su canónica (aprobado Oscar 27/09/2026)
/fr/unites-2/chirurgie-esthetique-corporelle/halteres-pour-bras-et-pectoraux/,301,/fr/unites/chirurgie-esthetique-corporelle-2/soulever-les-bras-et-les-jambes/,301,Écarter les bras et les jambes - MedicsIntegralSalut,,sitemap_only,,0,duplicada: 301 a su canónica (aprobado Oscar 27/09/2026)
/ru/%d1%8e%d0%bd%d0%b8%d1%82%d0%b0%d1%86/%d1%8d%d1%81%d1%82%d0%b5%d1%82%d0%b8%d1%87%d0%b5%d1%81%d0%ba%d0%b0%d1%8f-%d1%85%d0%b8%d1%80%d1%83%d1%80%d0%b3%d0%b8%d1%8f-%d1%82%d0%b5%d0%bb%d0%b0/%d0%bf%d0%be%d0%b4%d0%bd%d1%8f%d1%82%d0%b8%d0%b5-%d1%80%d1%83%d0%ba-%d0%b8-%d0%b1%d0%b5%d0%b4%d0%b5%d1%80/,301,/ru/единицы/эстетическая-операция-тела/поднятие-рук-и-ног/,301,Поднятие рук и ног - MedicsIntegralSalut,,sitemap_only,,,duplicada: 301 a su canónica (aprobado Oscar 27/09/2026)
/uk/%d0%be%d0%b4%d0%b8%d0%bd%d0%b8%d1%86%d1%96-2/%d0%b5%d1%81%d1%82%d0%b5%d1%82%d0%b8%d1%87%d0%bd%d0%b0-%d1%85%d1%96%d1%80%d1%83%d1%80%d0%b3%d1%96%d1%8f-%d1%82%d1%96%d0%bb%d0%b0/%d0%bf%d1%96%d0%b4%d1%82%d1%8f%d0%b6%d0%ba%d0%b0-%d1%80%d1%83%d0%ba-%d1%96-%d0%bd%d1%96%d0%b3/,301,/uk/одиниці/естетична-хірургія-тіла-2/підтяжка-рук-і-ніг-2/,301,Підтяжка рук і ніг — MedicsIntegralSalut,,sitemap_only,,,duplicada: 301 a su canónica (aprobado Oscar 27/09/2026)
/ca/unitats/cirurgia-estetica-corporal/aixecament-de-bracos-i-cames/,mantener,/ca/unitats/cirurgia-estetica-corporal/aixecament-de-bracos-i-cames/,200,Braços i cames enlaire - MedicsIntegralSalut,,sitemap_only,,2,antes /ca/unitats-2/cirurgia-estetica-corporal-2/aixecament-de-bracos-i-cames-2/ · renombrada 05/10/2026: URL catalana sin «-2» (decisión usuario)
/en/units-2/body-contouring-surgery/abdominoplasty/,mantener,/en/units-2/body-contouring-surgery/abdominoplasty/,200,Abdominoplasty - MedicsIntegralHealth,,sitemap_only,,,
/fr/unites-2/chirurgie-esthetique-corporelle/abdominoplastie/,mantener,/fr/unites-2/chirurgie-esthetique-corporelle/abdominoplastie/,200,Abdominoplastie - MedicsIntegralSalut,,sitemap_only,,0,
/ru/%d1%8e%d0%bd%d0%b8%d1%82%d0%b0%d1%86/%d1%8d%d1%81%d1%82%d0%b5%d1%82%d0%b8%d1%87%d0%b5%d1%81%d0%ba%d0%b0%d1%8f-%d1%85%d0%b8%d1%80%d1%83%d1%80%d0%b3%d0%b8%d1%8f-%d1%82%d0%b5%d0%bb%d0%b0/%d0%b0%d0%b1%d0%b4%d0%be%d0%bc%d0%b8%d0%bd%d0%be%d0%bf%d0%bb%d0%b0%d1%81%d1%82%d0%b8%d0%ba%d0%b0/,mantener,/ru/%d1%8e%d0%bd%d0%b8%d1%82%d0%b0%d1%86/%d1%8d%d1%81%d1%82%d0%b5%d1%82%d0%b8%d1%87%d0%b5%d1%81%d0%ba%d0%b0%d1%8f-%d1%85%d0%b8%d1%80%d1%83%d1%80%d0%b3%d0%b8%d1%8f-%d1%82%d0%b5%d0%bb%d0%b0/%d0%b0%d0%b1%d0%b4%d0%be%d0%bc%d0%b8%d0%bd%d0%be%d0%bf%d0%bb%d0%b0%d1%81%d1%82%d0%b8%d0%ba%d0%b0/,200,Абдоминопластика - MedicsIntegralSalut,,sitemap_only,,,
/uk/%d0%be%d0%b4%d0%b8%d0%bd%d0%b8%d1%86%d1%96-2/%d0%b5%d1%81%d1%82%d0%b5%d1%82%d0%b8%d1%87%d0%bd%d0%b0-%d1%85%d1%96%d1%80%d1%83%d1%80%d0%b3%d1%96%d1%8f-%d1%82%d1%96%d0%bb%d0%b0/%d0%b0%d0%b1%d0%b4%d0%be%d0%bc%d1%96%d0%bd%d0%be%d0%bf%d0%bb%d0%b0%d1%81%d1%82%d0%b8%d0%ba%d0%b0/,mantener,/uk/%d0%be%d0%b4%d0%b8%d0%bd%d0%b8%d1%86%d1%96-2/%d0%b5%d1%81%d1%82%d0%b5%d1%82%d0%b8%d1%87%d0%bd%d0%b0-%d1%85%d1%96%d1%80%d1%83%d1%80%d0%b3%d1%96%d1%8f-%d1%82%d1%96%d0%bb%d0%b0/%d0%b0%d0%b1%d0%b4%d0%be%d0%bc%d1%96%d0%bd%d0%be%d0%bf%d0%bb%d0%b0%d1%81%d1%82%d0%b8%d0%ba%d0%b0/,200,Абдомінопластика — MedicsIntegralSalut,,sitemap_only,,,
/ca/unitats/cirurgia-estetica-corporal/abdominoplastia/,mantener,/ca/unitats/cirurgia-estetica-corporal/abdominoplastia/,200,Abdominoplàstia - MedicsIntegralSalut,,sitemap_only,1,0,antes /ca/unitats-2/cirurgia-estetica-corporal-2/abdominoplastia/ · renombrada 05/10/2026: URL catalana sin «-2» (decisión usuario)
/en/units-2/male-cosmetic-surgery-2/gynaecomastia/,301,/en/units/male-cosmetic-surgery/gynaecomastia/,301,Gynecomastia - MedicsIntegralSalut,,sitemap_only,,0,duplicada: 301 a su canónica (aprobado Oscar 27/09/2026)
/fr/unites-2/chirurgie-esthetique-masculine-2/gynecomastie/,301,/fr/unites/chirurgie-esthetique-masculine/gynecomastie/,301,Gynécomastie - MedicsIntegralSalut,,sitemap_only,,0,duplicada: 301 a su canónica (aprobado Oscar 27/09/2026)
/ru/%d1%8e%d0%bd%d0%b8%d1%82%d0%b0%d1%86/%d0%bc%d1%83%d0%b6%d1%81%d0%ba%d0%b0%d1%8f-%d0%bf%d0%bb%d0%b0%d1%81%d1%82%d0%b8%d1%87%d0%b5%d1%81%d0%ba%d0%b0%d1%8f-%d1%85%d0%b8%d1%80%d1%83%d1%80%d0%b3%d0%b8%d1%8f/%d0%b3%d0%b8%d0%bd%d0%b5%d0%ba%d0%be%d0%bc%d0%b0%d1%81%d1%82%d0%b8%d1%8f-2/,301,/ru/единицы/мужская-косметическая-хирургия/гинекомастия-2/,301,Гинекомастия — MedicsIntegralSalut,,sitemap_only,,,duplicada: 301 a su canónica (aprobado Oscar 27/09/2026)
/uk/%d0%be%d0%b4%d0%b8%d0%bd%d0%b8%d1%86%d1%96-2/%d1%87%d0%be%d0%bb%d0%be%d0%b2%d1%96%d1%87%d0%b0-%d0%b5%d1%81%d1%82%d0%b5%d1%82%d0%b8%d1%87%d0%bd%d0%b0-%d1%85%d1%96%d1%80%d1%83%d1%80%d0%b3%d1%96%d1%8f-2/%d0%b3%d1%96%d0%bd%d0%b5%d0%ba%d0%be%d0%bc%d0%b0%d1%81%d1%82%d1%96%d1%8f/,301,/uk/одиниці/чоловіча-естетична-хірургія/гінекомастія/,301,Гінекомастія — MedicsIntegralSalut,,sitemap_only,,,duplicada: 301 a su canónica (aprobado Oscar 27/09/2026)
/ca/unitats/cirurgia-estetica-masculina/ginecomastia/,mantener,/ca/unitats/cirurgia-estetica-masculina/ginecomastia/,200,Ginecomàstia - MedicsIntegralSalut,,sitemap_only,1,0,antes /ca/unitats-2/cirurgia-estetica-masculina-2/ginecomastia/ · renombrada 05/10/2026: URL catalana sin «-2» (decisión usuario)
/en/units-2/male-cosmetic-surgery-2/eyelid-surgery/,301,/en/units/male-cosmetic-surgery/eyelid-surgery/,301,Eyelid surgery - MedicsIntegralSalut,,sitemap_only,,,duplicada: 301 a su canónica (aprobado Oscar 27/09/2026)
/fr/unites-2/chirurgie-esthetique-masculine-2/blepharoplastie/,301,/fr/unites/chirurgie-esthetique-masculine/blepharoplastie/,301,Blépharoplastie - MedicsIntegralSalut,,sitemap_only,,,duplicada: 301 a su canónica (aprobado Oscar 27/09/2026)
/ru/%d1%8e%d0%bd%d0%b8%d1%82%d0%b0%d1%86/%d0%bc%d1%83%d0%b6%d1%81%d0%ba%d0%b0%d1%8f-%d0%bf%d0%bb%d0%b0%d1%81%d1%82%d0%b8%d1%87%d0%b5%d1%81%d0%ba%d0%b0%d1%8f-%d1%85%d0%b8%d1%80%d1%83%d1%80%d0%b3%d0%b8%d1%8f/%d0%b1%d0%bb%d0%b5%d1%84%d0%b0%d1%80%d0%be%d0%bf%d0%bb%d0%b0%d1%81%d1%82%d0%b8%d0%ba%d0%b0/,301,/ru/единицы/мужская-косметическая-хирургия/блефаропластика/,301,Блефаропластика - MedicsIntegralSalut,,sitemap_only,,,duplicada: 301 a su canónica (aprobado Oscar 27/09/2026)
/uk/%d0%be%d0%b4%d0%b8%d0%bd%d0%b8%d1%86%d1%96-2/%d1%87%d0%be%d0%bb%d0%be%d0%b2%d1%96%d1%87%d0%b0-%d0%b5%d1%81%d1%82%d0%b5%d1%82%d0%b8%d1%87%d0%bd%d0%b0-%d1%85%d1%96%d1%80%d1%83%d1%80%d0%b3%d1%96%d1%8f-2/%d0%b1%d0%bb%d0%b5%d1%84%d0%b0%d1%80%d0%be%d0%bf%d0%bb%d0%b0%d1%81%d1%82%d0%b8%d0%ba%d0%b0/,301,/uk/одиниці/чоловіча-естетична-хірургія/блефаропластика/,301,Блефаропластика — MedicsIntegralSalut,,sitemap_only,,,duplicada: 301 a su canónica (aprobado Oscar 27/09/2026)
/ca/unitats/cirurgia-estetica-masculina/blefaroplastia/,mantener,/ca/unitats/cirurgia-estetica-masculina/blefaroplastia/,200,Blefaroplàstia - MedicsIntegralSalut,,sitemap_only,1,0,antes /ca/unitats-2/cirurgia-estetica-masculina-2/blefaroplastia/ · renombrada 05/10/2026: URL catalana sin «-2» (decisión usuario)
/en/units-2/male-cosmetic-surgery-2/chest-augmentation-2/,301,/en/units/male-cosmetic-surgery/chest-augmentation/,301,Chest augmentation - MedicsIntegralSalut,,sitemap_only,,0,duplicada: 301 a su canónica (aprobado Oscar 27/09/2026)
/fr/unites-2/chirurgie-esthetique-masculine-2/augmentation-des-pectoraux/,301,/fr/unites/chirurgie-esthetique-masculine/aumento-de-pectoral/,301,Augmentation mammaire - MedicsIntegralSalut,,sitemap_only,,0,duplicada: 301 a su canónica (aprobado Oscar 27/09/2026)
/ru/%d1%8e%d0%bd%d0%b8%d1%82%d0%b0%d1%86/%d0%bc%d1%83%d0%b6%d1%81%d0%ba%d0%b0%d1%8f-%d0%bf%d0%bb%d0%b0%d1%81%d1%82%d0%b8%d1%87%d0%b5%d1%81%d0%ba%d0%b0%d1%8f-%d1%85%d0%b8%d1%80%d1%83%d1%80%d0%b3%d0%b8%d1%8f/%d1%83%d0%b2%d0%b5%d0%bb%d0%b8%d1%87%d0%b5%d0%bd%d0%b8%d0%b5-%d0%b3%d1%80%d1%83%d0%b4%d0%bd%d1%8b%d1%85-%d0%bc%d1%8b%d1%88%d1%86/,301,/ru/единицы/мужская-косметическая-хирургия/aumento-de-pectoral/,301,Увеличение грудных мышц — MedicsIntegralSalut,,sitemap_only,,,duplicada: 301 a su canónica (aprobado Oscar 27/09/2026)
/uk/%d0%be%d0%b4%d0%b8%d0%bd%d0%b8%d1%86%d1%96-2/%d1%87%d0%be%d0%bb%d0%be%d0%b2%d1%96%d1%87%d0%b0-%d0%b5%d1%81%d1%82%d0%b5%d1%82%d0%b8%d1%87%d0%bd%d0%b0-%d1%85%d1%96%d1%80%d1%83%d1%80%d0%b3%d1%96%d1%8f-2/%d0%b7%d0%b1%d1%96%d0%bb%d1%8c%d1%88%d0%b5%d0%bd%d0%bd%d1%8f-%d0%b3%d1%80%d1%83%d0%b4%d0%bd%d0%b8%d1%85-%d0%bc%d1%8f%d0%b7%d1%96%d0%b2/,301,/uk/одиниці/чоловіча-естетична-хірургія/aumento-de-pectoral/,301,Збільшення грудних м’язів — MedicsIntegralSalut,,sitemap_only,,,duplicada: 301 a su canónica (aprobado Oscar 27/09/2026)
/ca/unitats/cirurgia-estetica-masculina/augment-de-pectoral/,mantener,/ca/unitats/cirurgia-estetica-masculina/augment-de-pectoral/,200,Augment de pit - MedicsIntegralSalut,,sitemap_only,1,0,antes /ca/unitats-2/cirurgia-estetica-masculina-2/augment-de-pectoral-2/ · renombrada 05/10/2026: URL catalana sin «-2» (decisión usuario)
/en/units-2/cosmetic-facial-surgery/neck-and-jowl-lift/,301,/en/units/cosmetic-facial-surgery-2/neck-and-double-chin-mini-lift/,301,Mini neck and double chin lift - MedicsIntegralSalut,,sitemap_only,,0,duplicada: 301 a su canónica (aprobado Oscar 27/09/2026)
/fr/unites-2/chirurgie-esthetique-du-visage/minilift-du-cou-et-du-menton/,301,/fr/unites/chirurgie-esthetique-faciale/mini-lifting-du-cou-et-du-double-menton/,301,Mini-lifting du cou et du double menton - MedicsIntegralSalut,,sitemap_only,,,duplicada: 301 a su canónica (aprobado Oscar 27/09/2026)
/ru/%d1%8e%d0%bd%d0%b8%d1%82%d0%b0%d1%86/%d0%bf%d0%bb%d0%b0%d1%81%d1%82%d0%b8%d1%87%d0%b5%d1%81%d0%ba%d0%b0%d1%8f-%d0%be%d0%bf%d0%b5%d1%80%d0%b0%d1%86%d0%b8%d1%8f-%d0%bd%d0%b0-%d0%bb%d0%b8%d1%86%d0%b5/%d0%bc%d0%b8%d0%bd%d0%b8-%d0%bb%d0%b8%d1%84%d1%82%d0%b8%d0%bd%d0%b3-%d1%88%d0%b5%d0%b8-%d0%b8-%d0%bf%d0%be%d0%b4%d0%b1%d0%be%d1%80%d0%be%d0%b4%d0%ba%d0%b0/,301,/ru/единицы/пластическая-хирургия-лица/подтяжка-шеи-и-подбородка/,301,Мини-лифтинг шеи и подбородка — MedicsIntegralSalut,,sitemap_only,,,duplicada: 301 a su canónica (aprobado Oscar 27/09/2026)
/uk/%d0%be%d0%b4%d0%b8%d0%bd%d0%b8%d1%86%d1%96-2/%d0%b5%d1%81%d1%82%d0%b5%d1%82%d0%b8%d1%87%d0%bd%d0%b0-%d1%85%d1%96%d1%80%d1%83%d1%80%d0%b3%d1%96%d1%8f-%d0%be%d0%b1%d0%bb%d0%b8%d1%87%d1%87%d1%8f/%d0%bc%d1%96%d0%bd%d1%96%d0%bb%d1%96%d1%84%d1%82%d0%b8%d0%bd%d0%b3-%d1%88%d0%b8%d1%97-%d1%82%d0%b0-%d0%bf%d0%be%d0%b4%d0%b2%d1%96%d0%b9%d0%bd%d0%be%d0%b3%d0%be-%d0%bf%d1%96%d0%b4%d0%b1%d0%be%d1%80-2/,301,/uk/одиниці/естетична-хірургія-обличчя-2/мініліфтинг-шиї-та-подвійного-підбор/,301,Міні-ліфтинг шиї та подвійного підборіддя - MedicsIntegralSalut,,sitemap_only,,,duplicada: 301 a su canónica (aprobado Oscar 27/09/2026)
/ca/unitats/cirurgia-estetica-facial/minilifting-de-coll-i-papada/,mantener,/ca/unitats/cirurgia-estetica-facial/minilifting-de-coll-i-papada/,200,Minilift de coll i papada - MedicsIntegralSalut,,sitemap_only,1,0,antes /ca/unitats-2/cirurgia-estetica-facial-2/minilifting-de-coll-i-papada-2/ · renombrada 05/10/2026: URL catalana sin «-2» (decisión usuario)
/en/units-2/cosmetic-medicine-unit-girona/,301,/en/units/cosmetic-medicine-girona/,301,Cosmetic Medicine Unit - MedicsIntegralSalut,,sitemap_only,,,duplicada: 301 a su canónica (aprobado Oscar 27/09/2026)
/fr/unites-2/unite-de-medecine-cosmetique-gerone/,301,/fr/unites/medecine-esthetique-gerone/,301,Unité de médecine esthétique - MedicsIntegralSalut,,sitemap_only,,,duplicada: 301 a su canónica (aprobado Oscar 27/09/2026)
/ru/%d1%8e%d0%bd%d0%b8%d1%82%d0%b0%d1%86/%d0%be%d1%82%d0%b4%d0%b5%d0%bb%d0%b5%d0%bd%d0%b8%d0%b5-%d0%ba%d0%be%d1%81%d0%bc%d0%b5%d1%82%d0%b8%d1%87%d0%b5%d1%81%d0%ba%d0%be%d0%b9-%d0%bc%d0%b5%d0%b4%d0%b8%d1%86%d0%b8%d0%bd%d1%8b-%d0%b6%d0%b8/,301,/ru/единицы/medicina-cosmetica-girona/,301,Отделение косметической медицины — MedicsIntegralSalut,,sitemap_only,,,duplicada: 301 a su canónica (aprobado Oscar 27/09/2026)
/uk/%d0%be%d0%b4%d0%b8%d0%bd%d0%b8%d1%86%d1%96-2/%d0%b2%d1%96%d0%b4%d0%b4%d1%96%d0%bb%d0%b5%d0%bd%d0%bd%d1%8f-%d0%ba%d0%be%d1%81%d0%bc%d0%b5%d1%82%d0%b8%d1%87%d0%bd%d0%be%d1%97-%d0%bc%d0%b5%d0%b4%d0%b8%d1%86%d0%b8%d0%bd%d0%b8-%d0%b2-%d0%b6%d0%b8/,301,/uk/одиниці/medicina-cosmetica-girona/,301,Відділення косметичної медицини — MedicsIntegralSalut,,sitemap_only,,,duplicada: 301 a su canónica (aprobado Oscar 27/09/2026)
/ca/unitats/unitat-de-medicina-cosmetica-girona/,301,/ca/unitats/medicina-estetica-girona/,301,Unitat de Medicina Estètica - MedicsIntegralSalut,,sitemap_only,1,0,duplicada: 301 a su canónica (aprobado Oscar 27/09/2026)
/en/units-2/overweight-and-obesity/bariatric-surgery/gastrectomia-vertical/,301,/en/units/overweight-and-obesity-2/bariatric-surgery-2/gastrectomia-vertical/,301,Gastrectomia vertical - MedicsIntegralSalut,,sitemap_only,,0,duplicada: 301 a su canónica (aprobado Oscar 27/09/2026)
/fr/unites-2/surpoids-et-obesite/chirurgie-bariatrique/gastrectomie-verticale/,301,/fr/unites/surpoids-et-obesite-2/chirurgie-bariatrique-2/gastrectomie-verticale/,301,Gastrectomie verticale - MedicsIntegralSalut,,sitemap_only,,0,duplicada: 301 a su canónica (aprobado Oscar 27/09/2026)
/ru/%d1%8e%d0%bd%d0%b8%d1%82%d0%b0%d1%86/%d0%b8%d0%b7%d0%b1%d1%8b%d1%82%d0%be%d1%87%d0%bd%d1%8b%d0%b9-%d0%b2%d0%b5%d1%81-%d0%b8-%d0%be%d0%b6%d0%b8%d1%80%d0%b5%d0%bd%d0%b8%d0%b5/%d0%b1%d0%b0%d1%80%d0%b8%d0%b0%d1%82%d1%80%d0%b8%d1%87%d0%b5%d1%81%d0%ba%d0%b0%d1%8f-%d1%85%d0%b8%d1%80%d1%83%d1%80%d0%b3%d0%b8%d1%8f/%d0%b2%d0%b5%d1%80%d1%82%d0%b8%d0%ba%d0%b0%d0%bb%d1%8c%d0%bd%d0%b0%d1%8f-%d0%b3%d0%b0%d1%81%d1%82%d1%80%d1%8d%d0%ba%d1%82%d0%be%d0%bc%d0%b8%d1%8f/,301,/ru/единицы/избыточный-вес-и-ожирение-2/бариатрическая-хирургия-2/вертикальная-гастрэктомия/,301,Gastrectomia vertical - MedicsIntegralSalut,,sitemap_only,,,duplicada: 301 a su canónica (aprobado Oscar 27/09/2026)
/uk/%d0%be%d0%b4%d0%b8%d0%bd%d0%b8%d1%86%d1%96-2/%d0%bd%d0%b0%d0%b4%d0%bc%d1%96%d1%80%d0%bd%d0%b0-%d0%b2%d0%b0%d0%b3%d0%b0-%d1%82%d0%b0-%d0%be%d0%b6%d0%b8%d1%80%d1%96%d0%bd%d0%bd%d1%8f/%d0%b1%d0%b0%d1%80%d1%96%d0%b0%d1%82%d1%80%d0%b8%d1%87%d0%bd%d0%b0-%d1%85%d1%96%d1%80%d1%83%d1%80%d0%b3%d1%96%d1%8f/%d0%b2%d0%b5%d1%80%d1%82%d0%b8%d0%ba%d0%b0%d0%bb%d1%8c%d0%bd%d0%b0-%d0%b3%d0%b0%d1%81%d1%82%d1%80%d0%b5%d0%ba%d1%82%d0%be%d0%bc%d1%96%d1%8f/,301,/uk/одиниці/надмірна-вага-та-ожиріння-2/баріатрична-хірургія-2/вертикальна-гастректомія/,301,Вертикальна гастректомія — MedicsIntegralSalut,,sitemap_only,,,duplicada: 301 a su canónica (aprobado Oscar 27/09/2026)
/ca/unitats/sobrepes-i-obesitat/cirurgia-bariatrica/gastrectomia-vertical/,mantener,/ca/unitats/sobrepes-i-obesitat/cirurgia-bariatrica/gastrectomia-vertical/,200,Gastrectomia vertical - MedicsIntegralSalut,,sitemap_only,1,0,antes /ca/unitats-2/sobrepes-i-obesitat-2/cirurgia-bariatrica-2/gastrectomia-vertical/ · renombrada 05/10/2026: URL catalana sin «-2» (decisión usuario)
/en/funding/,301,/en/financing/,301,Funding - MedicsIntegralSalut,,sitemap_only,,0,duplicada: 301 a su canónica (aprobado Oscar 27/09/2026)
/fr/financement-2/,301,/fr/financement/,301,Financement - MedicsIntegralSalut,,sitemap_only,,,duplicada: 301 a su canónica (aprobado Oscar 27/09/2026)
/ru/%d1%84%d0%b8%d0%bd%d0%b0%d0%bd%d1%81%d0%b8%d1%80%d0%be%d0%b2%d0%b0%d0%bd%d0%b8%d0%b5-2/,301,/ru/финансирование/,301,Финансирование - MedicsIntegralSalut,,sitemap_only,,,duplicada: 301 a su canónica (aprobado Oscar 27/09/2026)
/uk/%d1%84%d1%96%d0%bd%d0%b0%d0%bd%d1%81%d1%83%d0%b2%d0%b0%d0%bd%d0%bd%d1%8f-2/,301,/uk/фінансування/,301,Фінансування — MedicsIntegralSalut,,sitemap_only,,,duplicada: 301 a su canónica (aprobado Oscar 27/09/2026)
/ca/financament/,mantener,/ca/financament/,200,Finançament - MedicsIntegralSalut,,sitemap_only,1,0,antes /ca/financament-2/ · renombrada 05/10/2026: URL catalana sin «-2» (decisión usuario)
/en/beauty-days-blepharoplasty/,301,/en/eyelid-surgery/,301,Beauty Days Blepharoplasty - MedicsIntegralSalut,,sitemap_only,,,duplicada: 301 a su canónica (aprobado Oscar 27/09/2026)
/fr/beauty-days-blepharoplastie/,301,/fr/blepharoplastie/,301,Beauty Days blépharoplastie - MedicsIntegralSalut,,sitemap_only,,,duplicada: 301 a su canónica (aprobado Oscar 27/09/2026)
/ru/%d0%b4%d0%bd%d0%b8-%d0%ba%d1%80%d0%b0%d1%81%d0%be%d1%82%d1%8b-%d0%b1%d0%bb%d0%b5%d1%84%d0%b0%d1%80%d0%be%d0%bf%d0%bb%d0%b0%d1%81%d1%82%d0%b8%d0%ba%d0%b0/,301,/ru/блефаропластика/,301,Beauty Days: блефаропластика — MedicsIntegralSalut,,sitemap_only,,,duplicada: 301 a su canónica (aprobado Oscar 27/09/2026)
/uk/beauty-days-%d0%b1%d0%bb%d0%b5%d1%84%d0%b0%d1%80%d0%be%d0%bf%d0%bb%d0%b0%d1%81%d1%82%d0%b8%d0%ba%d0%b0/,301,/uk/блефаропластика/,301,Beauty Days: блефаропластика — MedicsIntegralSalut,,sitemap_only,,,duplicada: 301 a su canónica (aprobado Oscar 27/09/2026)
/ca/dies-de-bellesa-blefaroplastia/,301,/ca/blefaroplastia/,301,Beauty Days Blefaroplàstia - MedicsIntegralSalut,,sitemap_only,,,duplicada: 301 a su canónica (aprobado Oscar 27/09/2026)
/en/units-2/aesthetic-cabinet/get-rid-of-cellulite/,301,/en/units/beauty-salon/get-rid-of-cellulite/,301,Get rid of cellulite - MedicsIntegralSalut,,sitemap_only,,,duplicada: 301 a su canónica (aprobado Oscar 27/09/2026)
/fr/unites-2/cabinet-desthetique/eliminer-la-cellulite/,301,/fr/unites/institut-de-beaute/eliminer-la-cellulite/,301,Éliminer la cellulite - MedicsIntegralSalut,,sitemap_only,,,duplicada: 301 a su canónica (aprobado Oscar 27/09/2026)
/ru/%d1%8e%d0%bd%d0%b8%d1%82%d0%b0%d1%86/%d0%ba%d0%b0%d0%b1%d0%b8%d0%bd%d0%b5%d1%82-%d1%8d%d1%81%d1%82%d0%b5%d1%82%d0%b8%d0%ba%d0%b8-2/%d1%83%d1%81%d1%82%d1%80%d0%b0%d0%bd%d0%b8%d1%82%d1%8c-%d1%86%d0%b5%d0%bb%d0%bb%d1%8e%d0%bb%d0%b8%d1%82/,301,/ru/единицы/кабинет-эстетики/устранить-целлюлит/,301,Удаление целлюлита — MedicsIntegralSalut,,sitemap_only,,,duplicada: 301 a su canónica (aprobado Oscar 27/09/2026)
/uk/%d0%be%d0%b4%d0%b8%d0%bd%d0%b8%d1%86%d1%96-2/%d1%81%d0%b0%d0%bb%d0%be%d0%bd-%d0%ba%d1%80%d0%b0%d1%81%d0%b8-2/%d0%bf%d0%be%d0%b7%d0%b1%d1%83%d1%82%d0%b8%d1%81%d1%8f-%d1%86%d0%b5%d0%bb%d1%8e%d0%bb%d1%96%d1%82%d1%83/,301,/uk/одиниці/салон-краси/позбутися-целюліту/,301,Як позбутися целюліту — MedicsIntegralSalut,,sitemap_only,,,duplicada: 301 a su canónica (aprobado Oscar 27/09/2026)
/ca/unitats/gabinet-destetica/eliminar-cel%c2%b7lulitis/,mantener,/ca/unitats/gabinet-destetica/eliminar-cel%c2%b7lulitis/,200,Elimina la cel·lulitis - MedicsIntegralSalut,,sitemap_only,,,antes /ca/unitats-2/gabinet-destetica-2/eliminar-cel·lulitis/ · renombrada 05/10/2026: URL catalana sin «-2» (decisión usuario)
/en/contact-2/,mantener,/en/contact-2/,200,Contact - MedicsIntegralSalut,,sitemap_only,,0,
/fr/les-gens/,mantener,/fr/les-gens/,200,Contact - MedicsIntegralSalut,,sitemap_only,,0,
/ru/%d0%ba%d0%be%d0%bd%d1%82%d0%b0%d0%ba%d1%82%d0%b5/,mantener,/ru/%d0%ba%d0%be%d0%bd%d1%82%d0%b0%d0%ba%d1%82%d0%b5/,200,Контакты — MedicsIntegralSalut,,sitemap_only,,,
/uk/%d0%b7%d0%b2%d1%8f%d0%b6%d1%96%d1%82%d1%8c%d1%81%d1%8f/,mantener,/uk/%d0%b7%d0%b2%d1%8f%d0%b6%d1%96%d1%82%d1%8c%d1%81%d1%8f/,200,Зв'язатися з нами - MedicsIntegralSalut,,sitemap_only,,,
/ca/contacte/,mantener,/ca/contacte/,200,Contacte - MedicsIntegralSalut,,sitemap_only,1,0,antes /ca/contacte-2/ · renombrada 05/10/2026: URL catalana sin «-2» (decisión usuario)
/en/medical-supplies/,mantener,/en/medical-supplies/,200,Medics Integral Salut,,sitemap_only,,,
/fr/medecins-integres-salut/,mantener,/fr/medecins-integres-salut/,200,Soins Intégraux Salut,,sitemap_only,,,
/ru/%d0%bc%d0%b5%d0%b4%d0%b8%d1%86%d0%b8%d0%bd%d1%81%d0%ba%d0%b8%d0%b9-%d0%b8%d0%bd%d1%82%d0%b5%d0%b3%d1%80%d0%b0%d0%bb-%d0%bf%d1%80%d0%b8%d0%b2%d0%b5%d1%82/,mantener,/ru/%d0%bc%d0%b5%d0%b4%d0%b8%d1%86%d0%b8%d0%bd%d1%81%d0%ba%d0%b8%d0%b9-%d0%b8%d0%bd%d1%82%d0%b5%d0%b3%d1%80%d0%b0%d0%bb-%d0%bf%d1%80%d0%b8%d0%b2%d0%b5%d1%82/,200,Медицинская Интегральная Салют,,sitemap_only,,,
/uk/medics-integral-salut/,mantener,/uk/medics-integral-salut/,200,«Медікс Інтеграл Салут»,,sitemap_only,,,
/ca/medics-integral-salut/,mantener,/ca/medics-integral-salut/,200,Medics Integral Salut,,sitemap_only,1,0,
/en/medical-unit/,mantener,/en/medical-unit/,200,Medical team - MedicsIntegralSalut,,sitemap_only,,0,
/fr/equipement-du-cadre-medical/,mantener,/fr/equipement-du-cadre-medical/,200,Équipe médicale - MedicsIntegralSalut,,sitemap_only,,0,
/ru/%d1%8d%d0%ba%d0%b8%d0%bf%d0%b8%d1%80%d0%be%d0%b2%d0%b0%d1%82%d1%8c-%d0%ba%d0%b2%d0%b0%d0%b4%d1%80%d0%b5-%d0%bc%d0%b5%d0%b4%d0%b8%d0%ba/,mantener,/ru/%d1%8d%d0%ba%d0%b8%d0%bf%d0%b8%d1%80%d0%be%d0%b2%d0%b0%d1%82%d1%8c-%d0%ba%d0%b2%d0%b0%d0%b4%d1%80%d0%b5-%d0%bc%d0%b5%d0%b4%d0%b8%d0%ba/,200,Медицинская бригада — MedicsIntegralSalut,,sitemap_only,,,
/uk/%d0%bc%d0%b5%d0%b4%d0%b8%d1%87%d0%bd%d0%b8%d0%b9-%d0%ba%d0%be%d0%bb%d0%b5%d0%ba%d1%82%d0%b8%d0%b2/,mantener,/uk/%d0%bc%d0%b5%d0%b4%d0%b8%d1%87%d0%bd%d0%b8%d0%b9-%d0%ba%d0%be%d0%bb%d0%b5%d0%ba%d1%82%d0%b8%d0%b2/,200,Медичний колектив — MedicsIntegralSalut,,sitemap_only,,,
/ca/equip-medic-del-quadre/,mantener,/ca/equip-medic-del-quadre/,200,Equip mèdic - MedicsIntegralSalut,,sitemap_only,,2,
/en/units-2/facial-aesthetic-medicine/,301,/en/units/facial-aesthetic-medicine/,301,Facial aesthetic medicine - MedicsIntegralSalut,,sitemap_only,,,duplicada: 301 a su canónica (aprobado Oscar 27/09/2026)
/fr/unites-2/medecine-esthetique-faciale/,301,/fr/unites/medecine-esthetique-faciale/,301,Médecine esthétique du visage - MedicsIntegralSalut,,sitemap_only,,,duplicada: 301 a su canónica (aprobado Oscar 27/09/2026)
/ru/%d1%8e%d0%bd%d0%b8%d1%82%d0%b0%d1%86/%d1%8d%d1%81%d1%82%d0%b5%d1%82%d0%b8%d1%87%d0%b5%d1%81%d0%ba%d0%b0%d1%8f-%d0%bc%d0%b5%d0%b4%d0%b8%d1%86%d0%b8%d0%bd%d0%b0-%d0%bb%d0%b8%d1%86%d0%b0/,301,/ru/единицы/эстетическая-медицина-лица/,301,Эстетическая медицина лица — MedicsIntegralSalut,,sitemap_only,,,duplicada: 301 a su canónica (aprobado Oscar 27/09/2026)
/uk/%d0%be%d0%b4%d0%b8%d0%bd%d0%b8%d1%86%d1%96-2/%d0%b5%d1%81%d1%82%d0%b5%d1%82%d0%b8%d1%87%d0%bd%d0%b0-%d0%bc%d0%b5%d0%b4%d0%b8%d1%86%d0%b8%d0%bd%d0%b0-%d0%b4%d0%bb%d1%8f-%d0%be%d0%b1%d0%bb%d0%b8%d1%87%d1%87%d1%8f/,301,/uk/одиниці/естетична-медицина-для-обличчя/,301,Естетична медицина обличчя — MedicsIntegralSalut,,sitemap_only,,,duplicada: 301 a su canónica (aprobado Oscar 27/09/2026)
/ca/unitats/medicina-estetica-facial/,mantener,/ca/unitats/medicina-estetica-facial/,200,Medicina estètica facial - MedicsIntegralSalut,,sitemap_only,1,0,antes /ca/unitats-2/medicina-estetica-facial/ · renombrada 05/10/2026: URL catalana sin «-2» (decisión usuario)
/en/units-2/cosmetic-body-medicine/cellulite/,301,/en/units/cosmetic-body-medicine/cellulite/,301,Cellulite - MedicsIntegralSalut,,sitemap_only,,0,duplicada: 301 a su canónica (aprobado Oscar 27/09/2026)
/fr/unites-2/medecine-esthetique-corporelle/cellulite/,301,/fr/unites/medecine-esthetique-corporelle/cellulite/,301,Cellulite - MedicsIntegralSalut,,sitemap_only,,0,duplicada: 301 a su canónica (aprobado Oscar 27/09/2026)
/ru/%d1%8e%d0%bd%d0%b8%d1%82%d0%b0%d1%86/%d1%8d%d1%81%d1%82%d0%b5%d1%82%d0%b8%d1%87%d0%b5%d1%81%d0%ba%d0%b0%d1%8f-%d0%bc%d0%b5%d0%b4%d0%b8%d1%86%d0%b8%d0%bd%d0%b0-%d1%82%d0%b5%d0%bb%d0%b0/%d1%86%d0%b5%d0%bb%d0%bb%d1%8e%d0%bb%d0%b8%d1%82/,301,/ru/единицы/эстетическая-медицина-тела/целлюлит/,301,Целлюлит — MedicsIntegralSalut,,sitemap_only,,,duplicada: 301 a su canónica (aprobado Oscar 27/09/2026)
/uk/%d0%be%d0%b4%d0%b8%d0%bd%d0%b8%d1%86%d1%96-2/%d0%b5%d1%81%d1%82%d0%b5%d1%82%d0%b8%d1%87%d0%bd%d0%b0-%d0%bc%d0%b5%d0%b4%d0%b8%d1%86%d0%b8%d0%bd%d0%b0-%d0%b4%d0%bb%d1%8f-%d1%82%d1%96%d0%bb%d0%b0/%d1%86%d0%b5%d0%bb%d1%8e%d0%bb%d1%96%d1%82/,301,/uk/одиниці/естетична-медицина-для-тіла/целюліт/,301,Целюліт — MedicsIntegralSalut,,sitemap_only,,,duplicada: 301 a su canónica (aprobado Oscar 27/09/2026)
/ca/unitats/medicina-estetica-corporal/cel%c2%b7lulitis/,mantener,/ca/unitats/medicina-estetica-corporal/cel%c2%b7lulitis/,200,Cel·lulitis - MedicsIntegralSalut,,sitemap_only,,,antes /ca/unitats-2/medicina-estetica-corporal/cel·lulitis/ · renombrada 05/10/2026: URL catalana sin «-2» (decisión usuario)
/en/units-2/aesthetic-cabinet/detoxifying-2/,301,/en/units/beauty-salon/detoxifying/,301,Detox - MedicsIntegralSalut,,sitemap_only,,0,duplicada: 301 a su canónica (aprobado Oscar 27/09/2026)
/fr/unites-2/cabinet-desthetique/detoxifiant/,301,/fr/unites/institut-de-beaute/detoxifiante/,301,Détoxifiant - MedicsIntegralSalut,,sitemap_only,,0,duplicada: 301 a su canónica (aprobado Oscar 27/09/2026)
/ru/%d1%8e%d0%bd%d0%b8%d1%82%d0%b0%d1%86/%d0%ba%d0%b0%d0%b1%d0%b8%d0%bd%d0%b5%d1%82-%d1%8d%d1%81%d1%82%d0%b5%d1%82%d0%b8%d0%ba%d0%b8-2/%d0%b4%d0%b5%d1%82%d0%be%d0%ba%d1%81%d0%b8%d0%ba%d0%b0%d0%bd%d1%82-2/,301,/ru/единицы/кабинет-эстетики/детоксикант/,301,Детоксикант — MedicsIntegralSalut,,sitemap_only,,,duplicada: 301 a su canónica (aprobado Oscar 27/09/2026)
/uk/%d0%be%d0%b4%d0%b8%d0%bd%d0%b8%d1%86%d1%96-2/%d1%81%d0%b0%d0%bb%d0%be%d0%bd-%d0%ba%d1%80%d0%b0%d1%81%d0%b8-2/%d0%b4%d0%b5%d1%82%d0%be%d0%ba%d1%81%d0%b8%d0%ba%d0%b0%d0%bd%d1%82/,301,/uk/одиниці/салон-краси/desintoxicante/,301,Детоксикант - MedicsIntegralSalut,,sitemap_only,,,duplicada: 301 a su canónica (aprobado Oscar 27/09/2026)
/ca/unitats/gabinet-destetica/desintoxicant/,mantener,/ca/unitats/gabinet-destetica/desintoxicant/,200,Detox - MedicsIntegralSalut,,sitemap_only,1,0,antes /ca/unitats-2/gabinet-destetica-2/desintoxicant-2/ · renombrada 05/10/2026: URL catalana sin «-2» (decisión usuario)
/en/units-2/aesthetic-cabinet/clearance/,301,/en/units/beauty-salon/clearance/,301,Hidreclat - MedicsIntegralHello,,sitemap_only,,0,duplicada: 301 a su canónica (aprobado Oscar 27/09/2026)
/fr/unites-2/cabinet-desthetique/hidreclat/,301,/fr/unites/institut-de-beaute/hidreclat/,301,Hidreclat - MedicsIntégralSalut,,sitemap_only,,,duplicada: 301 a su canónica (aprobado Oscar 27/09/2026)
/ru/%d1%8e%d0%bd%d0%b8%d1%82%d0%b0%d1%86/%d0%ba%d0%b0%d0%b1%d0%b8%d0%bd%d0%b5%d1%82-%d1%8d%d1%81%d1%82%d0%b5%d1%82%d0%b8%d0%ba%d0%b8-2/%d1%85%d0%b8%d0%b4%d1%80%d0%b5%d0%ba%d0%bb%d0%b0%d1%82/,301,/ru/единицы/кабинет-эстетики/хидреклат/,301,Хайдрэклат - МедиксИнтегралСалют,,sitemap_only,,,duplicada: 301 a su canónica (aprobado Oscar 27/09/2026)
/uk/%d0%be%d0%b4%d0%b8%d0%bd%d0%b8%d1%86%d1%96-2/%d1%81%d0%b0%d0%bb%d0%be%d0%bd-%d0%ba%d1%80%d0%b0%d1%81%d0%b8-2/%d0%b3%d1%96%d0%b4%d1%80%d0%b5%d0%ba%d0%bb%d0%b0%d1%82/,301,/uk/одиниці/салон-краси/гідреклат/,301,Hidreclat — MedicsIntegralSalut,,sitemap_only,,,duplicada: 301 a su canónica (aprobado Oscar 27/09/2026)
/ca/unitats/gabinet-destetica/hidroclorat/,mantener,/ca/unitats/gabinet-destetica/hidroclorat/,200,Hidreclat - MedicsIntegralSalut,,sitemap_only,,,antes /ca/unitats-2/gabinet-destetica-2/hidroclorat/ · renombrada 05/10/2026: URL catalana sin «-2» (decisión usuario)
/en/units-2/cosmetic-facial-surgery/nasal-septum-piercing-2/,301,/en/units/cosmetic-facial-surgery-2/nasal-septum-piercing/,301,Nasal septum piercing - MedicsIntegralSalut,,sitemap_only,,0,duplicada: 301 a su canónica (aprobado Oscar 27/09/2026)
/fr/unites-2/chirurgie-esthetique-du-visage/perforation-de-la-cloison-nasale-2/,301,/fr/unites/chirurgie-esthetique-faciale/perforation-de-la-cloison-nasale/,301,Pérforation de la cloison nasale - MedicsIntegralSalut,,sitemap_only,,0,duplicada: 301 a su canónica (aprobado Oscar 27/09/2026)
/ru/%d1%8e%d0%bd%d0%b8%d1%82%d0%b0%d1%86/%d0%bf%d0%bb%d0%b0%d1%81%d1%82%d0%b8%d1%87%d0%b5%d1%81%d0%ba%d0%b0%d1%8f-%d0%be%d0%bf%d0%b5%d1%80%d0%b0%d1%86%d0%b8%d1%8f-%d0%bd%d0%b0-%d0%bb%d0%b8%d1%86%d0%b5/%d0%bf%d0%b5%d1%80%d1%84%d0%be%d1%80%d0%b0%d1%86%d0%b8%d1%8f-%d0%bd%d0%be%d1%81%d0%be%d0%b2%d0%be%d0%b9-%d0%bf%d0%b5%d1%80%d0%b5%d0%b3%d0%be%d1%80%d0%be%d0%b4%d0%ba%d0%b8/,301,/ru/единицы/пластическая-хирургия-лица/прокол-носовой-перегородки/,301,Пунктирование носового прохода — MedicsIntegralSalut,,sitemap_only,,,duplicada: 301 a su canónica (aprobado Oscar 27/09/2026)
/uk/%d0%be%d0%b4%d0%b8%d0%bd%d0%b8%d1%86%d1%96-2/%d0%b5%d1%81%d1%82%d0%b5%d1%82%d0%b8%d1%87%d0%bd%d0%b0-%d1%85%d1%96%d1%80%d1%83%d1%80%d0%b3%d1%96%d1%8f-%d0%be%d0%b1%d0%bb%d0%b8%d1%87%d1%87%d1%8f/%d0%bf%d0%b5%d1%80%d1%84%d0%be%d1%80%d0%b0%d1%86%d1%96%d1%8f-%d0%bd%d0%be%d1%81%d0%be%d0%b2%d0%be%d1%97-%d0%bf%d0%b5%d1%80%d0%b5%d0%b3%d0%be%d1%80%d0%be%d0%b4%d0%ba%d0%b8-2/,301,/uk/одиниці/естетична-хірургія-обличчя-2/перфорація-носової-перегородки/,301,Пунктирний назофарингеальний мазок — MedicsIntegralSalut,,sitemap_only,,,duplicada: 301 a su canónica (aprobado Oscar 27/09/2026)
/ca/unitats/cirurgia-estetica-facial/perforacio-del-tabic-nasal-2/,301,/ca/unitats/cirurgia-estetica-facial/perforacio-del-tabic-nasal/,301,Puntura del septo nasal - MedicsIntegralSalut,,sitemap_only,,0,duplicada: 301 a su canónica (aprobado Oscar 27/09/2026)
/en/units-2/cosmetic-facial-surgery/otoplasty/,301,/en/units/cosmetic-facial-surgery-2/otoplasty/,301,Otoplasty - MedicsIntegralSalut,,sitemap_only,,,duplicada: 301 a su canónica (aprobado Oscar 27/09/2026)
/fr/unites-2/chirurgie-esthetique-du-visage/otoplastie/,301,/fr/unites/chirurgie-esthetique-faciale/otoplastie/,301,Otoplastie - MedicsIntegralSalut,,sitemap_only,,,duplicada: 301 a su canónica (aprobado Oscar 27/09/2026)
/ru/%d1%8e%d0%bd%d0%b8%d1%82%d0%b0%d1%86/%d0%bf%d0%bb%d0%b0%d1%81%d1%82%d0%b8%d1%87%d0%b5%d1%81%d0%ba%d0%b0%d1%8f-%d0%be%d0%bf%d0%b5%d1%80%d0%b0%d1%86%d0%b8%d1%8f-%d0%bd%d0%b0-%d0%bb%d0%b8%d1%86%d0%b5/%d0%be%d1%82%d0%be%d0%bf%d0%bb%d0%b0%d1%81%d1%82%d0%b8%d0%ba%d0%b0/,301,/ru/единицы/пластическая-хирургия-лица/отопластика/,301,Отопластика - MedicsIntegralSalut,,sitemap_only,,,duplicada: 301 a su canónica (aprobado Oscar 27/09/2026)
/uk/%d0%be%d0%b4%d0%b8%d0%bd%d0%b8%d1%86%d1%96-2/%d0%b5%d1%81%d1%82%d0%b5%d1%82%d0%b8%d1%87%d0%bd%d0%b0-%d1%85%d1%96%d1%80%d1%83%d1%80%d0%b3%d1%96%d1%8f-%d0%be%d0%b1%d0%bb%d0%b8%d1%87%d1%87%d1%8f/%d0%be%d1%82%d0%be%d0%bf%d0%bb%d0%b0%d1%81%d1%82%d0%b8%d0%ba%d0%b0/,301,/uk/одиниці/естетична-хірургія-обличчя-2/отопластика/,301,Отопластика — MedicsIntegralSalut,,sitemap_only,,,duplicada: 301 a su canónica (aprobado Oscar 27/09/2026)
/ca/unitats/cirurgia-estetica-facial/otoplastia/,mantener,/ca/unitats/cirurgia-estetica-facial/otoplastia/,200,Otoplàstia - MedicsIntegralSalut,,sitemap_only,1,0,antes /ca/unitats-2/cirurgia-estetica-facial-2/otoplastia/ · renombrada 05/10/2026: URL catalana sin «-2» (decisión usuario)
/en/units-2/body-contouring-surgery/body-fat-transfer/,301,/en/units/cosmetic-surgery-3/body-fat-transfer/,301,Body lipofilling - MedicsIntegralSalut,,sitemap_only,,0,duplicada: 301 a su canónica (aprobado Oscar 27/09/2026)
/fr/unites-2/chirurgie-esthetique-corporelle/lipofilling-corporel/,301,/fr/unites/chirurgie-esthetique-corporelle-2/lipofilling-corporel/,301,Lipofilling corporel - MedicsIntegralSalut,,sitemap_only,,0,duplicada: 301 a su canónica (aprobado Oscar 27/09/2026)
/ru/%d1%8e%d0%bd%d0%b8%d1%82%d0%b0%d1%86/%d1%8d%d1%81%d1%82%d0%b5%d1%82%d0%b8%d1%87%d0%b5%d1%81%d0%ba%d0%b0%d1%8f-%d1%85%d0%b8%d1%80%d1%83%d1%80%d0%b3%d0%b8%d1%8f-%d1%82%d0%b5%d0%bb%d0%b0/%d0%bb%d0%b8%d0%bf%d0%be%d1%84%d0%b8%d0%bb%d0%b8%d0%bd%d0%b3-%d1%82%d0%b5%d0%bb%d0%b0/,301,/ru/единицы/эстетическая-операция-тела/липофилинг-тела/,301,Липофилинг тела - MedicsIntegralSalut,,sitemap_only,,,duplicada: 301 a su canónica (aprobado Oscar 27/09/2026)
/uk/%d0%be%d0%b4%d0%b8%d0%bd%d0%b8%d1%86%d1%96-2/%d0%b5%d1%81%d1%82%d0%b5%d1%82%d0%b8%d1%87%d0%bd%d0%b0-%d1%85%d1%96%d1%80%d1%83%d1%80%d0%b3%d1%96%d1%8f-%d1%82%d1%96%d0%bb%d0%b0/%d0%bb%d1%96%d0%bf%d0%be%d1%84%d1%96%d0%bb%d1%96%d0%bd%d0%b3-%d1%82%d1%96%d0%bb%d0%b0/,301,/uk/одиниці/естетична-хірургія-тіла-2/ліпофілінг-тіла/,301,Ліпофілінг тіла — MedicsIntegralSalut,,sitemap_only,,,duplicada: 301 a su canónica (aprobado Oscar 27/09/2026)
/ca/unitats/cirurgia-estetica-corporal/lipofilling-corporal/,mantener,/ca/unitats/cirurgia-estetica-corporal/lipofilling-corporal/,200,Lipofilling corporal - MedicsIntegralSalut,,sitemap_only,,0,antes /ca/unitats-2/cirurgia-estetica-corporal-2/lipofilling-corporal/ · renombrada 05/10/2026: URL catalana sin «-2» (decisión usuario)
/en/units-2/male-cosmetic-surgery-2/neck-and-double-chin-lift-2/,301,/en/units/male-cosmetic-surgery/neck-and-double-chin-lift/,301,Neck and Double Chin Lift - MedicsIntegralSalut,,sitemap_only,,0,duplicada: 301 a su canónica (aprobado Oscar 27/09/2026)
/fr/unites-2/chirurgie-esthetique-masculine-2/lifting-du-cou-et-du-menton-2/,301,/fr/unites/chirurgie-esthetique-masculine/lifting-du-cou-et-du-menton/,301,Lifting du cou et du double menton - MedicsIntegralSalut,,sitemap_only,,0,duplicada: 301 a su canónica (aprobado Oscar 27/09/2026)
/ru/%d1%8e%d0%bd%d0%b8%d1%82%d0%b0%d1%86/%d0%bc%d1%83%d0%b6%d1%81%d0%ba%d0%b0%d1%8f-%d0%bf%d0%bb%d0%b0%d1%81%d1%82%d0%b8%d1%87%d0%b5%d1%81%d0%ba%d0%b0%d1%8f-%d1%85%d0%b8%d1%80%d1%83%d1%80%d0%b3%d0%b8%d1%8f/%d0%bf%d0%be%d0%b4%d1%82%d1%8f%d0%b6%d0%ba%d0%b0-%d1%88%d0%b5%d0%b8-%d0%b8-%d0%bf%d0%be%d0%b4%d0%b1%d0%be%d1%80%d0%be%d0%b4%d0%ba%d0%b0-2/,301,/ru/единицы/мужская-косметическая-хирургия/подтяжка-шеи-и-второго-подбородка/,301,Подтяжка шеи и двойного подбородка — MedicsIntegralSalut,,sitemap_only,,,duplicada: 301 a su canónica (aprobado Oscar 27/09/2026)
/uk/%d0%be%d0%b4%d0%b8%d0%bd%d0%b8%d1%86%d1%96-2/%d1%87%d0%be%d0%bb%d0%be%d0%b2%d1%96%d1%87%d0%b0-%d0%b5%d1%81%d1%82%d0%b5%d1%82%d0%b8%d1%87%d0%bd%d0%b0-%d1%85%d1%96%d1%80%d1%83%d1%80%d0%b3%d1%96%d1%8f-2/%d0%bf%d1%96%d0%b4%d1%82%d1%8f%d0%b6%d0%ba%d0%b0-%d1%88%d0%b8%d1%97-%d1%82%d0%b0-%d0%bf%d0%be%d0%b4%d0%b2%d1%96%d0%b9%d0%bd%d0%be%d0%b3%d0%be-%d0%bf%d1%96%d0%b4%d0%b1%d0%be%d1%80%d1%96%d0%b4%d0%b4/,301,/uk/одиниці/чоловіча-естетична-хірургія/liftting-de-cuello-y-papada/,301,Підтяжка шиї та подвійного підборіддя - MedicsIntegralSalut,,sitemap_only,,,duplicada: 301 a su canónica (aprobado Oscar 27/09/2026)
/ca/unitats/cirurgia-estetica-masculina/lifting-de-coll-i-papada/,301,/ca/unitats/cirurgia-estetica-masculina/estirament-de-coll-i-papada/,301,Coll i papada - MedicsIntegralSalut,,sitemap_only,1,0,duplicada: 301 a su canónica (aprobado Oscar 27/09/2026)
/en/units-2/facial-aesthetic-medicine/expression-wrinkles/,301,/en/units/facial-aesthetic-medicine/expression-lines/,301,Wrinkles caused by expression - MedicsIntegralSalut,,sitemap_only,,0,duplicada: 301 a su canónica (aprobado Oscar 27/09/2026)
/fr/unites-2/medecine-esthetique-faciale/rides-dexpression-2/,301,/fr/unites/medecine-esthetique-faciale/rides-dexpression/,301,Rides d'expression - MedicsIntegralSalut,,sitemap_only,,0,duplicada: 301 a su canónica (aprobado Oscar 27/09/2026)
/ru/%d1%8e%d0%bd%d0%b8%d1%82%d0%b0%d1%86/%d1%8d%d1%81%d1%82%d0%b5%d1%82%d0%b8%d1%87%d0%b5%d1%81%d0%ba%d0%b0%d1%8f-%d0%bc%d0%b5%d0%b4%d0%b8%d1%86%d0%b8%d0%bd%d0%b0-%d0%bb%d0%b8%d1%86%d0%b0/%d0%bc%d0%be%d1%80%d1%89%d0%b8%d0%bd%d1%8b-%d0%be%d1%82-%d1%83%d0%bb%d1%8b%d0%b1%d0%ba%d0%b8/,301,/ru/единицы/эстетическая-медицина-лица/морщины-от-мимики/,301,Морщины на лице — MedicsIntegralSalut,,sitemap_only,,,duplicada: 301 a su canónica (aprobado Oscar 27/09/2026)
/uk/%d0%be%d0%b4%d0%b8%d0%bd%d0%b8%d1%86%d1%96-2/%d0%b5%d1%81%d1%82%d0%b5%d1%82%d0%b8%d1%87%d0%bd%d0%b0-%d0%bc%d0%b5%d0%b4%d0%b8%d1%86%d0%b8%d0%bd%d0%b0-%d0%b4%d0%bb%d1%8f-%d0%be%d0%b1%d0%bb%d0%b8%d1%87%d1%87%d1%8f/%d0%bc%d1%96%d0%bc%d1%96%d1%87%d0%bd%d1%96-%d0%b7%d0%bc%d0%be%d1%80%d1%88%d0%ba%d0%b8-2/,301,/uk/одиниці/естетична-медицина-для-обличчя/мімічні-зморшки/,301,Зморшки d'вираз обличчя - MedicsIntegralSalut,,sitemap_only,,,duplicada: 301 a su canónica (aprobado Oscar 27/09/2026)
/ca/unitats/medicina-estetica-facial/arrugues-dexpressio/,mantener,/ca/unitats/medicina-estetica-facial/arrugues-dexpressio/,200,Arrugues causades per l'expressió - MedicsIntegralSalut,,sitemap_only,1,0,antes /ca/unitats-2/medicina-estetica-facial/arrugues-dexpressio-2/ · renombrada 05/10/2026: URL catalana sin «-2» (decisión usuario)
/en/units-2/overweight-and-obesity/inedible-balloon-ellipse/,mantener,/en/units-2/overweight-and-obesity/inedible-balloon-ellipse/,200,Elipse ingestible balloon - MedicsIntegralSalut,,sitemap_only,,0,
/fr/unites-2/surpoids-et-obesite/balle-ingerable-ellipse/,mantener,/fr/unites-2/surpoids-et-obesite/balle-ingerable-ellipse/,200,Balon ingérlble Elipse - MedicsIntegralSalut,,sitemap_only,,0,
/ru/%d1%8e%d0%bd%d0%b8%d1%82%d0%b0%d1%86/%d0%b8%d0%b7%d0%b1%d1%8b%d1%82%d0%be%d1%87%d0%bd%d1%8b%d0%b9-%d0%b2%d0%b5%d1%81-%d0%b8-%d0%be%d0%b6%d0%b8%d1%80%d0%b5%d0%bd%d0%b8%d0%b5/%d0%b1%d0%b0%d0%bb%d0%be-%d0%bd%d0%b5%d1%81%d1%8a%d0%b5%d0%b4%d0%be%d0%b1%d0%bd%d1%8b%d0%b9-%d1%8d%d0%bb%d0%bb%d0%b8%d0%bf%d1%81/,mantener,/ru/%d1%8e%d0%bd%d0%b8%d1%82%d0%b0%d1%86/%d0%b8%d0%b7%d0%b1%d1%8b%d1%82%d0%be%d1%87%d0%bd%d1%8b%d0%b9-%d0%b2%d0%b5%d1%81-%d0%b8-%d0%be%d0%b6%d0%b8%d1%80%d0%b5%d0%bd%d0%b8%d0%b5/%d0%b1%d0%b0%d0%bb%d0%be-%d0%bd%d0%b5%d1%81%d1%8a%d0%b5%d0%b4%d0%be%d0%b1%d0%bd%d1%8b%d0%b9-%d1%8d%d0%bb%d0%bb%d0%b8%d0%bf%d1%81/,200,Проглатываемый баллон Эллипс - MedicsIntegralSalut,,sitemap_only,,,
/uk/%d0%be%d0%b4%d0%b8%d0%bd%d0%b8%d1%86%d1%96-2/%d0%bd%d0%b0%d0%b4%d0%bc%d1%96%d1%80%d0%bd%d0%b0-%d0%b2%d0%b0%d0%b3%d0%b0-%d1%82%d0%b0-%d0%be%d0%b6%d0%b8%d1%80%d1%96%d0%bd%d0%bd%d1%8f/%d0%ba%d0%be%d0%b2%d1%82%d0%b0%d0%bb%d1%8c%d0%bd%d0%b0-%d0%ba%d0%b0%d0%bf%d1%81%d1%83%d0%bb%d0%b0-%d1%83-%d1%84%d0%be%d1%80%d0%bc%d1%96-%d0%b5%d0%bb%d1%96%d0%bf%d1%81%d0%b0/,mantener,/uk/%d0%be%d0%b4%d0%b8%d0%bd%d0%b8%d1%86%d1%96-2/%d0%bd%d0%b0%d0%b4%d0%bc%d1%96%d1%80%d0%bd%d0%b0-%d0%b2%d0%b0%d0%b3%d0%b0-%d1%82%d0%b0-%d0%be%d0%b6%d0%b8%d1%80%d1%96%d0%bd%d0%bd%d1%8f/%d0%ba%d0%be%d0%b2%d1%82%d0%b0%d0%bb%d1%8c%d0%bd%d0%b0-%d0%ba%d0%b0%d0%bf%d1%81%d1%83%d0%bb%d0%b0-%d1%83-%d1%84%d0%be%d1%80%d0%bc%d1%96-%d0%b5%d0%bb%d1%96%d0%bf%d1%81%d0%b0/,200,Ковтальний балон «Еліпс» — MedicsIntegralSalut,,sitemap_only,,,
/ca/unitats/sobrepes-i-obesitat/balo-ingerible-el%c2%b7lipse/,mantener,/ca/unitats/sobrepes-i-obesitat/balo-ingerible-el%c2%b7lipse/,200,Globus Elipse ingestible - MedicsIntegralSalut,,sitemap_only,,,
/en/units-2/overweight-and-obesity/six-months-old/,mantener,/en/units-2/overweight-and-obesity/six-months-old/,200,6 months old - MedicsIntegralSalut,,sitemap_only,,0,
/fr/unites-2/surpoids-et-obesite/balo-6-mois/,mantener,/fr/unites-2/surpoids-et-obesite/balo-6-mois/,200,6 mois - MedicsIntegralSalut,,sitemap_only,,,
/ru/%d1%8e%d0%bd%d0%b8%d1%82%d0%b0%d1%86/%d0%b8%d0%b7%d0%b1%d1%8b%d1%82%d0%be%d1%87%d0%bd%d1%8b%d0%b9-%d0%b2%d0%b5%d1%81-%d0%b8-%d0%be%d0%b6%d0%b8%d1%80%d0%b5%d0%bd%d0%b8%d0%b5/%d0%b1%d0%b0%d0%bb%d0%be-6-%d0%bc%d0%b5%d1%81%d0%be%d1%81/,mantener,/ru/%d1%8e%d0%bd%d0%b8%d1%82%d0%b0%d1%86/%d0%b8%d0%b7%d0%b1%d1%8b%d1%82%d0%be%d1%87%d0%bd%d1%8b%d0%b9-%d0%b2%d0%b5%d1%81-%d0%b8-%d0%be%d0%b6%d0%b8%d1%80%d0%b5%d0%bd%d0%b8%d0%b5/%d0%b1%d0%b0%d0%bb%d0%be-6-%d0%bc%d0%b5%d1%81%d0%be%d1%81/,200,"Бало, 6 месяцев — MedicsIntegralSalut",,sitemap_only,,,
/uk/%d0%be%d0%b4%d0%b8%d0%bd%d0%b8%d1%86%d1%96-2/%d0%bd%d0%b0%d0%b4%d0%bc%d1%96%d1%80%d0%bd%d0%b0-%d0%b2%d0%b0%d0%b3%d0%b0-%d1%82%d0%b0-%d0%be%d0%b6%d0%b8%d1%80%d1%96%d0%bd%d0%bd%d1%8f/6-%d0%bc%d1%96%d1%81%d1%8f%d1%86%d1%96%d0%b2/,mantener,/uk/%d0%be%d0%b4%d0%b8%d0%bd%d0%b8%d1%86%d1%96-2/%d0%bd%d0%b0%d0%b4%d0%bc%d1%96%d1%80%d0%bd%d0%b0-%d0%b2%d0%b0%d0%b3%d0%b0-%d1%82%d0%b0-%d0%be%d0%b6%d0%b8%d1%80%d1%96%d0%bd%d0%bd%d1%8f/6-%d0%bc%d1%96%d1%81%d1%8f%d1%86%d1%96%d0%b2/,200,"Бало, 6 місяців — MedicsIntegralSalut",,sitemap_only,,,
/ca/unitats/sobrepes-i-obesitat/6-mesos/,mantener,/ca/unitats/sobrepes-i-obesitat/6-mesos/,200,6 mesos - MedicsIntegralSalut,,sitemap_only,,0,
/en/units-2/overweight-and-obesity/12-month-adjustable-backpack/,mantener,/en/units-2/overweight-and-obesity/12-month-adjustable-backpack/,200,12-month adjustable balloon - MedicsIntegralSalut,,sitemap_only,,0,
/fr/unites-2/surpoids-et-obesite/12-mois-reajustables/,mantener,/fr/unites-2/surpoids-et-obesite/12-mois-reajustables/,200,"Ballon de 12 mois, réglable - MedicsIntegralSalut",,sitemap_only,,0,
/ru/%d1%8e%d0%bd%d0%b8%d1%82%d0%b0%d1%86/%d0%b8%d0%b7%d0%b1%d1%8b%d1%82%d0%be%d1%87%d0%bd%d1%8b%d0%b9-%d0%b2%d0%b5%d1%81-%d0%b8-%d0%be%d0%b6%d0%b8%d1%80%d0%b5%d0%bd%d0%b8%d0%b5/%d0%b1%d0%b0%d0%bb%d0%be-12-%d0%bc%d0%b5%d1%81%d1%8f%d1%86%d0%b5%d0%b2-%d1%80%d0%b5%d0%b3%d1%83%d0%bb%d0%b8%d1%80%d1%83%d0%b5%d0%bc%d0%be%d0%b5/,mantener,/ru/%d1%8e%d0%bd%d0%b8%d1%82%d0%b0%d1%86/%d0%b8%d0%b7%d0%b1%d1%8b%d1%82%d0%be%d1%87%d0%bd%d1%8b%d0%b9-%d0%b2%d0%b5%d1%81-%d0%b8-%d0%be%d0%b6%d0%b8%d1%80%d0%b5%d0%bd%d0%b8%d0%b5/%d0%b1%d0%b0%d0%bb%d0%be-12-%d0%bc%d0%b5%d1%81%d1%8f%d1%86%d0%b5%d0%b2-%d1%80%d0%b5%d0%b3%d1%83%d0%bb%d0%b8%d1%80%d1%83%d0%b5%d0%bc%d0%be%d0%b5/,200,Регулируемый баллон на 12 месяцев — MedicsIntegralSalut,,sitemap_only,,,
/uk/%d0%be%d0%b4%d0%b8%d0%bd%d0%b8%d1%86%d1%96-2/%d0%bd%d0%b0%d0%b4%d0%bc%d1%96%d1%80%d0%bd%d0%b0-%d0%b2%d0%b0%d0%b3%d0%b0-%d1%82%d0%b0-%d0%be%d0%b6%d0%b8%d1%80%d1%96%d0%bd%d0%bd%d1%8f/12-%d0%bc%d1%96%d1%81%d1%8f%d1%86%d1%96%d0%b2-%d0%b7-%d0%bc%d0%be%d0%b6%d0%bb%d0%b8%d0%b2%d1%96%d1%81%d1%82%d1%8e-%d0%bf%d0%b5%d1%80%d0%b5%d0%b3%d0%bb%d1%8f%d0%b4%d1%83/,mantener,/uk/%d0%be%d0%b4%d0%b8%d0%bd%d0%b8%d1%86%d1%96-2/%d0%bd%d0%b0%d0%b4%d0%bc%d1%96%d1%80%d0%bd%d0%b0-%d0%b2%d0%b0%d0%b3%d0%b0-%d1%82%d0%b0-%d0%be%d0%b6%d0%b8%d1%80%d1%96%d0%bd%d0%bd%d1%8f/12-%d0%bc%d1%96%d1%81%d1%8f%d1%86%d1%96%d0%b2-%d0%b7-%d0%bc%d0%be%d0%b6%d0%bb%d0%b8%d0%b2%d1%96%d1%81%d1%82%d1%8e-%d0%bf%d0%b5%d1%80%d0%b5%d0%b3%d0%bb%d1%8f%d0%b4%d1%83/,200,Надувний балон на 12 місяців з можливістю регулювання — MedicsIntegralSalut,,sitemap_only,,,
/ca/unitats/sobrepes-i-obesitat/12-mesos-reajustable/,mantener,/ca/unitats/sobrepes-i-obesitat/12-mesos-reajustable/,200,Bossa 12 mesos reajustable - MedicsIntegralSalut,,sitemap_only,,0,
/en/units-2/overweight-and-obesity/endomanga/,301,/en/units/overweight-and-obesity-2/endomanga/,301,Endomanga - MedicsIntegralSalut,,sitemap_only,,0,duplicada: 301 a su canónica (aprobado Oscar 27/09/2026)
/fr/unites-2/surpoids-et-obesite/endomanga/,301,/fr/unites/surpoids-et-obesite-2/endomanga/,301,Endomanga - MedicsIntegralSalut,,sitemap_only,,,duplicada: 301 a su canónica (aprobado Oscar 27/09/2026)
/ru/%d1%8e%d0%bd%d0%b8%d1%82%d0%b0%d1%86/%d0%b8%d0%b7%d0%b1%d1%8b%d1%82%d0%be%d1%87%d0%bd%d1%8b%d0%b9-%d0%b2%d0%b5%d1%81-%d0%b8-%d0%be%d0%b6%d0%b8%d1%80%d0%b5%d0%bd%d0%b8%d0%b5/%d1%8d%d0%bd%d0%b4%d0%be%d0%bc%d0%b0%d0%bd%d0%b3%d0%b0/,301,/ru/единицы/избыточный-вес-и-ожирение-2/эндоманга/,301,Эндоманга — MedicsIntegralSalut,,sitemap_only,,,duplicada: 301 a su canónica (aprobado Oscar 27/09/2026)
/uk/%d0%be%d0%b4%d0%b8%d0%bd%d0%b8%d1%86%d1%96-2/%d0%bd%d0%b0%d0%b4%d0%bc%d1%96%d1%80%d0%bd%d0%b0-%d0%b2%d0%b0%d0%b3%d0%b0-%d1%82%d0%b0-%d0%be%d0%b6%d0%b8%d1%80%d1%96%d0%bd%d0%bd%d1%8f/%d0%b2%d0%bd%d1%83%d1%82%d1%80%d1%96%d1%88%d0%bd%d1%8f-%d1%87%d0%b0%d1%81%d1%82%d0%b8%d0%bd%d0%b0-%d1%80%d1%83%d0%ba%d0%b0%d0%b2%d0%b0/,301,/uk/одиниці/надмірна-вага-та-ожиріння-2/внутрішня-частина-рукава/,301,Ендоманга — MedicsIntegralSalut,,sitemap_only,,,duplicada: 301 a su canónica (aprobado Oscar 27/09/2026)
/ca/unitats/sobrepes-i-obesitat/endomanga/,mantener,/ca/unitats/sobrepes-i-obesitat/endomanga/,200,Endomanga - MedicsIntegralSalut,,sitemap_only,1,0,antes /ca/unitats-2/sobrepes-i-obesitat-2/endomanga/ · renombrada 05/10/2026: URL catalana sin «-2» (decisión usuario)
/en/units-2/overweight-and-obesity/,mantener,/en/units-2/overweight-and-obesity/,200,Overweight and Obesity - MedicsIntegralSalut,,sitemap_only,,0,
/fr/unites-2/surpoids-et-obesite/,mantener,/fr/unites-2/surpoids-et-obesite/,200,Surpoids et obésité - MedicsIntegralSalut,,sitemap_only,,0,
/ru/%d1%8e%d0%bd%d0%b8%d1%82%d0%b0%d1%86/%d0%b8%d0%b7%d0%b1%d1%8b%d1%82%d0%be%d1%87%d0%bd%d1%8b%d0%b9-%d0%b2%d0%b5%d1%81-%d0%b8-%d0%be%d0%b6%d0%b8%d1%80%d0%b5%d0%bd%d0%b8%d0%b5/,mantener,/ru/%d1%8e%d0%bd%d0%b8%d1%82%d0%b0%d1%86/%d0%b8%d0%b7%d0%b1%d1%8b%d1%82%d0%be%d1%87%d0%bd%d1%8b%d0%b9-%d0%b2%d0%b5%d1%81-%d0%b8-%d0%be%d0%b6%d0%b8%d1%80%d0%b5%d0%bd%d0%b8%d0%b5/,200,Избыточный вес и ожирение — MedicsIntegralSalut,,sitemap_only,,,
/uk/%d0%be%d0%b4%d0%b8%d0%bd%d0%b8%d1%86%d1%96-2/%d0%bd%d0%b0%d0%b4%d0%bc%d1%96%d1%80%d0%bd%d0%b0-%d0%b2%d0%b0%d0%b3%d0%b0-%d1%82%d0%b0-%d0%be%d0%b6%d0%b8%d1%80%d1%96%d0%bd%d0%bd%d1%8f/,mantener,/uk/%d0%be%d0%b4%d0%b8%d0%bd%d0%b8%d1%86%d1%96-2/%d0%bd%d0%b0%d0%b4%d0%bc%d1%96%d1%80%d0%bd%d0%b0-%d0%b2%d0%b0%d0%b3%d0%b0-%d1%82%d0%b0-%d0%be%d0%b6%d0%b8%d1%80%d1%96%d0%bd%d0%bd%d1%8f/,200,Надмірна вага та ожиріння — MedicsIntegralSalut,,sitemap_only,,,
/ca/unitats/sobrepes-i-obesitat/,mantener,/ca/unitats/sobrepes-i-obesitat/,200,Sobrepes i obesitat - MedicsIntegralSalut,,sitemap_only,1,0,antes /ca/unitats-2/sobrepes-i-obesitat-2/ · renombrada 05/10/2026: URL catalana sin «-2» (decisión usuario)
/en/units-2/overweight-and-obesity/bariatric-surgery/,301,/en/units/overweight-and-obesity-2/bariatric-surgery-2/,301,Bariatric surgery - MedicsIntegralSalut,,sitemap_only,,0,duplicada: 301 a su canónica (aprobado Oscar 27/09/2026)
/fr/unites-2/surpoids-et-obesite/chirurgie-bariatrique/,301,/fr/unites/surpoids-et-obesite-2/chirurgie-bariatrique-2/,301,Chirurgie bariatrique - MedicsIntegralSalut,,sitemap_only,,0,duplicada: 301 a su canónica (aprobado Oscar 27/09/2026)
/ru/%d1%8e%d0%bd%d0%b8%d1%82%d0%b0%d1%86/%d0%b8%d0%b7%d0%b1%d1%8b%d1%82%d0%be%d1%87%d0%bd%d1%8b%d0%b9-%d0%b2%d0%b5%d1%81-%d0%b8-%d0%be%d0%b6%d0%b8%d1%80%d0%b5%d0%bd%d0%b8%d0%b5/%d0%b1%d0%b0%d1%80%d0%b8%d0%b0%d1%82%d1%80%d0%b8%d1%87%d0%b5%d1%81%d0%ba%d0%b0%d1%8f-%d1%85%d0%b8%d1%80%d1%83%d1%80%d0%b3%d0%b8%d1%8f/,301,/ru/единицы/избыточный-вес-и-ожирение-2/бариатрическая-хирургия-2/,301,Cirurgia bariàtrica - MedicsIntegralSalut,,sitemap_only,,,duplicada: 301 a su canónica (aprobado Oscar 27/09/2026)
/uk/%d0%be%d0%b4%d0%b8%d0%bd%d0%b8%d1%86%d1%96-2/%d0%bd%d0%b0%d0%b4%d0%bc%d1%96%d1%80%d0%bd%d0%b0-%d0%b2%d0%b0%d0%b3%d0%b0-%d1%82%d0%b0-%d0%be%d0%b6%d0%b8%d1%80%d1%96%d0%bd%d0%bd%d1%8f/%d0%b1%d0%b0%d1%80%d1%96%d0%b0%d1%82%d1%80%d0%b8%d1%87%d0%bd%d0%b0-%d1%85%d1%96%d1%80%d1%83%d1%80%d0%b3%d1%96%d1%8f/,301,/uk/одиниці/надмірна-вага-та-ожиріння-2/баріатрична-хірургія-2/,301,Cirurgia bariàtrica - MedicsIntegralSalut,,sitemap_only,,,duplicada: 301 a su canónica (aprobado Oscar 27/09/2026)
/ca/unitats/sobrepes-i-obesitat/cirurgia-bariatrica/,mantener,/ca/unitats/sobrepes-i-obesitat/cirurgia-bariatrica/,200,Cirurgia bariàtrica - MedicsIntegralSalut,,sitemap_only,1,0,antes /ca/unitats-2/sobrepes-i-obesitat-2/cirurgia-bariatrica-2/ · renombrada 05/10/2026: URL catalana sin «-2» (decisión usuario)
/en/units-2/overweight-and-obesity/dietetics-and-nutrition/,301,/en/units/overweight-and-obesity-2/dietetics-and-nutrition-2/,301,Dietetics and Nutrition - MedicsIntegralSalut,,sitemap_only,,0,duplicada: 301 a su canónica (aprobado Oscar 27/09/2026)
/fr/unites-2/surpoids-et-obesite/dietetique-et-nutrition-2/,301,/fr/unites/surpoids-et-obesite-2/dietetique-et-nutrition/,301,Diététique et nutrition - MedicsIntegralSalut,,sitemap_only,,,duplicada: 301 a su canónica (aprobado Oscar 27/09/2026)
/ru/%d1%8e%d0%bd%d0%b8%d1%82%d0%b0%d1%86/%d0%b8%d0%b7%d0%b1%d1%8b%d1%82%d0%be%d1%87%d0%bd%d1%8b%d0%b9-%d0%b2%d0%b5%d1%81-%d0%b8-%d0%be%d0%b6%d0%b8%d1%80%d0%b5%d0%bd%d0%b8%d0%b5/%d0%b4%d0%b8%d0%b5%d1%82%d0%be%d0%bb%d0%be%d0%b3%d0%b8%d1%8f-%d0%b8-%d0%bf%d0%b8%d1%82%d0%b0%d0%bd%d0%b8%d0%b5-2/,301,/ru/единицы/избыточный-вес-и-ожирение-2/диетология-и-питание/,301,Диетология и питание - MedicsIntegralSalut,,sitemap_only,,,duplicada: 301 a su canónica (aprobado Oscar 27/09/2026)
/uk/%d0%be%d0%b4%d0%b8%d0%bd%d0%b8%d1%86%d1%96-2/%d0%bd%d0%b0%d0%b4%d0%bc%d1%96%d1%80%d0%bd%d0%b0-%d0%b2%d0%b0%d0%b3%d0%b0-%d1%82%d0%b0-%d0%be%d0%b6%d0%b8%d1%80%d1%96%d0%bd%d0%bd%d1%8f/%d0%b4%d1%96%d1%94%d1%82%d0%be%d0%bb%d0%be%d0%b3%d1%96%d1%8f-%d1%82%d0%b0-%d1%85%d0%b0%d1%80%d1%87%d1%83%d0%b2%d0%b0%d0%bd%d0%bd%d1%8f-2/,301,/uk/одиниці/надмірна-вага-та-ожиріння-2/дієтологія-та-харчування/,301,Дієтологія та харчування — MedicsIntegralSalut,,sitemap_only,,,duplicada: 301 a su canónica (aprobado Oscar 27/09/2026)
/ca/unitats/sobrepes-i-obesitat/dietetica-i-nutricio/,mantener,/ca/unitats/sobrepes-i-obesitat/dietetica-i-nutricio/,200,Dietètica i nutrició - MedicsIntegralSalut,,sitemap_only,1,0,antes /ca/unitats-2/sobrepes-i-obesitat-2/dietetica-i-nutricio-2/ · renombrada 05/10/2026: URL catalana sin «-2» (decisión usuario)
/en/w-lp-mamaria/,mantener,/en/w-lp-mamaria/,200,Home | Web Rino,,sitemap_only,,0,
/fr/w-lp-mamaria/,mantener,/fr/w-lp-mamaria/,200,Accueil | Web Rino,,sitemap_only,,0,
/ru/w-lp-mamaria/,mantener,/ru/w-lp-mamaria/,200,Главная | Web Rino,,sitemap_only,,0,
/uk/w-lp-mamaria/,mantener,/uk/w-lp-mamaria/,200,Головна | Web Rino,,sitemap_only,,0,
/ca/w-lp-mamaria/,mantener,/ca/w-lp-mamaria/,200,Inici | Web Rino,,sitemap_only,,0,
/en/w-lp-ginecomastia/,mantener,/en/w-lp-ginecomastia/,200,Home | Web Rino,,sitemap_only,,0,
/fr/w-lp-ginecomastia/,mantener,/fr/w-lp-ginecomastia/,200,Accueil | Web Rino,,sitemap_only,,0,
/ru/w-lp-ginecomastia/,mantener,/ru/w-lp-ginecomastia/,200,Главная | Web Rino,,sitemap_only,,0,
/uk/w-lp-ginecomastia/,mantener,/uk/w-lp-ginecomastia/,200,Головна | Web Rino,,sitemap_only,,,
/ca/w-lp-ginecomastia/,mantener,/ca/w-lp-ginecomastia/,200,Inici | Web Rino,,sitemap_only,,0,
/en/units-2/overweight-and-obesity/bariatric-surgery/duodenal-crossing-3/,mantener,/en/units-2/overweight-and-obesity/bariatric-surgery/duodenal-crossing-3/,200,Duodenal Crossing - MedicsIntegralSalut,,sitemap_only,,0,
/fr/unites-2/surpoids-et-obesite/chirurgie-bariatrique/encreuament-duodenal/,mantener,/fr/unites-2/surpoids-et-obesite/chirurgie-bariatrique/encreuament-duodenal/,200,Encreuament Duodenal - MedicsIntegralSalut,,sitemap_only,,0,
/ru/%d1%8e%d0%bd%d0%b8%d1%82%d0%b0%d1%86/%d0%b8%d0%b7%d0%b1%d1%8b%d1%82%d0%be%d1%87%d0%bd%d1%8b%d0%b9-%d0%b2%d0%b5%d1%81-%d0%b8-%d0%be%d0%b6%d0%b8%d1%80%d0%b5%d0%bd%d0%b8%d0%b5/%d0%b1%d0%b0%d1%80%d0%b8%d0%b0%d1%82%d1%80%d0%b8%d1%87%d0%b5%d1%81%d0%ba%d0%b0%d1%8f-%d1%85%d0%b8%d1%80%d1%83%d1%80%d0%b3%d0%b8%d1%8f/encreuament-duodenal/,mantener,/ru/%d1%8e%d0%bd%d0%b8%d1%82%d0%b0%d1%86/%d0%b8%d0%b7%d0%b1%d1%8b%d1%82%d0%be%d1%87%d0%bd%d1%8b%d0%b9-%d0%b2%d0%b5%d1%81-%d0%b8-%d0%be%d0%b6%d0%b8%d1%80%d0%b5%d0%bd%d0%b8%d0%b5/%d0%b1%d0%b0%d1%80%d0%b8%d0%b0%d1%82%d1%80%d0%b8%d1%87%d0%b5%d1%81%d0%ba%d0%b0%d1%8f-%d1%85%d0%b8%d1%80%d1%83%d1%80%d0%b3%d0%b8%d1%8f/encreuament-duodenal/,200,Encreuament Duodenal - MedicsIntegralSalut,,sitemap_only,,,
/uk/%d0%be%d0%b4%d0%b8%d0%bd%d0%b8%d1%86%d1%96-2/%d0%bd%d0%b0%d0%b4%d0%bc%d1%96%d1%80%d0%bd%d0%b0-%d0%b2%d0%b0%d0%b3%d0%b0-%d1%82%d0%b0-%d0%be%d0%b6%d0%b8%d1%80%d1%96%d0%bd%d0%bd%d1%8f/%d0%b1%d0%b0%d1%80%d1%96%d0%b0%d1%82%d1%80%d0%b8%d1%87%d0%bd%d0%b0-%d1%85%d1%96%d1%80%d1%83%d1%80%d0%b3%d1%96%d1%8f/%d0%b4%d1%83%d0%be%d0%b4%d0%b5%d0%bd%d0%b0%d0%bb%d1%8c%d0%bd%d0%b8%d0%b9-%d0%bf%d0%b5%d1%80%d0%b5%d1%85%d1%80%d0%b5%d1%81%d1%82/,mantener,/uk/%d0%be%d0%b4%d0%b8%d0%bd%d0%b8%d1%86%d1%96-2/%d0%bd%d0%b0%d0%b4%d0%bc%d1%96%d1%80%d0%bd%d0%b0-%d0%b2%d0%b0%d0%b3%d0%b0-%d1%82%d0%b0-%d0%be%d0%b6%d0%b8%d1%80%d1%96%d0%bd%d0%bd%d1%8f/%d0%b1%d0%b0%d1%80%d1%96%d0%b0%d1%82%d1%80%d0%b8%d1%87%d0%bd%d0%b0-%d1%85%d1%96%d1%80%d1%83%d1%80%d0%b3%d1%96%d1%8f/%d0%b4%d1%83%d0%be%d0%b4%d0%b5%d0%bd%d0%b0%d0%bb%d1%8c%d0%bd%d0%b8%d0%b9-%d0%bf%d0%b5%d1%80%d0%b5%d1%85%d1%80%d0%b5%d1%81%d1%82/,200,Дуоденальне перехрещення — MedicsIntegralSalut,,sitemap_only,,,
/ca/unitats/sobrepes-i-obesitat/cirurgia-bariatrica/encreuament-duodenal/,mantener,/ca/unitats/sobrepes-i-obesitat/cirurgia-bariatrica/encreuament-duodenal/,200,Encreuament Duodenal - MedicsIntegralSalut,,sitemap_only,1,0,
/en/units-2/cosmetic-facial-surgery/rhinoplasty/,301,/en/units/cosmetic-facial-surgery-2/rhinoplasty/,301,Rinoplàstia - MedicsIntegralSalut,,sitemap_only,,,duplicada: 301 a su canónica (aprobado Oscar 27/09/2026)
/fr/unites-2/chirurgie-esthetique-du-visage/rhinoplastie/,301,/fr/unites/chirurgie-esthetique-faciale/rhinoplastie/,301,Rinoplàstia - MedicsIntegralSalut,,sitemap_only,,0,duplicada: 301 a su canónica (aprobado Oscar 27/09/2026)
/ru/%d1%8e%d0%bd%d0%b8%d1%82%d0%b0%d1%86/%d0%bf%d0%bb%d0%b0%d1%81%d1%82%d0%b8%d1%87%d0%b5%d1%81%d0%ba%d0%b0%d1%8f-%d0%be%d0%bf%d0%b5%d1%80%d0%b0%d1%86%d0%b8%d1%8f-%d0%bd%d0%b0-%d0%bb%d0%b8%d1%86%d0%b5/%d1%80%d0%b8%d0%bd%d0%be%d0%bf%d0%bb%d0%b0%d1%81%d1%82%d0%b8%d0%ba%d0%b0/,301,/ru/единицы/пластическая-хирургия-лица/ринопластика/,301,Rinoplàstia - MedicsIntegralSalut,,sitemap_only,,,duplicada: 301 a su canónica (aprobado Oscar 27/09/2026)
/uk/%d0%be%d0%b4%d0%b8%d0%bd%d0%b8%d1%86%d1%96-2/%d0%b5%d1%81%d1%82%d0%b5%d1%82%d0%b8%d1%87%d0%bd%d0%b0-%d1%85%d1%96%d1%80%d1%83%d1%80%d0%b3%d1%96%d1%8f-%d0%be%d0%b1%d0%bb%d0%b8%d1%87%d1%87%d1%8f/%d1%80%d0%b8%d0%bd%d0%be%d0%bf%d0%bb%d0%b0%d1%81%d1%82%d0%b8%d0%ba%d0%b0-2/,301,/uk/одиниці/естетична-хірургія-обличчя-2/ринопластика-2/,301,Rinoplàstia - MedicsIntegralSalut,,sitemap_only,,,duplicada: 301 a su canónica (aprobado Oscar 27/09/2026)
/ca/unitats/cirurgia-estetica-facial/rinoplastia/,mantener,/ca/unitats/cirurgia-estetica-facial/rinoplastia/,200,Rinoplàstia - MedicsIntegralSalut,,sitemap_only,1,0,antes /ca/unitats-2/cirurgia-estetica-facial-2/rinoplastia/ · renombrada 05/10/2026: URL catalana sin «-2» (decisión usuario)
/en/units-2/facial-aesthetic-medicine/ulleres/,301,/en/units/facial-aesthetic-medicine/dark-circles/,301,Ulleres - MedicsIntegralSalut,,sitemap_only,,0,duplicada: 301 a su canónica (aprobado Oscar 27/09/2026)
/fr/unites-2/medecine-esthetique-faciale/ulleres/,301,/fr/unites/medecine-esthetique-faciale/cernes/,301,Ulleres - MedicsIntegralSalut,,sitemap_only,,,duplicada: 301 a su canónica (aprobado Oscar 27/09/2026)
/ru/%d1%8e%d0%bd%d0%b8%d1%82%d0%b0%d1%86/%d1%8d%d1%81%d1%82%d0%b5%d1%82%d0%b8%d1%87%d0%b5%d1%81%d0%ba%d0%b0%d1%8f-%d0%bc%d0%b5%d0%b4%d0%b8%d1%86%d0%b8%d0%bd%d0%b0-%d0%bb%d0%b8%d1%86%d0%b0/ulleres/,301,/ru/единицы/эстетическая-медицина-лица/темные-круги-под-глазами/,301,Ulleres - MedicsIntegralSalut,,sitemap_only,,,duplicada: 301 a su canónica (aprobado Oscar 27/09/2026)
/uk/%d0%be%d0%b4%d0%b8%d0%bd%d0%b8%d1%86%d1%96-2/%d0%b5%d1%81%d1%82%d0%b5%d1%82%d0%b8%d1%87%d0%bd%d0%b0-%d0%bc%d0%b5%d0%b4%d0%b8%d1%86%d0%b8%d0%bd%d0%b0-%d0%b4%d0%bb%d1%8f-%d0%be%d0%b1%d0%bb%d0%b8%d1%87%d1%87%d1%8f/ulleres/,301,/uk/одиниці/естетична-медицина-для-обличчя/темні-кола-під-очима/,301,Ulleres - MedicsIntegralSalut,,sitemap_only,,,duplicada: 301 a su canónica (aprobado Oscar 27/09/2026)
/ca/unitats/medicina-estetica-facial/ulleres/,301,/ca/unitats/medicina-estetica-facial/ulleres-fosques/,301,Ulleres - MedicsIntegralSalut,,sitemap_only,1,0,duplicada: 301 a su canónica (aprobado Oscar 27/09/2026)
/en/units/overweight-and-obesity-2/cirugia-postbariatrica/,mantener,/en/units/overweight-and-obesity-2/cirugia-postbariatrica/,200,Cirugía Postbariatrica - MedicsIntegralSalut,,sitemap_only,,0,
/fr/unites/surpoids-et-obesite-2/cirugia-postbariatrica/,mantener,/fr/unites/surpoids-et-obesite-2/cirugia-postbariatrica/,200,Cirugía Postbariatrica - MedicsIntegralSalut,,sitemap_only,,0,
/ru/%d0%b5%d0%b4%d0%b8%d0%bd%d0%b8%d1%86%d1%8b/%d0%b8%d0%b7%d0%b1%d1%8b%d1%82%d0%be%d1%87%d0%bd%d1%8b%d0%b9-%d0%b2%d0%b5%d1%81-%d0%b8-%d0%be%d0%b6%d0%b8%d1%80%d0%b5%d0%bd%d0%b8%d0%b5-2/cirugia-postbariatrica/,mantener,/ru/%d0%b5%d0%b4%d0%b8%d0%bd%d0%b8%d1%86%d1%8b/%d0%b8%d0%b7%d0%b1%d1%8b%d1%82%d0%be%d1%87%d0%bd%d1%8b%d0%b9-%d0%b2%d0%b5%d1%81-%d0%b8-%d0%be%d0%b6%d0%b8%d1%80%d0%b5%d0%bd%d0%b8%d0%b5-2/cirugia-postbariatrica/,200,Cirugía Postbariatrica - MedicsIntegralSalut,,sitemap_only,,,
/uk/%d0%be%d0%b4%d0%b8%d0%bd%d0%b8%d1%86%d1%96/%d0%bd%d0%b0%d0%b4%d0%bc%d1%96%d1%80%d0%bd%d0%b0-%d0%b2%d0%b0%d0%b3%d0%b0-%d1%82%d0%b0-%d0%be%d0%b6%d0%b8%d1%80%d1%96%d0%bd%d0%bd%d1%8f-2/cirugia-postbariatrica/,mantener,/uk/%d0%be%d0%b4%d0%b8%d0%bd%d0%b8%d1%86%d1%96/%d0%bd%d0%b0%d0%b4%d0%bc%d1%96%d1%80%d0%bd%d0%b0-%d0%b2%d0%b0%d0%b3%d0%b0-%d1%82%d0%b0-%d0%be%d0%b6%d0%b8%d1%80%d1%96%d0%bd%d0%bd%d1%8f-2/cirugia-postbariatrica/,200,Cirugía Postbariatrica - MedicsIntegralSalut,,sitemap_only,,,
/ca/unitats-2/sobrepes-i-obesitat-2/cirurgia-postbariatrica/,301,/ca/unitats/sobrepes-i-obesitat/cirurgia-postbariatrica/,301,Cirurgia post-baríatrica - MedicsIntegralSalut,,sitemap_only,,0,renombrada 05/10/2026: URL catalana sin «-2» (decisión usuario)
/en/units-2/cosmetic-breast-surgery/augment-of-pit/,301,/en/units/cosmetic-breast-surgery-2/breast-augmentation/,301,Augmented pit - MedicsIntegralHello,,sitemap_only,,,duplicada: 301 a su canónica (aprobado Oscar 27/09/2026)
/fr/unites-2/chirurgie-esthetique-des-seins/augmenter-de-pit/,301,/fr/unites/chirurgie-esthetique-des-seins-2/augmentation-mammaire/,301,Augmentation des fosses - MedicsIntegral Salut,,sitemap_only,,,duplicada: 301 a su canónica (aprobado Oscar 27/09/2026)
/ru/%d1%8e%d0%bd%d0%b8%d1%82%d0%b0%d1%86/%d1%8d%d1%81%d1%82%d0%b5%d1%82%d0%b8%d1%87%d0%b5%d1%81%d0%ba%d0%b0%d1%8f-%d1%85%d0%b8%d1%80%d1%83%d1%80%d0%b3%d0%b8%d1%8f-%d0%b3%d1%80%d1%83%d0%b4%d0%b8/%d1%83%d0%b2%d0%b5%d0%bb%d0%b8%d1%87%d0%b8%d1%82%d1%8c-%d1%8f%d0%bc%d1%83/,301,/ru/единицы/пластическая-хирургия-груди/увеличение-груди/,301,Augment de pit - MedicsIntegralSalut,,sitemap_only,,,duplicada: 301 a su canónica (aprobado Oscar 27/09/2026)
/uk/%d0%be%d0%b4%d0%b8%d0%bd%d0%b8%d1%86%d1%96-2/%d0%b5%d1%81%d1%82%d0%b5%d1%82%d0%b8%d1%87%d0%bd%d0%b0-%d1%85%d1%96%d1%80%d1%83%d1%80%d0%b3%d1%96%d1%8f-%d0%b3%d1%80%d1%83%d0%b4%d0%b5%d0%b9/%d0%b7%d0%b1%d1%96%d0%bb%d1%8c%d1%88%d0%b5%d0%bd%d0%bd%d1%8f-%d0%bf%d1%96%d1%82%d1%83/,301,/uk/одиниці/естетична-хірургія-грудей-2/збільшення-грудей/,301,Збільшення піт - MedicsIntegralSalut,,sitemap_only,,,duplicada: 301 a su canónica (aprobado Oscar 27/09/2026)
/ca/unitats/cirurgia-estetica-pits/augment-de-pit/,301,/ca/unitats/cirurgia-estetica-de-mames/augmentacio-mamaria/,301,Augment de pit - MedicsIntegralSalut,,sitemap_only,,0,duplicada: 301 a su canónica (aprobado Oscar 27/09/2026)
/en/units/,mantener,/en/units/,200,Centro Médico Estético en Gerona | Medics Integral Salut,,sitemap_only,,0,
/fr/unites/,mantener,/fr/unites/,200,Centro Médico Estético en Gerona | Medics Integral Salut,,sitemap_only,,,
/ru/%d0%b5%d0%b4%d0%b8%d0%bd%d0%b8%d1%86%d1%8b/,mantener,/ru/%d0%b5%d0%b4%d0%b8%d0%bd%d0%b8%d1%86%d1%8b/,200,Centro Médico Estético en Gerona | Medics Integral Salut,,sitemap_only,,,
/uk/%d0%be%d0%b4%d0%b8%d0%bd%d0%b8%d1%86%d1%96/,mantener,/uk/%d0%be%d0%b4%d0%b8%d0%bd%d0%b8%d1%86%d1%96/,200,Центр естетичної медицини в Жироні | Medics Integral Salut,,sitemap_only,,,
/ca/unitats-2/,301,/ca/unitats/,301,Centre Mèdic Estètic a Girona | Medics Integral Salut,,sitemap_only,,1,renombrada 05/10/2026: URL catalana sin «-2» (decisión usuario)
/en/units/facial-aesthetic-medicine/,mantener,/en/units/facial-aesthetic-medicine/,200,Facial Aesthetic Medicine in Girona | Medics Integral Salut,,sitemap_only,,0,
/fr/unites/medecine-esthetique-faciale/,mantener,/fr/unites/medecine-esthetique-faciale/,200,Médecine Esthétique Faciale à Gérone | Medics Integral Salut,,sitemap_only,,0,
/ru/%d0%b5%d0%b4%d0%b8%d0%bd%d0%b8%d1%86%d1%8b/%d1%8d%d1%81%d1%82%d0%b5%d1%82%d0%b8%d1%87%d0%b5%d1%81%d0%ba%d0%b0%d1%8f-%d0%bc%d0%b5%d0%b4%d0%b8%d1%86%d0%b8%d0%bd%d0%b0-%d0%bb%d0%b8%d1%86%d0%b0/,mantener,/ru/%d0%b5%d0%b4%d0%b8%d0%bd%d0%b8%d1%86%d1%8b/%d1%8d%d1%81%d1%82%d0%b5%d1%82%d0%b8%d1%87%d0%b5%d1%81%d0%ba%d0%b0%d1%8f-%d0%bc%d0%b5%d0%b4%d0%b8%d1%86%d0%b8%d0%bd%d0%b0-%d0%bb%d0%b8%d1%86%d0%b0/,200,Medicina Estética Facial en Gerona | Medics Integral Salut,,sitemap_only,,,
/uk/%d0%be%d0%b4%d0%b8%d0%bd%d0%b8%d1%86%d1%96/%d0%b5%d1%81%d1%82%d0%b5%d1%82%d0%b8%d1%87%d0%bd%d0%b0-%d0%bc%d0%b5%d0%b4%d0%b8%d1%86%d0%b8%d0%bd%d0%b0-%d0%b4%d0%bb%d1%8f-%d0%be%d0%b1%d0%bb%d0%b8%d1%87%d1%87%d1%8f/,mantener,/uk/%d0%be%d0%b4%d0%b8%d0%bd%d0%b8%d1%86%d1%96/%d0%b5%d1%81%d1%82%d0%b5%d1%82%d0%b8%d1%87%d0%bd%d0%b0-%d0%bc%d0%b5%d0%b4%d0%b8%d1%86%d0%b8%d0%bd%d0%b0-%d0%b4%d0%bb%d1%8f-%d0%be%d0%b1%d0%bb%d0%b8%d1%87%d1%87%d1%8f/,200,Medicina Estética Facial en Gerona | Medics Integral Salut,,sitemap_only,,,
/ca/unitats-2/medicina-estetica-facial/,301,/ca/unitats/medicina-estetica-facial/,301,Medicina Estètica Facial a Girona | Medics Integral Salut,,sitemap_only,,1,renombrada 05/10/2026: URL catalana sin «-2» (decisión usuario)
/en/units/cosmetic-body-medicine/,mantener,/en/units/cosmetic-body-medicine/,200,Cosmetic Medicine for the Body in Girona | Medics Integral Salut,,sitemap_only,,0,
/fr/unites/medecine-esthetique-corporelle/,mantener,/fr/unites/medecine-esthetique-corporelle/,200,Médecine Esthétique Corporelle à Gérone | Medics Integral Salut,,sitemap_only,,0,
/ru/%d0%b5%d0%b4%d0%b8%d0%bd%d0%b8%d1%86%d1%8b/%d1%8d%d1%81%d1%82%d0%b5%d1%82%d0%b8%d1%87%d0%b5%d1%81%d0%ba%d0%b0%d1%8f-%d0%bc%d0%b5%d0%b4%d0%b8%d1%86%d0%b8%d0%bd%d0%b0-%d1%82%d0%b5%d0%bb%d0%b0/,mantener,/ru/%d0%b5%d0%b4%d0%b8%d0%bd%d0%b8%d1%86%d1%8b/%d1%8d%d1%81%d1%82%d0%b5%d1%82%d0%b8%d1%87%d0%b5%d1%81%d0%ba%d0%b0%d1%8f-%d0%bc%d0%b5%d0%b4%d0%b8%d1%86%d0%b8%d0%bd%d0%b0-%d1%82%d0%b5%d0%bb%d0%b0/,200,Эстетическая медицина тела в Жироне | Medics Integral Salut,,sitemap_only,,,
/uk/%d0%be%d0%b4%d0%b8%d0%bd%d0%b8%d1%86%d1%96/%d0%b5%d1%81%d1%82%d0%b5%d1%82%d0%b8%d1%87%d0%bd%d0%b0-%d0%bc%d0%b5%d0%b4%d0%b8%d1%86%d0%b8%d0%bd%d0%b0-%d0%b4%d0%bb%d1%8f-%d1%82%d1%96%d0%bb%d0%b0/,mantener,/uk/%d0%be%d0%b4%d0%b8%d0%bd%d0%b8%d1%86%d1%96/%d0%b5%d1%81%d1%82%d0%b5%d1%82%d0%b8%d1%87%d0%bd%d0%b0-%d0%bc%d0%b5%d0%b4%d0%b8%d1%86%d0%b8%d0%bd%d0%b0-%d0%b4%d0%bb%d1%8f-%d1%82%d1%96%d0%bb%d0%b0/,200,Medicina Estética Corporal en Gerona | Medics Integral Salut,,sitemap_only,,,
/ca/unitats-2/medicina-estetica-corporal/,301,/ca/unitats/medicina-estetica-corporal/,301,Medicina Estètica Corporal a Girona | Medics Integral Salut,,sitemap_only,,0,renombrada 05/10/2026: URL catalana sin «-2» (decisión usuario)
/en/units/cosmetic-surgery-3/,mantener,/en/units/cosmetic-surgery-3/,200,Body Cosmetic Surgery in Girona | Medics Integral Salut,,sitemap_only,,0,
/fr/unites/chirurgie-esthetique-corporelle-2/,mantener,/fr/unites/chirurgie-esthetique-corporelle-2/,200,Chirurgie Esthétique du Corps à Gérone | Medics Integral Salut,,sitemap_only,,0,
/ru/%d0%b5%d0%b4%d0%b8%d0%bd%d0%b8%d1%86%d1%8b/%d1%8d%d1%81%d1%82%d0%b5%d1%82%d0%b8%d1%87%d0%b5%d1%81%d0%ba%d0%b0%d1%8f-%d0%be%d0%bf%d0%b5%d1%80%d0%b0%d1%86%d0%b8%d1%8f-%d1%82%d0%b5%d0%bb%d0%b0/,mantener,/ru/%d0%b5%d0%b4%d0%b8%d0%bd%d0%b8%d1%86%d1%8b/%d1%8d%d1%81%d1%82%d0%b5%d1%82%d0%b8%d1%87%d0%b5%d1%81%d0%ba%d0%b0%d1%8f-%d0%be%d0%bf%d0%b5%d1%80%d0%b0%d1%86%d0%b8%d1%8f-%d1%82%d0%b5%d0%bb%d0%b0/,200,Эстетическая хирургия тела в Жироне | Medics Integral Salut,,sitemap_only,,,
/uk/%d0%be%d0%b4%d0%b8%d0%bd%d0%b8%d1%86%d1%96/%d0%b5%d1%81%d1%82%d0%b5%d1%82%d0%b8%d1%87%d0%bd%d0%b0-%d1%85%d1%96%d1%80%d1%83%d1%80%d0%b3%d1%96%d1%8f-%d1%82%d1%96%d0%bb%d0%b0-2/,mantener,/uk/%d0%be%d0%b4%d0%b8%d0%bd%d0%b8%d1%86%d1%96/%d0%b5%d1%81%d1%82%d0%b5%d1%82%d0%b8%d1%87%d0%bd%d0%b0-%d1%85%d1%96%d1%80%d1%83%d1%80%d0%b3%d1%96%d1%8f-%d1%82%d1%96%d0%bb%d0%b0-2/,200,Естетична хірургія тіла в Жероні | Medics Integral Salut,,sitemap_only,,,
/ca/unitats-2/cirurgia-estetica-corporal-2/,301,/ca/unitats/cirurgia-estetica-corporal/,301,Cirurgia Estètica Corporal a Girona | Medics Integral Salut,,sitemap_only,,0,renombrada 05/10/2026: URL catalana sin «-2» (decisión usuario)
/en/units/male-cosmetic-surgery/,mantener,/en/units/male-cosmetic-surgery/,200,Male Cosmetic Surgery in Girona | Medics Integral Salut,,sitemap_only,,0,
/fr/unites/chirurgie-esthetique-masculine/,mantener,/fr/unites/chirurgie-esthetique-masculine/,200,Cirugía Estética Masculina en Gerona | Medics Integral Salut,,sitemap_only,,0,
/ru/%d0%b5%d0%b4%d0%b8%d0%bd%d0%b8%d1%86%d1%8b/%d0%bc%d1%83%d0%b6%d1%81%d0%ba%d0%b0%d1%8f-%d0%ba%d0%be%d1%81%d0%bc%d0%b5%d1%82%d0%b8%d1%87%d0%b5%d1%81%d0%ba%d0%b0%d1%8f-%d1%85%d0%b8%d1%80%d1%83%d1%80%d0%b3%d0%b8%d1%8f/,mantener,/ru/%d0%b5%d0%b4%d0%b8%d0%bd%d0%b8%d1%86%d1%8b/%d0%bc%d1%83%d0%b6%d1%81%d0%ba%d0%b0%d1%8f-%d0%ba%d0%be%d1%81%d0%bc%d0%b5%d1%82%d0%b8%d1%87%d0%b5%d1%81%d0%ba%d0%b0%d1%8f-%d1%85%d0%b8%d1%80%d1%83%d1%80%d0%b3%d0%b8%d1%8f/,200,Cirugía Estética Masculina en Gerona | Medics Integral Salut,,sitemap_only,,,
/uk/%d0%be%d0%b4%d0%b8%d0%bd%d0%b8%d1%86%d1%96/%d1%87%d0%be%d0%bb%d0%be%d0%b2%d1%96%d1%87%d0%b0-%d0%b5%d1%81%d1%82%d0%b5%d1%82%d0%b8%d1%87%d0%bd%d0%b0-%d1%85%d1%96%d1%80%d1%83%d1%80%d0%b3%d1%96%d1%8f/,mantener,/uk/%d0%be%d0%b4%d0%b8%d0%bd%d0%b8%d1%86%d1%96/%d1%87%d0%be%d0%bb%d0%be%d0%b2%d1%96%d1%87%d0%b0-%d0%b5%d1%81%d1%82%d0%b5%d1%82%d0%b8%d1%87%d0%bd%d0%b0-%d1%85%d1%96%d1%80%d1%83%d1%80%d0%b3%d1%96%d1%8f/,200,Естетична хірургія для чоловіків у Жероні | Medics Integral Salut,,sitemap_only,,,
/ca/unitats-2/cirurgia-estetica-masculina-2/,301,/ca/unitats/cirurgia-estetica-masculina/,301,Cirugía Estética Masculina en Gerona | Medics Integral Salut,,sitemap_only,,0,renombrada 05/10/2026: URL catalana sin «-2» (decisión usuario)
/en/units-2/cosmetic-breast-surgery/reduccio-de-pit/,301,/en/units/cosmetic-breast-surgery-2/breast-reduction/,301,Reducció de pit - MedicsIntegralSalut,,sitemap_only,,0,duplicada: 301 a su canónica (aprobado Oscar 27/09/2026)
/fr/unites-2/chirurgie-esthetique-des-seins/reduction-mammaire-2/,301,/fr/unites/chirurgie-esthetique-des-seins-2/reduction-mammaire/,301,Réduction mammaire - MedicsIntegralSalut,,sitemap_only,,,duplicada: 301 a su canónica (aprobado Oscar 27/09/2026)
/ru/%d1%8e%d0%bd%d0%b8%d1%82%d0%b0%d1%86/%d1%8d%d1%81%d1%82%d0%b5%d1%82%d0%b8%d1%87%d0%b5%d1%81%d0%ba%d0%b0%d1%8f-%d1%85%d0%b8%d1%80%d1%83%d1%80%d0%b3%d0%b8%d1%8f-%d0%b3%d1%80%d1%83%d0%b4%d0%b8/reduccio-de-pit/,301,/ru/единицы/пластическая-хирургия-груди/редукция-груди/,301,Reducció de pit - MedicsIntegralSalut,,sitemap_only,,,duplicada: 301 a su canónica (aprobado Oscar 27/09/2026)
/uk/%d0%be%d0%b4%d0%b8%d0%bd%d0%b8%d1%86%d1%96-2/%d0%b5%d1%81%d1%82%d0%b5%d1%82%d0%b8%d1%87%d0%bd%d0%b0-%d1%85%d1%96%d1%80%d1%83%d1%80%d0%b3%d1%96%d1%8f-%d0%b3%d1%80%d1%83%d0%b4%d0%b5%d0%b9/%d1%80%d0%b5%d0%b4%d1%83%d0%ba%d1%86%d1%96%d1%8f-%d0%bf%d1%96%d1%82%d0%b0/,301,/uk/одиниці/естетична-хірургія-грудей-2/зменшення-грудей/,301,Зменшення тиску — MedicsIntegralSalut,,sitemap_only,,,duplicada: 301 a su canónica (aprobado Oscar 27/09/2026)
/ca/unitats/cirurgia-estetica-pits/reduccio-de-pit/,301,/ca/unitats/cirurgia-estetica-de-mames/reduccio-de-pits/,301,Reducció de pit - MedicsIntegralSalut,,sitemap_only,,0,duplicada: 301 a su canónica (aprobado Oscar 27/09/2026)
/en/units-2/cosmetic-breast-surgery/elevacio-de-pit-pexia/,301,/en/units/cosmetic-breast-surgery-2/breast-lift/,301,Elevació de pit: pèxia - MedicsIntegralSalut,,sitemap_only,,0,duplicada: 301 a su canónica (aprobado Oscar 27/09/2026)
/fr/unites-2/chirurgie-esthetique-des-seins/elevacio-de-pit-pexia/,301,/fr/unites/chirurgie-esthetique-des-seins-2/lifting-des-seins-pexie-mammaire/,301,Elevació de pit: pèxia - MedicsIntegralSalut,,sitemap_only,,0,duplicada: 301 a su canónica (aprobado Oscar 27/09/2026)
/ru/%d1%8e%d0%bd%d0%b8%d1%82%d0%b0%d1%86/%d1%8d%d1%81%d1%82%d0%b5%d1%82%d0%b8%d1%87%d0%b5%d1%81%d0%ba%d0%b0%d1%8f-%d1%85%d0%b8%d1%80%d1%83%d1%80%d0%b3%d0%b8%d1%8f-%d0%b3%d1%80%d1%83%d0%b4%d0%b8/elevacio-de-pit-pexia/,301,/ru/единицы/пластическая-хирургия-груди/маммопластика/,301,Elevació de pit: pèxia - MedicsIntegralSalut,,sitemap_only,,,duplicada: 301 a su canónica (aprobado Oscar 27/09/2026)
/uk/%d0%be%d0%b4%d0%b8%d0%bd%d0%b8%d1%86%d1%96-2/%d0%b5%d1%81%d1%82%d0%b5%d1%82%d0%b8%d1%87%d0%bd%d0%b0-%d1%85%d1%96%d1%80%d1%83%d1%80%d0%b3%d1%96%d1%8f-%d0%b3%d1%80%d1%83%d0%b4%d0%b5%d0%b9/elevacio-de-pit-pexia/,301,/uk/одиниці/естетична-хірургія-грудей-2/підтяжка-грудей-пексія/,301,Elevació de pit: pèxia - MedicsIntegralSalut,,sitemap_only,,,duplicada: 301 a su canónica (aprobado Oscar 27/09/2026)
/ca/unitats/cirurgia-estetica-pits/elevacio-de-pit-i-pexia/,301,/ca/unitats/cirurgia-estetica-de-mames/elevacio-de-pit-pexia/,301,Elevació de pit: pèxia - MedicsIntegralSalut,,sitemap_only,,0,duplicada: 301 a su canónica (aprobado Oscar 27/09/2026)
/en/units/overweight-and-obesity-2/balon-12-meses-reajustable/,mantener,/en/units/overweight-and-obesity-2/balon-12-meses-reajustable/,200,Balón Gastrico en Girona 12 meses reajustable | MedicsSalut,,sitemap_only,,0,
/fr/unites/surpoids-et-obesite-2/boule-12-mois-ajustable/,mantener,/fr/unites/surpoids-et-obesite-2/boule-12-mois-ajustable/,200,Ballon Gastrique à Gérone 12 mois ajustable | MedicsSalut,,sitemap_only,,0,
/ru/%d0%b5%d0%b4%d0%b8%d0%bd%d0%b8%d1%86%d1%8b/%d0%b8%d0%b7%d0%b1%d1%8b%d1%82%d0%be%d1%87%d0%bd%d1%8b%d0%b9-%d0%b2%d0%b5%d1%81-%d0%b8-%d0%be%d0%b6%d0%b8%d1%80%d0%b5%d0%bd%d0%b8%d0%b5-2/%d0%b1%d0%b0%d0%bb%d0%be%d0%bd-12-%d0%bc%d0%b5%d1%81%d1%8f%d1%86%d0%b5%d0%b2-%d1%80%d0%b5%d0%b3%d1%83%d0%bb%d0%b8%d1%80%d1%83%d0%b5%d0%bc%d1%8b%d0%b9/,mantener,/ru/%d0%b5%d0%b4%d0%b8%d0%bd%d0%b8%d1%86%d1%8b/%d0%b8%d0%b7%d0%b1%d1%8b%d1%82%d0%be%d1%87%d0%bd%d1%8b%d0%b9-%d0%b2%d0%b5%d1%81-%d0%b8-%d0%be%d0%b6%d0%b8%d1%80%d0%b5%d0%bd%d0%b8%d0%b5-2/%d0%b1%d0%b0%d0%bb%d0%be%d0%bd-12-%d0%bc%d0%b5%d1%81%d1%8f%d1%86%d0%b5%d0%b2-%d1%80%d0%b5%d0%b3%d1%83%d0%bb%d0%b8%d1%80%d1%83%d0%b5%d0%bc%d1%8b%d0%b9/,200,"Гастробаллон в Жироне, регулируемый на 12 месяцев | MedicsSalut",,sitemap_only,,,
/uk/%d0%be%d0%b4%d0%b8%d0%bd%d0%b8%d1%86%d1%96/%d0%bd%d0%b0%d0%b4%d0%bc%d1%96%d1%80%d0%bd%d0%b0-%d0%b2%d0%b0%d0%b3%d0%b0-%d1%82%d0%b0-%d0%be%d0%b6%d0%b8%d1%80%d1%96%d0%bd%d0%bd%d1%8f-2/balon-12-meses-reajustable/,mantener,/uk/%d0%be%d0%b4%d0%b8%d0%bd%d0%b8%d1%86%d1%96/%d0%bd%d0%b0%d0%b4%d0%bc%d1%96%d1%80%d0%bd%d0%b0-%d0%b2%d0%b0%d0%b3%d0%b0-%d1%82%d0%b0-%d0%be%d0%b6%d0%b8%d1%80%d1%96%d0%bd%d0%bd%d1%8f-2/balon-12-meses-reajustable/,200,Balón Gastrico en Girona 12 meses reajustable | MedicsSalut,,sitemap_only,,,
/ca/unitats-2/sobrepes-i-obesitat-2/balo-12-mesos-reajustable-2/,301,/ca/unitats/sobrepes-i-obesitat/balo-12-mesos-reajustable/,301,Gastrobàrica a Girona 12 mesos reajustable | MedicsSalut,,sitemap_only,,0,renombrada 05/10/2026: URL catalana sin «-2» (decisión usuario)
/en/units/cosmetic-facial-surgery-2/otoplasty/,mantener,/en/units/cosmetic-facial-surgery-2/otoplasty/,200,Otoplasty Girona | MedicsIntegralSalut,,sitemap_only,,0,
/fr/unites/chirurgie-esthetique-faciale/otoplastie/,mantener,/fr/unites/chirurgie-esthetique-faciale/otoplastie/,200,Otoplastie Gérone | MedicsIntegralSalut,,sitemap_only,,0,
/ru/%d0%b5%d0%b4%d0%b8%d0%bd%d0%b8%d1%86%d1%8b/%d0%bf%d0%bb%d0%b0%d1%81%d1%82%d0%b8%d1%87%d0%b5%d1%81%d0%ba%d0%b0%d1%8f-%d1%85%d0%b8%d1%80%d1%83%d1%80%d0%b3%d0%b8%d1%8f-%d0%bb%d0%b8%d1%86%d0%b0/%d0%be%d1%82%d0%be%d0%bf%d0%bb%d0%b0%d1%81%d1%82%d0%b8%d0%ba%d0%b0/,mantener,/ru/%d0%b5%d0%b4%d0%b8%d0%bd%d0%b8%d1%86%d1%8b/%d0%bf%d0%bb%d0%b0%d1%81%d1%82%d0%b8%d1%87%d0%b5%d1%81%d0%ba%d0%b0%d1%8f-%d1%85%d0%b8%d1%80%d1%83%d1%80%d0%b3%d0%b8%d1%8f-%d0%bb%d0%b8%d1%86%d0%b0/%d0%be%d1%82%d0%be%d0%bf%d0%bb%d0%b0%d1%81%d1%82%d0%b8%d0%ba%d0%b0/,200,Отопластика Жирона | MedicsIntegralSalut,,sitemap_only,,,
/uk/%d0%be%d0%b4%d0%b8%d0%bd%d0%b8%d1%86%d1%96/%d0%b5%d1%81%d1%82%d0%b5%d1%82%d0%b8%d1%87%d0%bd%d0%b0-%d1%85%d1%96%d1%80%d1%83%d1%80%d0%b3%d1%96%d1%8f-%d0%be%d0%b1%d0%bb%d0%b8%d1%87%d1%87%d1%8f-2/%d0%be%d1%82%d0%be%d0%bf%d0%bb%d0%b0%d1%81%d1%82%d0%b8%d0%ba%d0%b0/,mantener,/uk/%d0%be%d0%b4%d0%b8%d0%bd%d0%b8%d1%86%d1%96/%d0%b5%d1%81%d1%82%d0%b5%d1%82%d0%b8%d1%87%d0%bd%d0%b0-%d1%85%d1%96%d1%80%d1%83%d1%80%d0%b3%d1%96%d1%8f-%d0%be%d0%b1%d0%bb%d0%b8%d1%87%d1%87%d1%8f-2/%d0%be%d1%82%d0%be%d0%bf%d0%bb%d0%b0%d1%81%d1%82%d0%b8%d0%ba%d0%b0/,200,Отопластика в Жироні | MedicsIntegralSalut,,sitemap_only,,,
/ca/unitats-2/cirurgia-estetica-facial-2/otoplastia/,301,/ca/unitats/cirurgia-estetica-facial/otoplastia/,301,Otoplastia Girona | MedicsIntegralSalut,,sitemap_only,,0,renombrada 05/10/2026: URL catalana sin «-2» (decisión usuario)
/en/units/cosmetic-breast-surgery-2/breast-augmentation/,mantener,/en/units/cosmetic-breast-surgery-2/breast-augmentation/,200,【 Breast Augmentation Girona | MedicsIntegralSalut 】,,sitemap_only,,0,
/fr/unites/chirurgie-esthetique-des-seins-2/augmentation-mammaire/,mantener,/fr/unites/chirurgie-esthetique-des-seins-2/augmentation-mammaire/,200,Augmentation mammaire Gérone | MedicsIntegralSalut,,sitemap_only,,0,
/ru/%d0%b5%d0%b4%d0%b8%d0%bd%d0%b8%d1%86%d1%8b/%d0%bf%d0%bb%d0%b0%d1%81%d1%82%d0%b8%d1%87%d0%b5%d1%81%d0%ba%d0%b0%d1%8f-%d1%85%d0%b8%d1%80%d1%83%d1%80%d0%b3%d0%b8%d1%8f-%d0%b3%d1%80%d1%83%d0%b4%d0%b8/%d1%83%d0%b2%d0%b5%d0%bb%d0%b8%d1%87%d0%b5%d0%bd%d0%b8%d0%b5-%d0%b3%d1%80%d1%83%d0%b4%d0%b8/,mantener,/ru/%d0%b5%d0%b4%d0%b8%d0%bd%d0%b8%d1%86%d1%8b/%d0%bf%d0%bb%d0%b0%d1%81%d1%82%d0%b8%d1%87%d0%b5%d1%81%d0%ba%d0%b0%d1%8f-%d1%85%d0%b8%d1%80%d1%83%d1%80%d0%b3%d0%b8%d1%8f-%d0%b3%d1%80%d1%83%d0%b4%d0%b8/%d1%83%d0%b2%d0%b5%d0%bb%d0%b8%d1%87%d0%b5%d0%bd%d0%b8%d0%b5-%d0%b3%d1%80%d1%83%d0%b4%d0%b8/,200,Увеличение груди Жирона | MedicsIntegralSalut,,sitemap_only,,,
/uk/%d0%be%d0%b4%d0%b8%d0%bd%d0%b8%d1%86%d1%96/%d0%b5%d1%81%d1%82%d0%b5%d1%82%d0%b8%d1%87%d0%bd%d0%b0-%d1%85%d1%96%d1%80%d1%83%d1%80%d0%b3%d1%96%d1%8f-%d0%b3%d1%80%d1%83%d0%b4%d0%b5%d0%b9-2/%d0%b7%d0%b1%d1%96%d0%bb%d1%8c%d1%88%d0%b5%d0%bd%d0%bd%d1%8f-%d0%b3%d1%80%d1%83%d0%b4%d0%b5%d0%b9/,mantener,/uk/%d0%be%d0%b4%d0%b8%d0%bd%d0%b8%d1%86%d1%96/%d0%b5%d1%81%d1%82%d0%b5%d1%82%d0%b8%d1%87%d0%bd%d0%b0-%d1%85%d1%96%d1%80%d1%83%d1%80%d0%b3%d1%96%d1%8f-%d0%b3%d1%80%d1%83%d0%b4%d0%b5%d0%b9-2/%d0%b7%d0%b1%d1%96%d0%bb%d1%8c%d1%88%d0%b5%d0%bd%d0%bd%d1%8f-%d0%b3%d1%80%d1%83%d0%b4%d0%b5%d0%b9/,200,【 Aumento de Pecho Girona | MedicsIntegralSalut 】,,sitemap_only,,,
/ca/unitats-2/cirurgia-estetica-de-mames/augmentacio-mamaria/,301,/ca/unitats/cirurgia-estetica-de-mames/augmentacio-mamaria/,301,Augment de Pit Girona | MedicsIntegralSalut,,sitemap_only,,0,renombrada 05/10/2026: URL catalana sin «-2» (decisión usuario)
/en/units/cosmetic-facial-surgery-2/rhinoplasty/,mantener,/en/units/cosmetic-facial-surgery-2/rhinoplasty/,200,Rhinoplasty Girona | MedicsIntegralSalut ®,,sitemap_only,,0,
/fr/unites/chirurgie-esthetique-faciale/rhinoplastie/,mantener,/fr/unites/chirurgie-esthetique-faciale/rhinoplastie/,200,Rhinoplastie Girona | MedicsIntegralSalut ®,,sitemap_only,,0,
/ru/%d0%b5%d0%b4%d0%b8%d0%bd%d0%b8%d1%86%d1%8b/%d0%bf%d0%bb%d0%b0%d1%81%d1%82%d0%b8%d1%87%d0%b5%d1%81%d0%ba%d0%b0%d1%8f-%d1%85%d0%b8%d1%80%d1%83%d1%80%d0%b3%d0%b8%d1%8f-%d0%bb%d0%b8%d1%86%d0%b0/%d1%80%d0%b8%d0%bd%d0%be%d0%bf%d0%bb%d0%b0%d1%81%d1%82%d0%b8%d0%ba%d0%b0/,mantener,/ru/%d0%b5%d0%b4%d0%b8%d0%bd%d0%b8%d1%86%d1%8b/%d0%bf%d0%bb%d0%b0%d1%81%d1%82%d0%b8%d1%87%d0%b5%d1%81%d0%ba%d0%b0%d1%8f-%d1%85%d0%b8%d1%80%d1%83%d1%80%d0%b3%d0%b8%d1%8f-%d0%bb%d0%b8%d1%86%d0%b0/%d1%80%d0%b8%d0%bd%d0%be%d0%bf%d0%bb%d0%b0%d1%81%d1%82%d0%b8%d0%ba%d0%b0/,200,【 Ринопластика Жирона | MedicsIntegralSalut 】®,,sitemap_only,,,
/uk/%d0%be%d0%b4%d0%b8%d0%bd%d0%b8%d1%86%d1%96/%d0%b5%d1%81%d1%82%d0%b5%d1%82%d0%b8%d1%87%d0%bd%d0%b0-%d1%85%d1%96%d1%80%d1%83%d1%80%d0%b3%d1%96%d1%8f-%d0%be%d0%b1%d0%bb%d0%b8%d1%87%d1%87%d1%8f-2/%d1%80%d0%b8%d0%bd%d0%be%d0%bf%d0%bb%d0%b0%d1%81%d1%82%d0%b8%d0%ba%d0%b0-2/,mantener,/uk/%d0%be%d0%b4%d0%b8%d0%bd%d0%b8%d1%86%d1%96/%d0%b5%d1%81%d1%82%d0%b5%d1%82%d0%b8%d1%87%d0%bd%d0%b0-%d1%85%d1%96%d1%80%d1%83%d1%80%d0%b3%d1%96%d1%8f-%d0%be%d0%b1%d0%bb%d0%b8%d1%87%d1%87%d1%8f-2/%d1%80%d0%b8%d0%bd%d0%be%d0%bf%d0%bb%d0%b0%d1%81%d1%82%d0%b8%d0%ba%d0%b0-2/,200,【 Ринопластика в Жироні | MedicsIntegralSalut 】®,,sitemap_only,,,
/ca/unitats-2/cirurgia-estetica-facial-2/rinoplastia/,301,/ca/unitats/cirurgia-estetica-facial/rinoplastia/,301,【 Rinoplastia Girona | MedicsIntegralSalut 】®,,sitemap_only,,0,renombrada 05/10/2026: URL catalana sin «-2» (decisión usuario)
/en/contact/,mantener,/en/contact/,200,Contact - MedicsIntegralSalut,,sitemap_only,,1,
/fr/contact/,mantener,/fr/contact/,200,Contact - MedicsIntegralBonjour,,sitemap_only,,0,
/ru/%d0%ba%d0%be%d0%bd%d1%82%d0%b0%d0%ba%d1%82%d0%be/,mantener,/ru/%d0%ba%d0%be%d0%bd%d1%82%d0%b0%d0%ba%d1%82%d0%be/,200,Контакты - MedicsIntegralSalut,,sitemap_only,,,
/uk/%d0%ba%d0%be%d0%bd%d1%82%d0%b0%d0%ba%d1%82/,mantener,/uk/%d0%ba%d0%be%d0%bd%d1%82%d0%b0%d0%ba%d1%82/,200,Контакти - MedicsIntegralSalut,,sitemap_only,,,
/ca/contacte-2/,301,/ca/contacte/,301,Contacte - MedicsIntegralSalut,,sitemap_only,,1,renombrada 05/10/2026: URL catalana sin «-2» (decisión usuario)
/en/home/,301,/en/,301,【 Clínica Estética Girona | Cirugía | Medics Integral Salut 】®,,sitemap_only,,1,duplicada: 301 a su canónica (aprobado Oscar 27/09/2026)
/fr/maison/,301,/fr/,301,【 Clinique esthétique de Gérone | Chirurgie | Medics Integral Salut 】®,,sitemap_only,,0,duplicada: 301 a su canónica (aprobado Oscar 27/09/2026)
/ru/home/,301,/ru/,301,【 Clínica Estética Girona | Cirugía | Medics Integral Salut 】®,,sitemap_only,,0,duplicada: 301 a su canónica (aprobado Oscar 27/09/2026)
/uk/home/,301,/uk/,301,【 Clínica Estética Girona | Cirugía | Medics Integral Salut 】®,,sitemap_only,,0,duplicada: 301 a su canónica (aprobado Oscar 27/09/2026)
/ca/home/,301,/ca/,301,【 Clínica Estética Girona | Cirugía | Medics Integral Salut 】®,,sitemap_only,,1,duplicada: 301 a su canónica (aprobado Oscar 27/09/2026)
/en/units/overweight-and-obesity-2/,mantener,/en/units/overweight-and-obesity-2/,200,Overweight and Obesity in Girona | Medics Integral Salut,,sitemap_only,,0,
/fr/unites/surpoids-et-obesite-2/,mantener,/fr/unites/surpoids-et-obesite-2/,200,Surpoids et obésité à Gérone | Medics Integral Salut,,sitemap_only,,0,
/ru/%d0%b5%d0%b4%d0%b8%d0%bd%d0%b8%d1%86%d1%8b/%d0%b8%d0%b7%d0%b1%d1%8b%d1%82%d0%be%d1%87%d0%bd%d1%8b%d0%b9-%d0%b2%d0%b5%d1%81-%d0%b8-%d0%be%d0%b6%d0%b8%d1%80%d0%b5%d0%bd%d0%b8%d0%b5-2/,mantener,/ru/%d0%b5%d0%b4%d0%b8%d0%bd%d0%b8%d1%86%d1%8b/%d0%b8%d0%b7%d0%b1%d1%8b%d1%82%d0%be%d1%87%d0%bd%d1%8b%d0%b9-%d0%b2%d0%b5%d1%81-%d0%b8-%d0%be%d0%b6%d0%b8%d1%80%d0%b5%d0%bd%d0%b8%d0%b5-2/,200,Избыточный вес и ожирение в Жироне | Medics Integral Salut,,sitemap_only,,,
/uk/%d0%be%d0%b4%d0%b8%d0%bd%d0%b8%d1%86%d1%96/%d0%bd%d0%b0%d0%b4%d0%bc%d1%96%d1%80%d0%bd%d0%b0-%d0%b2%d0%b0%d0%b3%d0%b0-%d1%82%d0%b0-%d0%be%d0%b6%d0%b8%d1%80%d1%96%d0%bd%d0%bd%d1%8f-2/,mantener,/uk/%d0%be%d0%b4%d0%b8%d0%bd%d0%b8%d1%86%d1%96/%d0%bd%d0%b0%d0%b4%d0%bc%d1%96%d1%80%d0%bd%d0%b0-%d0%b2%d0%b0%d0%b3%d0%b0-%d1%82%d0%b0-%d0%be%d0%b6%d0%b8%d1%80%d1%96%d0%bd%d0%bd%d1%8f-2/,200,Sobrepeso y Obesidad en Gerona | Medics Integral Salut,,sitemap_only,,,
/ca/unitats-2/sobrepes-i-obesitat-2/,301,/ca/unitats/sobrepes-i-obesitat/,301,Sobrepès i Obesitat a Girona | Medics Integral Salut,,sitemap_only,,4,renombrada 05/10/2026: URL catalana sin «-2» (decisión usuario)
/en/units/cosmetic-facial-surgery-2/eyelid-surgery/,mantener,/en/units/cosmetic-facial-surgery-2/eyelid-surgery/,200,Eyelid surgery Girona - MedicsIntegralSalut,,sitemap_only,,2,
/fr/unites/chirurgie-esthetique-faciale/blepharoplastie/,mantener,/fr/unites/chirurgie-esthetique-faciale/blepharoplastie/,200,Blépharoplastie Girona - MedicsIntegralSalut,,sitemap_only,,0,
/ru/%d0%b5%d0%b4%d0%b8%d0%bd%d0%b8%d1%86%d1%8b/%d0%bf%d0%bb%d0%b0%d1%81%d1%82%d0%b8%d1%87%d0%b5%d1%81%d0%ba%d0%b0%d1%8f-%d1%85%d0%b8%d1%80%d1%83%d1%80%d0%b3%d0%b8%d1%8f-%d0%bb%d0%b8%d1%86%d0%b0/%d0%b1%d0%bb%d0%b5%d1%84%d0%b0%d1%80%d0%be%d0%bf%d0%bb%d0%b0%d1%81%d1%82%d0%b8%d0%ba%d0%b0/,mantener,/ru/%d0%b5%d0%b4%d0%b8%d0%bd%d0%b8%d1%86%d1%8b/%d0%bf%d0%bb%d0%b0%d1%81%d1%82%d0%b8%d1%87%d0%b5%d1%81%d0%ba%d0%b0%d1%8f-%d1%85%d0%b8%d1%80%d1%83%d1%80%d0%b3%d0%b8%d1%8f-%d0%bb%d0%b8%d1%86%d0%b0/%d0%b1%d0%bb%d0%b5%d1%84%d0%b0%d1%80%d0%be%d0%bf%d0%bb%d0%b0%d1%81%d1%82%d0%b8%d0%ba%d0%b0/,200,Blefaroplastia Girona - MedicsIntegralSalut,,sitemap_only,,,
/uk/%d0%be%d0%b4%d0%b8%d0%bd%d0%b8%d1%86%d1%96/%d0%b5%d1%81%d1%82%d0%b5%d1%82%d0%b8%d1%87%d0%bd%d0%b0-%d1%85%d1%96%d1%80%d1%83%d1%80%d0%b3%d1%96%d1%8f-%d0%be%d0%b1%d0%bb%d0%b8%d1%87%d1%87%d1%8f-2/%d0%b1%d0%bb%d0%b5%d1%84%d0%b0%d1%80%d0%be%d0%bf%d0%bb%d0%b0%d1%81%d1%82%d0%b8%d0%ba%d0%b0/,mantener,/uk/%d0%be%d0%b4%d0%b8%d0%bd%d0%b8%d1%86%d1%96/%d0%b5%d1%81%d1%82%d0%b5%d1%82%d0%b8%d1%87%d0%bd%d0%b0-%d1%85%d1%96%d1%80%d1%83%d1%80%d0%b3%d1%96%d1%8f-%d0%be%d0%b1%d0%bb%d0%b8%d1%87%d1%87%d1%8f-2/%d0%b1%d0%bb%d0%b5%d1%84%d0%b0%d1%80%d0%be%d0%bf%d0%bb%d0%b0%d1%81%d1%82%d0%b8%d0%ba%d0%b0/,200,Блефаропластика в Жироні — MedicsIntegralSalut,,sitemap_only,,,
/ca/unitats-2/cirurgia-estetica-facial-2/blefaroplastia/,301,/ca/unitats/cirurgia-estetica-facial/blefaroplastia/,301,Blefaroplàstia Girona - MedicsIntegralSalut,,sitemap_only,,0,renombrada 05/10/2026: URL catalana sin «-2» (decisión usuario)
/en/plastic-surgery-girona-medical-team/,mantener,/en/plastic-surgery-girona-medical-team/,200,Cosmetic surgery Girona - Medical Team - MedicsIntegralSalut,,sitemap_only,,1,
/fr/chirurgie-plastique-gerone-equipe-medicale/,mantener,/fr/chirurgie-plastique-gerone-equipe-medicale/,200,Chirurgie plastique Gérone - Équipe médicale - MedicsIntegralSalut,,sitemap_only,,2,
/ru/%d0%bf%d0%bb%d0%b0%d1%81%d1%82%d0%b8%d1%87%d0%b5%d1%81%d0%ba%d0%b0%d1%8f-%d1%85%d0%b8%d1%80%d1%83%d1%80%d0%b3%d0%b8%d1%8f-%d0%b6%d0%b8%d1%80%d0%be%d0%bd%d0%b0-%d0%bc%d0%b5%d0%b4%d0%b8%d1%86%d0%b8/,mantener,/ru/%d0%bf%d0%bb%d0%b0%d1%81%d1%82%d0%b8%d1%87%d0%b5%d1%81%d0%ba%d0%b0%d1%8f-%d1%85%d0%b8%d1%80%d1%83%d1%80%d0%b3%d0%b8%d1%8f-%d0%b6%d0%b8%d1%80%d0%be%d0%bd%d0%b0-%d0%bc%d0%b5%d0%b4%d0%b8%d1%86%d0%b8/,200,Пластическая хирургия Жирона - Medico Team - MedicsIntegralSalut,,sitemap_only,,,
/uk/%d0%bf%d0%bb%d0%b0%d1%81%d1%82%d0%b8%d1%87%d0%bd%d0%b0-%d1%85%d1%96%d1%80%d1%83%d1%80%d0%b3%d1%96%d1%8f-%d0%b2-%d0%b6%d0%b8%d1%80%d0%be%d0%bd%d1%96-%d0%bc%d0%b5%d0%b4%d0%b8%d1%87%d0%bd%d0%b8%d0%b9/,mantener,/uk/%d0%bf%d0%bb%d0%b0%d1%81%d1%82%d0%b8%d1%87%d0%bd%d0%b0-%d1%85%d1%96%d1%80%d1%83%d1%80%d0%b3%d1%96%d1%8f-%d0%b2-%d0%b6%d0%b8%d1%80%d0%be%d0%bd%d1%96-%d0%bc%d0%b5%d0%b4%d0%b8%d1%87%d0%bd%d0%b8%d0%b9/,200,Пластична хірургія в Жироні — Медичний колектив — MedicsIntegralSalut,,sitemap_only,,,
/ca/cirurgia-plastica-girona-equip-medic/,mantener,/ca/cirurgia-plastica-girona-equip-medic/,200,Cirurgia plàstica Girona - Equip Mèdic - MedicsIntegralSalut,,sitemap_only,,0,
/en/units/cosmetic-facial-surgery-2/,mantener,/en/units/cosmetic-facial-surgery-2/,200,Facial Cosmetic Surgery in Girona | Medics Integral Salut,,sitemap_only,,0,
/fr/unites/chirurgie-esthetique-faciale/,mantener,/fr/unites/chirurgie-esthetique-faciale/,200,Chirurgie Esthétique du Visage à Gérone | Medics Integral Salut,,sitemap_only,,0,
/ru/%d0%b5%d0%b4%d0%b8%d0%bd%d0%b8%d1%86%d1%8b/%d0%bf%d0%bb%d0%b0%d1%81%d1%82%d0%b8%d1%87%d0%b5%d1%81%d0%ba%d0%b0%d1%8f-%d1%85%d0%b8%d1%80%d1%83%d1%80%d0%b3%d0%b8%d1%8f-%d0%bb%d0%b8%d1%86%d0%b0/,mantener,/ru/%d0%b5%d0%b4%d0%b8%d0%bd%d0%b8%d1%86%d1%8b/%d0%bf%d0%bb%d0%b0%d1%81%d1%82%d0%b8%d1%87%d0%b5%d1%81%d0%ba%d0%b0%d1%8f-%d1%85%d0%b8%d1%80%d1%83%d1%80%d0%b3%d0%b8%d1%8f-%d0%bb%d0%b8%d1%86%d0%b0/,200,Пластическая хирургия лица в Жироне | Medics Integral Salut,,sitemap_only,,,
/uk/%d0%be%d0%b4%d0%b8%d0%bd%d0%b8%d1%86%d1%96/%d0%b5%d1%81%d1%82%d0%b5%d1%82%d0%b8%d1%87%d0%bd%d0%b0-%d1%85%d1%96%d1%80%d1%83%d1%80%d0%b3%d1%96%d1%8f-%d0%be%d0%b1%d0%bb%d0%b8%d1%87%d1%87%d1%8f-2/,mantener,/uk/%d0%be%d0%b4%d0%b8%d0%bd%d0%b8%d1%86%d1%96/%d0%b5%d1%81%d1%82%d0%b5%d1%82%d0%b8%d1%87%d0%bd%d0%b0-%d1%85%d1%96%d1%80%d1%83%d1%80%d0%b3%d1%96%d1%8f-%d0%be%d0%b1%d0%bb%d0%b8%d1%87%d1%87%d1%8f-2/,200,Естетична хірургія обличчя в Жироні | Medics Integral Salut,,sitemap_only,,,
/ca/unitats-2/cirurgia-estetica-facial-2/,301,/ca/unitats/cirurgia-estetica-facial/,301,Cirurgia Estètica Facial a Girona | Medics Integral Salut,,sitemap_only,,0,renombrada 05/10/2026: URL catalana sin «-2» (decisión usuario)
/en/blog-2/,mantener,/en/blog-2/,200,Blog - MedicsIntegralSalut,,sitemap_only,,2,
/fr/blog-2/,mantener,/fr/blog-2/,200,Blog - MedicsIntegralSalut,,sitemap_only,,0,
/ru/%d0%b1%d0%bb%d0%be%d0%b3-2/,mantener,/ru/%d0%b1%d0%bb%d0%be%d0%b3-2/,200,Блог - MedicsIntegralSalut,,sitemap_only,,,
/uk/%d0%b1%d0%bb%d0%be%d0%b3-2/,mantener,/uk/%d0%b1%d0%bb%d0%be%d0%b3-2/,200,Блог — MedicsIntegralSalut,,sitemap_only,,,
/ca/blog-2/,301,/ca/blog/,301,Blog - MedicsIntegralSalut,,sitemap_only,,0,renombrada 05/10/2026: URL catalana sin «-2» (decisión usuario)
/en/blog/,mantener,/en/blog/,200,Blog - MedicsIntegralSalut,,sitemap_only,,,
/fr/blog/,mantener,/fr/blog/,200,Blog - MedicsIntegralSalut,,sitemap_only,,0,
/ru/%d0%b1%d0%bb%d0%be%d0%b3/,mantener,/ru/%d0%b1%d0%bb%d0%be%d0%b3/,200,Блог - MedicsIntegralSalut,,sitemap_only,,,
/uk/%d0%b1%d0%bb%d0%be%d0%b3/,mantener,/uk/%d0%b1%d0%bb%d0%be%d0%b3/,200,Блог — MedicsIntegralSalut,,sitemap_only,,,
/ca/bloc/,mantener,/ca/bloc/,200,Blog - MedicsIntegralSalut,,sitemap_only,,0,
/en/units-2/facial-aesthetic-medicine/shedding/,mantener,/en/units-2/facial-aesthetic-medicine/shedding/,200,Peeling - MedicsIntegralSalut,,sitemap_only,,,
/fr/unites-2/medecine-esthetique-faciale/epluchage/,mantener,/fr/unites-2/medecine-esthetique-faciale/epluchage/,200,Peeling - MedicsIntegral Salut,,sitemap_only,,0,
/ru/%d1%8e%d0%bd%d0%b8%d1%82%d0%b0%d1%86/%d1%8d%d1%81%d1%82%d0%b5%d1%82%d0%b8%d1%87%d0%b5%d1%81%d0%ba%d0%b0%d1%8f-%d0%bc%d0%b5%d0%b4%d0%b8%d1%86%d0%b8%d0%bd%d0%b0-%d0%bb%d0%b8%d1%86%d0%b0/%d0%bf%d0%b8%d0%bb%d0%b8%d0%bd%d0%b3/,mantener,/ru/%d1%8e%d0%bd%d0%b8%d1%82%d0%b0%d1%86/%d1%8d%d1%81%d1%82%d0%b5%d1%82%d0%b8%d1%87%d0%b5%d1%81%d0%ba%d0%b0%d1%8f-%d0%bc%d0%b5%d0%b4%d0%b8%d1%86%d0%b8%d0%bd%d0%b0-%d0%bb%d0%b8%d1%86%d0%b0/%d0%bf%d0%b8%d0%bb%d0%b8%d0%bd%d0%b3/,200,Пилинг - MedicsIntegralSalut,,sitemap_only,,,
/uk/%d0%be%d0%b4%d0%b8%d0%bd%d0%b8%d1%86%d1%96-2/%d0%b5%d1%81%d1%82%d0%b5%d1%82%d0%b8%d1%87%d0%bd%d0%b0-%d0%bc%d0%b5%d0%b4%d0%b8%d1%86%d0%b8%d0%bd%d0%b0-%d0%b4%d0%bb%d1%8f-%d0%be%d0%b1%d0%bb%d0%b8%d1%87%d1%87%d1%8f/%d0%bf%d1%96%d0%bb%d1%96%d0%bd%d0%b3/,mantener,/uk/%d0%be%d0%b4%d0%b8%d0%bd%d0%b8%d1%86%d1%96-2/%d0%b5%d1%81%d1%82%d0%b5%d1%82%d0%b8%d1%87%d0%bd%d0%b0-%d0%bc%d0%b5%d0%b4%d0%b8%d1%86%d0%b8%d0%bd%d0%b0-%d0%b4%d0%bb%d1%8f-%d0%be%d0%b1%d0%bb%d0%b8%d1%87%d1%87%d1%8f/%d0%bf%d1%96%d0%bb%d1%96%d0%bd%d0%b3/,200,Пілінг — MedicsIntegralSalut,,sitemap_only,,,
/ca/unitats/medicina-estetica-facial/pela/,mantener,/ca/unitats/medicina-estetica-facial/pela/,200,Peeling - MedicsIntegralSalut,,sitemap_only,,0,antes /ca/unitats-2/medicina-estetica-facial/pela/ · renombrada 05/10/2026: URL catalana sin «-2» (decisión usuario)
/en/units-2/cosmetic-facial-surgery/facial-lift/,mantener,/en/units-2/cosmetic-facial-surgery/facial-lift/,200,Facelift - MedicsIntegralSalut,,sitemap_only,,0,
/fr/unites-2/chirurgie-esthetique-du-visage/lifting-du-visage/,mantener,/fr/unites-2/chirurgie-esthetique-du-visage/lifting-du-visage/,200,Lifting facial - MedicsIntegralSalut,,sitemap_only,,,
/ru/%d1%8e%d0%bd%d0%b8%d1%82%d0%b0%d1%86/%d0%bf%d0%bb%d0%b0%d1%81%d1%82%d0%b8%d1%87%d0%b5%d1%81%d0%ba%d0%b0%d1%8f-%d0%be%d0%bf%d0%b5%d1%80%d0%b0%d1%86%d0%b8%d1%8f-%d0%bd%d0%b0-%d0%bb%d0%b8%d1%86%d0%b5/%d0%bf%d0%be%d0%b4%d1%82%d1%8f%d0%b6%d0%ba%d0%b0-%d0%bb%d0%b8%d1%86%d0%b0/,mantener,/ru/%d1%8e%d0%bd%d0%b8%d1%82%d0%b0%d1%86/%d0%bf%d0%bb%d0%b0%d1%81%d1%82%d0%b8%d1%87%d0%b5%d1%81%d0%ba%d0%b0%d1%8f-%d0%be%d0%bf%d0%b5%d1%80%d0%b0%d1%86%d0%b8%d1%8f-%d0%bd%d0%b0-%d0%bb%d0%b8%d1%86%d0%b5/%d0%bf%d0%be%d0%b4%d1%82%d1%8f%d0%b6%d0%ba%d0%b0-%d0%bb%d0%b8%d1%86%d0%b0/,200,Подтяжка лица - MedicsIntegralSalut,,sitemap_only,,,
/uk/%d0%be%d0%b4%d0%b8%d0%bd%d0%b8%d1%86%d1%96-2/%d0%b5%d1%81%d1%82%d0%b5%d1%82%d0%b8%d1%87%d0%bd%d0%b0-%d1%85%d1%96%d1%80%d1%83%d1%80%d0%b3%d1%96%d1%8f-%d0%be%d0%b1%d0%bb%d0%b8%d1%87%d1%87%d1%8f/%d0%bf%d1%96%d0%b4%d1%82%d1%8f%d0%b6%d0%ba%d0%b0-%d0%be%d0%b1%d0%bb%d0%b8%d1%87%d1%87%d1%8f/,mantener,/uk/%d0%be%d0%b4%d0%b8%d0%bd%d0%b8%d1%86%d1%96-2/%d0%b5%d1%81%d1%82%d0%b5%d1%82%d0%b8%d1%87%d0%bd%d0%b0-%d1%85%d1%96%d1%80%d1%83%d1%80%d0%b3%d1%96%d1%8f-%d0%be%d0%b1%d0%bb%d0%b8%d1%87%d1%87%d1%8f/%d0%bf%d1%96%d0%b4%d1%82%d1%8f%d0%b6%d0%ba%d0%b0-%d0%be%d0%b1%d0%bb%d0%b8%d1%87%d1%87%d1%8f/,200,Ліфтинг обличчя — MedicsIntegralSalut,,sitemap_only,,,
/ca/unitats/cirurgia-estetica-facial/lifting-facial/,mantener,/ca/unitats/cirurgia-estetica-facial/lifting-facial/,200,Lifting facial - MedicsIntegralSalut,,sitemap_only,1,0,antes /ca/unitats-2/cirurgia-estetica-facial-2/lifting-facial/ · renombrada 05/10/2026: URL catalana sin «-2» (decisión usuario)
/en/units/facial-aesthetic-medicine/lip-filler/,mantener,/en/units/facial-aesthetic-medicine/lip-filler/,200,Lip Augmentation in Girona | Non-Surgical Lip Design ❤️,,sitemap_only,,6,
/fr/unites/medecine-esthetique-faciale/augmentation-des-levres/,mantener,/fr/unites/medecine-esthetique-faciale/augmentation-des-levres/,200,Augmentation des lèvres à Gérone | Conception de lèvres sans chirurgie ❤️,,sitemap_only,,1,
/ru/%d0%b5%d0%b4%d0%b8%d0%bd%d0%b8%d1%86%d1%8b/%d1%8d%d1%81%d1%82%d0%b5%d1%82%d0%b8%d1%87%d0%b5%d1%81%d0%ba%d0%b0%d1%8f-%d0%bc%d0%b5%d0%b4%d0%b8%d1%86%d0%b8%d0%bd%d0%b0-%d0%bb%d0%b8%d1%86%d0%b0/%d1%83%d0%b2%d0%b5%d0%bb%d0%b8%d1%87%d0%b5%d0%bd%d0%b8%d0%b5-%d0%b3%d1%83%d0%b1/,mantener,/ru/%d0%b5%d0%b4%d0%b8%d0%bd%d0%b8%d1%86%d1%8b/%d1%8d%d1%81%d1%82%d0%b5%d1%82%d0%b8%d1%87%d0%b5%d1%81%d0%ba%d0%b0%d1%8f-%d0%bc%d0%b5%d0%b4%d0%b8%d1%86%d0%b8%d0%bd%d0%b0-%d0%bb%d0%b8%d1%86%d0%b0/%d1%83%d0%b2%d0%b5%d0%bb%d0%b8%d1%87%d0%b5%d0%bd%d0%b8%d0%b5-%d0%b3%d1%83%d0%b1/,200,Увеличение губ в Жироне | Безоперационный дизайн губ ❤️,,sitemap_only,,,
/uk/%d0%be%d0%b4%d0%b8%d0%bd%d0%b8%d1%86%d1%96/%d0%b5%d1%81%d1%82%d0%b5%d1%82%d0%b8%d1%87%d0%bd%d0%b0-%d0%bc%d0%b5%d0%b4%d0%b8%d1%86%d0%b8%d0%bd%d0%b0-%d0%b4%d0%bb%d1%8f-%d0%be%d0%b1%d0%bb%d0%b8%d1%87%d1%87%d1%8f/%d0%b7%d0%b1%d1%96%d0%bb%d1%8c%d1%88%d0%b5%d0%bd%d0%bd%d1%8f-%d0%b3%d1%83%d0%b1/,mantener,/uk/%d0%be%d0%b4%d0%b8%d0%bd%d0%b8%d1%86%d1%96/%d0%b5%d1%81%d1%82%d0%b5%d1%82%d0%b8%d1%87%d0%bd%d0%b0-%d0%bc%d0%b5%d0%b4%d0%b8%d1%86%d0%b8%d0%bd%d0%b0-%d0%b4%d0%bb%d1%8f-%d0%be%d0%b1%d0%bb%d0%b8%d1%87%d1%87%d1%8f/%d0%b7%d0%b1%d1%96%d0%bb%d1%8c%d1%88%d0%b5%d0%bd%d0%bd%d1%8f-%d0%b3%d1%83%d0%b1/,200,Збільшення губ у Жироні | Корекція форми губ без хірургічного втручання ❤️,,sitemap_only,,,
/ca/unitats-2/medicina-estetica-facial/augmentacio-de-llavis/,301,/ca/unitats/medicina-estetica-facial/augmentacio-de-llavis/,301,Augment de Llavis a Girona | Disseny de llavis Sense Cirurgia ❤️,,sitemap_only,,0,renombrada 05/10/2026: URL catalana sin «-2» (decisión usuario)
/en/units/beauty-salon/detoxifying/,mantener,/en/units/beauty-salon/detoxifying/,200,Detoxifier - MedicsIntegralSalut,,sitemap_only,,0,
/fr/unites/institut-de-beaute/detoxifiante/,mantener,/fr/unites/institut-de-beaute/detoxifiante/,200,Désintoxicante - MedicsIntegralSalut,,sitemap_only,,0,
/ru/%d0%b5%d0%b4%d0%b8%d0%bd%d0%b8%d1%86%d1%8b/%d0%ba%d0%b0%d0%b1%d0%b8%d0%bd%d0%b5%d1%82-%d1%8d%d1%81%d1%82%d0%b5%d1%82%d0%b8%d0%ba%d0%b8/%d0%b4%d0%b5%d1%82%d0%be%d0%ba%d1%81%d0%b8%d0%ba%d0%b0%d0%bd%d1%82/,mantener,/ru/%d0%b5%d0%b4%d0%b8%d0%bd%d0%b8%d1%86%d1%8b/%d0%ba%d0%b0%d0%b1%d0%b8%d0%bd%d0%b5%d1%82-%d1%8d%d1%81%d1%82%d0%b5%d1%82%d0%b8%d0%ba%d0%b8/%d0%b4%d0%b5%d1%82%d0%be%d0%ba%d1%81%d0%b8%d0%ba%d0%b0%d0%bd%d1%82/,200,Детоксикант - MedicsIntegralSalut,,sitemap_only,,,
/uk/%d0%be%d0%b4%d0%b8%d0%bd%d0%b8%d1%86%d1%96/%d1%81%d0%b0%d0%bb%d0%be%d0%bd-%d0%ba%d1%80%d0%b0%d1%81%d0%b8/desintoxicante/,mantener,/uk/%d0%be%d0%b4%d0%b8%d0%bd%d0%b8%d1%86%d1%96/%d1%81%d0%b0%d0%bb%d0%be%d0%bd-%d0%ba%d1%80%d0%b0%d1%81%d0%b8/desintoxicante/,200,Desintoxicante - MedicsIntegralSalut,,sitemap_only,,,
/ca/unitats-2/gabinet-destetica-2/desintoxicant-2/,301,/ca/unitats/gabinet-destetica/desintoxicant/,301,Desintoxicant - MedicsIntegralSalut,,sitemap_only,,0,renombrada 05/10/2026: URL catalana sin «-2» (decisión usuario)
/en/units/beauty-salon/clearance/,mantener,/en/units/beauty-salon/clearance/,200,Hidreclat - MedicsIntegralHello,,sitemap_only,,1,
/fr/unites/institut-de-beaute/hidreclat/,mantener,/fr/unites/institut-de-beaute/hidreclat/,200,Hidreclat - MedicsIntégralSalut,,sitemap_only,,0,
/ru/%d0%b5%d0%b4%d0%b8%d0%bd%d0%b8%d1%86%d1%8b/%d0%ba%d0%b0%d0%b1%d0%b8%d0%bd%d0%b5%d1%82-%d1%8d%d1%81%d1%82%d0%b5%d1%82%d0%b8%d0%ba%d0%b8/%d1%85%d0%b8%d0%b4%d1%80%d0%b5%d0%ba%d0%bb%d0%b0%d1%82/,mantener,/ru/%d0%b5%d0%b4%d0%b8%d0%bd%d0%b8%d1%86%d1%8b/%d0%ba%d0%b0%d0%b1%d0%b8%d0%bd%d0%b5%d1%82-%d1%8d%d1%81%d1%82%d0%b5%d1%82%d0%b8%d0%ba%d0%b8/%d1%85%d0%b8%d0%b4%d1%80%d0%b5%d0%ba%d0%bb%d0%b0%d1%82/,200,Хайдрэклат - МедиксИнтегралСалют,,sitemap_only,,,
/uk/%d0%be%d0%b4%d0%b8%d0%bd%d0%b8%d1%86%d1%96/%d1%81%d0%b0%d0%bb%d0%be%d0%bd-%d0%ba%d1%80%d0%b0%d1%81%d0%b8/%d0%b3%d1%96%d0%b4%d1%80%d0%b5%d0%ba%d0%bb%d0%b0%d1%82/,mantener,/uk/%d0%be%d0%b4%d0%b8%d0%bd%d0%b8%d1%86%d1%96/%d1%81%d0%b0%d0%bb%d0%be%d0%bd-%d0%ba%d1%80%d0%b0%d1%81%d0%b8/%d0%b3%d1%96%d0%b4%d1%80%d0%b5%d0%ba%d0%bb%d0%b0%d1%82/,200,Hidreclat — MedicsIntegralSalut,,sitemap_only,,,
/ca/unitats-2/gabinet-destetica-2/hidroclorat/,301,/ca/unitats/gabinet-destetica/hidroclorat/,301,Hidreclat - MedicsIntegralSalut,,sitemap_only,,0,renombrada 05/10/2026: URL catalana sin «-2» (decisión usuario)
/en/units/beauty-salon/recoverer/,mantener,/en/units/beauty-salon/recoverer/,200,Recovery - MedicsIntegralSalut,,sitemap_only,,0,
/fr/unites/institut-de-beaute/recuperateur/,mantener,/fr/unites/institut-de-beaute/recuperateur/,200,Récupérateur - MedicsIntegralSalut,,sitemap_only,,0,
/ru/%d0%b5%d0%b4%d0%b8%d0%bd%d0%b8%d1%86%d1%8b/%d0%ba%d0%b0%d0%b1%d0%b8%d0%bd%d0%b5%d1%82-%d1%8d%d1%81%d1%82%d0%b5%d1%82%d0%b8%d0%ba%d0%b8/%d1%80%d0%b5%d0%ba%d1%83%d0%bf%d0%b5%d1%80%d0%b0%d1%82%d0%be%d1%80/,mantener,/ru/%d0%b5%d0%b4%d0%b8%d0%bd%d0%b8%d1%86%d1%8b/%d0%ba%d0%b0%d0%b1%d0%b8%d0%bd%d0%b5%d1%82-%d1%8d%d1%81%d1%82%d0%b5%d1%82%d0%b8%d0%ba%d0%b8/%d1%80%d0%b5%d0%ba%d1%83%d0%bf%d0%b5%d1%80%d0%b0%d1%82%d0%be%d1%80/,200,Рекуператор - MedicsIntegralSalut,,sitemap_only,,,
/uk/%d0%be%d0%b4%d0%b8%d0%bd%d0%b8%d1%86%d1%96/%d1%81%d0%b0%d0%bb%d0%be%d0%bd-%d0%ba%d1%80%d0%b0%d1%81%d0%b8/%d1%80%d0%b5%d0%ba%d1%83%d0%bf%d0%b5%d1%80%d0%b0%d1%82%d0%be%d1%80/,mantener,/uk/%d0%be%d0%b4%d0%b8%d0%bd%d0%b8%d1%86%d1%96/%d1%81%d0%b0%d0%bb%d0%be%d0%bd-%d0%ba%d1%80%d0%b0%d1%81%d0%b8/%d1%80%d0%b5%d0%ba%d1%83%d0%bf%d0%b5%d1%80%d0%b0%d1%82%d0%be%d1%80/,200,Реабілітаційний центр — MedicsIntegralSalut,,sitemap_only,,,
/ca/unitats-2/gabinet-destetica-2/recuperador/,301,/ca/unitats/gabinet-destetica/recuperador/,301,Recuperador - MedicsIntegralSalut,,sitemap_only,,0,renombrada 05/10/2026: URL catalana sin «-2» (decisión usuario)
/en/units/beauty-salon/anti-ageing-mc-110/,mantener,/en/units/beauty-salon/anti-ageing-mc-110/,200,Anti-ageing MC110 - MedicsIntegralSalut,,sitemap_only,,0,
/fr/unites/institut-de-beaute/anti-age-mc-110/,mantener,/fr/unites/institut-de-beaute/anti-age-mc-110/,200,Antiedad MC110 - MedicsIntegralSalut,,sitemap_only,,0,
/ru/%d0%b5%d0%b4%d0%b8%d0%bd%d0%b8%d1%86%d1%8b/%d0%ba%d0%b0%d0%b1%d0%b8%d0%bd%d0%b5%d1%82-%d1%8d%d1%81%d1%82%d0%b5%d1%82%d0%b8%d0%ba%d0%b8/antiedad-mc-110/,mantener,/ru/%d0%b5%d0%b4%d0%b8%d0%bd%d0%b8%d1%86%d1%8b/%d0%ba%d0%b0%d0%b1%d0%b8%d0%bd%d0%b5%d1%82-%d1%8d%d1%81%d1%82%d0%b5%d1%82%d0%b8%d0%ba%d0%b8/antiedad-mc-110/,200,Antiedad MC110 - MedicsIntegralSalut,,sitemap_only,,,
/uk/%d0%be%d0%b4%d0%b8%d0%bd%d0%b8%d1%86%d1%96/%d1%81%d0%b0%d0%bb%d0%be%d0%bd-%d0%ba%d1%80%d0%b0%d1%81%d0%b8/antiedad-mc-110/,mantener,/uk/%d0%be%d0%b4%d0%b8%d0%bd%d0%b8%d1%86%d1%96/%d1%81%d0%b0%d0%bb%d0%be%d0%bd-%d0%ba%d1%80%d0%b0%d1%81%d0%b8/antiedad-mc-110/,200,Antiedad MC110 - MedicsIntegralSalut,,sitemap_only,,,
/ca/unitats-2/gabinet-destetica-2/anti-edat-mc-110/,301,/ca/unitats/gabinet-destetica/anti-edat-mc-110/,301,Antiedat MC110 - MedicsIntegralSalut,,sitemap_only,,0,renombrada 05/10/2026: URL catalana sin «-2» (decisión usuario)
/en/units/beauty-salon/fruit-acid-2/,mantener,/en/units/beauty-salon/fruit-acid-2/,200,Fruit acid - MedicsIntegralSalut,,sitemap_only,,0,
/fr/unites/institut-de-beaute/acide-de-fruits/,mantener,/fr/unites/institut-de-beaute/acide-de-fruits/,200,Acide de fruits - MedicsIntegralSalut,,sitemap_only,,0,
/ru/%d0%b5%d0%b4%d0%b8%d0%bd%d0%b8%d1%86%d1%8b/%d0%ba%d0%b0%d0%b1%d0%b8%d0%bd%d0%b5%d1%82-%d1%8d%d1%81%d1%82%d0%b5%d1%82%d0%b8%d0%ba%d0%b8/acido-de-frutas/,mantener,/ru/%d0%b5%d0%b4%d0%b8%d0%bd%d0%b8%d1%86%d1%8b/%d0%ba%d0%b0%d0%b1%d0%b8%d0%bd%d0%b5%d1%82-%d1%8d%d1%81%d1%82%d0%b5%d1%82%d0%b8%d0%ba%d0%b8/acido-de-frutas/,200,Acido de frutas - MedicsIntegralSalut,,sitemap_only,,,
/uk/%d0%be%d0%b4%d0%b8%d0%bd%d0%b8%d1%86%d1%96/%d1%81%d0%b0%d0%bb%d0%be%d0%bd-%d0%ba%d1%80%d0%b0%d1%81%d0%b8/%d1%84%d1%80%d1%83%d0%ba%d1%82%d0%be%d0%b2%d0%b0-%d0%ba%d0%b8%d1%81%d0%bb%d0%be%d1%82%d0%b0/,mantener,/uk/%d0%be%d0%b4%d0%b8%d0%bd%d0%b8%d1%86%d1%96/%d1%81%d0%b0%d0%bb%d0%be%d0%bd-%d0%ba%d1%80%d0%b0%d1%81%d0%b8/%d1%84%d1%80%d1%83%d0%ba%d1%82%d0%be%d0%b2%d0%b0-%d0%ba%d0%b8%d1%81%d0%bb%d0%be%d1%82%d0%b0/,200,Фруктова кислота — MedicsIntegralSalut,,sitemap_only,,,
/ca/unitats-2/gabinet-destetica-2/acido-de-frutas/,301,/ca/unitats/gabinet-destetica/acido-de-frutas/,301,Acido de frutas - MedicsIntegralSalut,,sitemap_only,,0,renombrada 05/10/2026: URL catalana sin «-2» (decisión usuario)
/en/units/beauty-salon/p50-face/,mantener,/en/units/beauty-salon/p50-face/,200,P50 Visage - MedicsIntegralHello,,sitemap_only,,0,
/fr/unites/institut-de-beaute/visage-plie/,mantener,/fr/unites/institut-de-beaute/visage-plie/,200,P50 Visage - MedicsIntégralSalut,,sitemap_only,,0,
/ru/%d0%b5%d0%b4%d0%b8%d0%bd%d0%b8%d1%86%d1%8b/%d0%ba%d0%b0%d0%b1%d0%b8%d0%bd%d0%b5%d1%82-%d1%8d%d1%81%d1%82%d0%b5%d1%82%d0%b8%d0%ba%d0%b8/p50-%d0%b2%d0%b8%d0%b7%d0%b0%d0%b6/,mantener,/ru/%d0%b5%d0%b4%d0%b8%d0%bd%d0%b8%d1%86%d1%8b/%d0%ba%d0%b0%d0%b1%d0%b8%d0%bd%d0%b5%d1%82-%d1%8d%d1%81%d1%82%d0%b5%d1%82%d0%b8%d0%ba%d0%b8/p50-%d0%b2%d0%b8%d0%b7%d0%b0%d0%b6/,200,P50 Visage - MedicsIntegralSalut,,sitemap_only,,,
/uk/%d0%be%d0%b4%d0%b8%d0%bd%d0%b8%d1%86%d1%96/%d1%81%d0%b0%d0%bb%d0%be%d0%bd-%d0%ba%d1%80%d0%b0%d1%81%d0%b8/p50-%d0%b4%d0%bb%d1%8f-%d0%be%d0%b1%d0%bb%d0%b8%d1%87%d1%87%d1%8f/,mantener,/uk/%d0%be%d0%b4%d0%b8%d0%bd%d0%b8%d1%86%d1%96/%d1%81%d0%b0%d0%bb%d0%be%d0%bd-%d0%ba%d1%80%d0%b0%d1%81%d0%b8/p50-%d0%b4%d0%bb%d1%8f-%d0%be%d0%b1%d0%bb%d0%b8%d1%87%d1%87%d1%8f/,200,P50 Visage — MedicsIntegralSalut,,sitemap_only,,,
/ca/unitats-2/gabinet-destetica-2/p50-rostre/,301,/ca/unitats/gabinet-destetica/p50-rostre/,301,P50 Visage - MedicsIntegralSalut,,sitemap_only,,0,renombrada 05/10/2026: URL catalana sin «-2» (decisión usuario)
/en/units/beauty-salon/get-rid-of-cellulite/,mantener,/en/units/beauty-salon/get-rid-of-cellulite/,200,Eliminar celulitis - MedicsIntegralSalut,,sitemap_only,,0,
/fr/unites/institut-de-beaute/eliminer-la-cellulite/,mantener,/fr/unites/institut-de-beaute/eliminer-la-cellulite/,200,Eliminar celulitis - MedicsIntegralSalut,,sitemap_only,,0,
/ru/%d0%b5%d0%b4%d0%b8%d0%bd%d0%b8%d1%86%d1%8b/%d0%ba%d0%b0%d0%b1%d0%b8%d0%bd%d0%b5%d1%82-%d1%8d%d1%81%d1%82%d0%b5%d1%82%d0%b8%d0%ba%d0%b8/%d1%83%d1%81%d1%82%d1%80%d0%b0%d0%bd%d0%b8%d1%82%d1%8c-%d1%86%d0%b5%d0%bb%d0%bb%d1%8e%d0%bb%d0%b8%d1%82/,mantener,/ru/%d0%b5%d0%b4%d0%b8%d0%bd%d0%b8%d1%86%d1%8b/%d0%ba%d0%b0%d0%b1%d0%b8%d0%bd%d0%b5%d1%82-%d1%8d%d1%81%d1%82%d0%b5%d1%82%d0%b8%d0%ba%d0%b8/%d1%83%d1%81%d1%82%d1%80%d0%b0%d0%bd%d0%b8%d1%82%d1%8c-%d1%86%d0%b5%d0%bb%d0%bb%d1%8e%d0%bb%d0%b8%d1%82/,200,Удаление целлюлита - MedicsIntegralSalut,,sitemap_only,,,
/uk/%d0%be%d0%b4%d0%b8%d0%bd%d0%b8%d1%86%d1%96/%d1%81%d0%b0%d0%bb%d0%be%d0%bd-%d0%ba%d1%80%d0%b0%d1%81%d0%b8/%d0%bf%d0%be%d0%b7%d0%b1%d1%83%d1%82%d0%b8%d1%81%d1%8f-%d1%86%d0%b5%d0%bb%d1%8e%d0%bb%d1%96%d1%82%d1%83/,mantener,/uk/%d0%be%d0%b4%d0%b8%d0%bd%d0%b8%d1%86%d1%96/%d1%81%d0%b0%d0%bb%d0%be%d0%bd-%d0%ba%d1%80%d0%b0%d1%81%d0%b8/%d0%bf%d0%be%d0%b7%d0%b1%d1%83%d1%82%d0%b8%d1%81%d1%8f-%d1%86%d0%b5%d0%bb%d1%8e%d0%bb%d1%96%d1%82%d1%83/,200,Eliminar celulitis - MedicsIntegralSalut,,sitemap_only,,,
/ca/unitats-2/gabinet-destetica-2/eliminar-cel%c2%b7lulitis/,301,/ca/unitats/gabinet-destetica/eliminar-cel%c2%b7lulitis/,301,Eliminar cel·lulitis - MedicsIntegralSalut,,sitemap_only,,,renombrada 05/10/2026: URL catalana sin «-2» (decisión usuario)
/en/units/beauty-salon/volume-reduction-girona-2/,mantener,/en/units/beauty-salon/volume-reduction-girona-2/,200,Volume reduction in Girona - MedicsIntegralSalut,,sitemap_only,,0,
/fr/unites/institut-de-beaute/reduccion-de-volumen-girona/,mantener,/fr/unites/institut-de-beaute/reduccion-de-volumen-girona/,200,Reducción de volumen en Girona - MedicsIntegralSalut,,sitemap_only,,0,
/ru/%d0%b5%d0%b4%d0%b8%d0%bd%d0%b8%d1%86%d1%8b/%d0%ba%d0%b0%d0%b1%d0%b8%d0%bd%d0%b5%d1%82-%d1%8d%d1%81%d1%82%d0%b5%d1%82%d0%b8%d0%ba%d0%b8/reduccion-de-volumen-girona/,mantener,/ru/%d0%b5%d0%b4%d0%b8%d0%bd%d0%b8%d1%86%d1%8b/%d0%ba%d0%b0%d0%b1%d0%b8%d0%bd%d0%b5%d1%82-%d1%8d%d1%81%d1%82%d0%b5%d1%82%d0%b8%d0%ba%d0%b8/reduccion-de-volumen-girona/,200,Reducción de volumen en Girona - MedicsIntegralSalut,,sitemap_only,,,
/uk/%d0%be%d0%b4%d0%b8%d0%bd%d0%b8%d1%86%d1%96/%d1%81%d0%b0%d0%bb%d0%be%d0%bd-%d0%ba%d1%80%d0%b0%d1%81%d0%b8/%d0%b7%d0%bc%d0%b5%d0%bd%d1%88%d0%b5%d0%bd%d0%bd%d1%8f-%d0%be%d0%b1%d1%94%d0%bc%d1%83-%d0%b6%d0%b8%d1%80%d0%be%d0%bd%d0%b0-2/,mantener,/uk/%d0%be%d0%b4%d0%b8%d0%bd%d0%b8%d1%86%d1%96/%d1%81%d0%b0%d0%bb%d0%be%d0%bd-%d0%ba%d1%80%d0%b0%d1%81%d0%b8/%d0%b7%d0%bc%d0%b5%d0%bd%d1%88%d0%b5%d0%bd%d0%bd%d1%8f-%d0%be%d0%b1%d1%94%d0%bc%d1%83-%d0%b6%d0%b8%d1%80%d0%be%d0%bd%d0%b0-2/,200,Зменшення об’єму в Жироні — MedicsIntegralSalut,,sitemap_only,,,
/ca/unitats-2/gabinet-destetica-2/reduccio-de-volum-girona-2/,301,/ca/unitats/gabinet-destetica/reduccio-de-volum-girona/,301,Reducció de volum a Girona - MedicsIntegralSalut,,sitemap_only,,0,renombrada 05/10/2026: URL catalana sin «-2» (decisión usuario)
/en/units/cosmetic-surgery-3/vaser-liposuction-2/,mantener,/en/units/cosmetic-surgery-3/vaser-liposuction-2/,200,Vaser Liposuction Girona - MedicsIntegralSalut ⭐,,sitemap_only,,0,
/fr/unites/chirurgie-esthetique-corporelle-2/liposuccion-vaser/,mantener,/fr/unites/chirurgie-esthetique-corporelle-2/liposuccion-vaser/,200,Liposuccion VASER Girona - MedicsIntegralSalut ⭐,,sitemap_only,,0,
/ru/%d0%b5%d0%b4%d0%b8%d0%bd%d0%b8%d1%86%d1%8b/%d1%8d%d1%81%d1%82%d0%b5%d1%82%d0%b8%d1%87%d0%b5%d1%81%d0%ba%d0%b0%d1%8f-%d0%be%d0%bf%d0%b5%d1%80%d0%b0%d1%86%d0%b8%d1%8f-%d1%82%d0%b5%d0%bb%d0%b0/%d0%bb%d0%b8%d0%bf%d0%be%d1%81%d0%b0%d0%ba%d1%86%d0%b8%d1%8f-vaser/,mantener,/ru/%d0%b5%d0%b4%d0%b8%d0%bd%d0%b8%d1%86%d1%8b/%d1%8d%d1%81%d1%82%d0%b5%d1%82%d0%b8%d1%87%d0%b5%d1%81%d0%ba%d0%b0%d1%8f-%d0%be%d0%bf%d0%b5%d1%80%d0%b0%d1%86%d0%b8%d1%8f-%d1%82%d0%b5%d0%bb%d0%b0/%d0%bb%d0%b8%d0%bf%d0%be%d1%81%d0%b0%d0%ba%d1%86%d0%b8%d1%8f-vaser/,200,Липосакция VASER Жирона - MedicsIntegralSalut ⭐,,sitemap_only,,,
/uk/%d0%be%d0%b4%d0%b8%d0%bd%d0%b8%d1%86%d1%96/%d0%b5%d1%81%d1%82%d0%b5%d1%82%d0%b8%d1%87%d0%bd%d0%b0-%d1%85%d1%96%d1%80%d1%83%d1%80%d0%b3%d1%96%d1%8f-%d1%82%d1%96%d0%bb%d0%b0-2/%d0%bb%d1%96%d0%bf%d0%be%d1%81%d0%b0%d0%ba%d1%86%d1%96%d1%8f-%d0%bc%d0%b5%d1%82%d0%be%d0%b4%d0%be%d0%bc-vaser-2/,mantener,/uk/%d0%be%d0%b4%d0%b8%d0%bd%d0%b8%d1%86%d1%96/%d0%b5%d1%81%d1%82%d0%b5%d1%82%d0%b8%d1%87%d0%bd%d0%b0-%d1%85%d1%96%d1%80%d1%83%d1%80%d0%b3%d1%96%d1%8f-%d1%82%d1%96%d0%bb%d0%b0-2/%d0%bb%d1%96%d0%bf%d0%be%d1%81%d0%b0%d0%ba%d1%86%d1%96%d1%8f-%d0%bc%d0%b5%d1%82%d0%be%d0%b4%d0%be%d0%bc-vaser-2/,200,Ліпосакція методом Vaser у Жироні — MedicsIntegralSalut ⭐,,sitemap_only,,,
/ca/unitats-2/cirurgia-estetica-corporal-2/liposuccio-vaser-2/,301,/ca/unitats/cirurgia-estetica-corporal/liposuccio-vaser/,301,Liposucció Vaser Girona - MedicsIntegralSalut ⭐,,sitemap_only,,1,renombrada 05/10/2026: URL catalana sin «-2» (decisión usuario)
/en/units/cosmetic-facial-surgery-2/nasal-septum-piercing/,mantener,/en/units/cosmetic-facial-surgery-2/nasal-septum-piercing/,200,Nasal Septum Piercing - MedicsIntegralSalut,,sitemap_only,,0,
/fr/unites/chirurgie-esthetique-faciale/perforation-de-la-cloison-nasale/,mantener,/fr/unites/chirurgie-esthetique-faciale/perforation-de-la-cloison-nasale/,200,Perforation du septum nasal - MedicsIntegralSalut,,sitemap_only,,14,
/ru/%d0%b5%d0%b4%d0%b8%d0%bd%d0%b8%d1%86%d1%8b/%d0%bf%d0%bb%d0%b0%d1%81%d1%82%d0%b8%d1%87%d0%b5%d1%81%d0%ba%d0%b0%d1%8f-%d1%85%d0%b8%d1%80%d1%83%d1%80%d0%b3%d0%b8%d1%8f-%d0%bb%d0%b8%d1%86%d0%b0/%d0%bf%d1%80%d0%be%d0%ba%d0%be%d0%bb-%d0%bd%d0%be%d1%81%d0%be%d0%b2%d0%be%d0%b9-%d0%bf%d0%b5%d1%80%d0%b5%d0%b3%d0%be%d1%80%d0%be%d0%b4%d0%ba%d0%b8/,mantener,/ru/%d0%b5%d0%b4%d0%b8%d0%bd%d0%b8%d1%86%d1%8b/%d0%bf%d0%bb%d0%b0%d1%81%d1%82%d0%b8%d1%87%d0%b5%d1%81%d0%ba%d0%b0%d1%8f-%d1%85%d0%b8%d1%80%d1%83%d1%80%d0%b3%d0%b8%d1%8f-%d0%bb%d0%b8%d1%86%d0%b0/%d0%bf%d1%80%d0%be%d0%ba%d0%be%d0%bb-%d0%bd%d0%be%d1%81%d0%be%d0%b2%d0%be%d0%b9-%d0%bf%d0%b5%d1%80%d0%b5%d0%b3%d0%be%d1%80%d0%be%d0%b4%d0%ba%d0%b8/,200,Перфорация носовой перегородки - MedicsIntegralSalut,,sitemap_only,,,
/uk/%d0%be%d0%b4%d0%b8%d0%bd%d0%b8%d1%86%d1%96/%d0%b5%d1%81%d1%82%d0%b5%d1%82%d0%b8%d1%87%d0%bd%d0%b0-%d1%85%d1%96%d1%80%d1%83%d1%80%d0%b3%d1%96%d1%8f-%d0%be%d0%b1%d0%bb%d0%b8%d1%87%d1%87%d1%8f-2/%d0%bf%d0%b5%d1%80%d1%84%d0%be%d1%80%d0%b0%d1%86%d1%96%d1%8f-%d0%bd%d0%be%d1%81%d0%be%d0%b2%d0%be%d1%97-%d0%bf%d0%b5%d1%80%d0%b5%d0%b3%d0%be%d1%80%d0%be%d0%b4%d0%ba%d0%b8/,mantener,/uk/%d0%be%d0%b4%d0%b8%d0%bd%d0%b8%d1%86%d1%96/%d0%b5%d1%81%d1%82%d0%b5%d1%82%d0%b8%d1%87%d0%bd%d0%b0-%d1%85%d1%96%d1%80%d1%83%d1%80%d0%b3%d1%96%d1%8f-%d0%be%d0%b1%d0%bb%d0%b8%d1%87%d1%87%d1%8f-2/%d0%bf%d0%b5%d1%80%d1%84%d0%be%d1%80%d0%b0%d1%86%d1%96%d1%8f-%d0%bd%d0%be%d1%81%d0%be%d0%b2%d0%be%d1%97-%d0%bf%d0%b5%d1%80%d0%b5%d0%b3%d0%be%d1%80%d0%be%d0%b4%d0%ba%d0%b8/,200,Пункція носової перегородки — MedicsIntegralSalut,,sitemap_only,,,
/ca/unitats-2/cirurgia-estetica-facial-2/perforacio-del-tabic-nasal/,301,/ca/unitats/cirurgia-estetica-facial/perforacio-del-tabic-nasal/,301,Perforació del septe nasal - MedicsIntegralSalut,,sitemap_only,,1,renombrada 05/10/2026: URL catalana sin «-2» (decisión usuario)
/en/units/facial-aesthetic-medicine/dark-circles/,mantener,/en/units/facial-aesthetic-medicine/dark-circles/,200,Reduction of Dark Circles in Girona | Correction | Medics Integral,,sitemap_only,,2,
/fr/unites/medecine-esthetique-faciale/cernes/,mantener,/fr/unites/medecine-esthetique-faciale/cernes/,200,Réduction des cernes à Gérone | Correction | Medics Integral,,sitemap_only,,2,
/ru/%d0%b5%d0%b4%d0%b8%d0%bd%d0%b8%d1%86%d1%8b/%d1%8d%d1%81%d1%82%d0%b5%d1%82%d0%b8%d1%87%d0%b5%d1%81%d0%ba%d0%b0%d1%8f-%d0%bc%d0%b5%d0%b4%d0%b8%d1%86%d0%b8%d0%bd%d0%b0-%d0%bb%d0%b8%d1%86%d0%b0/%d1%82%d0%b5%d0%bc%d0%bd%d1%8b%d0%b5-%d0%ba%d1%80%d1%83%d0%b3%d0%b8-%d0%bf%d0%be%d0%b4-%d0%b3%d0%bb%d0%b0%d0%b7%d0%b0%d0%bc%d0%b8/,mantener,/ru/%d0%b5%d0%b4%d0%b8%d0%bd%d0%b8%d1%86%d1%8b/%d1%8d%d1%81%d1%82%d0%b5%d1%82%d0%b8%d1%87%d0%b5%d1%81%d0%ba%d0%b0%d1%8f-%d0%bc%d0%b5%d0%b4%d0%b8%d1%86%d0%b8%d0%bd%d0%b0-%d0%bb%d0%b8%d1%86%d0%b0/%d1%82%d0%b5%d0%bc%d0%bd%d1%8b%d0%b5-%d0%ba%d1%80%d1%83%d0%b3%d0%b8-%d0%bf%d0%be%d0%b4-%d0%b3%d0%bb%d0%b0%d0%b7%d0%b0%d0%bc%d0%b8/,200,Уменьшение темных кругов под глазами в Жироне | Коррекция | Medics Integral,,sitemap_only,,,
/uk/%d0%be%d0%b4%d0%b8%d0%bd%d0%b8%d1%86%d1%96/%d0%b5%d1%81%d1%82%d0%b5%d1%82%d0%b8%d1%87%d0%bd%d0%b0-%d0%bc%d0%b5%d0%b4%d0%b8%d1%86%d0%b8%d0%bd%d0%b0-%d0%b4%d0%bb%d1%8f-%d0%be%d0%b1%d0%bb%d0%b8%d1%87%d1%87%d1%8f/%d1%82%d0%b5%d0%bc%d0%bd%d1%96-%d0%ba%d0%be%d0%bb%d0%b0-%d0%bf%d1%96%d0%b4-%d0%be%d1%87%d0%b8%d0%bc%d0%b0/,mantener,/uk/%d0%be%d0%b4%d0%b8%d0%bd%d0%b8%d1%86%d1%96/%d0%b5%d1%81%d1%82%d0%b5%d1%82%d0%b8%d1%87%d0%bd%d0%b0-%d0%bc%d0%b5%d0%b4%d0%b8%d1%86%d0%b8%d0%bd%d0%b0-%d0%b4%d0%bb%d1%8f-%d0%be%d0%b1%d0%bb%d0%b8%d1%87%d1%87%d1%8f/%d1%82%d0%b5%d0%bc%d0%bd%d1%96-%d0%ba%d0%be%d0%bb%d0%b0-%d0%bf%d1%96%d0%b4-%d0%be%d1%87%d0%b8%d0%bc%d0%b0/,200,Усунення темних кіл під очима в Жироні | Корекція | Medics Integral,,sitemap_only,,,
/ca/unitats-2/medicina-estetica-facial/ulleres-fosques/,301,/ca/unitats/medicina-estetica-facial/ulleres-fosques/,301,Reducció de Pigues a Girona | Correcció | Medics Integral,,sitemap_only,,1,renombrada 05/10/2026: URL catalana sin «-2» (decisión usuario)
/en/units/facial-aesthetic-medicine/expression-lines/,mantener,/en/units/facial-aesthetic-medicine/expression-lines/,200,Wrinkle removal Girona - MedicsIntegralSalut,,sitemap_only,,3,
/fr/unites/medecine-esthetique-faciale/rides-dexpression/,mantener,/fr/unites/medecine-esthetique-faciale/rides-dexpression/,200,Élimination des rides Girona - MedicsIntegralSalut,,sitemap_only,,4,
/ru/%d0%b5%d0%b4%d0%b8%d0%bd%d0%b8%d1%86%d1%8b/%d1%8d%d1%81%d1%82%d0%b5%d1%82%d0%b8%d1%87%d0%b5%d1%81%d0%ba%d0%b0%d1%8f-%d0%bc%d0%b5%d0%b4%d0%b8%d1%86%d0%b8%d0%bd%d0%b0-%d0%bb%d0%b8%d1%86%d0%b0/%d0%bc%d0%be%d1%80%d1%89%d0%b8%d0%bd%d1%8b-%d0%be%d1%82-%d0%bc%d0%b8%d0%bc%d0%b8%d0%ba%d0%b8/,mantener,/ru/%d0%b5%d0%b4%d0%b8%d0%bd%d0%b8%d1%86%d1%8b/%d1%8d%d1%81%d1%82%d0%b5%d1%82%d0%b8%d1%87%d0%b5%d1%81%d0%ba%d0%b0%d1%8f-%d0%bc%d0%b5%d0%b4%d0%b8%d1%86%d0%b8%d0%bd%d0%b0-%d0%bb%d0%b8%d1%86%d0%b0/%d0%bc%d0%be%d1%80%d1%89%d0%b8%d0%bd%d1%8b-%d0%be%d1%82-%d0%bc%d0%b8%d0%bc%d0%b8%d0%ba%d0%b8/,200,Удаление морщин Жирона - MedicsIntegralSalut,,sitemap_only,,,
/uk/%d0%be%d0%b4%d0%b8%d0%bd%d0%b8%d1%86%d1%96/%d0%b5%d1%81%d1%82%d0%b5%d1%82%d0%b8%d1%87%d0%bd%d0%b0-%d0%bc%d0%b5%d0%b4%d0%b8%d1%86%d0%b8%d0%bd%d0%b0-%d0%b4%d0%bb%d1%8f-%d0%be%d0%b1%d0%bb%d0%b8%d1%87%d1%87%d1%8f/%d0%bc%d1%96%d0%bc%d1%96%d1%87%d0%bd%d1%96-%d0%b7%d0%bc%d0%be%d1%80%d1%88%d0%ba%d0%b8/,mantener,/uk/%d0%be%d0%b4%d0%b8%d0%bd%d0%b8%d1%86%d1%96/%d0%b5%d1%81%d1%82%d0%b5%d1%82%d0%b8%d1%87%d0%bd%d0%b0-%d0%bc%d0%b5%d0%b4%d0%b8%d1%86%d0%b8%d0%bd%d0%b0-%d0%b4%d0%bb%d1%8f-%d0%be%d0%b1%d0%bb%d0%b8%d1%87%d1%87%d1%8f/%d0%bc%d1%96%d0%bc%d1%96%d1%87%d0%bd%d1%96-%d0%b7%d0%bc%d0%be%d1%80%d1%88%d0%ba%d0%b8/,200,Усунення зморшок у Жироні — MedicsIntegralSalut,,sitemap_only,,,
/ca/unitats-2/medicina-estetica-facial/arrugues-dexpressio-2/,301,/ca/unitats/medicina-estetica-facial/arrugues-dexpressio/,301,Eliminació d'arrugues Girona - MedicsIntegralSalut,,sitemap_only,,0,renombrada 05/10/2026: URL catalana sin «-2» (decisión usuario)
/en/units/facial-aesthetic-medicine/sagging-and-thread-lifts/,mantener,/en/units/facial-aesthetic-medicine/sagging-and-thread-lifts/,200,Thread Lifts Girona | MedicsIntegralSalut,,sitemap_only,,2,
/fr/unites/medecine-esthetique-faciale/flaccidite-fils-tenseurs/,mantener,/fr/unites/medecine-esthetique-faciale/flaccidite-fils-tenseurs/,200,Fils tenseurs Gérone | MedicsIntegralSalut,,sitemap_only,,2,
/ru/%d0%b5%d0%b4%d0%b8%d0%bd%d0%b8%d1%86%d1%8b/%d1%8d%d1%81%d1%82%d0%b5%d1%82%d0%b8%d1%87%d0%b5%d1%81%d0%ba%d0%b0%d1%8f-%d0%bc%d0%b5%d0%b4%d0%b8%d1%86%d0%b8%d0%bd%d0%b0-%d0%bb%d0%b8%d1%86%d0%b0/%d0%b4%d1%80%d1%8f%d0%b1%d0%bb%d0%be%d1%81%d1%82%d1%8c-%d0%bf%d0%be%d0%b4%d1%82%d1%8f%d0%b3%d0%b8%d0%b2%d0%b0%d1%8e%d1%89%d0%b8%d0%b5-%d0%bd%d0%b8%d1%82%d0%b8/,mantener,/ru/%d0%b5%d0%b4%d0%b8%d0%bd%d0%b8%d1%86%d1%8b/%d1%8d%d1%81%d1%82%d0%b5%d1%82%d0%b8%d1%87%d0%b5%d1%81%d0%ba%d0%b0%d1%8f-%d0%bc%d0%b5%d0%b4%d0%b8%d1%86%d0%b8%d0%bd%d0%b0-%d0%bb%d0%b8%d1%86%d0%b0/%d0%b4%d1%80%d1%8f%d0%b1%d0%bb%d0%be%d1%81%d1%82%d1%8c-%d0%bf%d0%be%d0%b4%d1%82%d1%8f%d0%b3%d0%b8%d0%b2%d0%b0%d1%8e%d1%89%d0%b8%d0%b5-%d0%bd%d0%b8%d1%82%d0%b8/,200,Хилосы Тенсорес Жирона | MedicsIntegralSalut,,sitemap_only,,,
/uk/%d0%be%d0%b4%d0%b8%d0%bd%d0%b8%d1%86%d1%96/%d0%b5%d1%81%d1%82%d0%b5%d1%82%d0%b8%d1%87%d0%bd%d0%b0-%d0%bc%d0%b5%d0%b4%d0%b8%d1%86%d0%b8%d0%bd%d0%b0-%d0%b4%d0%bb%d1%8f-%d0%be%d0%b1%d0%bb%d0%b8%d1%87%d1%87%d1%8f/%d0%b2%d1%8f%d0%bb%d1%96%d1%81%d1%82%d1%8c-%d1%88%d0%ba%d1%96%d1%80%d0%b8-%d0%bf%d1%96%d0%b4%d1%82%d1%8f%d0%b3%d1%83%d0%b2%d0%b0%d0%bb%d1%8c%d0%bd%d1%96-%d0%bd%d0%b8%d1%82%d0%ba%d0%b8/,mantener,/uk/%d0%be%d0%b4%d0%b8%d0%bd%d0%b8%d1%86%d1%96/%d0%b5%d1%81%d1%82%d0%b5%d1%82%d0%b8%d1%87%d0%bd%d0%b0-%d0%bc%d0%b5%d0%b4%d0%b8%d1%86%d0%b8%d0%bd%d0%b0-%d0%b4%d0%bb%d1%8f-%d0%be%d0%b1%d0%bb%d0%b8%d1%87%d1%87%d1%8f/%d0%b2%d1%8f%d0%bb%d1%96%d1%81%d1%82%d1%8c-%d1%88%d0%ba%d1%96%d1%80%d0%b8-%d0%bf%d1%96%d0%b4%d1%82%d1%8f%d0%b3%d1%83%d0%b2%d0%b0%d0%bb%d1%8c%d0%bd%d1%96-%d0%bd%d0%b8%d1%82%d0%ba%d0%b8/,200,Натяжні нитки в Жироні | MedicsIntegralSalut,,sitemap_only,,,
/ca/unitats-2/medicina-estetica-facial/flacidesa-fils-tensors/,301,/ca/unitats/medicina-estetica-facial/flacidesa-fils-tensors/,301,Theresores Girona | MedicsIntegralSalut,,sitemap_only,,2,renombrada 05/10/2026: URL catalana sin «-2» (decisión usuario)
/en/units/facial-aesthetic-medicine/hydration-and-nutrition-2/,mantener,/en/units/facial-aesthetic-medicine/hydration-and-nutrition-2/,200,Mesotherapy Girona - MedicsIntegralSalut,,sitemap_only,,1,
/fr/unites/medecine-esthetique-faciale/hydratation-et-nutrition-2/,mantener,/fr/unites/medecine-esthetique-faciale/hydratation-et-nutrition-2/,200,Mésothérapie Gérone - MedicsIntegralBonjour,,sitemap_only,,2,
/ru/%d0%b5%d0%b4%d0%b8%d0%bd%d0%b8%d1%86%d1%8b/%d1%8d%d1%81%d1%82%d0%b5%d1%82%d0%b8%d1%87%d0%b5%d1%81%d0%ba%d0%b0%d1%8f-%d0%bc%d0%b5%d0%b4%d0%b8%d1%86%d0%b8%d0%bd%d0%b0-%d0%bb%d0%b8%d1%86%d0%b0/%d0%b3%d0%b8%d0%b4%d1%80%d0%b0%d1%82%d0%b0%d1%86%d0%b8%d1%8f-%d0%b8-%d0%bf%d0%b8%d1%82%d0%b0%d0%bd%d0%b8%d0%b5-2/,mantener,/ru/%d0%b5%d0%b4%d0%b8%d0%bd%d0%b8%d1%86%d1%8b/%d1%8d%d1%81%d1%82%d0%b5%d1%82%d0%b8%d1%87%d0%b5%d1%81%d0%ba%d0%b0%d1%8f-%d0%bc%d0%b5%d0%b4%d0%b8%d1%86%d0%b8%d0%bd%d0%b0-%d0%bb%d0%b8%d1%86%d0%b0/%d0%b3%d0%b8%d0%b4%d1%80%d0%b0%d1%82%d0%b0%d1%86%d0%b8%d1%8f-%d0%b8-%d0%bf%d0%b8%d1%82%d0%b0%d0%bd%d0%b8%d0%b5-2/,200,Мезотерапия Жирона - MedicsIntegralSalut,,sitemap_only,,,
/uk/%d0%be%d0%b4%d0%b8%d0%bd%d0%b8%d1%86%d1%96/%d0%b5%d1%81%d1%82%d0%b5%d1%82%d0%b8%d1%87%d0%bd%d0%b0-%d0%bc%d0%b5%d0%b4%d0%b8%d1%86%d0%b8%d0%bd%d0%b0-%d0%b4%d0%bb%d1%8f-%d0%be%d0%b1%d0%bb%d0%b8%d1%87%d1%87%d1%8f/%d0%b7%d0%b2%d0%be%d0%bb%d0%be%d0%b6%d0%b5%d0%bd%d0%bd%d1%8f-%d1%82%d0%b0-%d0%b6%d0%b8%d0%b2%d0%bb%d0%b5%d0%bd%d0%bd%d1%8f/,mantener,/uk/%d0%be%d0%b4%d0%b8%d0%bd%d0%b8%d1%86%d1%96/%d0%b5%d1%81%d1%82%d0%b5%d1%82%d0%b8%d1%87%d0%bd%d0%b0-%d0%bc%d0%b5%d0%b4%d0%b8%d1%86%d0%b8%d0%bd%d0%b0-%d0%b4%d0%bb%d1%8f-%d0%be%d0%b1%d0%bb%d0%b8%d1%87%d1%87%d1%8f/%d0%b7%d0%b2%d0%be%d0%bb%d0%be%d0%b6%d0%b5%d0%bd%d0%bd%d1%8f-%d1%82%d0%b0-%d0%b6%d0%b8%d0%b2%d0%bb%d0%b5%d0%bd%d0%bd%d1%8f/,200,Мезотерапія в Жироні — MedicsIntegralSalut,,sitemap_only,,,
/ca/unitats-2/medicina-estetica-facial/hidratacio-i-nutricio-2/,301,/ca/unitats/medicina-estetica-facial/hidratacio-i-nutricio/,301,Mesoteràpia Girona - MedicsIntegralSalut,,sitemap_only,,1,renombrada 05/10/2026: URL catalana sin «-2» (decisión usuario)
/en/units/facial-aesthetic-medicine/shedding/,mantener,/en/units/facial-aesthetic-medicine/shedding/,200,Peeling in Girona - MedicsIntegralSalut,,sitemap_only,,2,
/fr/unites/medecine-esthetique-faciale/epluchage/,mantener,/fr/unites/medecine-esthetique-faciale/epluchage/,200,Peeling à Gérone - MedicsIntegralSalut,,sitemap_only,,0,
/ru/%d0%b5%d0%b4%d0%b8%d0%bd%d0%b8%d1%86%d1%8b/%d1%8d%d1%81%d1%82%d0%b5%d1%82%d0%b8%d1%87%d0%b5%d1%81%d0%ba%d0%b0%d1%8f-%d0%bc%d0%b5%d0%b4%d0%b8%d1%86%d0%b8%d0%bd%d0%b0-%d0%bb%d0%b8%d1%86%d0%b0/%d0%bf%d0%b8%d0%bb%d0%b8%d0%bd%d0%b3/,mantener,/ru/%d0%b5%d0%b4%d0%b8%d0%bd%d0%b8%d1%86%d1%8b/%d1%8d%d1%81%d1%82%d0%b5%d1%82%d0%b8%d1%87%d0%b5%d1%81%d0%ba%d0%b0%d1%8f-%d0%bc%d0%b5%d0%b4%d0%b8%d1%86%d0%b8%d0%bd%d0%b0-%d0%bb%d0%b8%d1%86%d0%b0/%d0%bf%d0%b8%d0%bb%d0%b8%d0%bd%d0%b3/,200,Пилинг в Жироне - MedicsIntegralSalut,,sitemap_only,,,
/uk/%d0%be%d0%b4%d0%b8%d0%bd%d0%b8%d1%86%d1%96/%d0%b5%d1%81%d1%82%d0%b5%d1%82%d0%b8%d1%87%d0%bd%d0%b0-%d0%bc%d0%b5%d0%b4%d0%b8%d1%86%d0%b8%d0%bd%d0%b0-%d0%b4%d0%bb%d1%8f-%d0%be%d0%b1%d0%bb%d0%b8%d1%87%d1%87%d1%8f/%d0%bf%d1%96%d0%bb%d1%96%d0%bd%d0%b3/,mantener,/uk/%d0%be%d0%b4%d0%b8%d0%bd%d0%b8%d1%86%d1%96/%d0%b5%d1%81%d1%82%d0%b5%d1%82%d0%b8%d1%87%d0%bd%d0%b0-%d0%bc%d0%b5%d0%b4%d0%b8%d1%86%d0%b8%d0%bd%d0%b0-%d0%b4%d0%bb%d1%8f-%d0%be%d0%b1%d0%bb%d0%b8%d1%87%d1%87%d1%8f/%d0%bf%d1%96%d0%bb%d1%96%d0%bd%d0%b3/,200,Пілінг у Жироні — MedicsIntegralSalut,,sitemap_only,,,
/ca/unitats-2/medicina-estetica-facial/pela/,301,/ca/unitats/medicina-estetica-facial/pela/,301,Peeling a Girona - MedicsIntegralSalut,,sitemap_only,,0,renombrada 05/10/2026: URL catalana sin «-2» (decisión usuario)
/en/units/cosmetic-facial-surgery-2/wrinkle-fillers/,mantener,/en/units/cosmetic-facial-surgery-2/wrinkle-fillers/,200,Wrinkle fillers - MedicsIntegralSalut,,sitemap_only,,0,
/fr/unites/chirurgie-esthetique-faciale/remplissage-de-rides/,mantener,/fr/unites/chirurgie-esthetique-faciale/remplissage-de-rides/,200,Rides - MedicsIntegralSalut,,sitemap_only,,2,
/ru/%d0%b5%d0%b4%d0%b8%d0%bd%d0%b8%d1%86%d1%8b/%d0%bf%d0%bb%d0%b0%d1%81%d1%82%d0%b8%d1%87%d0%b5%d1%81%d0%ba%d0%b0%d1%8f-%d1%85%d0%b8%d1%80%d1%83%d1%80%d0%b3%d0%b8%d1%8f-%d0%bb%d0%b8%d1%86%d0%b0/%d1%84%d0%b8%d0%bb%d0%bb%d0%b5%d1%80-%d0%bf%d1%80%d0%be%d1%82%d0%b8%d0%b2-%d0%bc%d0%be%d1%80%d1%89%d0%b8%d0%bd/,mantener,/ru/%d0%b5%d0%b4%d0%b8%d0%bd%d0%b8%d1%86%d1%8b/%d0%bf%d0%bb%d0%b0%d1%81%d1%82%d0%b8%d1%87%d0%b5%d1%81%d0%ba%d0%b0%d1%8f-%d1%85%d0%b8%d1%80%d1%83%d1%80%d0%b3%d0%b8%d1%8f-%d0%bb%d0%b8%d1%86%d0%b0/%d1%84%d0%b8%d0%bb%d0%bb%d0%b5%d1%80-%d0%bf%d1%80%d0%be%d1%82%d0%b8%d0%b2-%d0%bc%d0%be%d1%80%d1%89%d0%b8%d0%bd/,200,Заполнение морщин – MedicsIntegralSalut,,sitemap_only,,,
/uk/%d0%be%d0%b4%d0%b8%d0%bd%d0%b8%d1%86%d1%96/%d0%b5%d1%81%d1%82%d0%b5%d1%82%d0%b8%d1%87%d0%bd%d0%b0-%d1%85%d1%96%d1%80%d1%83%d1%80%d0%b3%d1%96%d1%8f-%d0%be%d0%b1%d0%bb%d0%b8%d1%87%d1%87%d1%8f-2/%d0%b7%d0%b0%d0%bf%d0%be%d0%b2%d0%bd%d0%b5%d0%bd%d0%bd%d1%8f-%d0%b7%d0%bc%d0%be%d1%80%d1%88%d0%be%d0%ba/,mantener,/uk/%d0%be%d0%b4%d0%b8%d0%bd%d0%b8%d1%86%d1%96/%d0%b5%d1%81%d1%82%d0%b5%d1%82%d0%b8%d1%87%d0%bd%d0%b0-%d1%85%d1%96%d1%80%d1%83%d1%80%d0%b3%d1%96%d1%8f-%d0%be%d0%b1%d0%bb%d0%b8%d1%87%d1%87%d1%8f-2/%d0%b7%d0%b0%d0%bf%d0%be%d0%b2%d0%bd%d0%b5%d0%bd%d0%bd%d1%8f-%d0%b7%d0%bc%d0%be%d1%80%d1%88%d0%be%d0%ba/,200,Заповнення зморшок — MedicsIntegralSalut,,sitemap_only,,,
/ca/unitats-2/cirurgia-estetica-facial-2/farciment-darrugues-2/,301,/ca/unitats/cirurgia-estetica-facial/farciment-darrugues/,301,Rellen de arrugues - MedicsIntegralSalut,,sitemap_only,,1,renombrada 05/10/2026: URL catalana sin «-2» (decisión usuario)
/en/units/cosmetic-body-medicine/non-surgical-liposuction/,mantener,/en/units/cosmetic-body-medicine/non-surgical-liposuction/,200,Non-surgical liposuction - MedicsIntegralSalut,,sitemap_only,,1,
/fr/unites/medecine-esthetique-corporelle/liposuccion-sans-chirurgie/,mantener,/fr/unites/medecine-esthetique-corporelle/liposuccion-sans-chirurgie/,200,Liposuccion sans chirurgie - MedicsIntegralSalut,,sitemap_only,,6,
/ru/%d0%b5%d0%b4%d0%b8%d0%bd%d0%b8%d1%86%d1%8b/%d1%8d%d1%81%d1%82%d0%b5%d1%82%d0%b8%d1%87%d0%b5%d1%81%d0%ba%d0%b0%d1%8f-%d0%bc%d0%b5%d0%b4%d0%b8%d1%86%d0%b8%d0%bd%d0%b0-%d1%82%d0%b5%d0%bb%d0%b0/%d0%bb%d0%b8%d0%bf%d0%be%d1%81%d0%b0%d0%ba%d1%86%d0%b8%d1%8f-%d0%b1%d0%b5%d0%b7-%d0%be%d0%bf%d0%b5%d1%80%d0%b0%d1%86%d0%b8%d0%b8-2/,mantener,/ru/%d0%b5%d0%b4%d0%b8%d0%bd%d0%b8%d1%86%d1%8b/%d1%8d%d1%81%d1%82%d0%b5%d1%82%d0%b8%d1%87%d0%b5%d1%81%d0%ba%d0%b0%d1%8f-%d0%bc%d0%b5%d0%b4%d0%b8%d1%86%d0%b8%d0%bd%d0%b0-%d1%82%d0%b5%d0%bb%d0%b0/%d0%bb%d0%b8%d0%bf%d0%be%d1%81%d0%b0%d0%ba%d1%86%d0%b8%d1%8f-%d0%b1%d0%b5%d0%b7-%d0%be%d0%bf%d0%b5%d1%80%d0%b0%d1%86%d0%b8%d0%b8-2/,200,Безоперационная липосакция - MedicsIntegralSalut,,sitemap_only,,,
/uk/%d0%be%d0%b4%d0%b8%d0%bd%d0%b8%d1%86%d1%96/%d0%b5%d1%81%d1%82%d0%b5%d1%82%d0%b8%d1%87%d0%bd%d0%b0-%d0%bc%d0%b5%d0%b4%d0%b8%d1%86%d0%b8%d0%bd%d0%b0-%d0%b4%d0%bb%d1%8f-%d1%82%d1%96%d0%bb%d0%b0/%d0%bb%d1%96%d0%bf%d0%be%d1%81%d0%b0%d0%ba%d1%86%d1%96%d1%8f-%d0%b1%d0%b5%d0%b7-%d1%85%d1%96%d1%80%d1%83%d1%80%d0%b3%d1%96%d1%87%d0%bd%d0%be%d0%b3%d0%be-%d0%b2%d1%82%d1%80%d1%83%d1%87%d0%b0%d0%bd-2/,mantener,/uk/%d0%be%d0%b4%d0%b8%d0%bd%d0%b8%d1%86%d1%96/%d0%b5%d1%81%d1%82%d0%b5%d1%82%d0%b8%d1%87%d0%bd%d0%b0-%d0%bc%d0%b5%d0%b4%d0%b8%d1%86%d0%b8%d0%bd%d0%b0-%d0%b4%d0%bb%d1%8f-%d1%82%d1%96%d0%bb%d0%b0/%d0%bb%d1%96%d0%bf%d0%be%d1%81%d0%b0%d0%ba%d1%86%d1%96%d1%8f-%d0%b1%d0%b5%d0%b7-%d1%85%d1%96%d1%80%d1%83%d1%80%d0%b3%d1%96%d1%87%d0%bd%d0%be%d0%b3%d0%be-%d0%b2%d1%82%d1%80%d1%83%d1%87%d0%b0%d0%bd-2/,200,Ліпосакція без хірургічного втручання — MedicsIntegralSalut,,sitemap_only,,,
/ca/unitats-2/medicina-estetica-corporal/liposuccio-sense-cirurgia-2/,301,/ca/unitats/medicina-estetica-corporal/liposuccio-sense-cirurgia/,301,Lipoescultura sense cirurgia - MedicsIntegralSalut,,sitemap_only,,0,renombrada 05/10/2026: URL catalana sin «-2» (decisión usuario)
/en/units/cosmetic-body-medicine/cellulite/,mantener,/en/units/cosmetic-body-medicine/cellulite/,200,Remove Cellulite - MedicsIntegralSalut,,sitemap_only,,2,
/fr/unites/medecine-esthetique-corporelle/cellulite/,mantener,/fr/unites/medecine-esthetique-corporelle/cellulite/,200,Éliminer la cellulite - MedicsIntegralSalut,,sitemap_only,,0,
/ru/%d0%b5%d0%b4%d0%b8%d0%bd%d0%b8%d1%86%d1%8b/%d1%8d%d1%81%d1%82%d0%b5%d1%82%d0%b8%d1%87%d0%b5%d1%81%d0%ba%d0%b0%d1%8f-%d0%bc%d0%b5%d0%b4%d0%b8%d1%86%d0%b8%d0%bd%d0%b0-%d1%82%d0%b5%d0%bb%d0%b0/%d1%86%d0%b5%d0%bb%d0%bb%d1%8e%d0%bb%d0%b8%d1%82/,mantener,/ru/%d0%b5%d0%b4%d0%b8%d0%bd%d0%b8%d1%86%d1%8b/%d1%8d%d1%81%d1%82%d0%b5%d1%82%d0%b8%d1%87%d0%b5%d1%81%d0%ba%d0%b0%d1%8f-%d0%bc%d0%b5%d0%b4%d0%b8%d1%86%d0%b8%d0%bd%d0%b0-%d1%82%d0%b5%d0%bb%d0%b0/%d1%86%d0%b5%d0%bb%d0%bb%d1%8e%d0%bb%d0%b8%d1%82/,200,Удаление Целлюлита - MedicsIntegralSalut,,sitemap_only,,,
/uk/%d0%be%d0%b4%d0%b8%d0%bd%d0%b8%d1%86%d1%96/%d0%b5%d1%81%d1%82%d0%b5%d1%82%d0%b8%d1%87%d0%bd%d0%b0-%d0%bc%d0%b5%d0%b4%d0%b8%d1%86%d0%b8%d0%bd%d0%b0-%d0%b4%d0%bb%d1%8f-%d1%82%d1%96%d0%bb%d0%b0/%d1%86%d0%b5%d0%bb%d1%8e%d0%bb%d1%96%d1%82/,mantener,/uk/%d0%be%d0%b4%d0%b8%d0%bd%d0%b8%d1%86%d1%96/%d0%b5%d1%81%d1%82%d0%b5%d1%82%d0%b8%d1%87%d0%bd%d0%b0-%d0%bc%d0%b5%d0%b4%d0%b8%d1%86%d0%b8%d0%bd%d0%b0-%d0%b4%d0%bb%d1%8f-%d1%82%d1%96%d0%bb%d0%b0/%d1%86%d0%b5%d0%bb%d1%8e%d0%bb%d1%96%d1%82/,200,Як позбутися целюліту — MedicsIntegralSalut,,sitemap_only,,,
/ca/unitats-2/medicina-estetica-corporal/cel%c2%b7lulitis/,301,/ca/unitats/medicina-estetica-corporal/cel%c2%b7lulitis/,301,Eliminar Cel·lulitis - MedicsIntegralSalut,,sitemap_only,,,renombrada 05/10/2026: URL catalana sin «-2» (decisión usuario)
/en/units/overweight-and-obesity-2/ingestible-balloon-elipse/,mantener,/en/units/overweight-and-obesity-2/ingestible-balloon-elipse/,200,Edible Balloon Elipse - MedicsIntegralSalut,,sitemap_only,,0,
/fr/unites/surpoids-et-obesite-2/balle-comestible-ellipse/,mantener,/fr/unites/surpoids-et-obesite-2/balle-comestible-ellipse/,200,Balon Ingerible elipse - MedicsIntegralSalut,,sitemap_only,,0,
/ru/%d0%b5%d0%b4%d0%b8%d0%bd%d0%b8%d1%86%d1%8b/%d0%b8%d0%b7%d0%b1%d1%8b%d1%82%d0%be%d1%87%d0%bd%d1%8b%d0%b9-%d0%b2%d0%b5%d1%81-%d0%b8-%d0%be%d0%b6%d0%b8%d1%80%d0%b5%d0%bd%d0%b8%d0%b5-2/%d0%bd%d0%b0%d0%b4%d1%83%d0%b2%d0%bd%d0%be%d0%b9-%d1%8d%d0%bb%d0%bb%d0%b8%d0%bf%d1%82%d0%b8%d1%87%d0%b5%d1%81%d0%ba%d0%b8%d0%b9-%d1%88%d0%b0%d1%80/,mantener,/ru/%d0%b5%d0%b4%d0%b8%d0%bd%d0%b8%d1%86%d1%8b/%d0%b8%d0%b7%d0%b1%d1%8b%d1%82%d0%be%d1%87%d0%bd%d1%8b%d0%b9-%d0%b2%d0%b5%d1%81-%d0%b8-%d0%be%d0%b6%d0%b8%d1%80%d0%b5%d0%bd%d0%b8%d0%b5-2/%d0%bd%d0%b0%d0%b4%d1%83%d0%b2%d0%bd%d0%be%d0%b9-%d1%8d%d0%bb%d0%bb%d0%b8%d0%bf%d1%82%d0%b8%d1%87%d0%b5%d1%81%d0%ba%d0%b8%d0%b9-%d1%88%d0%b0%d1%80/,200,Надувной баллон эллиптический - MedicsIntegralSalut,,sitemap_only,,,
/uk/%d0%be%d0%b4%d0%b8%d0%bd%d0%b8%d1%86%d1%96/%d0%bd%d0%b0%d0%b4%d0%bc%d1%96%d1%80%d0%bd%d0%b0-%d0%b2%d0%b0%d0%b3%d0%b0-%d1%82%d0%b0-%d0%be%d0%b6%d0%b8%d1%80%d1%96%d0%bd%d0%bd%d1%8f-2/balon-ingerible-elipse/,mantener,/uk/%d0%be%d0%b4%d0%b8%d0%bd%d0%b8%d1%86%d1%96/%d0%bd%d0%b0%d0%b4%d0%bc%d1%96%d1%80%d0%bd%d0%b0-%d0%b2%d0%b0%d0%b3%d0%b0-%d1%82%d0%b0-%d0%be%d0%b6%d0%b8%d1%80%d1%96%d0%bd%d0%bd%d1%8f-2/balon-ingerible-elipse/,200,Balon Ingerible elipse - MedicsIntegralSalut,,sitemap_only,,,
/ca/unitats-2/sobrepes-i-obesitat-2/pilota-ingerible-el%c2%b7lipse/,301,/ca/unitats/sobrepes-i-obesitat/pilota-ingerible-el%c2%b7lipse/,301,Baló Ingerible El·lipse - MedicsIntegralSalut,,sitemap_only,,,renombrada 05/10/2026: URL catalana sin «-2» (decisión usuario)
/en/units/overweight-and-obesity-2/balloon-6-months/,mantener,/en/units/overweight-and-obesity-2/balloon-6-months/,200,Gastric Balloon 6 Months - MedicsIntegralSalut,,sitemap_only,,0,
/fr/unites/surpoids-et-obesite-2/ballon-6-mois/,mantener,/fr/unites/surpoids-et-obesite-2/ballon-6-mois/,200,Ballon Gastrique 6 Mois - MedicsIntegralBonjour,,sitemap_only,,0,
/ru/%d0%b5%d0%b4%d0%b8%d0%bd%d0%b8%d1%86%d1%8b/%d0%b8%d0%b7%d0%b1%d1%8b%d1%82%d0%be%d1%87%d0%bd%d1%8b%d0%b9-%d0%b2%d0%b5%d1%81-%d0%b8-%d0%be%d0%b6%d0%b8%d1%80%d0%b5%d0%bd%d0%b8%d0%b5-2/balon-6-%d0%bc%d0%b5%d1%81%d1%8f%d1%86%d0%b5%d0%b2/,mantener,/ru/%d0%b5%d0%b4%d0%b8%d0%bd%d0%b8%d1%86%d1%8b/%d0%b8%d0%b7%d0%b1%d1%8b%d1%82%d0%be%d1%87%d0%bd%d1%8b%d0%b9-%d0%b2%d0%b5%d1%81-%d0%b8-%d0%be%d0%b6%d0%b8%d1%80%d0%b5%d0%bd%d0%b8%d0%b5-2/balon-6-%d0%bc%d0%b5%d1%81%d1%8f%d1%86%d0%b5%d0%b2/,200,Гастрономический баллон на 6 месяцев - MedicsIntegralSalut,,sitemap_only,,,
/uk/%d0%be%d0%b4%d0%b8%d0%bd%d0%b8%d1%86%d1%96/%d0%bd%d0%b0%d0%b4%d0%bc%d1%96%d1%80%d0%bd%d0%b0-%d0%b2%d0%b0%d0%b3%d0%b0-%d1%82%d0%b0-%d0%be%d0%b6%d0%b8%d1%80%d1%96%d0%bd%d0%bd%d1%8f-2/%d0%bc%d1%8f%d1%87-6-%d0%bc%d1%96%d1%81%d1%8f%d1%86%d1%96%d0%b2/,mantener,/uk/%d0%be%d0%b4%d0%b8%d0%bd%d0%b8%d1%86%d1%96/%d0%bd%d0%b0%d0%b4%d0%bc%d1%96%d1%80%d0%bd%d0%b0-%d0%b2%d0%b0%d0%b3%d0%b0-%d1%82%d0%b0-%d0%be%d0%b6%d0%b8%d1%80%d1%96%d0%bd%d0%bd%d1%8f-2/%d0%bc%d1%8f%d1%87-6-%d0%bc%d1%96%d1%81%d1%8f%d1%86%d1%96%d0%b2/,200,Шлунковий балон на 6 місяців — MedicsIntegralSalut,,sitemap_only,,,
/ca/unitats-2/sobrepes-i-obesitat-2/bota-6-mesos/,301,/ca/unitats/sobrepes-i-obesitat/bota-6-mesos/,301,6 Mesos de Baló Gàstric - MedicsIntegralSalut,,sitemap_only,,0,renombrada 05/10/2026: URL catalana sin «-2» (decisión usuario)
/en/units/overweight-and-obesity-2/endomanga/,mantener,/en/units/overweight-and-obesity-2/endomanga/,200,Mega Method - Gastric Reduction without surgery - MedicsIntegralSalut,,sitemap_only,,0,
/fr/unites/surpoids-et-obesite-2/endomanga/,mantener,/fr/unites/surpoids-et-obesite-2/endomanga/,200,Méthode Mega - Réduction gastrique sans chirurgie - MedicsIntegralSalut,,sitemap_only,,0,
/ru/%d0%b5%d0%b4%d0%b8%d0%bd%d0%b8%d1%86%d1%8b/%d0%b8%d0%b7%d0%b1%d1%8b%d1%82%d0%be%d1%87%d0%bd%d1%8b%d0%b9-%d0%b2%d0%b5%d1%81-%d0%b8-%d0%be%d0%b6%d0%b8%d1%80%d0%b5%d0%bd%d0%b8%d0%b5-2/%d1%8d%d0%bd%d0%b4%d0%be%d0%bc%d0%b0%d0%bd%d0%b3%d0%b0/,mantener,/ru/%d0%b5%d0%b4%d0%b8%d0%bd%d0%b8%d1%86%d1%8b/%d0%b8%d0%b7%d0%b1%d1%8b%d1%82%d0%be%d1%87%d0%bd%d1%8b%d0%b9-%d0%b2%d0%b5%d1%81-%d0%b8-%d0%be%d0%b6%d0%b8%d1%80%d0%b5%d0%bd%d0%b8%d0%b5-2/%d1%8d%d0%bd%d0%b4%d0%be%d0%bc%d0%b0%d0%bd%d0%b3%d0%b0/,200,Método Mega - Reducción gástrica sin cirugía - MedicsIntegralSalut,,sitemap_only,,,
/uk/%d0%be%d0%b4%d0%b8%d0%bd%d0%b8%d1%86%d1%96/%d0%bd%d0%b0%d0%b4%d0%bc%d1%96%d1%80%d0%bd%d0%b0-%d0%b2%d0%b0%d0%b3%d0%b0-%d1%82%d0%b0-%d0%be%d0%b6%d0%b8%d1%80%d1%96%d0%bd%d0%bd%d1%8f-2/%d0%b2%d0%bd%d1%83%d1%82%d1%80%d1%96%d1%88%d0%bd%d1%8f-%d1%87%d0%b0%d1%81%d1%82%d0%b8%d0%bd%d0%b0-%d1%80%d1%83%d0%ba%d0%b0%d0%b2%d0%b0/,mantener,/uk/%d0%be%d0%b4%d0%b8%d0%bd%d0%b8%d1%86%d1%96/%d0%bd%d0%b0%d0%b4%d0%bc%d1%96%d1%80%d0%bd%d0%b0-%d0%b2%d0%b0%d0%b3%d0%b0-%d1%82%d0%b0-%d0%be%d0%b6%d0%b8%d1%80%d1%96%d0%bd%d0%bd%d1%8f-2/%d0%b2%d0%bd%d1%83%d1%82%d1%80%d1%96%d1%88%d0%bd%d1%8f-%d1%87%d0%b0%d1%81%d1%82%d0%b8%d0%bd%d0%b0-%d1%80%d1%83%d0%ba%d0%b0%d0%b2%d0%b0/,200,Método Mega - Reducción gástrica sin cirugía - MedicsIntegralSalut,,sitemap_only,,,
/ca/unitats-2/sobrepes-i-obesitat-2/endomanga/,301,/ca/unitats/sobrepes-i-obesitat/endomanga/,301,Mètode Mega - Reducció gàstrica sense cirurgia - MedicsIntegralSalut,,sitemap_only,,1,renombrada 05/10/2026: URL catalana sin «-2» (decisión usuario)
/en/units/overweight-and-obesity-2/dietetics-and-nutrition-2/,mantener,/en/units/overweight-and-obesity-2/dietetics-and-nutrition-2/,200,Nutritionist Girona | Dietitians | MedicsIntegralSalut,,sitemap_only,,1,
/fr/unites/surpoids-et-obesite-2/dietetique-et-nutrition/,mantener,/fr/unites/surpoids-et-obesite-2/dietetique-et-nutrition/,200,Nutritionniste Gérone | Diététiciens | MedicsIntegralSalut,,sitemap_only,,0,
/ru/%d0%b5%d0%b4%d0%b8%d0%bd%d0%b8%d1%86%d1%8b/%d0%b8%d0%b7%d0%b1%d1%8b%d1%82%d0%be%d1%87%d0%bd%d1%8b%d0%b9-%d0%b2%d0%b5%d1%81-%d0%b8-%d0%be%d0%b6%d0%b8%d1%80%d0%b5%d0%bd%d0%b8%d0%b5-2/%d0%b4%d0%b8%d0%b5%d1%82%d0%be%d0%bb%d0%be%d0%b3%d0%b8%d1%8f-%d0%b8-%d0%bf%d0%b8%d1%82%d0%b0%d0%bd%d0%b8%d0%b5/,mantener,/ru/%d0%b5%d0%b4%d0%b8%d0%bd%d0%b8%d1%86%d1%8b/%d0%b8%d0%b7%d0%b1%d1%8b%d1%82%d0%be%d1%87%d0%bd%d1%8b%d0%b9-%d0%b2%d0%b5%d1%81-%d0%b8-%d0%be%d0%b6%d0%b8%d1%80%d0%b5%d0%bd%d0%b8%d0%b5-2/%d0%b4%d0%b8%d0%b5%d1%82%d0%be%d0%bb%d0%be%d0%b3%d0%b8%d1%8f-%d0%b8-%d0%bf%d0%b8%d1%82%d0%b0%d0%bd%d0%b8%d0%b5/,200,Диетолог Жирона | Диетологи | MedicsIntegralSalut,,sitemap_only,,,
/uk/%d0%be%d0%b4%d0%b8%d0%bd%d0%b8%d1%86%d1%96/%d0%bd%d0%b0%d0%b4%d0%bc%d1%96%d1%80%d0%bd%d0%b0-%d0%b2%d0%b0%d0%b3%d0%b0-%d1%82%d0%b0-%d0%be%d0%b6%d0%b8%d1%80%d1%96%d0%bd%d0%bd%d1%8f-2/%d0%b4%d1%96%d1%94%d1%82%d0%be%d0%bb%d0%be%d0%b3%d1%96%d1%8f-%d1%82%d0%b0-%d1%85%d0%b0%d1%80%d1%87%d1%83%d0%b2%d0%b0%d0%bd%d0%bd%d1%8f/,mantener,/uk/%d0%be%d0%b4%d0%b8%d0%bd%d0%b8%d1%86%d1%96/%d0%bd%d0%b0%d0%b4%d0%bc%d1%96%d1%80%d0%bd%d0%b0-%d0%b2%d0%b0%d0%b3%d0%b0-%d1%82%d0%b0-%d0%be%d0%b6%d0%b8%d1%80%d1%96%d0%bd%d0%bd%d1%8f-2/%d0%b4%d1%96%d1%94%d1%82%d0%be%d0%bb%d0%be%d0%b3%d1%96%d1%8f-%d1%82%d0%b0-%d1%85%d0%b0%d1%80%d1%87%d1%83%d0%b2%d0%b0%d0%bd%d0%bd%d1%8f/,200,Дієтолог у Жироні | Дієтологи | MedicsIntegralSalut,,sitemap_only,,,
/ca/unitats-2/sobrepes-i-obesitat-2/dietetica-i-nutricio-2/,301,/ca/unitats/sobrepes-i-obesitat/dietetica-i-nutricio/,301,Nutricionista Girona | Dietistes | MedicsIntegralSalut,,sitemap_only,,8,renombrada 05/10/2026: URL catalana sin «-2» (decisión usuario)
/en/units/overweight-and-obesity-2/bariatric-surgery-2/,mantener,/en/units/overweight-and-obesity-2/bariatric-surgery-2/,200,Bariatric Surgery in Girona - MedicsIntegralSalut,,sitemap_only,,0,
/fr/unites/surpoids-et-obesite-2/chirurgie-bariatrique-2/,mantener,/fr/unites/surpoids-et-obesite-2/chirurgie-bariatrique-2/,200,Chirurgie bariatrique à Girona - MedicsIntegralSalut,,sitemap_only,,0,
/ru/%d0%b5%d0%b4%d0%b8%d0%bd%d0%b8%d1%86%d1%8b/%d0%b8%d0%b7%d0%b1%d1%8b%d1%82%d0%be%d1%87%d0%bd%d1%8b%d0%b9-%d0%b2%d0%b5%d1%81-%d0%b8-%d0%be%d0%b6%d0%b8%d1%80%d0%b5%d0%bd%d0%b8%d0%b5-2/%d0%b1%d0%b0%d1%80%d0%b8%d0%b0%d1%82%d1%80%d0%b8%d1%87%d0%b5%d1%81%d0%ba%d0%b0%d1%8f-%d1%85%d0%b8%d1%80%d1%83%d1%80%d0%b3%d0%b8%d1%8f-2/,mantener,/ru/%d0%b5%d0%b4%d0%b8%d0%bd%d0%b8%d1%86%d1%8b/%d0%b8%d0%b7%d0%b1%d1%8b%d1%82%d0%be%d1%87%d0%bd%d1%8b%d0%b9-%d0%b2%d0%b5%d1%81-%d0%b8-%d0%be%d0%b6%d0%b8%d1%80%d0%b5%d0%bd%d0%b8%d0%b5-2/%d0%b1%d0%b0%d1%80%d0%b8%d0%b0%d1%82%d1%80%d0%b8%d1%87%d0%b5%d1%81%d0%ba%d0%b0%d1%8f-%d1%85%d0%b8%d1%80%d1%83%d1%80%d0%b3%d0%b8%d1%8f-2/,200,Бариатрическая хирургия в Жироне - MedicsIntegralSalut,,sitemap_only,,,
/uk/%d0%be%d0%b4%d0%b8%d0%bd%d0%b8%d1%86%d1%96/%d0%bd%d0%b0%d0%b4%d0%bc%d1%96%d1%80%d0%bd%d0%b0-%d0%b2%d0%b0%d0%b3%d0%b0-%d1%82%d0%b0-%d0%be%d0%b6%d0%b8%d1%80%d1%96%d0%bd%d0%bd%d1%8f-2/%d0%b1%d0%b0%d1%80%d1%96%d0%b0%d1%82%d1%80%d0%b8%d1%87%d0%bd%d0%b0-%d1%85%d1%96%d1%80%d1%83%d1%80%d0%b3%d1%96%d1%8f-2/,mantener,/uk/%d0%be%d0%b4%d0%b8%d0%bd%d0%b8%d1%86%d1%96/%d0%bd%d0%b0%d0%b4%d0%bc%d1%96%d1%80%d0%bd%d0%b0-%d0%b2%d0%b0%d0%b3%d0%b0-%d1%82%d0%b0-%d0%be%d0%b6%d0%b8%d1%80%d1%96%d0%bd%d0%bd%d1%8f-2/%d0%b1%d0%b0%d1%80%d1%96%d0%b0%d1%82%d1%80%d0%b8%d1%87%d0%bd%d0%b0-%d1%85%d1%96%d1%80%d1%83%d1%80%d0%b3%d1%96%d1%8f-2/,200,Баріатрична хірургія в Жироні — MedicsIntegralSalut,,sitemap_only,,,
/ca/unitats-2/sobrepes-i-obesitat-2/cirurgia-bariatrica-2/,301,/ca/unitats/sobrepes-i-obesitat/cirurgia-bariatrica/,301,Cirurgia bariàtrica a Girona - MedicsIntegralSalut,,sitemap_only,,0,renombrada 05/10/2026: URL catalana sin «-2» (decisión usuario)
/en/units/cosmetic-breast-surgery-2/breast-lift/,mantener,/en/units/cosmetic-breast-surgery-2/breast-lift/,200,Boob Lift Girona | Breast Lift,,sitemap_only,,0,
/fr/unites/chirurgie-esthetique-des-seins-2/lifting-des-seins-pexie-mammaire/,mantener,/fr/unites/chirurgie-esthetique-des-seins-2/lifting-des-seins-pexie-mammaire/,200,Reconstruction mammaire Girona | Lifting mammaire,,sitemap_only,,0,
/ru/%d0%b5%d0%b4%d0%b8%d0%bd%d0%b8%d1%86%d1%8b/%d0%bf%d0%bb%d0%b0%d1%81%d1%82%d0%b8%d1%87%d0%b5%d1%81%d0%ba%d0%b0%d1%8f-%d1%85%d0%b8%d1%80%d1%83%d1%80%d0%b3%d0%b8%d1%8f-%d0%b3%d1%80%d1%83%d0%b4%d0%b8/%d0%bc%d0%b0%d0%bc%d0%bc%d0%be%d0%bf%d0%bb%d0%b0%d1%81%d1%82%d0%b8%d0%ba%d0%b0/,mantener,/ru/%d0%b5%d0%b4%d0%b8%d0%bd%d0%b8%d1%86%d1%8b/%d0%bf%d0%bb%d0%b0%d1%81%d1%82%d0%b8%d1%87%d0%b5%d1%81%d0%ba%d0%b0%d1%8f-%d1%85%d0%b8%d1%80%d1%83%d1%80%d0%b3%d0%b8%d1%8f-%d0%b3%d1%80%d1%83%d0%b4%d0%b8/%d0%bc%d0%b0%d0%bc%d0%bc%d0%be%d0%bf%d0%bb%d0%b0%d1%81%d1%82%d0%b8%d0%ba%d0%b0/,200,【 Подтяжка груди Жирона | Мастопексия 】,,sitemap_only,,,
/uk/%d0%be%d0%b4%d0%b8%d0%bd%d0%b8%d1%86%d1%96/%d0%b5%d1%81%d1%82%d0%b5%d1%82%d0%b8%d1%87%d0%bd%d0%b0-%d1%85%d1%96%d1%80%d1%83%d1%80%d0%b3%d1%96%d1%8f-%d0%b3%d1%80%d1%83%d0%b4%d0%b5%d0%b9-2/%d0%bf%d1%96%d0%b4%d1%82%d1%8f%d0%b6%d0%ba%d0%b0-%d0%b3%d1%80%d1%83%d0%b4%d0%b5%d0%b9-%d0%bf%d0%b5%d0%ba%d1%81%d1%96%d1%8f/,mantener,/uk/%d0%be%d0%b4%d0%b8%d0%bd%d0%b8%d1%86%d1%96/%d0%b5%d1%81%d1%82%d0%b5%d1%82%d0%b8%d1%87%d0%bd%d0%b0-%d1%85%d1%96%d1%80%d1%83%d1%80%d0%b3%d1%96%d1%8f-%d0%b3%d1%80%d1%83%d0%b4%d0%b5%d0%b9-2/%d0%bf%d1%96%d0%b4%d1%82%d1%8f%d0%b6%d0%ba%d0%b0-%d0%b3%d1%80%d1%83%d0%b4%d0%b5%d0%b9-%d0%bf%d0%b5%d0%ba%d1%81%d1%96%d1%8f/,200,【 Підтяжка грудей у Жироні | Pexia mamaria 】,,sitemap_only,,,
/ca/unitats-2/cirurgia-estetica-de-mames/elevacio-de-pit-pexia-2/,301,/ca/unitats/cirurgia-estetica-de-mames/elevacio-de-pit-pexia/,301,Elevació de pit Girona | Pexia mamària,,sitemap_only,,0,renombrada 05/10/2026: URL catalana sin «-2» (decisión usuario)
/en/units/cosmetic-breast-surgery-2/breast-reduction/,mantener,/en/units/cosmetic-breast-surgery-2/breast-reduction/,200,Breast Reduction in Girona | MedicsIntegralSalut ⭐,,sitemap_only,,1,
/fr/unites/chirurgie-esthetique-des-seins-2/reduction-mammaire/,mantener,/fr/unites/chirurgie-esthetique-des-seins-2/reduction-mammaire/,200,Réduction Mammaire à Gérone | MedicsIntegralSalut ⭐,,sitemap_only,,0,
/ru/%d0%b5%d0%b4%d0%b8%d0%bd%d0%b8%d1%86%d1%8b/%d0%bf%d0%bb%d0%b0%d1%81%d1%82%d0%b8%d1%87%d0%b5%d1%81%d0%ba%d0%b0%d1%8f-%d1%85%d0%b8%d1%80%d1%83%d1%80%d0%b3%d0%b8%d1%8f-%d0%b3%d1%80%d1%83%d0%b4%d0%b8/%d1%80%d0%b5%d0%b4%d1%83%d0%ba%d1%86%d0%b8%d1%8f-%d0%b3%d1%80%d1%83%d0%b4%d0%b8/,mantener,/ru/%d0%b5%d0%b4%d0%b8%d0%bd%d0%b8%d1%86%d1%8b/%d0%bf%d0%bb%d0%b0%d1%81%d1%82%d0%b8%d1%87%d0%b5%d1%81%d0%ba%d0%b0%d1%8f-%d1%85%d0%b8%d1%80%d1%83%d1%80%d0%b3%d0%b8%d1%8f-%d0%b3%d1%80%d1%83%d0%b4%d0%b8/%d1%80%d0%b5%d0%b4%d1%83%d0%ba%d1%86%d0%b8%d1%8f-%d0%b3%d1%80%d1%83%d0%b4%d0%b8/,200,Редукционная маммопластика в Жироне | MedicsIntegralSalut ⭐,,sitemap_only,,,
/uk/%d0%be%d0%b4%d0%b8%d0%bd%d0%b8%d1%86%d1%96/%d0%b5%d1%81%d1%82%d0%b5%d1%82%d0%b8%d1%87%d0%bd%d0%b0-%d1%85%d1%96%d1%80%d1%83%d1%80%d0%b3%d1%96%d1%8f-%d0%b3%d1%80%d1%83%d0%b4%d0%b5%d0%b9-2/%d0%b7%d0%bc%d0%b5%d0%bd%d1%88%d0%b5%d0%bd%d0%bd%d1%8f-%d0%b3%d1%80%d1%83%d0%b4%d0%b5%d0%b9/,mantener,/uk/%d0%be%d0%b4%d0%b8%d0%bd%d0%b8%d1%86%d1%96/%d0%b5%d1%81%d1%82%d0%b5%d1%82%d0%b8%d1%87%d0%bd%d0%b0-%d1%85%d1%96%d1%80%d1%83%d1%80%d0%b3%d1%96%d1%8f-%d0%b3%d1%80%d1%83%d0%b4%d0%b5%d0%b9-2/%d0%b7%d0%bc%d0%b5%d0%bd%d1%88%d0%b5%d0%bd%d0%bd%d1%8f-%d0%b3%d1%80%d1%83%d0%b4%d0%b5%d0%b9/,200,Зменшення грудей у Жироні | MedicsIntegralSalut ⭐,,sitemap_only,,,
/ca/unitats-2/cirurgia-estetica-de-mames/reduccio-de-pits/,301,/ca/unitats/cirurgia-estetica-de-mames/reduccio-de-pits/,301,Reducció de Pit a Girona | MedicsIntegralSalut ⭐,,sitemap_only,,1,renombrada 05/10/2026: URL catalana sin «-2» (decisión usuario)
/en/units/cosmetic-facial-surgery-2/neck-and-double-chin-mini-lift/,mantener,/en/units/cosmetic-facial-surgery-2/neck-and-double-chin-mini-lift/,200,Neck and double chin mini-lift - MedicsIntegralSalut,,sitemap_only,,0,
/fr/unites/chirurgie-esthetique-faciale/mini-lifting-du-cou-et-du-double-menton/,mantener,/fr/unites/chirurgie-esthetique-faciale/mini-lifting-du-cou-et-du-double-menton/,200,Minilifting du cou et du double menton - MedicsIntegralSalut,,sitemap_only,,1,
/ru/%d0%b5%d0%b4%d0%b8%d0%bd%d0%b8%d1%86%d1%8b/%d0%bf%d0%bb%d0%b0%d1%81%d1%82%d0%b8%d1%87%d0%b5%d1%81%d0%ba%d0%b0%d1%8f-%d1%85%d0%b8%d1%80%d1%83%d1%80%d0%b3%d0%b8%d1%8f-%d0%bb%d0%b8%d1%86%d0%b0/%d0%bf%d0%be%d0%b4%d1%82%d1%8f%d0%b6%d0%ba%d0%b0-%d1%88%d0%b5%d0%b8-%d0%b8-%d0%bf%d0%be%d0%b4%d0%b1%d0%be%d1%80%d0%be%d0%b4%d0%ba%d0%b0/,mantener,/ru/%d0%b5%d0%b4%d0%b8%d0%bd%d0%b8%d1%86%d1%8b/%d0%bf%d0%bb%d0%b0%d1%81%d1%82%d0%b8%d1%87%d0%b5%d1%81%d0%ba%d0%b0%d1%8f-%d1%85%d0%b8%d1%80%d1%83%d1%80%d0%b3%d0%b8%d1%8f-%d0%bb%d0%b8%d1%86%d0%b0/%d0%bf%d0%be%d0%b4%d1%82%d1%8f%d0%b6%d0%ba%d0%b0-%d1%88%d0%b5%d0%b8-%d0%b8-%d0%bf%d0%be%d0%b4%d0%b1%d0%be%d1%80%d0%be%d0%b4%d0%ba%d0%b0/,200,Минилифтинг шеи и подбородка - MedicsIntegralSalut,,sitemap_only,,,
/uk/%d0%be%d0%b4%d0%b8%d0%bd%d0%b8%d1%86%d1%96/%d0%b5%d1%81%d1%82%d0%b5%d1%82%d0%b8%d1%87%d0%bd%d0%b0-%d1%85%d1%96%d1%80%d1%83%d1%80%d0%b3%d1%96%d1%8f-%d0%be%d0%b1%d0%bb%d0%b8%d1%87%d1%87%d1%8f-2/%d0%bc%d1%96%d0%bd%d1%96%d0%bb%d1%96%d1%84%d1%82%d0%b8%d0%bd%d0%b3-%d1%88%d0%b8%d1%97-%d1%82%d0%b0-%d0%bf%d0%be%d0%b4%d0%b2%d1%96%d0%b9%d0%bd%d0%be%d0%b3%d0%be-%d0%bf%d1%96%d0%b4%d0%b1%d0%be%d1%80/,mantener,/uk/%d0%be%d0%b4%d0%b8%d0%bd%d0%b8%d1%86%d1%96/%d0%b5%d1%81%d1%82%d0%b5%d1%82%d0%b8%d1%87%d0%bd%d0%b0-%d1%85%d1%96%d1%80%d1%83%d1%80%d0%b3%d1%96%d1%8f-%d0%be%d0%b1%d0%bb%d0%b8%d1%87%d1%87%d1%8f-2/%d0%bc%d1%96%d0%bd%d1%96%d0%bb%d1%96%d1%84%d1%82%d0%b8%d0%bd%d0%b3-%d1%88%d0%b8%d1%97-%d1%82%d0%b0-%d0%bf%d0%be%d0%b4%d0%b2%d1%96%d0%b9%d0%bd%d0%be%d0%b3%d0%be-%d0%bf%d1%96%d0%b4%d0%b1%d0%be%d1%80/,200,Міні-ліфтинг шиї та подвійного підборіддя — MedicsIntegralSalut,,sitemap_only,,,
/ca/unitats-2/cirurgia-estetica-facial-2/minilifting-de-coll-i-papada-2/,301,/ca/unitats/cirurgia-estetica-facial/minilifting-de-coll-i-papada/,301,Minilifting de coll i papada - MedicsIntegralSalut,,sitemap_only,,0,renombrada 05/10/2026: URL catalana sin «-2» (decisión usuario)
/en/units/cosmetic-facial-surgery-2/facial-lift/,mantener,/en/units/cosmetic-facial-surgery-2/facial-lift/,200,Facial Lifting Girona - MedicsIntegralSalut,,sitemap_only,,0,
/fr/unites/chirurgie-esthetique-faciale/lifting-du-visage/,mantener,/fr/unites/chirurgie-esthetique-faciale/lifting-du-visage/,200,Lifting Facial Gérone - MedicsIntegralBonjour,,sitemap_only,,0,
/ru/%d0%b5%d0%b4%d0%b8%d0%bd%d0%b8%d1%86%d1%8b/%d0%bf%d0%bb%d0%b0%d1%81%d1%82%d0%b8%d1%87%d0%b5%d1%81%d0%ba%d0%b0%d1%8f-%d1%85%d0%b8%d1%80%d1%83%d1%80%d0%b3%d0%b8%d1%8f-%d0%bb%d0%b8%d1%86%d0%b0/%d0%bf%d0%be%d0%b4%d1%82%d1%8f%d0%b6%d0%ba%d0%b0-%d0%bb%d0%b8%d1%86%d0%b0/,mantener,/ru/%d0%b5%d0%b4%d0%b8%d0%bd%d0%b8%d1%86%d1%8b/%d0%bf%d0%bb%d0%b0%d1%81%d1%82%d0%b8%d1%87%d0%b5%d1%81%d0%ba%d0%b0%d1%8f-%d1%85%d0%b8%d1%80%d1%83%d1%80%d0%b3%d0%b8%d1%8f-%d0%bb%d0%b8%d1%86%d0%b0/%d0%bf%d0%be%d0%b4%d1%82%d1%8f%d0%b6%d0%ba%d0%b0-%d0%bb%d0%b8%d1%86%d0%b0/,200,Лифтинг лица Жирона - MedicsIntegralSalut,,sitemap_only,,,
/uk/%d0%be%d0%b4%d0%b8%d0%bd%d0%b8%d1%86%d1%96/%d0%b5%d1%81%d1%82%d0%b5%d1%82%d0%b8%d1%87%d0%bd%d0%b0-%d1%85%d1%96%d1%80%d1%83%d1%80%d0%b3%d1%96%d1%8f-%d0%be%d0%b1%d0%bb%d0%b8%d1%87%d1%87%d1%8f-2/%d0%bf%d1%96%d0%b4%d1%82%d1%8f%d0%b6%d0%ba%d0%b0-%d0%be%d0%b1%d0%bb%d0%b8%d1%87%d1%87%d1%8f/,mantener,/uk/%d0%be%d0%b4%d0%b8%d0%bd%d0%b8%d1%86%d1%96/%d0%b5%d1%81%d1%82%d0%b5%d1%82%d0%b8%d1%87%d0%bd%d0%b0-%d1%85%d1%96%d1%80%d1%83%d1%80%d0%b3%d1%96%d1%8f-%d0%be%d0%b1%d0%bb%d0%b8%d1%87%d1%87%d1%8f-2/%d0%bf%d1%96%d0%b4%d1%82%d1%8f%d0%b6%d0%ba%d0%b0-%d0%be%d0%b1%d0%bb%d0%b8%d1%87%d1%87%d1%8f/,200,Ліфтинг обличчя в Жироні — MedicsIntegralSalut,,sitemap_only,,,
/ca/unitats-2/cirurgia-estetica-facial-2/lifting-facial/,301,/ca/unitats/cirurgia-estetica-facial/lifting-facial/,301,Lifting Facial Girona - MedicsIntegralSalut,,sitemap_only,,0,renombrada 05/10/2026: URL catalana sin «-2» (decisión usuario)
/en/units/cosmetic-facial-surgery-2/chin-and-cheek-surgery/,mantener,/en/units/cosmetic-facial-surgery-2/chin-and-cheek-surgery/,200,Chin and cheekbone surgery - MedicsIntegralSalut,,sitemap_only,,0,
/fr/unites/chirurgie-esthetique-faciale/chirurgie-du-menton-et-des-pommettes-2/,mantener,/fr/unites/chirurgie-esthetique-faciale/chirurgie-du-menton-et-des-pommettes-2/,200,Chirurgie du menton et des pommettes - MedicsIntegralSalut,,sitemap_only,,0,
/ru/%d0%b5%d0%b4%d0%b8%d0%bd%d0%b8%d1%86%d1%8b/%d0%bf%d0%bb%d0%b0%d1%81%d1%82%d0%b8%d1%87%d0%b5%d1%81%d0%ba%d0%b0%d1%8f-%d1%85%d0%b8%d1%80%d1%83%d1%80%d0%b3%d0%b8%d1%8f-%d0%bb%d0%b8%d1%86%d0%b0/%d0%be%d0%bf%d0%b5%d1%80%d0%b0%d1%86%d0%b8%d1%8f-%d0%bd%d0%b0-%d0%bf%d0%be%d0%b4%d0%b1%d0%be%d1%80%d0%be%d0%b4%d0%ba%d0%b5-%d0%b8-%d1%81%d0%ba%d1%83%d0%bb%d0%b0%d1%85/,mantener,/ru/%d0%b5%d0%b4%d0%b8%d0%bd%d0%b8%d1%86%d1%8b/%d0%bf%d0%bb%d0%b0%d1%81%d1%82%d0%b8%d1%87%d0%b5%d1%81%d0%ba%d0%b0%d1%8f-%d1%85%d0%b8%d1%80%d1%83%d1%80%d0%b3%d0%b8%d1%8f-%d0%bb%d0%b8%d1%86%d0%b0/%d0%be%d0%bf%d0%b5%d1%80%d0%b0%d1%86%d0%b8%d1%8f-%d0%bd%d0%b0-%d0%bf%d0%be%d0%b4%d0%b1%d0%be%d1%80%d0%be%d0%b4%d0%ba%d0%b5-%d0%b8-%d1%81%d0%ba%d1%83%d0%bb%d0%b0%d1%85/,200,Хирургия подбородка и скул - MedicsIntegralSalut,,sitemap_only,,,
/uk/%d0%be%d0%b4%d0%b8%d0%bd%d0%b8%d1%86%d1%96/%d0%b5%d1%81%d1%82%d0%b5%d1%82%d0%b8%d1%87%d0%bd%d0%b0-%d1%85%d1%96%d1%80%d1%83%d1%80%d0%b3%d1%96%d1%8f-%d0%be%d0%b1%d0%bb%d0%b8%d1%87%d1%87%d1%8f-2/%d1%85%d1%96%d1%80%d1%83%d1%80%d0%b3%d1%96%d1%8f-%d0%bf%d1%96%d0%b4%d0%b1%d0%be%d1%80%d1%96%d0%b4%d0%b4%d1%8f-%d1%82%d0%b0-%d0%b2%d0%b8%d0%bb%d0%b8%d1%86%d1%8c/,mantener,/uk/%d0%be%d0%b4%d0%b8%d0%bd%d0%b8%d1%86%d1%96/%d0%b5%d1%81%d1%82%d0%b5%d1%82%d0%b8%d1%87%d0%bd%d0%b0-%d1%85%d1%96%d1%80%d1%83%d1%80%d0%b3%d1%96%d1%8f-%d0%be%d0%b1%d0%bb%d0%b8%d1%87%d1%87%d1%8f-2/%d1%85%d1%96%d1%80%d1%83%d1%80%d0%b3%d1%96%d1%8f-%d0%bf%d1%96%d0%b4%d0%b1%d0%be%d1%80%d1%96%d0%b4%d0%b4%d1%8f-%d1%82%d0%b0-%d0%b2%d0%b8%d0%bb%d0%b8%d1%86%d1%8c/,200,Хірургія підборіддя та вилиць — MedicsIntegralSalut,,sitemap_only,,,
/ca/unitats-2/cirurgia-estetica-facial-2/cirurgia-de-barbeta-i-pomuls/,301,/ca/unitats/cirurgia-estetica-facial/cirurgia-de-barbeta-i-pomuls/,301,Cirurgia de barbeta i galtes - MedicsIntegralSalut,,sitemap_only,,1,renombrada 05/10/2026: URL catalana sin «-2» (decisión usuario)
/en/units/cosmetic-surgery-3/buttock-augmentation/,mantener,/en/units/cosmetic-surgery-3/buttock-augmentation/,200,Buttock Augmentation - MedicsIntegralSalut ⭐,,sitemap_only,,1,
/fr/unites/chirurgie-esthetique-corporelle-2/augmentation-des-fessiers/,mantener,/fr/unites/chirurgie-esthetique-corporelle-2/augmentation-des-fessiers/,200,Augmentation des fesses - MedicsIntegralSalut ⭐,,sitemap_only,,1,
/ru/%d0%b5%d0%b4%d0%b8%d0%bd%d0%b8%d1%86%d1%8b/%d1%8d%d1%81%d1%82%d0%b5%d1%82%d0%b8%d1%87%d0%b5%d1%81%d0%ba%d0%b0%d1%8f-%d0%be%d0%bf%d0%b5%d1%80%d0%b0%d1%86%d0%b8%d1%8f-%d1%82%d0%b5%d0%bb%d0%b0/%d1%83%d0%b2%d0%b5%d0%bb%d0%b8%d1%87%d0%b5%d0%bd%d0%b8%d0%b5-%d1%8f%d0%b3%d0%be%d0%b4%d0%b8%d1%86-2/,mantener,/ru/%d0%b5%d0%b4%d0%b8%d0%bd%d0%b8%d1%86%d1%8b/%d1%8d%d1%81%d1%82%d0%b5%d1%82%d0%b8%d1%87%d0%b5%d1%81%d0%ba%d0%b0%d1%8f-%d0%be%d0%bf%d0%b5%d1%80%d0%b0%d1%86%d0%b8%d1%8f-%d1%82%d0%b5%d0%bb%d0%b0/%d1%83%d0%b2%d0%b5%d0%bb%d0%b8%d1%87%d0%b5%d0%bd%d0%b8%d0%b5-%d1%8f%d0%b3%d0%be%d0%b4%d0%b8%d1%86-2/,200,Увеличение ягодиц - MedicsIntegralSalut ⭐,,sitemap_only,,,
/uk/%d0%be%d0%b4%d0%b8%d0%bd%d0%b8%d1%86%d1%96/%d0%b5%d1%81%d1%82%d0%b5%d1%82%d0%b8%d1%87%d0%bd%d0%b0-%d1%85%d1%96%d1%80%d1%83%d1%80%d0%b3%d1%96%d1%8f-%d1%82%d1%96%d0%bb%d0%b0-2/%d0%b7%d0%b1%d1%96%d0%bb%d1%8c%d1%88%d0%b5%d0%bd%d0%bd%d1%8f-%d1%81%d1%96%d0%b4%d0%bd%d0%b8%d1%86%d1%8c-2/,mantener,/uk/%d0%be%d0%b4%d0%b8%d0%bd%d0%b8%d1%86%d1%96/%d0%b5%d1%81%d1%82%d0%b5%d1%82%d0%b8%d1%87%d0%bd%d0%b0-%d1%85%d1%96%d1%80%d1%83%d1%80%d0%b3%d1%96%d1%8f-%d1%82%d1%96%d0%bb%d0%b0-2/%d0%b7%d0%b1%d1%96%d0%bb%d1%8c%d1%88%d0%b5%d0%bd%d0%bd%d1%8f-%d1%81%d1%96%d0%b4%d0%bd%d0%b8%d1%86%d1%8c-2/,200,Збільшення сідниць — MedicsIntegralSalut ⭐,,sitemap_only,,,
/ca/unitats-2/cirurgia-estetica-corporal-2/augment-de-glutis-2/,301,/ca/unitats/cirurgia-estetica-corporal/augment-de-glutis/,301,Augment de glutis - MedicsIntegralSalut ⭐,,sitemap_only,,0,renombrada 05/10/2026: URL catalana sin «-2» (decisión usuario)
/en/units/cosmetic-surgery-3/female-genital-surgery-2/,mantener,/en/units/cosmetic-surgery-3/female-genital-surgery-2/,200,Labiaplasty Girona | Intimate Surgery | MedicsIntegralSalut ®,,sitemap_only,,1,
/fr/unites/chirurgie-esthetique-corporelle-2/chirurgie-genitale-feminine-2/,mantener,/fr/unites/chirurgie-esthetique-corporelle-2/chirurgie-genitale-feminine-2/,200,Labioplastie Gérone | Chirurgie Intime | MedicsIntegralSalut ®,,sitemap_only,,3,
/ru/%d0%b5%d0%b4%d0%b8%d0%bd%d0%b8%d1%86%d1%8b/%d1%8d%d1%81%d1%82%d0%b5%d1%82%d0%b8%d1%87%d0%b5%d1%81%d0%ba%d0%b0%d1%8f-%d0%be%d0%bf%d0%b5%d1%80%d0%b0%d1%86%d0%b8%d1%8f-%d1%82%d0%b5%d0%bb%d0%b0/%d0%b6%d0%b5%d0%bd%d1%81%d0%ba%d0%b0%d1%8f-%d0%b3%d0%b5%d0%bd%d0%b8%d1%82%d0%b0%d0%bb%d1%8c%d0%bd%d0%b0%d1%8f-%d1%85%d0%b8%d1%80%d1%83%d1%80%d0%b3%d0%b8%d1%8f-2/,mantener,/ru/%d0%b5%d0%b4%d0%b8%d0%bd%d0%b8%d1%86%d1%8b/%d1%8d%d1%81%d1%82%d0%b5%d1%82%d0%b8%d1%87%d0%b5%d1%81%d0%ba%d0%b0%d1%8f-%d0%be%d0%bf%d0%b5%d1%80%d0%b0%d1%86%d0%b8%d1%8f-%d1%82%d0%b5%d0%bb%d0%b0/%d0%b6%d0%b5%d0%bd%d1%81%d0%ba%d0%b0%d1%8f-%d0%b3%d0%b5%d0%bd%d0%b8%d1%82%d0%b0%d0%bb%d1%8c%d0%bd%d0%b0%d1%8f-%d1%85%d0%b8%d1%80%d1%83%d1%80%d0%b3%d0%b8%d1%8f-2/,200,Лабиопластика Жирона | Интимная хирургия | MedicsIntegralSalut ®,,sitemap_only,,,
/uk/%d0%be%d0%b4%d0%b8%d0%bd%d0%b8%d1%86%d1%96/%d0%b5%d1%81%d1%82%d0%b5%d1%82%d0%b8%d1%87%d0%bd%d0%b0-%d1%85%d1%96%d1%80%d1%83%d1%80%d0%b3%d1%96%d1%8f-%d1%82%d1%96%d0%bb%d0%b0-2/%d1%85%d1%96%d1%80%d1%83%d1%80%d0%b3%d1%96%d1%8f-%d0%b6%d1%96%d0%bd%d0%be%d1%87%d0%b8%d1%85-%d1%81%d1%82%d0%b0%d1%82%d0%b5%d0%b2%d0%b8%d1%85-%d0%be%d1%80%d0%b3%d0%b0%d0%bd%d1%96%d0%b2-2/,mantener,/uk/%d0%be%d0%b4%d0%b8%d0%bd%d0%b8%d1%86%d1%96/%d0%b5%d1%81%d1%82%d0%b5%d1%82%d0%b8%d1%87%d0%bd%d0%b0-%d1%85%d1%96%d1%80%d1%83%d1%80%d0%b3%d1%96%d1%8f-%d1%82%d1%96%d0%bb%d0%b0-2/%d1%85%d1%96%d1%80%d1%83%d1%80%d0%b3%d1%96%d1%8f-%d0%b6%d1%96%d0%bd%d0%be%d1%87%d0%b8%d1%85-%d1%81%d1%82%d0%b0%d1%82%d0%b5%d0%b2%d0%b8%d1%85-%d0%be%d1%80%d0%b3%d0%b0%d0%bd%d1%96%d0%b2-2/,200,Лабіопластика в Жироні | Інтимна хірургія | MedicsIntegralSalut ®,,sitemap_only,,,
/ca/unitats-2/cirurgia-estetica-corporal-2/cirurgia-genital-femenina-2/,301,/ca/unitats/cirurgia-estetica-corporal/cirurgia-genital-femenina/,301,Labioplàstia Girona | Cirurgia Íntima | MedicsIntegralSalut ®,,sitemap_only,,2,renombrada 05/10/2026: URL catalana sin «-2» (decisión usuario)
/en/units/cosmetic-surgery-3/lifting-arms-and-legs-2/,mantener,/en/units/cosmetic-surgery-3/lifting-arms-and-legs-2/,200,Thigh or arm lift - MedicsIntegralSalut,,sitemap_only,,0,
/fr/unites/chirurgie-esthetique-corporelle-2/soulever-les-bras-et-les-jambes/,mantener,/fr/unites/chirurgie-esthetique-corporelle-2/soulever-les-bras-et-les-jambes/,200,Lifting des cuisses ou des bras - MedicsIntegralSalut,,sitemap_only,,0,
/ru/%d0%b5%d0%b4%d0%b8%d0%bd%d0%b8%d1%86%d1%8b/%d1%8d%d1%81%d1%82%d0%b5%d1%82%d0%b8%d1%87%d0%b5%d1%81%d0%ba%d0%b0%d1%8f-%d0%be%d0%bf%d0%b5%d1%80%d0%b0%d1%86%d0%b8%d1%8f-%d1%82%d0%b5%d0%bb%d0%b0/%d0%bf%d0%be%d0%b4%d0%bd%d1%8f%d1%82%d0%b8%d0%b5-%d1%80%d1%83%d0%ba-%d0%b8-%d0%bd%d0%be%d0%b3/,mantener,/ru/%d0%b5%d0%b4%d0%b8%d0%bd%d0%b8%d1%86%d1%8b/%d1%8d%d1%81%d1%82%d0%b5%d1%82%d0%b8%d1%87%d0%b5%d1%81%d0%ba%d0%b0%d1%8f-%d0%be%d0%bf%d0%b5%d1%80%d0%b0%d1%86%d0%b8%d1%8f-%d1%82%d0%b5%d0%bb%d0%b0/%d0%bf%d0%be%d0%b4%d0%bd%d1%8f%d1%82%d0%b8%d0%b5-%d1%80%d1%83%d0%ba-%d0%b8-%d0%bd%d0%be%d0%b3/,200,Подтяжка бедер или рук - MedicsIntegralSalut,,sitemap_only,,,
/uk/%d0%be%d0%b4%d0%b8%d0%bd%d0%b8%d1%86%d1%96/%d0%b5%d1%81%d1%82%d0%b5%d1%82%d0%b8%d1%87%d0%bd%d0%b0-%d1%85%d1%96%d1%80%d1%83%d1%80%d0%b3%d1%96%d1%8f-%d1%82%d1%96%d0%bb%d0%b0-2/%d0%bf%d1%96%d0%b4%d1%82%d1%8f%d0%b6%d0%ba%d0%b0-%d1%80%d1%83%d0%ba-%d1%96-%d0%bd%d1%96%d0%b3-2/,mantener,/uk/%d0%be%d0%b4%d0%b8%d0%bd%d0%b8%d1%86%d1%96/%d0%b5%d1%81%d1%82%d0%b5%d1%82%d0%b8%d1%87%d0%bd%d0%b0-%d1%85%d1%96%d1%80%d1%83%d1%80%d0%b3%d1%96%d1%8f-%d1%82%d1%96%d0%bb%d0%b0-2/%d0%bf%d1%96%d0%b4%d1%82%d1%8f%d0%b6%d0%ba%d0%b0-%d1%80%d1%83%d0%ba-%d1%96-%d0%bd%d1%96%d0%b3-2/,200,Підтяжка стегон або рук — MedicsIntegralSalut,,sitemap_only,,,
/ca/unitats-2/cirurgia-estetica-corporal-2/aixecament-de-bracos-i-cames-2/,301,/ca/unitats/cirurgia-estetica-corporal/aixecament-de-bracos-i-cames/,301,Estirament de cuixes o braços - MedicsIntegralSalut,,sitemap_only,,0,renombrada 05/10/2026: URL catalana sin «-2» (decisión usuario)
/en/units/cosmetic-surgery-3/body-fat-transfer/,mantener,/en/units/cosmetic-surgery-3/body-fat-transfer/,200,Body Lipofilling - Girona - MedicsIntegralSalut,,sitemap_only,,0,
/fr/unites/chirurgie-esthetique-corporelle-2/lipofilling-corporel/,mantener,/fr/unites/chirurgie-esthetique-corporelle-2/lipofilling-corporel/,200,Lipofilling corporel - Girona - MedicsIntegralSalut,,sitemap_only,,0,
/ru/%d0%b5%d0%b4%d0%b8%d0%bd%d0%b8%d1%86%d1%8b/%d1%8d%d1%81%d1%82%d0%b5%d1%82%d0%b8%d1%87%d0%b5%d1%81%d0%ba%d0%b0%d1%8f-%d0%be%d0%bf%d0%b5%d1%80%d0%b0%d1%86%d0%b8%d1%8f-%d1%82%d0%b5%d0%bb%d0%b0/%d0%bb%d0%b8%d0%bf%d0%be%d1%84%d0%b8%d0%bb%d0%b8%d0%bd%d0%b3-%d1%82%d0%b5%d0%bb%d0%b0/,mantener,/ru/%d0%b5%d0%b4%d0%b8%d0%bd%d0%b8%d1%86%d1%8b/%d1%8d%d1%81%d1%82%d0%b5%d1%82%d0%b8%d1%87%d0%b5%d1%81%d0%ba%d0%b0%d1%8f-%d0%be%d0%bf%d0%b5%d1%80%d0%b0%d1%86%d0%b8%d1%8f-%d1%82%d0%b5%d0%bb%d0%b0/%d0%bb%d0%b8%d0%bf%d0%be%d1%84%d0%b8%d0%bb%d0%b8%d0%bd%d0%b3-%d1%82%d0%b5%d0%bb%d0%b0/,200,Липофилинг тела - Жирона - MedicsIntegralSalut,,sitemap_only,,,
/uk/%d0%be%d0%b4%d0%b8%d0%bd%d0%b8%d1%86%d1%96/%d0%b5%d1%81%d1%82%d0%b5%d1%82%d0%b8%d1%87%d0%bd%d0%b0-%d1%85%d1%96%d1%80%d1%83%d1%80%d0%b3%d1%96%d1%8f-%d1%82%d1%96%d0%bb%d0%b0-2/%d0%bb%d1%96%d0%bf%d0%be%d1%84%d1%96%d0%bb%d1%96%d0%bd%d0%b3-%d1%82%d1%96%d0%bb%d0%b0/,mantener,/uk/%d0%be%d0%b4%d0%b8%d0%bd%d0%b8%d1%86%d1%96/%d0%b5%d1%81%d1%82%d0%b5%d1%82%d0%b8%d1%87%d0%bd%d0%b0-%d1%85%d1%96%d1%80%d1%83%d1%80%d0%b3%d1%96%d1%8f-%d1%82%d1%96%d0%bb%d0%b0-2/%d0%bb%d1%96%d0%bf%d0%be%d1%84%d1%96%d0%bb%d1%96%d0%bd%d0%b3-%d1%82%d1%96%d0%bb%d0%b0/,200,Ліпофілінг тіла — Жирона — MedicsIntegralSalut,,sitemap_only,,,
/ca/unitats-2/cirurgia-estetica-corporal-2/lipofilling-corporal/,301,/ca/unitats/cirurgia-estetica-corporal/lipofilling-corporal/,301,Lipofilling corporal - Girona - MedicsIntegralSalut,,sitemap_only,,0,renombrada 05/10/2026: URL catalana sin «-2» (decisión usuario)
/en/units/cosmetic-surgery-3/abdominoplasty/,mantener,/en/units/cosmetic-surgery-3/abdominoplasty/,200,Tummy Tuck Girona - Remove Excess Fat and Skin,,sitemap_only,,2,
/fr/unites/chirurgie-esthetique-corporelle-2/abdominoplastie/,mantener,/fr/unites/chirurgie-esthetique-corporelle-2/abdominoplastie/,200,[Abdominoplastie Gérone - Éliminer l'excès de graisse et de peau],,sitemap_only,,0,
/ru/%d0%b5%d0%b4%d0%b8%d0%bd%d0%b8%d1%86%d1%8b/%d1%8d%d1%81%d1%82%d0%b5%d1%82%d0%b8%d1%87%d0%b5%d1%81%d0%ba%d0%b0%d1%8f-%d0%be%d0%bf%d0%b5%d1%80%d0%b0%d1%86%d0%b8%d1%8f-%d1%82%d0%b5%d0%bb%d0%b0/%d0%b0%d0%b1%d0%b4%d0%be%d0%bc%d0%b8%d0%bd%d0%be%d0%bf%d0%bb%d0%b0%d1%81%d1%82%d0%b8%d0%ba%d0%b0/,mantener,/ru/%d0%b5%d0%b4%d0%b8%d0%bd%d0%b8%d1%86%d1%8b/%d1%8d%d1%81%d1%82%d0%b5%d1%82%d0%b8%d1%87%d0%b5%d1%81%d0%ba%d0%b0%d1%8f-%d0%be%d0%bf%d0%b5%d1%80%d0%b0%d1%86%d0%b8%d1%8f-%d1%82%d0%b5%d0%bb%d0%b0/%d0%b0%d0%b1%d0%b4%d0%be%d0%bc%d0%b8%d0%bd%d0%be%d0%bf%d0%bb%d0%b0%d1%81%d1%82%d0%b8%d0%ba%d0%b0/,200,【 Абдоминопластика Жирона - Удаление лишнего жира и кожи 】,,sitemap_only,,,
/uk/%d0%be%d0%b4%d0%b8%d0%bd%d0%b8%d1%86%d1%96/%d0%b5%d1%81%d1%82%d0%b5%d1%82%d0%b8%d1%87%d0%bd%d0%b0-%d1%85%d1%96%d1%80%d1%83%d1%80%d0%b3%d1%96%d1%8f-%d1%82%d1%96%d0%bb%d0%b0-2/%d0%b0%d0%b1%d0%b4%d0%be%d0%bc%d1%96%d0%bd%d0%be%d0%bf%d0%bb%d0%b0%d1%81%d1%82%d0%b8%d0%ba%d0%b0/,mantener,/uk/%d0%be%d0%b4%d0%b8%d0%bd%d0%b8%d1%86%d1%96/%d0%b5%d1%81%d1%82%d0%b5%d1%82%d0%b8%d1%87%d0%bd%d0%b0-%d1%85%d1%96%d1%80%d1%83%d1%80%d0%b3%d1%96%d1%8f-%d1%82%d1%96%d0%bb%d0%b0-2/%d0%b0%d0%b1%d0%b4%d0%be%d0%bc%d1%96%d0%bd%d0%be%d0%bf%d0%bb%d0%b0%d1%81%d1%82%d0%b8%d0%ba%d0%b0/,200,【 Абдомінопластика в Жироні — видалення надлишку жиру та шкіри 】,,sitemap_only,,,
/ca/unitats-2/cirurgia-estetica-corporal-2/abdominoplastia/,301,/ca/unitats/cirurgia-estetica-corporal/abdominoplastia/,301,Abdominoplàstia Girona - Elimina l'excés de greix i pell,,sitemap_only,,0,renombrada 05/10/2026: URL catalana sin «-2» (decisión usuario)
/en/units/male-cosmetic-surgery/gynaecomastia/,mantener,/en/units/male-cosmetic-surgery/gynaecomastia/,200,Eliminate Gynaecomastia Girona - MedicsIntegralSalut,,sitemap_only,,1,
/fr/unites/chirurgie-esthetique-masculine/gynecomastie/,mantener,/fr/unites/chirurgie-esthetique-masculine/gynecomastie/,200,Éliminer la gynécomastie à Girona - MedicsIntegralSalut,,sitemap_only,,1,
/ru/%d0%b5%d0%b4%d0%b8%d0%bd%d0%b8%d1%86%d1%8b/%d0%bc%d1%83%d0%b6%d1%81%d0%ba%d0%b0%d1%8f-%d0%ba%d0%be%d1%81%d0%bc%d0%b5%d1%82%d0%b8%d1%87%d0%b5%d1%81%d0%ba%d0%b0%d1%8f-%d1%85%d0%b8%d1%80%d1%83%d1%80%d0%b3%d0%b8%d1%8f/%d0%b3%d0%b8%d0%bd%d0%b5%d0%ba%d0%be%d0%bc%d0%b0%d1%81%d1%82%d0%b8%d1%8f-2/,mantener,/ru/%d0%b5%d0%b4%d0%b8%d0%bd%d0%b8%d1%86%d1%8b/%d0%bc%d1%83%d0%b6%d1%81%d0%ba%d0%b0%d1%8f-%d0%ba%d0%be%d1%81%d0%bc%d0%b5%d1%82%d0%b8%d1%87%d0%b5%d1%81%d0%ba%d0%b0%d1%8f-%d1%85%d0%b8%d1%80%d1%83%d1%80%d0%b3%d0%b8%d1%8f/%d0%b3%d0%b8%d0%bd%d0%b5%d0%ba%d0%be%d0%bc%d0%b0%d1%81%d1%82%d0%b8%d1%8f-2/,200,Удаление гинекомастии Жирона - MedicsIntegralSalut,,sitemap_only,,,
/uk/%d0%be%d0%b4%d0%b8%d0%bd%d0%b8%d1%86%d1%96/%d1%87%d0%be%d0%bb%d0%be%d0%b2%d1%96%d1%87%d0%b0-%d0%b5%d1%81%d1%82%d0%b5%d1%82%d0%b8%d1%87%d0%bd%d0%b0-%d1%85%d1%96%d1%80%d1%83%d1%80%d0%b3%d1%96%d1%8f/%d0%b3%d1%96%d0%bd%d0%b5%d0%ba%d0%be%d0%bc%d0%b0%d1%81%d1%82%d1%96%d1%8f/,mantener,/uk/%d0%be%d0%b4%d0%b8%d0%bd%d0%b8%d1%86%d1%96/%d1%87%d0%be%d0%bb%d0%be%d0%b2%d1%96%d1%87%d0%b0-%d0%b5%d1%81%d1%82%d0%b5%d1%82%d0%b8%d1%87%d0%bd%d0%b0-%d1%85%d1%96%d1%80%d1%83%d1%80%d0%b3%d1%96%d1%8f/%d0%b3%d1%96%d0%bd%d0%b5%d0%ba%d0%be%d0%bc%d0%b0%d1%81%d1%82%d1%96%d1%8f/,200,Лікування гінекомастії в Жироні — MedicsIntegralSalut,,sitemap_only,,,
/ca/unitats-2/cirurgia-estetica-masculina-2/ginecomastia/,301,/ca/unitats/cirurgia-estetica-masculina/ginecomastia/,301,Eliminar Ginecomàstia Girona - MedicsIntegralSalut,,sitemap_only,,1,renombrada 05/10/2026: URL catalana sin «-2» (decisión usuario)
/en/units/male-cosmetic-surgery/chest-augmentation/,mantener,/en/units/male-cosmetic-surgery/chest-augmentation/,200,Pectoral Implants for Men | MedicsIntegralSalut,,sitemap_only,,0,
/fr/unites/chirurgie-esthetique-masculine/aumento-de-pectoral/,mantener,/fr/unites/chirurgie-esthetique-masculine/aumento-de-pectoral/,200,Implantes Pectorales en Hombres | MedicsIntegralSalut,,sitemap_only,,0,
/ru/%d0%b5%d0%b4%d0%b8%d0%bd%d0%b8%d1%86%d1%8b/%d0%bc%d1%83%d0%b6%d1%81%d0%ba%d0%b0%d1%8f-%d0%ba%d0%be%d1%81%d0%bc%d0%b5%d1%82%d0%b8%d1%87%d0%b5%d1%81%d0%ba%d0%b0%d1%8f-%d1%85%d0%b8%d1%80%d1%83%d1%80%d0%b3%d0%b8%d1%8f/aumento-de-pectoral/,mantener,/ru/%d0%b5%d0%b4%d0%b8%d0%bd%d0%b8%d1%86%d1%8b/%d0%bc%d1%83%d0%b6%d1%81%d0%ba%d0%b0%d1%8f-%d0%ba%d0%be%d1%81%d0%bc%d0%b5%d1%82%d0%b8%d1%87%d0%b5%d1%81%d0%ba%d0%b0%d1%8f-%d1%85%d0%b8%d1%80%d1%83%d1%80%d0%b3%d0%b8%d1%8f/aumento-de-pectoral/,200,Implantes Pectorales en Hombres | MedicsIntegralSalut,,sitemap_only,,,
/uk/%d0%be%d0%b4%d0%b8%d0%bd%d0%b8%d1%86%d1%96/%d1%87%d0%be%d0%bb%d0%be%d0%b2%d1%96%d1%87%d0%b0-%d0%b5%d1%81%d1%82%d0%b5%d1%82%d0%b8%d1%87%d0%bd%d0%b0-%d1%85%d1%96%d1%80%d1%83%d1%80%d0%b3%d1%96%d1%8f/aumento-de-pectoral/,mantener,/uk/%d0%be%d0%b4%d0%b8%d0%bd%d0%b8%d1%86%d1%96/%d1%87%d0%be%d0%bb%d0%be%d0%b2%d1%96%d1%87%d0%b0-%d0%b5%d1%81%d1%82%d0%b5%d1%82%d0%b8%d1%87%d0%bd%d0%b0-%d1%85%d1%96%d1%80%d1%83%d1%80%d0%b3%d1%96%d1%8f/aumento-de-pectoral/,200,Implantes Pectorales en Hombres | MedicsIntegralSalut,,sitemap_only,,,
/ca/unitats-2/cirurgia-estetica-masculina-2/augment-de-pectoral-2/,301,/ca/unitats/cirurgia-estetica-masculina/augment-de-pectoral/,301,Implants pectorals en homes | MedicsIntegralSalut,,sitemap_only,,0,renombrada 05/10/2026: URL catalana sin «-2» (decisión usuario)
/en/units/male-cosmetic-surgery/neck-and-double-chin-lift/,mantener,/en/units/male-cosmetic-surgery/neck-and-double-chin-lift/,200,Neck and double chin lift - MedicsIntegralSalut,,sitemap_only,,0,
/fr/unites/chirurgie-esthetique-masculine/lifting-du-cou-et-du-menton/,mantener,/fr/unites/chirurgie-esthetique-masculine/lifting-du-cou-et-du-menton/,200,Lifting du cou et du double menton - MedicsIntegralSalut,,sitemap_only,,0,
/ru/%d0%b5%d0%b4%d0%b8%d0%bd%d0%b8%d1%86%d1%8b/%d0%bc%d1%83%d0%b6%d1%81%d0%ba%d0%b0%d1%8f-%d0%ba%d0%be%d1%81%d0%bc%d0%b5%d1%82%d0%b8%d1%87%d0%b5%d1%81%d0%ba%d0%b0%d1%8f-%d1%85%d0%b8%d1%80%d1%83%d1%80%d0%b3%d0%b8%d1%8f/%d0%bf%d0%be%d0%b4%d1%82%d1%8f%d0%b6%d0%ba%d0%b0-%d1%88%d0%b5%d0%b8-%d0%b8-%d0%b2%d1%82%d0%be%d1%80%d0%be%d0%b3%d0%be-%d0%bf%d0%be%d0%b4%d0%b1%d0%be%d1%80%d0%be%d0%b4%d0%ba%d0%b0/,mantener,/ru/%d0%b5%d0%b4%d0%b8%d0%bd%d0%b8%d1%86%d1%8b/%d0%bc%d1%83%d0%b6%d1%81%d0%ba%d0%b0%d1%8f-%d0%ba%d0%be%d1%81%d0%bc%d0%b5%d1%82%d0%b8%d1%87%d0%b5%d1%81%d0%ba%d0%b0%d1%8f-%d1%85%d0%b8%d1%80%d1%83%d1%80%d0%b3%d0%b8%d1%8f/%d0%bf%d0%be%d0%b4%d1%82%d1%8f%d0%b6%d0%ba%d0%b0-%d1%88%d0%b5%d0%b8-%d0%b8-%d0%b2%d1%82%d0%be%d1%80%d0%be%d0%b3%d0%be-%d0%bf%d0%be%d0%b4%d0%b1%d0%be%d1%80%d0%be%d0%b4%d0%ba%d0%b0/,200,Лифтинг шеи и второго подбородка - MedicsIntegralSalut,,sitemap_only,,,
/uk/%d0%be%d0%b4%d0%b8%d0%bd%d0%b8%d1%86%d1%96/%d1%87%d0%be%d0%bb%d0%be%d0%b2%d1%96%d1%87%d0%b0-%d0%b5%d1%81%d1%82%d0%b5%d1%82%d0%b8%d1%87%d0%bd%d0%b0-%d1%85%d1%96%d1%80%d1%83%d1%80%d0%b3%d1%96%d1%8f/liftting-de-cuello-y-papada/,mantener,/uk/%d0%be%d0%b4%d0%b8%d0%bd%d0%b8%d1%86%d1%96/%d1%87%d0%be%d0%bb%d0%be%d0%b2%d1%96%d1%87%d0%b0-%d0%b5%d1%81%d1%82%d0%b5%d1%82%d0%b8%d1%87%d0%bd%d0%b0-%d1%85%d1%96%d1%80%d1%83%d1%80%d0%b3%d1%96%d1%8f/liftting-de-cuello-y-papada/,200,Lifting de cuello y papada - MedicsIntegralSalut,,sitemap_only,,,
/ca/unitats-2/cirurgia-estetica-masculina-2/estirament-de-coll-i-papada/,301,/ca/unitats/cirurgia-estetica-masculina/estirament-de-coll-i-papada/,301,Lifting de coll i papada - MedicsIntegralSalut,,sitemap_only,,0,renombrada 05/10/2026: URL catalana sin «-2» (decisión usuario)
/en/units/cosmetic-breast-surgery-2/prosthetic-replacement-2/,mantener,/en/units/cosmetic-breast-surgery-2/prosthetic-replacement-2/,200,Breast Prosthesis Replacement Girona - MedicsIntegralSalut,,sitemap_only,,0,
/fr/unites/chirurgie-esthetique-des-seins-2/remplacement-de-prothese/,mantener,/fr/unites/chirurgie-esthetique-des-seins-2/remplacement-de-prothese/,200,Remplacement de prothèses mammaires Gérone - MedicsIntegralSalut,,sitemap_only,,0,
/ru/%d0%b5%d0%b4%d0%b8%d0%bd%d0%b8%d1%86%d1%8b/%d0%bf%d0%bb%d0%b0%d1%81%d1%82%d0%b8%d1%87%d0%b5%d1%81%d0%ba%d0%b0%d1%8f-%d1%85%d0%b8%d1%80%d1%83%d1%80%d0%b3%d0%b8%d1%8f-%d0%b3%d1%80%d1%83%d0%b4%d0%b8/%d0%b7%d0%b0%d0%bc%d0%b5%d0%bd%d0%b0-%d0%bf%d1%80%d0%be%d1%82%d0%b5%d0%b7%d0%b0-2/,mantener,/ru/%d0%b5%d0%b4%d0%b8%d0%bd%d0%b8%d1%86%d1%8b/%d0%bf%d0%bb%d0%b0%d1%81%d1%82%d0%b8%d1%87%d0%b5%d1%81%d0%ba%d0%b0%d1%8f-%d1%85%d0%b8%d1%80%d1%83%d1%80%d0%b3%d0%b8%d1%8f-%d0%b3%d1%80%d1%83%d0%b4%d0%b8/%d0%b7%d0%b0%d0%bc%d0%b5%d0%bd%d0%b0-%d0%bf%d1%80%d0%be%d1%82%d0%b5%d0%b7%d0%b0-2/,200,Замена грудных протезов Жирона - MedicsIntegralSalut,,sitemap_only,,,
/uk/%d0%be%d0%b4%d0%b8%d0%bd%d0%b8%d1%86%d1%96/%d0%b5%d1%81%d1%82%d0%b5%d1%82%d0%b8%d1%87%d0%bd%d0%b0-%d1%85%d1%96%d1%80%d1%83%d1%80%d0%b3%d1%96%d1%8f-%d0%b3%d1%80%d1%83%d0%b4%d0%b5%d0%b9-2/%d0%b7%d0%b0%d0%bc%d1%96%d0%bd%d0%b0-%d0%bf%d1%80%d0%be%d1%82%d0%b5%d0%b7%d0%b0-2/,mantener,/uk/%d0%be%d0%b4%d0%b8%d0%bd%d0%b8%d1%86%d1%96/%d0%b5%d1%81%d1%82%d0%b5%d1%82%d0%b8%d1%87%d0%bd%d0%b0-%d1%85%d1%96%d1%80%d1%83%d1%80%d0%b3%d1%96%d1%8f-%d0%b3%d1%80%d1%83%d0%b4%d0%b5%d0%b9-2/%d0%b7%d0%b0%d0%bc%d1%96%d0%bd%d0%b0-%d0%bf%d1%80%d0%be%d1%82%d0%b5%d0%b7%d0%b0-2/,200,Заміна грудних імплантатів у Жироні — MedicsIntegralSalut,,sitemap_only,,,
/ca/unitats-2/cirurgia-estetica-de-mames/canvi-de-protesi/,301,/ca/unitats/cirurgia-estetica-de-mames/canvi-de-protesi/,301,Recanvi de pròtesis mamàries Girona - MedicsIntegralSalut,,sitemap_only,,2,renombrada 05/10/2026: URL catalana sin «-2» (decisión usuario)
/en/units/facial-aesthetic-medicine/rhinomodelling/,mantener,/en/units/facial-aesthetic-medicine/rhinomodelling/,200,Rhinomodelling Girona - MedicsIntegralSalut,,sitemap_only,,0,
/fr/unites/medecine-esthetique-faciale/rinomodelisation/,mantener,/fr/unites/medecine-esthetique-faciale/rinomodelisation/,200,【 Rinomodélisation Girona - MedicsIntegralSalut 】,,sitemap_only,,0,
/ru/%d0%b5%d0%b4%d0%b8%d0%bd%d0%b8%d1%86%d1%8b/%d1%8d%d1%81%d1%82%d0%b5%d1%82%d0%b8%d1%87%d0%b5%d1%81%d0%ba%d0%b0%d1%8f-%d0%bc%d0%b5%d0%b4%d0%b8%d1%86%d0%b8%d0%bd%d0%b0-%d0%bb%d0%b8%d1%86%d0%b0/%d1%80%d0%b8%d0%bd%d0%be%d0%bc%d0%be%d0%b4%d0%b5%d0%bb%d0%b8%d1%80%d0%be%d0%b2%d0%b0%d0%bd%d0%b8%d0%b5/,mantener,/ru/%d0%b5%d0%b4%d0%b8%d0%bd%d0%b8%d1%86%d1%8b/%d1%8d%d1%81%d1%82%d0%b5%d1%82%d0%b8%d1%87%d0%b5%d1%81%d0%ba%d0%b0%d1%8f-%d0%bc%d0%b5%d0%b4%d0%b8%d1%86%d0%b8%d0%bd%d0%b0-%d0%bb%d0%b8%d1%86%d0%b0/%d1%80%d0%b8%d0%bd%d0%be%d0%bc%d0%be%d0%b4%d0%b5%d0%bb%d0%b8%d1%80%d0%be%d0%b2%d0%b0%d0%bd%d0%b8%d0%b5/,200,Риномоделирование Жирона - MedicsIntegralSalut,,sitemap_only,,,
/uk/%d0%be%d0%b4%d0%b8%d0%bd%d0%b8%d1%86%d1%96/%d0%b5%d1%81%d1%82%d0%b5%d1%82%d0%b8%d1%87%d0%bd%d0%b0-%d0%bc%d0%b5%d0%b4%d0%b8%d1%86%d0%b8%d0%bd%d0%b0-%d0%b4%d0%bb%d1%8f-%d0%be%d0%b1%d0%bb%d0%b8%d1%87%d1%87%d1%8f/%d1%80%d0%b8%d0%bd%d0%be%d0%bf%d0%bb%d0%b0%d1%81%d1%82%d0%b8%d0%ba%d0%b0/,mantener,/uk/%d0%be%d0%b4%d0%b8%d0%bd%d0%b8%d1%86%d1%96/%d0%b5%d1%81%d1%82%d0%b5%d1%82%d0%b8%d1%87%d0%bd%d0%b0-%d0%bc%d0%b5%d0%b4%d0%b8%d1%86%d0%b8%d0%bd%d0%b0-%d0%b4%d0%bb%d1%8f-%d0%be%d0%b1%d0%bb%d0%b8%d1%87%d1%87%d1%8f/%d1%80%d0%b8%d0%bd%d0%be%d0%bf%d0%bb%d0%b0%d1%81%d1%82%d0%b8%d0%ba%d0%b0/,200,【 Ринопластика в Жироні — MedicsIntegralSalut 】,,sitemap_only,,,
/ca/unitats-2/medicina-estetica-facial/rinomodelacio/,301,/ca/unitats/medicina-estetica-facial/rinomodelacio/,301,【 Rinomodellació Girona - MedicsIntegralSalut 】,,sitemap_only,,0,renombrada 05/10/2026: URL catalana sin «-2» (decisión usuario)
/en/units/cosmetic-breast-surgery-2/breast-augmentation-ami-technique/,mantener,/en/units/cosmetic-breast-surgery-2/breast-augmentation-ami-technique/,200,Breast augmentation with the AMI Technique - MedicsIntegralSalut,,sitemap_only,,0,
/fr/unites/chirurgie-esthetique-des-seins-2/augmentation-mammaire-technique-ami/,mantener,/fr/unites/chirurgie-esthetique-des-seins-2/augmentation-mammaire-technique-ami/,200,Augmentation mammaire avec la technique AMI - MedicsIntegralSalut,,sitemap_only,,0,
/ru/%d0%b5%d0%b4%d0%b8%d0%bd%d0%b8%d1%86%d1%8b/%d0%bf%d0%bb%d0%b0%d1%81%d1%82%d0%b8%d1%87%d0%b5%d1%81%d0%ba%d0%b0%d1%8f-%d1%85%d0%b8%d1%80%d1%83%d1%80%d0%b3%d0%b8%d1%8f-%d0%b3%d1%80%d1%83%d0%b4%d0%b8/%d1%83%d0%b2%d0%b5%d0%bb%d0%b8%d1%87%d0%b5%d0%bd%d0%b8%d0%b5-%d0%b3%d1%80%d1%83%d0%b4%d0%b8-%d1%82%d0%b5%d1%85%d0%bd%d0%b8%d0%ba%d0%b0-ami/,mantener,/ru/%d0%b5%d0%b4%d0%b8%d0%bd%d0%b8%d1%86%d1%8b/%d0%bf%d0%bb%d0%b0%d1%81%d1%82%d0%b8%d1%87%d0%b5%d1%81%d0%ba%d0%b0%d1%8f-%d1%85%d0%b8%d1%80%d1%83%d1%80%d0%b3%d0%b8%d1%8f-%d0%b3%d1%80%d1%83%d0%b4%d0%b8/%d1%83%d0%b2%d0%b5%d0%bb%d0%b8%d1%87%d0%b5%d0%bd%d0%b8%d0%b5-%d0%b3%d1%80%d1%83%d0%b4%d0%b8-%d1%82%d0%b5%d1%85%d0%bd%d0%b8%d0%ba%d0%b0-ami/,200,Увеличение груди по технике AMI - MedicsIntegralSalut,,sitemap_only,,,
/uk/%d0%be%d0%b4%d0%b8%d0%bd%d0%b8%d1%86%d1%96/%d0%b5%d1%81%d1%82%d0%b5%d1%82%d0%b8%d1%87%d0%bd%d0%b0-%d1%85%d1%96%d1%80%d1%83%d1%80%d0%b3%d1%96%d1%8f-%d0%b3%d1%80%d1%83%d0%b4%d0%b5%d0%b9-2/%d0%b7%d0%b1%d1%96%d0%bb%d1%8c%d1%88%d0%b5%d0%bd%d0%bd%d1%8f-%d0%b3%d1%80%d1%83%d0%b4%d0%b5%d0%b9-%d0%b7%d0%b0-%d0%bc%d0%b5%d1%82%d0%be%d0%b4%d0%be%d0%bc-%d0%b0%d0%bc%d1%96/,mantener,/uk/%d0%be%d0%b4%d0%b8%d0%bd%d0%b8%d1%86%d1%96/%d0%b5%d1%81%d1%82%d0%b5%d1%82%d0%b8%d1%87%d0%bd%d0%b0-%d1%85%d1%96%d1%80%d1%83%d1%80%d0%b3%d1%96%d1%8f-%d0%b3%d1%80%d1%83%d0%b4%d0%b5%d0%b9-2/%d0%b7%d0%b1%d1%96%d0%bb%d1%8c%d1%88%d0%b5%d0%bd%d0%bd%d1%8f-%d0%b3%d1%80%d1%83%d0%b4%d0%b5%d0%b9-%d0%b7%d0%b0-%d0%bc%d0%b5%d1%82%d0%be%d0%b4%d0%be%d0%bc-%d0%b0%d0%bc%d1%96/,200,Збільшення грудей за допомогою методики AMI — MedicsIntegralSalut,,sitemap_only,,,
/ca/unitats-2/cirurgia-estetica-de-mames/augment-de-pits-tecnica-ami/,301,/ca/unitats/cirurgia-estetica-de-mames/augment-de-pits-tecnica-ami/,301,Augment de pit amb la Tècnica AMI - MedicsIntegralSalut,,sitemap_only,,2,renombrada 05/10/2026: URL catalana sin «-2» (decisión usuario)
/en/units/overweight-and-obesity-2/bariatric-surgery-2/gastrectomia-vertical/,mantener,/en/units/overweight-and-obesity-2/bariatric-surgery-2/gastrectomia-vertical/,200,Gastric Sleeve - Vertical Gastrectomy - MedicsIntegralSalut,,sitemap_only,,0,
/fr/unites/surpoids-et-obesite-2/chirurgie-bariatrique-2/gastrectomie-verticale/,mantener,/fr/unites/surpoids-et-obesite-2/chirurgie-bariatrique-2/gastrectomie-verticale/,200,Manga Gastrique - Gastrectomie Verticale - MedicsIntegralSalut,,sitemap_only,,1,
/ru/%d0%b5%d0%b4%d0%b8%d0%bd%d0%b8%d1%86%d1%8b/%d0%b8%d0%b7%d0%b1%d1%8b%d1%82%d0%be%d1%87%d0%bd%d1%8b%d0%b9-%d0%b2%d0%b5%d1%81-%d0%b8-%d0%be%d0%b6%d0%b8%d1%80%d0%b5%d0%bd%d0%b8%d0%b5-2/%d0%b1%d0%b0%d1%80%d0%b8%d0%b0%d1%82%d1%80%d0%b8%d1%87%d0%b5%d1%81%d0%ba%d0%b0%d1%8f-%d1%85%d0%b8%d1%80%d1%83%d1%80%d0%b3%d0%b8%d1%8f-2/%d0%b2%d0%b5%d1%80%d1%82%d0%b8%d0%ba%d0%b0%d0%bb%d1%8c%d0%bd%d0%b0%d1%8f-%d0%b3%d0%b0%d1%81%d1%82%d1%80%d1%8d%d0%ba%d1%82%d0%be%d0%bc%d0%b8%d1%8f/,mantener,/ru/%d0%b5%d0%b4%d0%b8%d0%bd%d0%b8%d1%86%d1%8b/%d0%b8%d0%b7%d0%b1%d1%8b%d1%82%d0%be%d1%87%d0%bd%d1%8b%d0%b9-%d0%b2%d0%b5%d1%81-%d0%b8-%d0%be%d0%b6%d0%b8%d1%80%d0%b5%d0%bd%d0%b8%d0%b5-2/%d0%b1%d0%b0%d1%80%d0%b8%d0%b0%d1%82%d1%80%d0%b8%d1%87%d0%b5%d1%81%d0%ba%d0%b0%d1%8f-%d1%85%d0%b8%d1%80%d1%83%d1%80%d0%b3%d0%b8%d1%8f-2/%d0%b2%d0%b5%d1%80%d1%82%d0%b8%d0%ba%d0%b0%d0%bb%d1%8c%d0%bd%d0%b0%d1%8f-%d0%b3%d0%b0%d1%81%d1%82%d1%80%d1%8d%d0%ba%d1%82%d0%be%d0%bc%d0%b8%d1%8f/,200,Рукавная гастропластика - Вертикальная гастрэктомия - MedicsIntegralSalut,,sitemap_only,,,
/uk/%d0%be%d0%b4%d0%b8%d0%bd%d0%b8%d1%86%d1%96/%d0%bd%d0%b0%d0%b4%d0%bc%d1%96%d1%80%d0%bd%d0%b0-%d0%b2%d0%b0%d0%b3%d0%b0-%d1%82%d0%b0-%d0%be%d0%b6%d0%b8%d1%80%d1%96%d0%bd%d0%bd%d1%8f-2/%d0%b1%d0%b0%d1%80%d1%96%d0%b0%d1%82%d1%80%d0%b8%d1%87%d0%bd%d0%b0-%d1%85%d1%96%d1%80%d1%83%d1%80%d0%b3%d1%96%d1%8f-2/%d0%b2%d0%b5%d1%80%d1%82%d0%b8%d0%ba%d0%b0%d0%bb%d1%8c%d0%bd%d0%b0-%d0%b3%d0%b0%d1%81%d1%82%d1%80%d0%b5%d0%ba%d1%82%d0%be%d0%bc%d1%96%d1%8f/,mantener,/uk/%d0%be%d0%b4%d0%b8%d0%bd%d0%b8%d1%86%d1%96/%d0%bd%d0%b0%d0%b4%d0%bc%d1%96%d1%80%d0%bd%d0%b0-%d0%b2%d0%b0%d0%b3%d0%b0-%d1%82%d0%b0-%d0%be%d0%b6%d0%b8%d1%80%d1%96%d0%bd%d0%bd%d1%8f-2/%d0%b1%d0%b0%d1%80%d1%96%d0%b0%d1%82%d1%80%d0%b8%d1%87%d0%bd%d0%b0-%d1%85%d1%96%d1%80%d1%83%d1%80%d0%b3%d1%96%d1%8f-2/%d0%b2%d0%b5%d1%80%d1%82%d0%b8%d0%ba%d0%b0%d0%bb%d1%8c%d0%bd%d0%b0-%d0%b3%d0%b0%d1%81%d1%82%d1%80%d0%b5%d0%ba%d1%82%d0%be%d0%bc%d1%96%d1%8f/,200,Шлункова манжета — Вертикальна гастректомія — MedicsIntegralSalut,,sitemap_only,,,
/ca/unitats-2/sobrepes-i-obesitat-2/cirurgia-bariatrica-2/gastrectomia-vertical/,301,/ca/unitats/sobrepes-i-obesitat/cirurgia-bariatrica/gastrectomia-vertical/,301,Mànega Gàstrica - Gastrectomia Vertical - MedicsIntegralSalut,,sitemap_only,,0,renombrada 05/10/2026: URL catalana sin «-2» (decisión usuario)
/en/units/overweight-and-obesity-2/bariatric-surgery-2/bypass-gastrico/,mantener,/en/units/overweight-and-obesity-2/bariatric-surgery-2/bypass-gastrico/,200,Gastric Bypass - MedicsIntegralSalut,,sitemap_only,,0,
/fr/unites/surpoids-et-obesite-2/chirurgie-bariatrique-2/bypass-gastrico/,mantener,/fr/unites/surpoids-et-obesite-2/chirurgie-bariatrique-2/bypass-gastrico/,200,Bypass gastrique - MedicsIntegralSalut,,sitemap_only,,0,
/ru/%d0%b5%d0%b4%d0%b8%d0%bd%d0%b8%d1%86%d1%8b/%d0%b8%d0%b7%d0%b1%d1%8b%d1%82%d0%be%d1%87%d0%bd%d1%8b%d0%b9-%d0%b2%d0%b5%d1%81-%d0%b8-%d0%be%d0%b6%d0%b8%d1%80%d0%b5%d0%bd%d0%b8%d0%b5-2/%d0%b1%d0%b0%d1%80%d0%b8%d0%b0%d1%82%d1%80%d0%b8%d1%87%d0%b5%d1%81%d0%ba%d0%b0%d1%8f-%d1%85%d0%b8%d1%80%d1%83%d1%80%d0%b3%d0%b8%d1%8f-2/bypass-gastrico/,mantener,/ru/%d0%b5%d0%b4%d0%b8%d0%bd%d0%b8%d1%86%d1%8b/%d0%b8%d0%b7%d0%b1%d1%8b%d1%82%d0%be%d1%87%d0%bd%d1%8b%d0%b9-%d0%b2%d0%b5%d1%81-%d0%b8-%d0%be%d0%b6%d0%b8%d1%80%d0%b5%d0%bd%d0%b8%d0%b5-2/%d0%b1%d0%b0%d1%80%d0%b8%d0%b0%d1%82%d1%80%d0%b8%d1%87%d0%b5%d1%81%d0%ba%d0%b0%d1%8f-%d1%85%d0%b8%d1%80%d1%83%d1%80%d0%b3%d0%b8%d1%8f-2/bypass-gastrico/,200,Bypass Gástrico - MedicsIntegralSalut,,sitemap_only,,,
/uk/%d0%be%d0%b4%d0%b8%d0%bd%d0%b8%d1%86%d1%96/%d0%bd%d0%b0%d0%b4%d0%bc%d1%96%d1%80%d0%bd%d0%b0-%d0%b2%d0%b0%d0%b3%d0%b0-%d1%82%d0%b0-%d0%be%d0%b6%d0%b8%d1%80%d1%96%d0%bd%d0%bd%d1%8f-2/%d0%b1%d0%b0%d1%80%d1%96%d0%b0%d1%82%d1%80%d0%b8%d1%87%d0%bd%d0%b0-%d1%85%d1%96%d1%80%d1%83%d1%80%d0%b3%d1%96%d1%8f-2/%d1%88%d0%bb%d1%83%d0%bd%d0%ba%d0%be%d0%b2%d0%b8%d0%b9-%d1%88%d1%83%d0%bd%d1%82/,mantener,/uk/%d0%be%d0%b4%d0%b8%d0%bd%d0%b8%d1%86%d1%96/%d0%bd%d0%b0%d0%b4%d0%bc%d1%96%d1%80%d0%bd%d0%b0-%d0%b2%d0%b0%d0%b3%d0%b0-%d1%82%d0%b0-%d0%be%d0%b6%d0%b8%d1%80%d1%96%d0%bd%d0%bd%d1%8f-2/%d0%b1%d0%b0%d1%80%d1%96%d0%b0%d1%82%d1%80%d0%b8%d1%87%d0%bd%d0%b0-%d1%85%d1%96%d1%80%d1%83%d1%80%d0%b3%d1%96%d1%8f-2/%d1%88%d0%bb%d1%83%d0%bd%d0%ba%d0%be%d0%b2%d0%b8%d0%b9-%d1%88%d1%83%d0%bd%d1%82/,200,Шлунковий шунт — MedicsIntegralSalut,,sitemap_only,,,
/ca/unitats-2/sobrepes-i-obesitat-2/cirurgia-bariatrica-2/bypass-gastrico/,301,/ca/unitats/sobrepes-i-obesitat/cirurgia-bariatrica/bypass-gastrico/,301,Bypass gàstric - MedicsIntegralSalut,,sitemap_only,,0,renombrada 05/10/2026: URL catalana sin «-2» (decisión usuario)
/en/units/overweight-and-obesity-2/bariatric-surgery-2/duodenal-crossing/,mantener,/en/units/overweight-and-obesity-2/bariatric-surgery-2/duodenal-crossing/,200,Duodenal Crossover - MedicsIntegralSalut,,sitemap_only,,0,
/fr/unites/surpoids-et-obesite-2/chirurgie-bariatrique-2/croisure-duodenale/,mantener,/fr/unites/surpoids-et-obesite-2/chirurgie-bariatrique-2/croisure-duodenale/,200,Cruce Duodénale - MedicsIntegralSalut,,sitemap_only,,0,
/ru/%d0%b5%d0%b4%d0%b8%d0%bd%d0%b8%d1%86%d1%8b/%d0%b8%d0%b7%d0%b1%d1%8b%d1%82%d0%be%d1%87%d0%bd%d1%8b%d0%b9-%d0%b2%d0%b5%d1%81-%d0%b8-%d0%be%d0%b6%d0%b8%d1%80%d0%b5%d0%bd%d0%b8%d0%b5-2/%d0%b1%d0%b0%d1%80%d0%b8%d0%b0%d1%82%d1%80%d0%b8%d1%87%d0%b5%d1%81%d0%ba%d0%b0%d1%8f-%d1%85%d0%b8%d1%80%d1%83%d1%80%d0%b3%d0%b8%d1%8f-2/%d1%8f%d0%b7%d0%b2%d0%b5%d0%bd%d0%bd%d0%b0%d1%8f-%d0%b1%d0%be%d0%bb%d0%b5%d0%b7%d0%bd%d1%8c-%d0%b4%d0%b2%d0%b5%d0%bd%d0%b0%d0%b4%d1%86%d0%b0%d1%82%d0%b8%d0%bf%d0%b5%d1%80%d1%81%d1%82%d0%bd%d0%be%d0%b9/,mantener,/ru/%d0%b5%d0%b4%d0%b8%d0%bd%d0%b8%d1%86%d1%8b/%d0%b8%d0%b7%d0%b1%d1%8b%d1%82%d0%be%d1%87%d0%bd%d1%8b%d0%b9-%d0%b2%d0%b5%d1%81-%d0%b8-%d0%be%d0%b6%d0%b8%d1%80%d0%b5%d0%bd%d0%b8%d0%b5-2/%d0%b1%d0%b0%d1%80%d0%b8%d0%b0%d1%82%d1%80%d0%b8%d1%87%d0%b5%d1%81%d0%ba%d0%b0%d1%8f-%d1%85%d0%b8%d1%80%d1%83%d1%80%d0%b3%d0%b8%d1%8f-2/%d1%8f%d0%b7%d0%b2%d0%b5%d0%bd%d0%bd%d0%b0%d1%8f-%d0%b1%d0%be%d0%bb%d0%b5%d0%b7%d0%bd%d1%8c-%d0%b4%d0%b2%d0%b5%d0%bd%d0%b0%d0%b4%d1%86%d0%b0%d1%82%d0%b8%d0%bf%d0%b5%d1%80%d1%81%d1%82%d0%bd%d0%be%d0%b9/,200,Круз Дуоденаль - MedicsIntegralSalut,,sitemap_only,,,
/uk/%d0%be%d0%b4%d0%b8%d0%bd%d0%b8%d1%86%d1%96/%d0%bd%d0%b0%d0%b4%d0%bc%d1%96%d1%80%d0%bd%d0%b0-%d0%b2%d0%b0%d0%b3%d0%b0-%d1%82%d0%b0-%d0%be%d0%b6%d0%b8%d1%80%d1%96%d0%bd%d0%bd%d1%8f-2/%d0%b1%d0%b0%d1%80%d1%96%d0%b0%d1%82%d1%80%d0%b8%d1%87%d0%bd%d0%b0-%d1%85%d1%96%d1%80%d1%83%d1%80%d0%b3%d1%96%d1%8f-2/%d0%b4%d1%83%d0%be%d0%b4%d0%b5%d0%bd%d0%b0%d0%bb%d1%8c%d0%bd%d0%b8%d0%b9-%d0%bf%d0%b5%d1%80%d0%b5%d1%85%d1%80%d0%b5%d1%81%d1%82-3/,mantener,/uk/%d0%be%d0%b4%d0%b8%d0%bd%d0%b8%d1%86%d1%96/%d0%bd%d0%b0%d0%b4%d0%bc%d1%96%d1%80%d0%bd%d0%b0-%d0%b2%d0%b0%d0%b3%d0%b0-%d1%82%d0%b0-%d0%be%d0%b6%d0%b8%d1%80%d1%96%d0%bd%d0%bd%d1%8f-2/%d0%b1%d0%b0%d1%80%d1%96%d0%b0%d1%82%d1%80%d0%b8%d1%87%d0%bd%d0%b0-%d1%85%d1%96%d1%80%d1%83%d1%80%d0%b3%d1%96%d1%8f-2/%d0%b4%d1%83%d0%be%d0%b4%d0%b5%d0%bd%d0%b0%d0%bb%d1%8c%d0%bd%d0%b8%d0%b9-%d0%bf%d0%b5%d1%80%d0%b5%d1%85%d1%80%d0%b5%d1%81%d1%82-3/,200,Дуоденальний шунт — MedicsIntegralSalut,,sitemap_only,,,
/ca/unitats-2/sobrepes-i-obesitat-2/cirurgia-bariatrica-2/cruilla-duodenal/,301,/ca/unitats/sobrepes-i-obesitat/cirurgia-bariatrica/cruilla-duodenal/,301,Encreuament Duodenal - MedicsIntegralSalut,,sitemap_only,,0,renombrada 05/10/2026: URL catalana sin «-2» (decisión usuario)
/en/units/cosmetic-medicine-girona/,mantener,/en/units/cosmetic-medicine-girona/,200,Cosmetic Medicine in Girona | Medics Integral Salut,,sitemap_only,,0,
/fr/unites/medecine-esthetique-gerone/,mantener,/fr/unites/medecine-esthetique-gerone/,200,Médecine Cosmétique à Gérone | Medics Integral Salut,,sitemap_only,,0,
/ru/%d0%b5%d0%b4%d0%b8%d0%bd%d0%b8%d1%86%d1%8b/medicina-cosmetica-girona/,mantener,/ru/%d0%b5%d0%b4%d0%b8%d0%bd%d0%b8%d1%86%d1%8b/medicina-cosmetica-girona/,200,Medicina Cosmética en Gerona | Medics Integral Salut,,sitemap_only,,,
/uk/%d0%be%d0%b4%d0%b8%d0%bd%d0%b8%d1%86%d1%96/medicina-cosmetica-girona/,mantener,/uk/%d0%be%d0%b4%d0%b8%d0%bd%d0%b8%d1%86%d1%96/medicina-cosmetica-girona/,200,Medicina Cosmética en Gerona | Medics Integral Salut,,sitemap_only,,,
/ca/unitats-2/medicina-estetica-girona/,301,/ca/unitats/medicina-estetica-girona/,301,Medicina Estètica a Girona | Medics Integral Salut,,sitemap_only,,0,renombrada 05/10/2026: URL catalana sin «-2» (decisión usuario)
/en/units/cosmetic-surgery-3/liposuction-2/,mantener,/en/units/cosmetic-surgery-3/liposuction-2/,200,Liposuction in Girona - MedicsIntegralSalut,,sitemap_only,,0,
/fr/unites/chirurgie-esthetique-corporelle-2/liposuccion/,mantener,/fr/unites/chirurgie-esthetique-corporelle-2/liposuccion/,200,Liposuccion à Gérone - MedicsIntegralSalut,,sitemap_only,,0,
/ru/%d0%b5%d0%b4%d0%b8%d0%bd%d0%b8%d1%86%d1%8b/%d1%8d%d1%81%d1%82%d0%b5%d1%82%d0%b8%d1%87%d0%b5%d1%81%d0%ba%d0%b0%d1%8f-%d0%be%d0%bf%d0%b5%d1%80%d0%b0%d1%86%d0%b8%d1%8f-%d1%82%d0%b5%d0%bb%d0%b0/%d0%bb%d0%b8%d0%bf%d0%be%d1%81%d0%b0%d0%ba%d1%86%d0%b8%d1%8f-2/,mantener,/ru/%d0%b5%d0%b4%d0%b8%d0%bd%d0%b8%d1%86%d1%8b/%d1%8d%d1%81%d1%82%d0%b5%d1%82%d0%b8%d1%87%d0%b5%d1%81%d0%ba%d0%b0%d1%8f-%d0%be%d0%bf%d0%b5%d1%80%d0%b0%d1%86%d0%b8%d1%8f-%d1%82%d0%b5%d0%bb%d0%b0/%d0%bb%d0%b8%d0%bf%d0%be%d1%81%d0%b0%d0%ba%d1%86%d0%b8%d1%8f-2/,200,Липосакция в Жироне - MedicsIntegralSalut,,sitemap_only,,,
/uk/%d0%be%d0%b4%d0%b8%d0%bd%d0%b8%d1%86%d1%96/%d0%b5%d1%81%d1%82%d0%b5%d1%82%d0%b8%d1%87%d0%bd%d0%b0-%d1%85%d1%96%d1%80%d1%83%d1%80%d0%b3%d1%96%d1%8f-%d1%82%d1%96%d0%bb%d0%b0-2/%d0%bb%d1%96%d0%bf%d0%be%d1%81%d0%b0%d0%ba%d1%86%d1%96%d1%8f-2/,mantener,/uk/%d0%be%d0%b4%d0%b8%d0%bd%d0%b8%d1%86%d1%96/%d0%b5%d1%81%d1%82%d0%b5%d1%82%d0%b8%d1%87%d0%bd%d0%b0-%d1%85%d1%96%d1%80%d1%83%d1%80%d0%b3%d1%96%d1%8f-%d1%82%d1%96%d0%bb%d0%b0-2/%d0%bb%d1%96%d0%bf%d0%be%d1%81%d0%b0%d0%ba%d1%86%d1%96%d1%8f-2/,200,Ліпосакція в Жироні — MedicsIntegralSalut,,sitemap_only,,,
/ca/unitats-2/cirurgia-estetica-corporal-2/liposuccio-2/,301,/ca/unitats/cirurgia-estetica-corporal/liposuccio/,301,Lipoescultura a Girona - MedicsIntegralSalut,,sitemap_only,,0,renombrada 05/10/2026: URL catalana sin «-2» (decisión usuario)
/en/units/cosmetic-facial-surgery-2/rhinoplasty-girona/,mantener,/en/units/cosmetic-facial-surgery-2/rhinoplasty-girona/,200,Rhinoplasty Girona | Ultrasonic | MedicsIntegralSalut ®,,sitemap_only,,1,
/fr/unites/chirurgie-esthetique-faciale/rhinoplastie-gerone/,mantener,/fr/unites/chirurgie-esthetique-faciale/rhinoplastie-gerone/,200,Rhinoplastie Gérone | Ultrasonique | MedicsIntegralSalut,,sitemap_only,,0,
/ru/%d0%b5%d0%b4%d0%b8%d0%bd%d0%b8%d1%86%d1%8b/%d0%bf%d0%bb%d0%b0%d1%81%d1%82%d0%b8%d1%87%d0%b5%d1%81%d0%ba%d0%b0%d1%8f-%d1%85%d0%b8%d1%80%d1%83%d1%80%d0%b3%d0%b8%d1%8f-%d0%bb%d0%b8%d1%86%d0%b0/%d1%80%d0%b8%d0%bd%d0%be%d0%bf%d0%bb%d0%b0%d1%81%d1%82%d0%b8%d0%ba%d0%b0-%d0%b6%d0%b8%d1%80%d0%be%d0%bd%d0%b0/,mantener,/ru/%d0%b5%d0%b4%d0%b8%d0%bd%d0%b8%d1%86%d1%8b/%d0%bf%d0%bb%d0%b0%d1%81%d1%82%d0%b8%d1%87%d0%b5%d1%81%d0%ba%d0%b0%d1%8f-%d1%85%d0%b8%d1%80%d1%83%d1%80%d0%b3%d0%b8%d1%8f-%d0%bb%d0%b8%d1%86%d0%b0/%d1%80%d0%b8%d0%bd%d0%be%d0%bf%d0%bb%d0%b0%d1%81%d1%82%d0%b8%d0%ba%d0%b0-%d0%b6%d0%b8%d1%80%d0%be%d0%bd%d0%b0/,200,【 Rinoplastia Girona | Ultrasónica | MedicsIntegralSalut 】®,,sitemap_only,,,
/uk/%d0%be%d0%b4%d0%b8%d0%bd%d0%b8%d1%86%d1%96/%d0%b5%d1%81%d1%82%d0%b5%d1%82%d0%b8%d1%87%d0%bd%d0%b0-%d1%85%d1%96%d1%80%d1%83%d1%80%d0%b3%d1%96%d1%8f-%d0%be%d0%b1%d0%bb%d0%b8%d1%87%d1%87%d1%8f-2/%d1%80%d0%b8%d0%bd%d0%be%d0%bf%d0%bb%d0%b0%d1%81%d1%82%d0%b8%d0%ba%d0%b0-%d0%b2-%d0%b6%d0%b8%d1%80%d0%be%d0%bd%d1%96/,mantener,/uk/%d0%be%d0%b4%d0%b8%d0%bd%d0%b8%d1%86%d1%96/%d0%b5%d1%81%d1%82%d0%b5%d1%82%d0%b8%d1%87%d0%bd%d0%b0-%d1%85%d1%96%d1%80%d1%83%d1%80%d0%b3%d1%96%d1%8f-%d0%be%d0%b1%d0%bb%d0%b8%d1%87%d1%87%d1%8f-2/%d1%80%d0%b8%d0%bd%d0%be%d0%bf%d0%bb%d0%b0%d1%81%d1%82%d0%b8%d0%ba%d0%b0-%d0%b2-%d0%b6%d0%b8%d1%80%d0%be%d0%bd%d1%96/,200,【 Ринопластика в Жироні | Ультразвукова | MedicsIntegralSalut 】®,,sitemap_only,,,
/ca/unitats-2/cirurgia-estetica-facial-2/rinoplastia-girona/,301,/ca/unitats/cirurgia-estetica-facial/rinoplastia-girona/,301,【 Rinoplàstia Girona | Ultrasònica | MedicsIntegralSalut 】®,,sitemap_only,,2,renombrada 05/10/2026: URL catalana sin «-2» (decisión usuario)
/en/units/cosmetic-facial-surgery-2/eyelid-surgery-girona/,mantener,/en/units/cosmetic-facial-surgery-2/eyelid-surgery-girona/,200,Eyelid Surgery in Girona | Oculoplastics | Eyelid Surgery,,sitemap_only,,1,
/fr/unites/chirurgie-esthetique-faciale/blepharoplastie-gerone/,mantener,/fr/unites/chirurgie-esthetique-faciale/blepharoplastie-gerone/,200,Blépharoplastie à Gérone | Oculoplastie | Chirurgie des paupières,,sitemap_only,,0,
/ru/%d0%b5%d0%b4%d0%b8%d0%bd%d0%b8%d1%86%d1%8b/%d0%bf%d0%bb%d0%b0%d1%81%d1%82%d0%b8%d1%87%d0%b5%d1%81%d0%ba%d0%b0%d1%8f-%d1%85%d0%b8%d1%80%d1%83%d1%80%d0%b3%d0%b8%d1%8f-%d0%bb%d0%b8%d1%86%d0%b0/%d0%b1%d0%bb%d0%b5%d1%84%d0%b0%d1%80%d0%be%d0%bf%d0%bb%d0%b0%d1%81%d1%82%d0%b8%d0%ba%d0%b0-%d0%b6%d0%b8%d1%80%d0%be%d0%bd%d0%b0/,mantener,/ru/%d0%b5%d0%b4%d0%b8%d0%bd%d0%b8%d1%86%d1%8b/%d0%bf%d0%bb%d0%b0%d1%81%d1%82%d0%b8%d1%87%d0%b5%d1%81%d0%ba%d0%b0%d1%8f-%d1%85%d0%b8%d1%80%d1%83%d1%80%d0%b3%d0%b8%d1%8f-%d0%bb%d0%b8%d1%86%d0%b0/%d0%b1%d0%bb%d0%b5%d1%84%d0%b0%d1%80%d0%be%d0%bf%d0%bb%d0%b0%d1%81%d1%82%d0%b8%d0%ba%d0%b0-%d0%b6%d0%b8%d1%80%d0%be%d0%bd%d0%b0/,200,Блефаропластика в Жироне | Окулопластика | Хирургия век,,sitemap_only,,,
/uk/%d0%be%d0%b4%d0%b8%d0%bd%d0%b8%d1%86%d1%96/%d0%b5%d1%81%d1%82%d0%b5%d1%82%d0%b8%d1%87%d0%bd%d0%b0-%d1%85%d1%96%d1%80%d1%83%d1%80%d0%b3%d1%96%d1%8f-%d0%be%d0%b1%d0%bb%d0%b8%d1%87%d1%87%d1%8f-2/%d0%b1%d0%bb%d0%b5%d1%84%d0%b0%d1%80%d0%be%d0%bf%d0%bb%d0%b0%d1%81%d1%82%d0%b8%d0%ba%d0%b0-%d0%b2-%d0%b6%d0%b8%d1%80%d0%be%d0%bd%d1%96/,mantener,/uk/%d0%be%d0%b4%d0%b8%d0%bd%d0%b8%d1%86%d1%96/%d0%b5%d1%81%d1%82%d0%b5%d1%82%d0%b8%d1%87%d0%bd%d0%b0-%d1%85%d1%96%d1%80%d1%83%d1%80%d0%b3%d1%96%d1%8f-%d0%be%d0%b1%d0%bb%d0%b8%d1%87%d1%87%d1%8f-2/%d0%b1%d0%bb%d0%b5%d1%84%d0%b0%d1%80%d0%be%d0%bf%d0%bb%d0%b0%d1%81%d1%82%d0%b8%d0%ba%d0%b0-%d0%b2-%d0%b6%d0%b8%d1%80%d0%be%d0%bd%d1%96/,200,Блефаропластика в Жироні | Окулопластика | Хірургія повік,,sitemap_only,,,
/ca/unitats-2/cirurgia-estetica-facial-2/blefaroplastia-girona/,301,/ca/unitats/cirurgia-estetica-facial/blefaroplastia-girona/,301,Blefaroplàstia a Girona | Oculoplàstia | Cirurgia de parpelles,,sitemap_only,,3,renombrada 05/10/2026: URL catalana sin «-2» (decisión usuario)
/en/units/cosmetic-facial-surgery-2/ear-surgery-girona/,mantener,/en/units/cosmetic-facial-surgery-2/ear-surgery-girona/,200,Otoplasty Girona | Ear Surgery | MedicsIntegralSalut,,sitemap_only,,0,
/fr/unites/chirurgie-esthetique-faciale/otoplastie-gerone/,mantener,/fr/unites/chirurgie-esthetique-faciale/otoplastie-gerone/,200,Otoplastie Gérone | Chirurgie des Oreilles | MedicsIntegralSalut,,sitemap_only,,0,
/ru/%d0%b5%d0%b4%d0%b8%d0%bd%d0%b8%d1%86%d1%8b/%d0%bf%d0%bb%d0%b0%d1%81%d1%82%d0%b8%d1%87%d0%b5%d1%81%d0%ba%d0%b0%d1%8f-%d1%85%d0%b8%d1%80%d1%83%d1%80%d0%b3%d0%b8%d1%8f-%d0%bb%d0%b8%d1%86%d0%b0/%d0%be%d1%82%d0%be%d0%bf%d0%bb%d0%b0%d1%81%d1%82%d0%b8%d0%ba%d0%b0-%d0%b6%d0%b8%d1%80%d0%be%d0%bd%d0%b0/,mantener,/ru/%d0%b5%d0%b4%d0%b8%d0%bd%d0%b8%d1%86%d1%8b/%d0%bf%d0%bb%d0%b0%d1%81%d1%82%d0%b8%d1%87%d0%b5%d1%81%d0%ba%d0%b0%d1%8f-%d1%85%d0%b8%d1%80%d1%83%d1%80%d0%b3%d0%b8%d1%8f-%d0%bb%d0%b8%d1%86%d0%b0/%d0%be%d1%82%d0%be%d0%bf%d0%bb%d0%b0%d1%81%d1%82%d0%b8%d0%ba%d0%b0-%d0%b6%d0%b8%d1%80%d0%be%d0%bd%d0%b0/,200,Отопластика Жирона | Хирургия ушей | MedicsIntegralSalut,,sitemap_only,,,
/uk/%d0%be%d0%b4%d0%b8%d0%bd%d0%b8%d1%86%d1%96/%d0%b5%d1%81%d1%82%d0%b5%d1%82%d0%b8%d1%87%d0%bd%d0%b0-%d1%85%d1%96%d1%80%d1%83%d1%80%d0%b3%d1%96%d1%8f-%d0%be%d0%b1%d0%bb%d0%b8%d1%87%d1%87%d1%8f-2/%d0%be%d1%82%d0%be%d0%bf%d0%bb%d0%b0%d1%81%d1%82%d0%b8%d0%ba%d0%b0-%d0%b2-%d0%b6%d0%b8%d1%80%d0%be%d0%bd%d1%96/,mantener,/uk/%d0%be%d0%b4%d0%b8%d0%bd%d0%b8%d1%86%d1%96/%d0%b5%d1%81%d1%82%d0%b5%d1%82%d0%b8%d1%87%d0%bd%d0%b0-%d1%85%d1%96%d1%80%d1%83%d1%80%d0%b3%d1%96%d1%8f-%d0%be%d0%b1%d0%bb%d0%b8%d1%87%d1%87%d1%8f-2/%d0%be%d1%82%d0%be%d0%bf%d0%bb%d0%b0%d1%81%d1%82%d0%b8%d0%ba%d0%b0-%d0%b2-%d0%b6%d0%b8%d1%80%d0%be%d0%bd%d1%96/,200,Отопластика в Жироні | Хірургія вух | MedicsIntegralSalut,,sitemap_only,,,
/ca/unitats-2/cirurgia-estetica-facial-2/otoplastia-girona/,301,/ca/unitats/cirurgia-estetica-facial/otoplastia-girona/,301,Otoplàstia Girona | Cirurgia d'Orelles | MedicsIntegralSalut,,sitemap_only,,0,renombrada 05/10/2026: URL catalana sin «-2» (decisión usuario)
/en/units/cosmetic-breast-surgery-2/breast-augmentation-girona-3/,mantener,/en/units/cosmetic-breast-surgery-2/breast-augmentation-girona-3/,200,Breast augmentation in Girona | Breast augmentation surgery | Breast surgery,,sitemap_only,,0,
/fr/unites/chirurgie-esthetique-des-seins-2/augmentation-mammaire-gerone/,mantener,/fr/unites/chirurgie-esthetique-des-seins-2/augmentation-mammaire-gerone/,200,Augmentation mammaire à Gérone | Mamoplastie | Chirurgie mammaire,,sitemap_only,,0,
/ru/%d0%b5%d0%b4%d0%b8%d0%bd%d0%b8%d1%86%d1%8b/%d0%bf%d0%bb%d0%b0%d1%81%d1%82%d0%b8%d1%87%d0%b5%d1%81%d0%ba%d0%b0%d1%8f-%d1%85%d0%b8%d1%80%d1%83%d1%80%d0%b3%d0%b8%d1%8f-%d0%b3%d1%80%d1%83%d0%b4%d0%b8/%d1%83%d0%b2%d0%b5%d0%bb%d0%b8%d1%87%d0%b5%d0%bd%d0%b8%d0%b5-%d0%b3%d1%80%d1%83%d0%b4%d0%b8-%d0%b6%d0%b8%d1%80%d0%be%d0%bd%d0%b0-2/,mantener,/ru/%d0%b5%d0%b4%d0%b8%d0%bd%d0%b8%d1%86%d1%8b/%d0%bf%d0%bb%d0%b0%d1%81%d1%82%d0%b8%d1%87%d0%b5%d1%81%d0%ba%d0%b0%d1%8f-%d1%85%d0%b8%d1%80%d1%83%d1%80%d0%b3%d0%b8%d1%8f-%d0%b3%d1%80%d1%83%d0%b4%d0%b8/%d1%83%d0%b2%d0%b5%d0%bb%d0%b8%d1%87%d0%b5%d0%bd%d0%b8%d0%b5-%d0%b3%d1%80%d1%83%d0%b4%d0%b8-%d0%b6%d0%b8%d1%80%d0%be%d0%bd%d0%b0-2/,200,Увеличение груди в Жироне | Маммопластика | Пластика груди,,sitemap_only,,,
/uk/%d0%be%d0%b4%d0%b8%d0%bd%d0%b8%d1%86%d1%96/%d0%b5%d1%81%d1%82%d0%b5%d1%82%d0%b8%d1%87%d0%bd%d0%b0-%d1%85%d1%96%d1%80%d1%83%d1%80%d0%b3%d1%96%d1%8f-%d0%b3%d1%80%d1%83%d0%b4%d0%b5%d0%b9-2/%d0%b7%d0%b1%d1%96%d0%bb%d1%8c%d1%88%d0%b5%d0%bd%d0%bd%d1%8f-%d0%b3%d1%80%d1%83%d0%b4%d0%b5%d0%b9-%d1%83-%d0%b6%d0%b8%d1%80%d0%be%d0%bd%d1%96-2/,mantener,/uk/%d0%be%d0%b4%d0%b8%d0%bd%d0%b8%d1%86%d1%96/%d0%b5%d1%81%d1%82%d0%b5%d1%82%d0%b8%d1%87%d0%bd%d0%b0-%d1%85%d1%96%d1%80%d1%83%d1%80%d0%b3%d1%96%d1%8f-%d0%b3%d1%80%d1%83%d0%b4%d0%b5%d0%b9-2/%d0%b7%d0%b1%d1%96%d0%bb%d1%8c%d1%88%d0%b5%d0%bd%d0%bd%d1%8f-%d0%b3%d1%80%d1%83%d0%b4%d0%b5%d0%b9-%d1%83-%d0%b6%d0%b8%d1%80%d0%be%d0%bd%d1%96-2/,200,Збільшення грудей у Жироні | Мамопластика | Хірургія грудей,,sitemap_only,,,
/ca/unitats-2/cirurgia-estetica-de-mames/augment-de-pit-girona-2/,301,/ca/unitats/cirurgia-estetica-de-mames/augment-de-pit-girona/,301,Augment de pit a Girona | Mamoplàstia | Cirurgia Mamària,,sitemap_only,,1,renombrada 05/10/2026: URL catalana sin «-2» (decisión usuario)
/en/units/overweight-and-obesity-2/gastric-balloon-girona/,mantener,/en/units/overweight-and-obesity-2/gastric-balloon-girona/,200,Gastric Balloon Girona | Adjustable 12 months | Medicsintegral,,sitemap_only,,0,
/fr/unites/surpoids-et-obesite-2/ballon-gastrique-gerone/,mantener,/fr/unites/surpoids-et-obesite-2/ballon-gastrique-gerone/,200,Ballon Gastrique Girona | Réglable 12 mois | Medicsintegral,,sitemap_only,,1,
/ru/%d0%b5%d0%b4%d0%b8%d0%bd%d0%b8%d1%86%d1%8b/%d0%b8%d0%b7%d0%b1%d1%8b%d1%82%d0%be%d1%87%d0%bd%d1%8b%d0%b9-%d0%b2%d0%b5%d1%81-%d0%b8-%d0%be%d0%b6%d0%b8%d1%80%d0%b5%d0%bd%d0%b8%d0%b5-2/%d0%b3%d0%b0%d1%81%d1%82%d1%80%d0%be%d0%b1%d0%b0%d0%bb%d0%bb%d0%be%d0%bd-%d0%b6%d0%b8%d1%80%d0%be%d0%bd%d0%b0/,mantener,/ru/%d0%b5%d0%b4%d0%b8%d0%bd%d0%b8%d1%86%d1%8b/%d0%b8%d0%b7%d0%b1%d1%8b%d1%82%d0%be%d1%87%d0%bd%d1%8b%d0%b9-%d0%b2%d0%b5%d1%81-%d0%b8-%d0%be%d0%b6%d0%b8%d1%80%d0%b5%d0%bd%d0%b8%d0%b5-2/%d0%b3%d0%b0%d1%81%d1%82%d1%80%d0%be%d0%b1%d0%b0%d0%bb%d0%bb%d0%be%d0%bd-%d0%b6%d0%b8%d1%80%d0%be%d0%bd%d0%b0/,200,Гастрический баллон Жирона | регулируемый 12 месяцев | Medicsintegral,,sitemap_only,,,
/uk/%d0%be%d0%b4%d0%b8%d0%bd%d0%b8%d1%86%d1%96/%d0%bd%d0%b0%d0%b4%d0%bc%d1%96%d1%80%d0%bd%d0%b0-%d0%b2%d0%b0%d0%b3%d0%b0-%d1%82%d0%b0-%d0%be%d0%b6%d0%b8%d1%80%d1%96%d0%bd%d0%bd%d1%8f-2/%d1%88%d0%bb%d1%83%d0%bd%d0%ba%d0%be%d0%b2%d0%b8%d0%b9-%d0%b1%d0%b0%d0%bb%d0%be%d0%bd-%d0%b6%d0%b8%d1%80%d0%be%d0%bd%d0%b0/,mantener,/uk/%d0%be%d0%b4%d0%b8%d0%bd%d0%b8%d1%86%d1%96/%d0%bd%d0%b0%d0%b4%d0%bc%d1%96%d1%80%d0%bd%d0%b0-%d0%b2%d0%b0%d0%b3%d0%b0-%d1%82%d0%b0-%d0%be%d0%b6%d0%b8%d1%80%d1%96%d0%bd%d0%bd%d1%8f-2/%d1%88%d0%bb%d1%83%d0%bd%d0%ba%d0%be%d0%b2%d0%b8%d0%b9-%d0%b1%d0%b0%d0%bb%d0%be%d0%bd-%d0%b6%d0%b8%d1%80%d0%be%d0%bd%d0%b0/,200,Шлунковий балон у Жироні | з можливістю переналаштування через 12 місяців | Medicsintegral,,sitemap_only,,,
/ca/unitats-2/sobrepes-i-obesitat-2/bandol-gastric-girona/,301,/ca/unitats/sobrepes-i-obesitat/bandol-gastric-girona/,301,Bàlon Gàstric Girona | Reajustable 12 mesos | Medicsintegral,,sitemap_only,,2,renombrada 05/10/2026: URL catalana sin «-2» (decisión usuario)
/portfolio_page/,mantener,/portfolio_page/,200,Portfolio archivo - MedicsIntegralSalut,,sitemap_only,,,
/en/portfolio_page/,mantener,/en/portfolio_page/,200,Portfolio archivo - MedicsIntegralSalut,,sitemap_only,,,
/fr/page_de_portfolio/,mantener,/fr/page_de_portfolio/,200,Portfolio archivo - MedicsIntegralSalut,,sitemap_only,,,
/ru/%d0%bf%d0%be%d1%80%d1%82%d1%84%d0%be%d0%bb%d0%b8%d0%be/,mantener,/ru/%d0%bf%d0%be%d1%80%d1%82%d1%84%d0%be%d0%bb%d0%b8%d0%be/,200,Portfolio archivo - MedicsIntegralSalut,,sitemap_only,,,
/uk/portfolio_page/,mantener,/uk/portfolio_page/,200,Portfolio archivo - MedicsIntegralSalut,,sitemap_only,,0,
/ca/portfoli_pagina/,mantener,/ca/portfoli_pagina/,200,Portfolio archivo - MedicsIntegralSalut,,sitemap_only,,0,
/team/dr-cristobal-langdon-montero/,mantener,/team/dr-cristobal-langdon-montero/,200,Dr. Cristóbal Langdon Montero - MedicsIntegralSalut,,sitemap_only,,17,
/en/team/dr-cristobal-langdon-montero/,mantener,/en/team/dr-cristobal-langdon-montero/,200,Dr. Cristóbal Langdon Montero - MedicsIntegralSalut,,sitemap_only,,0,
/fr/equipe/dr-cristobal-langdon-montero/,mantener,/fr/equipe/dr-cristobal-langdon-montero/,200,Dr. Cristóbal Langdon Montero - MedicsIntegralSalut,,sitemap_only,,0,
/ru/team/dr-cristobal-langdon-montero/,mantener,/ru/team/dr-cristobal-langdon-montero/,200,Dr. Cristóbal Langdon Montero - MedicsIntegralSalut,,sitemap_only,,0,
/uk/%d0%ba%d0%be%d0%bc%d0%b0%d0%bd%d0%b4%d0%b0/dr-cristobal-langdon-montero/,mantener,/uk/%d0%ba%d0%be%d0%bc%d0%b0%d0%bd%d0%b4%d0%b0/dr-cristobal-langdon-montero/,200,Dr. Cristóbal Langdon Montero - MedicsIntegralSalut,,sitemap_only,,,
/ca/equip/dr-cristobal-langdon-montero/,mantener,/ca/equip/dr-cristobal-langdon-montero/,200,Dr. Cristóbal Langdon Montero - MedicsIntegralSalut,,sitemap_only,1,0,
/team/dr-mike-dewever-3/,mantener,/team/dr-mike-dewever-3/,200,Dr. Sergio Ángeles Montañez - MedicsIntegralSalut,,sitemap_only,,10,
/en/team/dr-mike-dewever-3/,mantener,/en/team/dr-mike-dewever-3/,200,Dr. Sergio Ángeles Montañez - MedicsIntegralSalut,,sitemap_only,,0,
/fr/equipe/dr-mike-dewever-3/,mantener,/fr/equipe/dr-mike-dewever-3/,200,Dr. Sergio Ángeles Montañez - MedicsIntegralBonjour,,sitemap_only,,0,
/ru/team/dr-mike-dewever-3/,mantener,/ru/team/dr-mike-dewever-3/,200,Dr. Sergio Ángeles Montañez - MedicsIntegralSalut,,sitemap_only,,0,
/uk/%d0%ba%d0%be%d0%bc%d0%b0%d0%bd%d0%b4%d0%b0/dr-mike-dewever-3/,mantener,/uk/%d0%ba%d0%be%d0%bc%d0%b0%d0%bd%d0%b4%d0%b0/dr-mike-dewever-3/,200,Dr. Sergio Ángeles Montañez - MedicsIntegralSalut,,sitemap_only,,,
/ca/equip/dr-mike-dewever-3/,mantener,/ca/equip/dr-mike-dewever-3/,200,Dr. Sergio Ángeles Montañez - MedicsIntegralSalut,,sitemap_only,,0,
/team/dra-ainitze-ibarzabal/,mantener,/team/dra-ainitze-ibarzabal/,200,Dra Ainitze Ibarzabal - MedicsIntegralSalut,,sitemap_only,,29,
/en/team/dra-ainitze-ibarzabal/,mantener,/en/team/dra-ainitze-ibarzabal/,200,Dr Ainitze Ibarzabal - MedicsIntegralSalut,,sitemap_only,,0,
/fr/equipe/dra-ainitze-ibarzabal/,mantener,/fr/equipe/dra-ainitze-ibarzabal/,200,Dra Ainitze Ibarzabal - MedicsIntegralSalut,,sitemap_only,,0,
/ru/team/dra-ainitze-ibarzabal/,mantener,/ru/team/dra-ainitze-ibarzabal/,200,Dra Ainitze Ibarzabal - MedicsIntegralSalut,,sitemap_only,,0,
/uk/%d0%ba%d0%be%d0%bc%d0%b0%d0%bd%d0%b4%d0%b0/%d0%b4%d0%be%d0%ba%d1%82%d0%be%d1%80-%d0%b0%d0%b9%d0%bd%d1%96%d1%86%d0%b5-%d1%96%d0%b1%d0%b0%d1%80%d1%81%d0%b0%d0%b1%d0%b0%d0%bb%d1%8c/,mantener,/uk/%d0%ba%d0%be%d0%bc%d0%b0%d0%bd%d0%b4%d0%b0/%d0%b4%d0%be%d0%ba%d1%82%d0%be%d1%80-%d0%b0%d0%b9%d0%bd%d1%96%d1%86%d0%b5-%d1%96%d0%b1%d0%b0%d1%80%d1%81%d0%b0%d0%b1%d0%b0%d0%bb%d1%8c/,200,Д-р Айнітце Ібарзабаль — MedicsIntegralSalut,,sitemap_only,,,
/ca/equip/dra-ainitze-ibarzabal/,mantener,/ca/equip/dra-ainitze-ibarzabal/,200,Dra Ainitze Ibarzabal - MedicsIntegralSalut,,sitemap_only,1,0,
/team/dr-david-perez-asensio/,mantener,/team/dr-david-perez-asensio/,200,Dr. David Pérez Asensio - MedicsIntegralSalut,,sitemap_only,,74,
/en/team/dr-david-perez-asensio/,mantener,/en/team/dr-david-perez-asensio/,200,Dr. David Pérez Asensio - MedicsIntegralSalut,,sitemap_only,,1,
/fr/equipe/dr-david-perez-asensio/,mantener,/fr/equipe/dr-david-perez-asensio/,200,Dr. David Pérez Asensio - MedicsIntegralSalut,,sitemap_only,,,
/ru/team/dr-david-perez-asensio/,mantener,/ru/team/dr-david-perez-asensio/,200,Dr. David Pérez Asensio - MedicsIntegralSalut,,sitemap_only,,0,
/uk/%d0%ba%d0%be%d0%bc%d0%b0%d0%bd%d0%b4%d0%b0/dr-david-perez-asensio/,mantener,/uk/%d0%ba%d0%be%d0%bc%d0%b0%d0%bd%d0%b4%d0%b0/dr-david-perez-asensio/,200,Dr. David Pérez Asensio - MedicsIntegralSalut,,sitemap_only,,,
/ca/equip/dr-david-perez-asensio/,mantener,/ca/equip/dr-david-perez-asensio/,200,Dr. David Pérez Asensio - MedicsIntegralSalut,,sitemap_only,1,0,
/team/emma-brugue-i-pascual/,301,/cirugia-plastica-girona-equipo-medico/,301,,,sitemap_only,,,PROPUESTA: ficha de médico que ya no existe (404) → página de equipo · RESUELTO 28/09: propuesta aplicada
/en/team/emma-brugue-i-pascual/,301,/en/plastic-surgery-girona-medical-team/,301,,,sitemap_only,,,PROPUESTA: ficha de médico que ya no existe (404) → página de equipo · RESUELTO 28/09: propuesta aplicada
/fr/equipe/emma-brugue-i-pascual/,301,/fr/chirurgie-plastique-gerone-equipe-medicale/,301,,,sitemap_only,,,PROPUESTA: ficha de médico que ya no existe (404) → página de equipo · RESUELTO 28/09: propuesta aplicada
/ru/team/emma-brugue-i-pascual/,301,/ru/%d0%bf%d0%bb%d0%b0%d1%81%d1%82%d0%b8%d1%87%d0%b5%d1%81%d0%ba%d0%b0%d1%8f-%d1%85%d0%b8%d1%80%d1%83%d1%80%d0%b3%d0%b8%d1%8f-%d0%b6%d0%b8%d1%80%d0%be%d0%bd%d0%b0-%d0%bc%d0%b5%d0%b4%d0%b8%d1%86%d0%b8/,301,,,sitemap_only,,,PROPUESTA: ficha de médico que ya no existe (404) → página de equipo · RESUELTO 28/09: propuesta aplicada
/uk/%d0%ba%d0%be%d0%bc%d0%b0%d0%bd%d0%b4%d0%b0/emma-brugue-i-pascual/,301,/uk/%d0%bf%d0%bb%d0%b0%d1%81%d1%82%d0%b8%d1%87%d0%bd%d0%b0-%d1%85%d1%96%d1%80%d1%83%d1%80%d0%b3%d1%96%d1%8f-%d0%b2-%d0%b6%d0%b8%d1%80%d0%be%d0%bd%d1%96-%d0%bc%d0%b5%d0%b4%d0%b8%d1%87%d0%bd%d0%b8%d0%b9/,301,,,sitemap_only,,,PROPUESTA: ficha de médico que ya no existe (404) → página de equipo · RESUELTO 28/09: propuesta aplicada
/ca/equip/emma-brugue-i-pascual/,301,/ca/cirurgia-plastica-girona-equip-medic/,301,,,sitemap_only,,8,PROPUESTA: ficha de médico que ya no existe (404) → página de equipo · RESUELTO 28/09: propuesta aplicada
/team/dr-sergio-angeles-montanez/,mantener,/team/dr-sergio-angeles-montanez/,200,Dr. Sergio Ángeles Montañez - MedicsIntegralSalut,,sitemap_only,,1,
/en/team/dr-sergio-angeles-montanez/,mantener,/en/team/dr-sergio-angeles-montanez/,200,Dr. Sergio Ángeles Montañez - MedicsIntegralSalut,,sitemap_only,,0,
/fr/equipe/dr-sergio-angeles-montanez/,mantener,/fr/equipe/dr-sergio-angeles-montanez/,200,Dr. Sergio Ángeles Montañez - MedicsIntegralBonjour,,sitemap_only,,,
/ru/team/dr-sergio-angeles-montanez/,mantener,/ru/team/dr-sergio-angeles-montanez/,200,Dr. Sergio Ángeles Montañez - MedicsIntegralSalut,,sitemap_only,,0,
/uk/%d0%ba%d0%be%d0%bc%d0%b0%d0%bd%d0%b4%d0%b0/dr-sergio-angeles-montanez/,mantener,/uk/%d0%ba%d0%be%d0%bc%d0%b0%d0%bd%d0%b4%d0%b0/dr-sergio-angeles-montanez/,200,Dr. Sergio Ángeles Montañez - MedicsIntegralSalut,,sitemap_only,,,
/ca/equip/dr-sergio-angeles-montanez/,301,/ca/equip/dr-mike-dewever-3/,301,Dr. Sergio Ángeles Montañez - MedicsIntegralSalut,,sitemap_only,1,0,duplicada: 301 a su canónica (aprobado Oscar 27/09/2026)
/team/dr-amador-garcia-ruiz-de-gordejuela/,mantener,/team/dr-amador-garcia-ruiz-de-gordejuela/,200,Dr. Amador García Ruiz de Gordejuela - MedicsIntegralSalut,,sitemap_only,,2,
/en/team/dr-amador-garcia-ruiz-de-gordejuela/,mantener,/en/team/dr-amador-garcia-ruiz-de-gordejuela/,200,Dr. Amador García Ruiz de Gordejuela - MedicsIntegralSalut,,sitemap_only,,0,
/fr/equipe/dr-amador-garcia-ruiz-de-gordejuela/,mantener,/fr/equipe/dr-amador-garcia-ruiz-de-gordejuela/,200,Dr. Amador García Ruiz de Gordejuela - MedicsIntegralSalut,,sitemap_only,,,
/ru/team/dr-amador-garcia-ruiz-de-gordejuela/,mantener,/ru/team/dr-amador-garcia-ruiz-de-gordejuela/,200,Dr. Amador García Ruiz de Gordejuela - MedicsIntegralSalut,,sitemap_only,,,
/uk/%d0%ba%d0%be%d0%bc%d0%b0%d0%bd%d0%b4%d0%b0/dr-amador-garcia-ruiz-de-gordejuela/,mantener,/uk/%d0%ba%d0%be%d0%bc%d0%b0%d0%bd%d0%b4%d0%b0/dr-amador-garcia-ruiz-de-gordejuela/,200,Dr. Amador García Ruiz de Gordejuela - MedicsIntegralSalut,,sitemap_only,,,
/ca/equip/dr-amador-garcia-ruiz-de-gordejuela/,301,/ca/equip/dr-valenti-puig-divi/,301,Dr. Amador García Ruiz de Gordejuela - MedicsIntegralSalut,,sitemap_only,1,0,duplicada: 301 a su canónica (aprobado Oscar 27/09/2026)
/team/dr-mike-dewever/,mantener,/team/dr-mike-dewever/,200,Dr. Mike Dewever - MedicsIntegralSalut,,sitemap_only,0,6,
/en/team/dr-mike-dewever/,mantener,/en/team/dr-mike-dewever/,200,Dr. Mike Dewever - MedicsIntegralSalut,,sitemap_only,,0,
/fr/equipe/dr-mike-dewever/,mantener,/fr/equipe/dr-mike-dewever/,200,Dr. Mike Dewever - MedicsIntegralSalut,,sitemap_only,,0,
/ru/team/dr-mike-dewever/,mantener,/ru/team/dr-mike-dewever/,200,Dr. Mike Dewever - MedicsIntegralSalut,,sitemap_only,,0,
/uk/%d0%ba%d0%be%d0%bc%d0%b0%d0%bd%d0%b4%d0%b0/%d0%b4%d0%be%d0%ba%d1%82%d0%be%d1%80-%d0%bc%d0%b0%d0%b9%d0%ba-%d0%b4%d0%b5%d0%b2%d0%b5%d0%b2%d0%b5%d1%80/,mantener,/uk/%d0%ba%d0%be%d0%bc%d0%b0%d0%bd%d0%b4%d0%b0/%d0%b4%d0%be%d0%ba%d1%82%d0%be%d1%80-%d0%bc%d0%b0%d0%b9%d0%ba-%d0%b4%d0%b5%d0%b2%d0%b5%d0%b2%d0%b5%d1%80/,200,Dr. Mike Dewever - MedicsIntegralSalut,,sitemap_only,,,
/ca/equip/dr-mike-dewever/,mantener,/ca/equip/dr-mike-dewever/,200,Dr. Mike Dewever - MedicsIntegralSalut,,sitemap_only,1,0,
/team/dra-cristina-vera/,mantener,/team/dra-cristina-vera/,200,Dra. Claudia Vera - MedicsIntegralSalut,,sitemap_only,,10,
/en/team/dra-cristina-vera/,mantener,/en/team/dra-cristina-vera/,200,Dra. Claudia Vera - MedicsIntegralSalut,,sitemap_only,,0,
/fr/equipe/dra-cristina-vera/,mantener,/fr/equipe/dra-cristina-vera/,200,Dra. Claudia Vera - MedicsIntegralSalut,,sitemap_only,,,
/ru/team/dra-cristina-vera/,mantener,/ru/team/dra-cristina-vera/,200,Dra. Claudia Vera - MedicsIntegralSalut,,sitemap_only,,,
/uk/%d0%ba%d0%be%d0%bc%d0%b0%d0%bd%d0%b4%d0%b0/dra-cristina-vera/,mantener,/uk/%d0%ba%d0%be%d0%bc%d0%b0%d0%bd%d0%b4%d0%b0/dra-cristina-vera/,200,Dra. Claudia Vera - MedicsIntegralSalut,,sitemap_only,,,
/ca/equip/dra-cristina-vera/,mantener,/ca/equip/dra-cristina-vera/,200,Dra. Claudia Vera - MedicsIntegralSalut,,sitemap_only,,1,
/team/dra-claudia-vera/,mantener,/team/dra-claudia-vera/,200,Dra. Claudia Vera - MedicsIntegralSalut,,sitemap_only,,0,
/en/team/dra-claudia-vera/,mantener,/en/team/dra-claudia-vera/,200,Dra. Claudia Vera - MedicsIntegralSalut,,sitemap_only,,0,
/fr/equipe/dra-claudia-vera/,mantener,/fr/equipe/dra-claudia-vera/,200,Dra. Claudia Vera - MedicsIntegralSalut,,sitemap_only,,0,
/ru/team/dra-claudia-vera/,mantener,/ru/team/dra-claudia-vera/,200,Dra. Claudia Vera - MedicsIntegralSalut,,sitemap_only,,0,
/uk/%d0%ba%d0%be%d0%bc%d0%b0%d0%bd%d0%b4%d0%b0/dra-claudia-vera/,mantener,/uk/%d0%ba%d0%be%d0%bc%d0%b0%d0%bd%d0%b4%d0%b0/dra-claudia-vera/,200,Dra. Claudia Vera - MedicsIntegralSalut,,sitemap_only,,,
/ca/equip/dra-claudia-vera/,301,/ca/equip/dra-cristina-vera/,301,Dra. Claudia Vera - MedicsIntegralSalut,,sitemap_only,1,0,duplicada: 301 a su canónica (aprobado Oscar 27/09/2026)
/team/dr-valenti-puig-divi/,mantener,/team/dr-valenti-puig-divi/,200,Dr. Valenti Puig Divi - MedicsIntegralSalut,,sitemap_only,,9,
/en/team/dr-valenti-puig-divi/,mantener,/en/team/dr-valenti-puig-divi/,200,Dr. Valenti Puig Divi - MedicsIntegralSalut,,sitemap_only,,0,
/fr/equipe/dr-valenti-puig-divi/,mantener,/fr/equipe/dr-valenti-puig-divi/,200,Dr. Valenti Puig Divi - MedicsIntegralSalut,,sitemap_only,,0,
/ru/team/dr-valenti-puig-divi/,mantener,/ru/team/dr-valenti-puig-divi/,200,Dr. Valenti Puig Divi - MedicsIntegralSalut,,sitemap_only,,0,
/uk/%d0%ba%d0%be%d0%bc%d0%b0%d0%bd%d0%b4%d0%b0/dr-valenti-puig-divi/,mantener,/uk/%d0%ba%d0%be%d0%bc%d0%b0%d0%bd%d0%b4%d0%b0/dr-valenti-puig-divi/,200,Dr. Valenti Puig Divi - MedicsIntegralSalut,,sitemap_only,,,
/ca/equip/dr-valenti-puig-divi/,mantener,/ca/equip/dr-valenti-puig-divi/,200,Dr. Valenti Puig Divi - MedicsIntegralSalut,,sitemap_only,,0,
/category/cirugia-estetica-corporal/,301,/blog/,301,Cirugia estética corporal archivos - MedicsIntegralSalut,,sistema,1,0,
/en/category/cosmetic-surgery-3/,301,/en/blog/,301,Body Aesthetics Surgery Articles - MedicsIntegralSalut,,sistema,,0,sistema traducido (taxonomía/autor/paginación) → regla E-bis
/fr/categorie/chirurgie-esthetique-corporelle-2/,301,/fr/blog/,301,Chirurgie esthétique corporelle archives - MedicsIntegralSalut,,sitemap_only,,,sistema traducido (taxonomía/autor/paginación) → regla E-bis
/ru/%d0%ba%d0%b0%d1%82%d0%b5%d0%b3%d0%be%d1%80%d0%b8%d1%8f/%d1%8d%d1%81%d1%82%d0%b5%d1%82%d0%b8%d1%87%d0%b5%d1%81%d0%ba%d0%b0%d1%8f-%d0%be%d0%bf%d0%b5%d1%80%d0%b0%d1%86%d0%b8%d1%8f-%d1%82%d0%b5%d0%bb%d0%b0/,301,/ru/%d0%b1%d0%bb%d0%be%d0%b3/,301,Эстетическая хирургия тела - Архив - MedicsIntegralSalut,,sitemap_only,,,sistema traducido (taxonomía/autor/paginación) → regla E-bis
/uk/%d0%ba%d0%b0%d1%82%d0%b5%d0%b3%d0%be%d1%80%d1%96%d1%8f/%d0%b5%d1%81%d1%82%d0%b5%d1%82%d0%b8%d1%87%d0%bd%d0%b0-%d1%85%d1%96%d1%80%d1%83%d1%80%d0%b3%d1%96%d1%8f-%d1%82%d1%96%d0%bb%d0%b0-2/,301,/uk/%d0%b1%d0%bb%d0%be%d0%b3/,301,Архів матеріалів з естетичної хірургії тіла — MedicsIntegralSalut,,sitemap_only,,,sistema traducido (taxonomía/autor/paginación) → regla E-bis
/ca/categoria/cirurgia-estetica-corporal-2/,301,/ca/bloc/,301,Cirurgia estètica corporal arxius - MedicsIntegralSalut,,sitemap_only,,0,sistema traducido (taxonomía/autor/paginación) → regla E-bis
/category/cirugia-estetica-facial/,301,/blog/,301,Cirugia estética facial archivos - MedicsIntegralSalut,,sistema,1,0,
/en/category/cosmetic-facial-surgery-2/,301,/en/blog/,301,Facial cosmetic surgery archives - MedicsIntegralSalut,,sistema,,0,sistema traducido (taxonomía/autor/paginación) → regla E-bis
/fr/categorie/chirurgie-esthetique-faciale/,301,/fr/blog/,301,Chirurgie esthétique du visage Archives - MedicsIntegralSalut,,sitemap_only,,,sistema traducido (taxonomía/autor/paginación) → regla E-bis
/ru/%d0%ba%d0%b0%d1%82%d0%b5%d0%b3%d0%be%d1%80%d0%b8%d1%8f/%d0%bf%d0%bb%d0%b0%d1%81%d1%82%d0%b8%d1%87%d0%b5%d1%81%d0%ba%d0%b0%d1%8f-%d1%85%d0%b8%d1%80%d1%83%d1%80%d0%b3%d0%b8%d1%8f-%d0%bb%d0%b8%d1%86%d0%b0/,301,/ru/%d0%b1%d0%bb%d0%be%d0%b3/,301,Пластическая хирургия лица архивы - MedicsIntegralSalut,,sitemap_only,,,sistema traducido (taxonomía/autor/paginación) → regla E-bis
/uk/%d0%ba%d0%b0%d1%82%d0%b5%d0%b3%d0%be%d1%80%d1%96%d1%8f/%d0%b5%d1%81%d1%82%d0%b5%d1%82%d0%b8%d1%87%d0%bd%d0%b0-%d1%85%d1%96%d1%80%d1%83%d1%80%d0%b3%d1%96%d1%8f-%d0%be%d0%b1%d0%bb%d0%b8%d1%87%d1%87%d1%8f-2/,301,/uk/%d0%b1%d0%bb%d0%be%d0%b3/,301,Cirugia estética facial archivos - MedicsIntegralSalut,,sitemap_only,,,sistema traducido (taxonomía/autor/paginación) → regla E-bis
/ca/categoria/cirurgia-estetica-facial-2/,301,/ca/bloc/,301,Cirurgia estètica facial arxius - MedicsIntegralSalut,,sitemap_only,,0,sistema traducido (taxonomía/autor/paginación) → regla E-bis
/category/cirugia-estetica-mamas/,301,/blog/,301,Cirugía estética mamas archivos - MedicsIntegralSalut,,sistema,1,0,
/en/category/cosmetic-breast-surgery-2/,301,/en/blog/,301,Breast augmentation surgery files - MedicsIntegralSalut,,sistema,,,sistema traducido (taxonomía/autor/paginación) → regla E-bis
/fr/categorie/chirurgie-esthetique-des-seins-2/,301,/fr/blog/,301,Chirurgie esthétique des seins fichiers - MedicsIntegralSalut,,sitemap_only,,,sistema traducido (taxonomía/autor/paginación) → regla E-bis
/ru/%d0%ba%d0%b0%d1%82%d0%b5%d0%b3%d0%be%d1%80%d0%b8%d1%8f/%d0%bf%d0%bb%d0%b0%d1%81%d1%82%d0%b8%d1%87%d0%b5%d1%81%d0%ba%d0%b0%d1%8f-%d1%85%d0%b8%d1%80%d1%83%d1%80%d0%b3%d0%b8%d1%8f-%d0%b3%d1%80%d1%83%d0%b4%d0%b8/,301,/ru/%d0%b1%d0%bb%d0%be%d0%b3/,301,Cirugía estética mamas archivos - MedicsIntegralSalut,,sitemap_only,,,sistema traducido (taxonomía/autor/paginación) → regla E-bis
/uk/%d0%ba%d0%b0%d1%82%d0%b5%d0%b3%d0%be%d1%80%d1%96%d1%8f/%d0%b5%d1%81%d1%82%d0%b5%d1%82%d0%b8%d1%87%d0%bd%d0%b0-%d1%85%d1%96%d1%80%d1%83%d1%80%d0%b3%d1%96%d1%8f-%d0%b3%d1%80%d1%83%d0%b4%d0%b5%d0%b9-2/,301,/uk/%d0%b1%d0%bb%d0%be%d0%b3/,301,Архів статей про естетичну хірургію грудей — MedicsIntegralSalut,,sitemap_only,,,sistema traducido (taxonomía/autor/paginación) → regla E-bis
/ca/categoria/cirurgia-estetica-de-mames/,301,/ca/bloc/,301,Cirurgia estètica pits arxius - MedicsIntegralSalut,,sitemap_only,,0,sistema traducido (taxonomía/autor/paginación) → regla E-bis
/category/cirugia-estetica-masculina/,301,/blog/,301,Cirugía estética masculina archivos - MedicsIntegralSalut,,sistema,1,0,
/en/category/male-cosmetic-surgery/,301,/en/blog/,301,Cirugía estética masculina archivos - MedicsIntegralSalut,,sistema,,,sistema traducido (taxonomía/autor/paginación) → regla E-bis
/fr/categorie/chirurgie-esthetique-masculine/,301,/fr/blog/,301,Chirurgie esthétique masculine Archives - MedicsIntegralSalut,,sitemap_only,,,sistema traducido (taxonomía/autor/paginación) → regla E-bis
/ru/%d0%ba%d0%b0%d1%82%d0%b5%d0%b3%d0%be%d1%80%d0%b8%d1%8f/%d0%bc%d1%83%d0%b6%d1%81%d0%ba%d0%b0%d1%8f-%d0%ba%d0%be%d1%81%d0%bc%d0%b5%d1%82%d0%b8%d1%87%d0%b5%d1%81%d0%ba%d0%b0%d1%8f-%d1%85%d0%b8%d1%80%d1%83%d1%80%d0%b3%d0%b8%d1%8f/,301,/ru/%d0%b1%d0%bb%d0%be%d0%b3/,301,Cirugía estética masculina archivos - MedicsIntegralSalut,,sitemap_only,,,sistema traducido (taxonomía/autor/paginación) → regla E-bis
/uk/%d0%ba%d0%b0%d1%82%d0%b5%d0%b3%d0%be%d1%80%d1%96%d1%8f/%d1%87%d0%be%d0%bb%d0%be%d0%b2%d1%96%d1%87%d0%b0-%d0%b5%d1%81%d1%82%d0%b5%d1%82%d0%b8%d1%87%d0%bd%d0%b0-%d1%85%d1%96%d1%80%d1%83%d1%80%d0%b3%d1%96%d1%8f/,301,/uk/%d0%b1%d0%bb%d0%be%d0%b3/,301,Архів статей про чоловічу пластичну хірургію — MedicsIntegralSalut,,sitemap_only,,,sistema traducido (taxonomía/autor/paginación) → regla E-bis
/ca/categoria/cirurgia-estetica-masculina-2/,301,/ca/bloc/,301,Cirugía estética masculina archivos - MedicsIntegralSalut,,sitemap_only,,0,sistema traducido (taxonomía/autor/paginación) → regla E-bis
/category/cirurgia-estetica-corporal/,301,/blog/,301,Cirurgia estètica corporal archivos - MedicsIntegralSalut,,sistema,,,
/en/category/body-contouring-surgery/,301,/en/blog/,301,Cirurgia estètica corporal archivos - MedicsIntegralSalut,,sistema,,0,sistema traducido (taxonomía/autor/paginación) → regla E-bis
/fr/categorie/chirurgie-esthetique-corporelle/,301,/fr/blog/,301,Chirurgie esthétique du corps archives - MedicsIntegralSalut,,sitemap_only,,,sistema traducido (taxonomía/autor/paginación) → regla E-bis
/ru/%d0%ba%d0%b0%d1%82%d0%b5%d0%b3%d0%be%d1%80%d0%b8%d1%8f/%d1%8d%d1%81%d1%82%d0%b5%d1%82%d0%b8%d1%87%d0%b5%d1%81%d0%ba%d0%b0%d1%8f-%d1%85%d0%b8%d1%80%d1%83%d1%80%d0%b3%d0%b8%d1%8f-%d1%82%d0%b5%d0%bb%d0%b0/,301,/ru/%d0%b1%d0%bb%d0%be%d0%b3/,301,Cirurgia estètica corporal archivos - MedicsIntegralSalut,,sitemap_only,,,sistema traducido (taxonomía/autor/paginación) → regla E-bis
/uk/%d0%ba%d0%b0%d1%82%d0%b5%d0%b3%d0%be%d1%80%d1%96%d1%8f/%d0%b5%d1%81%d1%82%d0%b5%d1%82%d0%b8%d1%87%d0%bd%d0%b0-%d1%85%d1%96%d1%80%d1%83%d1%80%d0%b3%d1%96%d1%8f-%d1%82%d1%96%d0%bb%d0%b0/,301,/uk/%d0%b1%d0%bb%d0%be%d0%b3/,301,Архів статей про естетичну хірургію тіла — MedicsIntegralSalut,,sitemap_only,,,sistema traducido (taxonomía/autor/paginación) → regla E-bis
/ca/categoria/cirurgia-estetica-corporal/,301,/ca/bloc/,301,Cirurgia estètica corporal archivos - MedicsIntegralSalut,,sitemap_only,,,sistema traducido (taxonomía/autor/paginación) → regla E-bis
/category/cirurgia-estetica-facial/,301,/blog/,301,Cirurgia estètica facial archivos - MedicsIntegralSalut,,sistema,,0,
/en/category/cosmetic-facial-surgery/,301,/en/blog/,301,Cirurgia estètica facial archivos - MedicsIntegralSalut,,sistema,,0,sistema traducido (taxonomía/autor/paginación) → regla E-bis
/fr/categorie/chirurgie-esthetique-du-visage/,301,/fr/blog/,301,Chirurgie esthétique du visage fichiers - MedicsIntegralSalut,,sitemap_only,,0,sistema traducido (taxonomía/autor/paginación) → regla E-bis
/ru/%d0%ba%d0%b0%d1%82%d0%b5%d0%b3%d0%be%d1%80%d0%b8%d1%8f/%d0%bf%d0%bb%d0%b0%d1%81%d1%82%d0%b8%d1%87%d0%b5%d1%81%d0%ba%d0%b0%d1%8f-%d0%be%d0%bf%d0%b5%d1%80%d0%b0%d1%86%d0%b8%d1%8f-%d0%bd%d0%b0-%d0%bb%d0%b8%d1%86%d0%b5/,301,/ru/%d0%b1%d0%bb%d0%be%d0%b3/,301,Cirurgia estètica facial archivos - MedicsIntegralSalut,,sitemap_only,,,sistema traducido (taxonomía/autor/paginación) → regla E-bis
/uk/%d0%ba%d0%b0%d1%82%d0%b5%d0%b3%d0%be%d1%80%d1%96%d1%8f/%d0%b5%d1%81%d1%82%d0%b5%d1%82%d0%b8%d1%87%d0%bd%d0%b0-%d1%85%d1%96%d1%80%d1%83%d1%80%d0%b3%d1%96%d1%8f-%d0%be%d0%b1%d0%bb%d0%b8%d1%87%d1%87%d1%8f/,301,/uk/%d0%b1%d0%bb%d0%be%d0%b3/,301,Архів матеріалів з естетичної хірургії обличчя — MedicsIntegralSalut,,sitemap_only,,,sistema traducido (taxonomía/autor/paginación) → regla E-bis
/ca/categoria/cirurgia-estetica-facial/,301,/ca/bloc/,301,Cirurgia estètica facial archivos - MedicsIntegralSalut,,sitemap_only,,0,sistema traducido (taxonomía/autor/paginación) → regla E-bis
/category/cirurgia-estetica-mames/,301,/blog/,301,Cirurgia estètica mames archivos - MedicsIntegralSalut,,sistema,,0,
/en/category/cosmetic-breast-surgery/,301,/en/blog/,301,Cosmetic Surgery Breasts Archives - MedicsIntegralSalut,,sistema,,0,sistema traducido (taxonomía/autor/paginación) → regla E-bis
/fr/categorie/chirurgie-esthetique-des-seins/,301,/fr/blog/,301,Chirurgie esthétique des seins archives - MedicsIntegralSalut,,sitemap_only,,,sistema traducido (taxonomía/autor/paginación) → regla E-bis
/ru/%d0%ba%d0%b0%d1%82%d0%b5%d0%b3%d0%be%d1%80%d0%b8%d1%8f/%d1%8d%d1%81%d1%82%d0%b5%d1%82%d0%b8%d1%87%d0%b5%d1%81%d0%ba%d0%b0%d1%8f-%d1%85%d0%b8%d1%80%d1%83%d1%80%d0%b3%d0%b8%d1%8f-%d0%b3%d1%80%d1%83%d0%b4%d0%b8/,301,/ru/%d0%b1%d0%bb%d0%be%d0%b3/,301,Cirurgia estètica mames archivos - MedicsIntegralSalut,,sitemap_only,,,sistema traducido (taxonomía/autor/paginación) → regla E-bis
/uk/%d0%ba%d0%b0%d1%82%d0%b5%d0%b3%d0%be%d1%80%d1%96%d1%8f/%d0%b5%d1%81%d1%82%d0%b5%d1%82%d0%b8%d1%87%d0%bd%d0%b0-%d1%85%d1%96%d1%80%d1%83%d1%80%d0%b3%d1%96%d1%8f-%d0%b3%d1%80%d1%83%d0%b4%d0%b5%d0%b9/,301,/uk/%d0%b1%d0%bb%d0%be%d0%b3/,301,Архів матеріалів з естетичної хірургії грудей — MedicsIntegralSalut,,sitemap_only,,,sistema traducido (taxonomía/autor/paginación) → regla E-bis
/ca/categoria/cirurgia-estetica-pits/,301,/ca/bloc/,301,Cirurgia estètica mames archivos - MedicsIntegralSalut,,sitemap_only,,0,sistema traducido (taxonomía/autor/paginación) → regla E-bis
/category/cirurgia-estetica-masculina/,301,/blog/,301,Cirurgia estètica masculina archivos - MedicsIntegralSalut,,sistema,,,
/en/category/male-cosmetic-surgery-2/,301,/en/blog/,301,Cirurgia estètica masculina archivos - MedicsIntegralSalut,,sistema,,0,sistema traducido (taxonomía/autor/paginación) → regla E-bis
/fr/categorie/chirurgie-esthetique-masculine-2/,301,/fr/blog/,301,Chirurgie esthétique masculine archived - MedicsIntegralSalut,,sitemap_only,,,sistema traducido (taxonomía/autor/paginación) → regla E-bis
/ru/%d0%ba%d0%b0%d1%82%d0%b5%d0%b3%d0%be%d1%80%d0%b8%d1%8f/%d0%bc%d1%83%d0%b6%d1%81%d0%ba%d0%b0%d1%8f-%d0%bf%d0%bb%d0%b0%d1%81%d1%82%d0%b8%d1%87%d0%b5%d1%81%d0%ba%d0%b0%d1%8f-%d1%85%d0%b8%d1%80%d1%83%d1%80%d0%b3%d0%b8%d1%8f/,301,/ru/%d0%b1%d0%bb%d0%be%d0%b3/,301,Мужская пластическая хирургия архивы - MedicsIntegralSalut,,sitemap_only,,,sistema traducido (taxonomía/autor/paginación) → regla E-bis
/uk/%d0%ba%d0%b0%d1%82%d0%b5%d0%b3%d0%be%d1%80%d1%96%d1%8f/%d1%87%d0%be%d0%bb%d0%be%d0%b2%d1%96%d1%87%d0%b0-%d0%b5%d1%81%d1%82%d0%b5%d1%82%d0%b8%d1%87%d0%bd%d0%b0-%d1%85%d1%96%d1%80%d1%83%d1%80%d0%b3%d1%96%d1%8f-2/,301,/uk/%d0%b1%d0%bb%d0%be%d0%b3/,301,Архів статей про чоловічу естетичну хірургію — MedicsIntegralSalut,,sitemap_only,,,sistema traducido (taxonomía/autor/paginación) → regla E-bis
/ca/categoria/cirurgia-estetica-masculina/,301,/ca/bloc/,301,Cirurgia estètica masculina archivos - MedicsIntegralSalut,,sitemap_only,,0,sistema traducido (taxonomía/autor/paginación) → regla E-bis
/category/gabinet-destetica/,301,/blog/,301,Gabinet d'estètica archivos - MedicsIntegralSalut,,sistema,,,
/en/category/aesthetic-cabinet/,301,/en/blog/,301,Aesthetics Clinic files - MedicsIntegralSalut,,sistema,,0,sistema traducido (taxonomía/autor/paginación) → regla E-bis
/fr/categorie/cabinet-desthetique/,301,/fr/blog/,301,Cabinet d'esthétique archives - MedicsIntegralSalut,,sitemap_only,,,sistema traducido (taxonomía/autor/paginación) → regla E-bis
/ru/%d0%ba%d0%b0%d1%82%d0%b5%d0%b3%d0%be%d1%80%d0%b8%d1%8f/%d0%ba%d0%b0%d0%b1%d0%b8%d0%bd%d0%b5%d1%82-%d1%8d%d1%81%d1%82%d0%b5%d1%82%d0%b8%d0%ba%d0%b8-2/,301,/ru/%d0%b1%d0%bb%d0%be%d0%b3/,301,Gabinet d'estètica archivos - MedicsIntegralSalut,,sitemap_only,,,sistema traducido (taxonomía/autor/paginación) → regla E-bis
/uk/%d0%ba%d0%b0%d1%82%d0%b5%d0%b3%d0%be%d1%80%d1%96%d1%8f/%d1%81%d0%b0%d0%bb%d0%be%d0%bd-%d0%ba%d1%80%d0%b0%d1%81%d0%b8-2/,301,/uk/%d0%b1%d0%bb%d0%be%d0%b3/,301,Gabinet d'estètica archivos - MedicsIntegralSalut,,sitemap_only,,,sistema traducido (taxonomía/autor/paginación) → regla E-bis
/ca/categoria/gabinet-destetica/,301,/ca/bloc/,301,Aesthetics Clinic files - MedicsIntegralSalut,,sitemap_only,,0,sistema traducido (taxonomía/autor/paginación) → regla E-bis
/category/gabinete-de-estetica/,301,/blog/,301,Gabinete de estética archivos - MedicsIntegralSalut,,sistema,1,0,
/en/category/beauty-salon/,301,/en/blog/,301,Gabinete de estética archivos - MedicsIntegralSalut,,sistema,,,sistema traducido (taxonomía/autor/paginación) → regla E-bis
/fr/categorie/institut-de-beaute/,301,/fr/blog/,301,Gabinete de estética archivos - MedicsIntegralSalut,,sitemap_only,,,sistema traducido (taxonomía/autor/paginación) → regla E-bis
/ru/%d0%ba%d0%b0%d1%82%d0%b5%d0%b3%d0%be%d1%80%d0%b8%d1%8f/%d0%ba%d0%b0%d0%b1%d0%b8%d0%bd%d0%b5%d1%82-%d1%8d%d1%81%d1%82%d0%b5%d1%82%d0%b8%d0%ba%d0%b8/,301,/ru/%d0%b1%d0%bb%d0%be%d0%b3/,301,Gabinete de estética archivos - MedicsIntegralSalut,,sitemap_only,,,sistema traducido (taxonomía/autor/paginación) → regla E-bis
/uk/%d0%ba%d0%b0%d1%82%d0%b5%d0%b3%d0%be%d1%80%d1%96%d1%8f/%d1%81%d0%b0%d0%bb%d0%be%d0%bd-%d0%ba%d1%80%d0%b0%d1%81%d0%b8/,301,/uk/%d0%b1%d0%bb%d0%be%d0%b3/,301,Архів кабінету косметології — MedicsIntegralSalut,,sitemap_only,,,sistema traducido (taxonomía/autor/paginación) → regla E-bis
/ca/categoria/gabinet-destetica-2/,301,/ca/bloc/,301,Gabinete de estética archivos - MedicsIntegralSalut,,sitemap_only,,,sistema traducido (taxonomía/autor/paginación) → regla E-bis
/category/medicina-estetica-corporal-ca/,301,/blog/,301,Medicina estètica corporal archivos - MedicsIntegralSalut,,sistema,,0,
/en/category/medicina-estetica-corporal-ca/,301,/en/blog/,301,Medicina estètica corporal archivos - MedicsIntegralSalut,,sistema,,,sistema traducido (taxonomía/autor/paginación) → regla E-bis
/fr/categorie/medicina-estetica-corporal-ca/,301,/fr/blog/,301,Medicina estètica corporal archivos - MedicsIntegralSalut,,sitemap_only,,,sistema traducido (taxonomía/autor/paginación) → regla E-bis
/ru/%d0%ba%d0%b0%d1%82%d0%b5%d0%b3%d0%be%d1%80%d0%b8%d1%8f/%d1%8d%d1%81%d1%82%d0%b5%d1%82%d0%b8%d1%87%d0%b5%d1%81%d0%ba%d0%b0%d1%8f-%d0%bc%d0%b5%d0%b4%d0%b8%d1%86%d0%b8%d0%bd%d0%b0-%d1%82%d0%b5%d0%bb%d0%b0-2/,301,/ru/%d0%b1%d0%bb%d0%be%d0%b3/,301,Эстетическая медицина тела файлы - MedicsIntegralSalut,,sitemap_only,,,sistema traducido (taxonomía/autor/paginación) → regla E-bis
/uk/%d0%ba%d0%b0%d1%82%d0%b5%d0%b3%d0%be%d1%80%d1%96%d1%8f/%d0%b5%d1%81%d1%82%d0%b5%d1%82%d0%b8%d1%87%d0%bd%d0%b0-%d0%bc%d0%b5%d0%b4%d0%b8%d1%86%d0%b8%d0%bd%d0%b0-%d0%b4%d0%bb%d1%8f-%d1%82%d1%96%d0%bb%d0%b0-ca/,301,/uk/%d0%b1%d0%bb%d0%be%d0%b3/,301,Архів статей з естетичної медицини тіла — MedicsIntegralSalut,,sitemap_only,,,sistema traducido (taxonomía/autor/paginación) → regla E-bis
/ca/categoria/medicina-estetica-corporal-ca/,301,/ca/bloc/,301,Medicina estètica corporal arxius - MedicsIntegralSalut,,sitemap_only,,0,sistema traducido (taxonomía/autor/paginación) → regla E-bis
/category/medicina-estetica-corporal/,301,/blog/,301,Medicina estética corporal archivos - MedicsIntegralSalut,,sistema,1,0,
/en/category/cosmetic-body-medicine/,301,/en/blog/,301,Aesthetic Body Medicine Files - MedicsIntegralSalut,,sistema,,,sistema traducido (taxonomía/autor/paginación) → regla E-bis
/fr/categorie/medecine-esthetique-corporelle/,301,/fr/blog/,301,Medicina estética corporal archivos - MedicsIntegralSalut,,sitemap_only,,,sistema traducido (taxonomía/autor/paginación) → regla E-bis
/ru/%d0%ba%d0%b0%d1%82%d0%b5%d0%b3%d0%be%d1%80%d0%b8%d1%8f/%d1%8d%d1%81%d1%82%d0%b5%d1%82%d0%b8%d1%87%d0%b5%d1%81%d0%ba%d0%b0%d1%8f-%d0%bc%d0%b5%d0%b4%d0%b8%d1%86%d0%b8%d0%bd%d0%b0-%d1%82%d0%b5%d0%bb%d0%b0/,301,/ru/%d0%b1%d0%bb%d0%be%d0%b3/,301,Эстетическая медицина для тела архивы - MedicsIntegralSalut,,sitemap_only,,,sistema traducido (taxonomía/autor/paginación) → regla E-bis
/uk/%d0%ba%d0%b0%d1%82%d0%b5%d0%b3%d0%be%d1%80%d1%96%d1%8f/%d0%b5%d1%81%d1%82%d0%b5%d1%82%d0%b8%d1%87%d0%bd%d0%b0-%d0%bc%d0%b5%d0%b4%d0%b8%d1%86%d0%b8%d0%bd%d0%b0-%d0%b4%d0%bb%d1%8f-%d1%82%d1%96%d0%bb%d0%b0/,301,/uk/%d0%b1%d0%bb%d0%be%d0%b3/,301,Архів статей з естетичної медицини для тіла — MedicsIntegralSalut,,sitemap_only,,,sistema traducido (taxonomía/autor/paginación) → regla E-bis
/ca/categoria/medicina-estetica-corporal/,301,/ca/bloc/,301,Medicina estética corporal archivos - MedicsIntegralSalut,,sitemap_only,,0,sistema traducido (taxonomía/autor/paginación) → regla E-bis
/category/medicina-estetica-facial/,301,/blog/,301,Medicina estética facial archivos - MedicsIntegralSalut,,sistema,1,0,
/en/category/facial-aesthetic-medicine/,301,/en/blog/,301,Medicina estética facial archivos - MedicsIntegralSalut,,sistema,,0,sistema traducido (taxonomía/autor/paginación) → regla E-bis
/fr/categorie/medecine-esthetique-faciale/,301,/fr/blog/,301,Medicina estética facial archivos - MedicsIntegralSalut,,sitemap_only,,,sistema traducido (taxonomía/autor/paginación) → regla E-bis
/ru/%d0%ba%d0%b0%d1%82%d0%b5%d0%b3%d0%be%d1%80%d0%b8%d1%8f/%d1%8d%d1%81%d1%82%d0%b5%d1%82%d0%b8%d1%87%d0%b5%d1%81%d0%ba%d0%b0%d1%8f-%d0%bc%d0%b5%d0%b4%d0%b8%d1%86%d0%b8%d0%bd%d0%b0-%d0%bb%d0%b8%d1%86%d0%b0/,301,/ru/%d0%b1%d0%bb%d0%be%d0%b3/,301,Medicina estética facial archivos - MedicsIntegralSalut,,sitemap_only,,,sistema traducido (taxonomía/autor/paginación) → regla E-bis
/uk/%d0%ba%d0%b0%d1%82%d0%b5%d0%b3%d0%be%d1%80%d1%96%d1%8f/%d0%b5%d1%81%d1%82%d0%b5%d1%82%d0%b8%d1%87%d0%bd%d0%b0-%d0%bc%d0%b5%d0%b4%d0%b8%d1%86%d0%b8%d0%bd%d0%b0-%d0%b4%d0%bb%d1%8f-%d0%be%d0%b1%d0%bb%d0%b8%d1%87%d1%87%d1%8f/,301,/uk/%d0%b1%d0%bb%d0%be%d0%b3/,301,Архів статей про естетичну медицину обличчя — MedicsIntegralSalut,,sitemap_only,,,sistema traducido (taxonomía/autor/paginación) → regla E-bis
/ca/categoria/medicina-estetica-facial/,301,/ca/bloc/,301,Medicina estética facial archivos - MedicsIntegralSalut,,sitemap_only,,0,sistema traducido (taxonomía/autor/paginación) → regla E-bis
/category/medicina-estetica-facial-ca/,301,/blog/,301,Medicina estètica facial archivos - MedicsIntegralSalut,,sistema,,,
/en/category/medicina-estetica-facial-ca/,301,/en/blog/,301,Medicina estètica facial archivos - MedicsIntegralSalut,,sistema,,,sistema traducido (taxonomía/autor/paginación) → regla E-bis
/fr/categorie/medicina-estetica-facial-ca/,301,/fr/blog/,301,Medicina estètica facial archivos - MedicsIntegralSalut,,sitemap_only,,,sistema traducido (taxonomía/autor/paginación) → regla E-bis
/ru/%d0%ba%d0%b0%d1%82%d0%b5%d0%b3%d0%be%d1%80%d0%b8%d1%8f/medicina-estetica-facial-ca/,301,/ru/%d0%b1%d0%bb%d0%be%d0%b3/,301,Medicina estètica facial archivos - MedicsIntegralSalut,,sitemap_only,,,sistema traducido (taxonomía/autor/paginación) → regla E-bis
/uk/%d0%ba%d0%b0%d1%82%d0%b5%d0%b3%d0%be%d1%80%d1%96%d1%8f/medicina-estetica-facial-ca/,301,/uk/%d0%b1%d0%bb%d0%be%d0%b3/,301,Medicina estètica facial archivos - MedicsIntegralSalut,,sitemap_only,,,sistema traducido (taxonomía/autor/paginación) → regla E-bis
/ca/categoria/medicina-estetica-facial-ca/,301,/ca/bloc/,301,Medicina estètica facial archivos - MedicsIntegralSalut,,sitemap_only,,,sistema traducido (taxonomía/autor/paginación) → regla E-bis
/category/sobrepes-i-obesitat/,301,/blog/,301,Sobrepès i obesitat archivos - MedicsIntegralSalut,,sistema,,0,
/en/category/overweight-and-obesity/,301,/en/blog/,301,Overweight and Obesity Files - MedicsIntegralSalut,,sistema,,0,sistema traducido (taxonomía/autor/paginación) → regla E-bis
/fr/categorie/surpoids-et-obesite/,301,/fr/blog/,301,Sobrepès i obesitat archivos - MedicsIntegralSalut,,sitemap_only,,,sistema traducido (taxonomía/autor/paginación) → regla E-bis
/ru/%d0%ba%d0%b0%d1%82%d0%b5%d0%b3%d0%be%d1%80%d0%b8%d1%8f/%d0%b8%d0%b7%d0%b1%d1%8b%d1%82%d0%be%d1%87%d0%bd%d1%8b%d0%b9-%d0%b2%d0%b5%d1%81-%d0%b8-%d0%be%d0%b6%d0%b8%d1%80%d0%b5%d0%bd%d0%b8%d0%b5/,301,/ru/%d0%b1%d0%bb%d0%be%d0%b3/,301,Архивы: избыточный вес и ожирение - MedicsIntegralSalut,,sitemap_only,,,sistema traducido (taxonomía/autor/paginación) → regla E-bis
/uk/%d0%ba%d0%b0%d1%82%d0%b5%d0%b3%d0%be%d1%80%d1%96%d1%8f/%d0%bd%d0%b0%d0%b4%d0%bc%d1%96%d1%80%d0%bd%d0%b0-%d0%b2%d0%b0%d0%b3%d0%b0-%d1%82%d0%b0-%d0%be%d0%b6%d0%b8%d1%80%d1%96%d0%bd%d0%bd%d1%8f/,301,/uk/%d0%b1%d0%bb%d0%be%d0%b3/,301,Архів «Надмірна вага та ожиріння» — MedicsIntegralSalut,,sitemap_only,,,sistema traducido (taxonomía/autor/paginación) → regla E-bis
/ca/categoria/sobrepes-i-obesitat/,301,/ca/bloc/,301,Sobrepès i obesitat archivos - MedicsIntegralSalut,,sitemap_only,,0,sistema traducido (taxonomía/autor/paginación) → regla E-bis
/category/sobrepeso-obesidad/,301,/blog/,301,Sobrepeso y obesidad archivos - MedicsIntegralSalut,,sistema,1,0,GSC: 2 clics / 102 impresiones — no perder en silencio · RESUELTO 28/09: archivo del blog -> listado
/en/category/sobrepeso-obesidad/,301,/en/blog/,301,Sobrepeso y obesidad archivos - MedicsIntegralSalut,,sistema,,0,sistema traducido (taxonomía/autor/paginación) → regla E-bis
/fr/categorie/sobrepeso-obesidad/,301,/fr/blog/,301,Sobrepeso y obesidad archivos - MedicsIntegralSalut,,sitemap_only,,0,sistema traducido (taxonomía/autor/paginación) → regla E-bis
/ru/%d0%ba%d0%b0%d1%82%d0%b5%d0%b3%d0%be%d1%80%d0%b8%d1%8f/%d0%b8%d0%b7%d0%b1%d1%8b%d1%82%d0%be%d1%87%d0%bd%d1%8b%d0%b9-%d0%b2%d0%b5%d1%81-%d0%be%d0%b6%d0%b8%d1%80%d0%b5%d0%bd%d0%b8%d0%b5/,301,/ru/%d0%b1%d0%bb%d0%be%d0%b3/,301,Избыточный вес и ожирение файлы - MedicsIntegralSalut,,sitemap_only,,,sistema traducido (taxonomía/autor/paginación) → regla E-bis
/uk/%d0%ba%d0%b0%d1%82%d0%b5%d0%b3%d0%be%d1%80%d1%96%d1%8f/%d0%bd%d0%b0%d0%b4%d0%bc%d1%96%d1%80%d0%bd%d0%b0-%d0%b2%d0%b0%d0%b3%d0%b0-%d0%be%d0%b6%d0%b8%d1%80%d1%96%d0%bd%d0%bd%d1%8f/,301,/uk/%d0%b1%d0%bb%d0%be%d0%b3/,301,Архів статей про надмірну вагу та ожиріння — MedicsIntegralSalut,,sitemap_only,,,sistema traducido (taxonomía/autor/paginación) → regla E-bis
/ca/categoria/sobrepeso-obesidad/,301,/ca/bloc/,301,Sobrepeso y obesidad archivos - MedicsIntegralSalut,,sitemap_only,,0,sistema traducido (taxonomía/autor/paginación) → regla E-bis
/portfolio-category/serveis/,mantener,/portfolio-category/serveis/,200,Serveis archivos - MedicsIntegralSalut,,sitemap_only,,,
/en/portfolio-category/serveis/,mantener,/en/portfolio-category/serveis/,200,Serveis archivos - MedicsIntegralSalut,,sitemap_only,,,
/fr/portfolio-category/serveis/,mantener,/fr/portfolio-category/serveis/,200,Serveis archivos - MedicsIntegralSalut,,sitemap_only,,,
/ru/portfolio-category/serveis/,mantener,/ru/portfolio-category/serveis/,200,Serveis archivos - MedicsIntegralSalut,,sitemap_only,,,
/uk/portfolio-category/serveis/,mantener,/uk/portfolio-category/serveis/,200,Serveis archivos - MedicsIntegralSalut,,sitemap_only,,,
/ca/portfolio-category/serveis/,mantener,/ca/portfolio-category/serveis/,200,Serveis archivos - MedicsIntegralSalut,,sitemap_only,,0,
/portfolio-category/videos-ca/,mantener,/portfolio-category/videos-ca/,200,Vídeos archivos - MedicsIntegralSalut,,sitemap_only,,,
/en/portfolio-category/videos-ca/,mantener,/en/portfolio-category/videos-ca/,200,Vídeos archivos - MedicsIntegralSalut,,sitemap_only,,,
/fr/portfolio-category/videos-ca/,mantener,/fr/portfolio-category/videos-ca/,200,Vídeos archivos - MedicsIntegralSalut,,sitemap_only,,,
/ru/portfolio-category/videos-ca/,mantener,/ru/portfolio-category/videos-ca/,200,Vídeos archivos - MedicsIntegralSalut,,sitemap_only,,,
/uk/portfolio-category/videos-ca/,mantener,/uk/portfolio-category/videos-ca/,200,Vídeos archivos - MedicsIntegralSalut,,sitemap_only,,,
/ca/portfolio-category/videos-ca/,mantener,/ca/portfolio-category/videos-ca/,200,Vídeos archivos - MedicsIntegralSalut,,sitemap_only,,0,
/carousels-category/personal/,mantener,/carousels-category/personal/,200,Personal archivos - MedicsIntegralSalut,,sitemap_only,,0,
/en/carousels-category/personal/,mantener,/en/carousels-category/personal/,200,Personal archivos - MedicsIntegralSalut,,sitemap_only,,0,
/fr/carousels-category/personal/,mantener,/fr/carousels-category/personal/,200,Personal archivos - MedicsIntegralSalut,,sitemap_only,,,
/ru/carousels-category/personal/,mantener,/ru/carousels-category/personal/,200,Personal archivos - MedicsIntegralSalut,,sitemap_only,,,
/uk/carousels-category/personal/,mantener,/uk/carousels-category/personal/,200,Personal archivos - MedicsIntegralSalut,,sitemap_only,,,
/ca/carousels-category/personal/,mantener,/ca/carousels-category/personal/,200,Personal archivos - MedicsIntegralSalut,,sitemap_only,,0,
/author/nicols/,301,/blog/,301,"Nicols, autor en MedicsIntegralSalut",,sistema,,,
/en/author/nicols/,301,/en/blog/,301,"Nicols, autor en MedicsIntegralSalut",,sitemap_only,,0,sistema traducido (taxonomía/autor/paginación) → regla E-bis
/fr/auteur/nicols/,301,/fr/blog/,301,"Nicols, autor en MedicsIntegralSalut",,sitemap_only,,,sistema traducido (taxonomía/autor/paginación) → regla E-bis
/ru/%d0%b0%d0%b2%d1%82%d0%be%d1%80/nicols/,301,/ru/%d0%b1%d0%bb%d0%be%d0%b3/,301,"Nicols, autor en MedicsIntegralSalut",,sitemap_only,,,sistema traducido (taxonomía/autor/paginación) → regla E-bis
/uk/%d0%b0%d0%b2%d1%82%d0%be%d1%80/nicols/,301,/uk/%d0%b1%d0%bb%d0%be%d0%b3/,301,"Nicols, autor en MedicsIntegralSalut",,sitemap_only,,,sistema traducido (taxonomía/autor/paginación) → regla E-bis
/ca/autor/nicols/,301,/ca/bloc/,301,"Nicols, autor en MedicsIntegralSalut",,sitemap_only,,0,sistema traducido (taxonomía/autor/paginación) → regla E-bis
/author/infomedicstetics/,301,/blog/,301,"Clínica Medics Integral Salut, autor en MedicsIntegralSalut",,sistema,,0,
/en/author/infomedicstetics/,301,/en/blog/,301,"Clínica Medics Integral Salut, autor en MedicsIntegralSalut",,sitemap_only,,,sistema traducido (taxonomía/autor/paginación) → regla E-bis
/fr/auteur/infomedicestetique/,301,/fr/blog/,301,"Clínica Medics Integral Salut, auteur sur MedicsIntegralSalut",,sitemap_only,,0,sistema traducido (taxonomía/autor/paginación) → regla E-bis
/ru/%d0%b0%d0%b2%d1%82%d0%be%d1%80/%d0%b8%d0%bd%d1%84%d0%be%d0%bc%d0%b5%d0%b4%d0%b8%d0%ba%d1%8d%d1%81%d1%82%d0%b5%d1%82%d0%b8%d0%ba%d1%81/,301,/ru/%d0%b1%d0%bb%d0%be%d0%b3/,301,"Clínica Medics Integral Salut, автор MedicsIntegralSalut",,sitemap_only,,,sistema traducido (taxonomía/autor/paginación) → regla E-bis
/uk/%d0%b0%d0%b2%d1%82%d0%be%d1%80/infomedicstetics/,301,/uk/%d0%b1%d0%bb%d0%be%d0%b3/,301,"Клініка «Medics Integral Salut», автор у MedicsIntegralSalut",,sitemap_only,,,sistema traducido (taxonomía/autor/paginación) → regla E-bis
/ca/autor/infomedicsestetics/,301,/ca/bloc/,301,"Clínica Medics Integral Salut, autor a MedicsIntegralSalut",,sitemap_only,,0,sistema traducido (taxonomía/autor/paginación) → regla E-bis
/unidades/medicina-estetica-facial/relleno-de-arrugas/,301,/unidades/cirugia-estetica-facial/relleno-de-arrugas/,301,Relleno de arrugas - MedicsIntegralSalut,,crawl_only,,,duplicada: 301 a su canónica (aprobado Oscar 27/09/2026)
/portfolio_page/video-prueba-1/,mantener,/portfolio_page/video-prueba-1/,200,Bypass gastrico-Amador-Emili - MedicsIntegralSalut,,crawl_only,,0,
/portfolio_page/video-prueba-2/,mantener,/portfolio_page/video-prueba-2/,200,Aumento pecho- mike-eli - MedicsIntegralSalut,,crawl_only,,0,
/portfolio_page/video-prueba-3/,mantener,/portfolio_page/video-prueba-3/,200,Rinoplastia-sergio-judith - MedicsIntegralSalut,,crawl_only,,0,
/portfolio_page/video-prueba-4/,mantener,/portfolio_page/video-prueba-4/,200,botoox-mike-lidia - MedicsIntegralSalut,,crawl_only,,1,
/financiacion,mantener,/financiacion,200,Financiación - MedicsIntegralSalut,,crawl_only,1,0,
/wp-content/uploads/2022/10/slider_MedicsIntegralSalut5.jpg,mantener,/wp-content/uploads/2022/10/slider_MedicsIntegralSalut5.jpg,200,,,crawl_only,,,
/wp-content/uploads/2022/10/slider_MedicsIntegralSalut4.jpg,mantener,/wp-content/uploads/2022/10/slider_MedicsIntegralSalut4.jpg,200,,,crawl_only,,,
/wp-content/uploads/2022/10/slider_MedicsIntegralSalut3.jpg,mantener,/wp-content/uploads/2022/10/slider_MedicsIntegralSalut3.jpg,200,,,crawl_only,,,
/wp-content/uploads/2022/10/slider_MedicsIntegralSalut2.jpg,mantener,/wp-content/uploads/2022/10/slider_MedicsIntegralSalut2.jpg,200,,,crawl_only,,,
/wp-content/uploads/2022/10/slider_MedicsIntegralSalut1.jpg,mantener,/wp-content/uploads/2022/10/slider_MedicsIntegralSalut1.jpg,200,,,crawl_only,,,
/wp-content/uploads/2022/10/slider_MedicsIntegralSalut0.jpg,mantener,/wp-content/uploads/2022/10/slider_MedicsIntegralSalut0.jpg,200,,,crawl_only,,,
/wp-content/uploads/2022/10/slider_MedicsIntegralSalut6.jpg,mantener,/wp-content/uploads/2022/10/slider_MedicsIntegralSalut6.jpg,200,,,crawl_only,,,
/contacto,mantener,/contacto,200,Contacto - MedicsIntegralSalut,,crawl_only,1,0,
/medicina-estetica-corporal/liposuccion-sin-cirugia/,301,/unidades/medicina-estetica-corporal/liposuccion-sin-cirugia/,301,Liposucción sin cirugía - MedicsIntegralSalut,,crawl_only,1,0,duplicada: 301 a su canónica (aprobado Oscar 27/09/2026)
/unidades/reduccion-de-volumen-girona/,301,/unidades/gabinete-de-estetica/reduccion-de-volumen-girona/,301,Reducción de volumen en Girona - MedicsIntegralSalut,,crawl_only,,,duplicada: 301 a su canónica (aprobado Oscar 27/09/2026)
/unidades/sobrepeso-y-obesidad/cirugia-bariatrica/bypass-gastrico-2/,301,/unidades/sobrepeso-y-obesidad/cirugia-bariatrica/bypass-gastrico/,301,,,crawl_only,,3,PROPUESTA: 301 a la versión sin -2 · RESUELTO 28/09: propuesta aplicada
/unidades/sobrepeso-y-obesidad/cirugia-bariatrica/cruce-duodenal-2/,301,/unidades/sobrepeso-y-obesidad/cirugia-bariatrica/cruce-duodenal/,301,,,crawl_only,,0,PROPUESTA: 301 a la versión sin -2 · RESUELTO 28/09: propuesta aplicada
/en/units/cosmetic-breast-surgery-2/,301,/en/units/cosmetic-breast-surgery-2/breast-augmentation-girona-3/,301,Cosmetic Breast Surgery in Girona | Medics Integral Salut,,crawl_only,,0,duplicada: 301 a su canónica (aprobado Oscar 27/09/2026)
/fr/unites/chirurgie-esthetique-des-seins-2/,301,/fr/unites/chirurgie-esthetique-des-seins-2/augmentation-mammaire-gerone/,301,Cirugía Estética Mamas en Gerona | Medics Integral Salut,,crawl_only,,0,duplicada: 301 a su canónica (aprobado Oscar 27/09/2026)
/ru/%d0%b5%d0%b4%d0%b8%d0%bd%d0%b8%d1%86%d1%8b/%d0%bf%d0%bb%d0%b0%d1%81%d1%82%d0%b8%d1%87%d0%b5%d1%81%d0%ba%d0%b0%d1%8f-%d1%85%d0%b8%d1%80%d1%83%d1%80%d0%b3%d0%b8%d1%8f-%d0%b3%d1%80%d1%83%d0%b4%d0%b8/,301,/ru/единицы/пластическая-хирургия-груди/увеличение-груди-жирона-2/,301,Пластическая хирургия груди в Жироне | Medics Integral Salut,,crawl_only,,,duplicada: 301 a su canónica (aprobado Oscar 27/09/2026)
/uk/%d0%be%d0%b4%d0%b8%d0%bd%d0%b8%d1%86%d1%96/%d0%b5%d1%81%d1%82%d0%b5%d1%82%d0%b8%d1%87%d0%bd%d0%b0-%d1%85%d1%96%d1%80%d1%83%d1%80%d0%b3%d1%96%d1%8f-%d0%b3%d1%80%d1%83%d0%b4%d0%b5%d0%b9-2/,301,/uk/одиниці/естетична-хірургія-грудей-2/збільшення-грудей-у-жироні-2/,301,Естетична хірургія грудей у Жероні | Medics Integral Salut,,crawl_only,,,duplicada: 301 a su canónica (aprobado Oscar 27/09/2026)
/ca/unitats-2/cirurgia-estetica-de-mames/,301,/ca/unitats/cirurgia-estetica-de-mames/augment-de-pit-girona/,301,Cirurgia Estètica de Mames a Girona | Medics Integral Salut,,crawl_only,,0,duplicada: 301 a su canónica (aprobado Oscar 27/09/2026)
,mantener,,200,Clínica de Cirugía Estética en Girona | Medics Integral Salut,,crawl_only,,,
/category/sin-categorizar/,301,/blog/,301,Sin categorizar archivos - MedicsIntegralSalut,,sistema,,,
/tag/abans-i-despres-otoplastia/,301,/blog/,301,Abans i desprès otoplàstia archivos - MedicsIntegralSalut,,sistema,,,
/tag/alimentacio/,301,/blog/,301,alimentació archivos - MedicsIntegralSalut,,sistema,,,
/tag/alimentacion/,301,/blog/,301,alimentación archivos - MedicsIntegralSalut,,sistema,,,
/tag/antes-y-despues-otoplastia/,301,/blog/,301,Antes y después otoplastia archivos - MedicsIntegralSalut,,sistema,,0,
/tag/augment-de-pit/,301,/blog/,301,augment de pit archivos - MedicsIntegralSalut,,sistema,,,
/tag/aumento-de-pecho/,301,/blog/,301,aumento de pecho archivos - MedicsIntegralSalut,,sistema,,,
/tag/bellesa/,301,/blog/,301,bellesa archivos - MedicsIntegralSalut,,sistema,,,
/tag/belleza/,301,/blog/,301,belleza archivos - MedicsIntegralSalut,,sistema,,,
/tag/cirurgia-bariatrica/,301,/blog/,301,cirurgia bariàtrica archivos - MedicsIntegralSalut,,sistema,,,
/tag/cures-per-la-pell/,301,/blog/,301,cures per la pell archivos - MedicsIntegralSalut,,sistema,,,
/tag/estetica-ca/,301,/blog/,301,estètica archivos - MedicsIntegralSalut,,sistema,,,
/tag/estetica/,301,/blog/,301,estética archivos - MedicsIntegralSalut,,sistema,,,
/tag/evaluacio/,301,/blog/,301,evaluació archivos - MedicsIntegralSalut,,sistema,,,
/tag/flacidez/,301,/blog/,301,flacidez archivos - MedicsIntegralSalut,,sistema,,,
/tag/glutis/,301,/blog/,301,glutis archivos - MedicsIntegralSalut,,sistema,,,
/tag/greix/,301,/blog/,301,greix archivos - MedicsIntegralSalut,,sistema,,,
/tag/implantes-mamarios/,301,/blog/,301,implantes mamarios archivos - MedicsIntegralSalut,,sistema,,,
/tag/lifting-ca/,301,/blog/,301,lifting archivos - MedicsIntegralSalut,,sistema,,,
/tag/lipofilling-ca/,301,/blog/,301,lipofilling archivos - MedicsIntegralSalut,,sistema,,,
/tag/liposuccion/,301,/blog/,301,liposucción archivos - MedicsIntegralSalut,,sistema,,,
/tag/liposuccion-vaser/,301,/blog/,301,liposucción vaser archivos - MedicsIntegralSalut,,sistema,,0,
/tag/lipovaser/,301,/blog/,301,lipovaser archivos - MedicsIntegralSalut,,sistema,,0,
/tag/mamas-tuberosas/,301,/blog/,301,mamas tuberosas archivos - MedicsIntegralSalut,,sistema,,0,
/tag/mames-tuberoses/,301,/blog/,301,mames tuberoses archivos - MedicsIntegralSalut,,sistema,,,
/tag/mida-de-protesi/,301,/blog/,301,mida de pròtesi archivos - MedicsIntegralSalut,,sistema,,,
/tag/mounjaro/,301,/la-importante-ayuda-de-los-farmacos-en-la-perdida-de-peso-ozempic-y-mounjaro-en-nuestra-clinica/,301,mounjaro archivos - MedicsIntegralSalut,,sistema,,7,GSC: 7 clics / 51 impresiones — no perder en silencio; PROPUESTA: 301 al post de Ozempic/Mounjaro (tiene clics) · RESUELTO 28/09: propuesta aplicada
/tag/obesidad/,301,/blog/,301,obesidad archivos - MedicsIntegralSalut,,sistema,,0,
/tag/obesitat/,301,/blog/,301,obesitat archivos - MedicsIntegralSalut,,sistema,,,
/tag/ozempic/,301,/la-importante-ayuda-de-los-farmacos-en-la-perdida-de-peso-ozempic-y-mounjaro-en-nuestra-clinica/,301,ozempic archivos - MedicsIntegralSalut,,sistema,,2,GSC: 2 clics / 36 impresiones — no perder en silencio; PROPUESTA: 301 al post de Ozempic/Mounjaro (tiene clics) · RESUELTO 28/09: propuesta aplicada
/tag/pell/,301,/blog/,301,pell archivos - MedicsIntegralSalut,,sistema,,,
/tag/piel/,301,/blog/,301,piel archivos - MedicsIntegralSalut,,sistema,,,
/tag/postoperatorio-rinoplastia/,301,/blog/,301,postoperatorio rinoplastia archivos - MedicsIntegralSalut,,sistema,,,
/tag/protesis-ergonomicas/,301,/blog/,301,PROTESIS ERGONOMICAS archivos - MedicsIntegralSalut,,sistema,,0,
/tag/protesis-redondas-vs-protesis-ergonomicas/,301,/blog/,301,Prótesis Redondas vs. Prótesis Ergonómicas archivos - MedicsIntegralSalut,,sistema,,0,
/tag/radiofrecuencia/,301,/blog/,301,radiofrecuencia archivos - MedicsIntegralSalut,,sistema,,,
/tag/reduccion-de-pecho/,301,/blog/,301,Reducción de pecho archivos - MedicsIntegralSalut,,sistema,,0,
/tag/resultats/,301,/blog/,301,resultats archivos - MedicsIntegralSalut,,sistema,,,
/tag/rostre/,301,/blog/,301,rostre archivos - MedicsIntegralSalut,,sistema,,,
/tag/tractaments/,301,/blog/,301,tractaments archivos - MedicsIntegralSalut,,sistema,,,
/tag/tecnica-quirurgica-ca/,301,/blog/,301,tècnica quirúrgica archivos - MedicsIntegralSalut,,sistema,,,
/tag/tecniques/,301,/blog/,301,tècniques archivos - MedicsIntegralSalut,,sistema,,,
/tag/tecnica-quirurgica/,301,/blog/,301,técnica quirúrgica archivos - MedicsIntegralSalut,,sistema,,0,
/tag/tecnicas/,301,/blog/,301,técnicas archivos - MedicsIntegralSalut,,sistema,,,
/tag/ulls/,301,/blog/,301,ulls archivos - MedicsIntegralSalut,,sistema,,,
/tag/vida-saludable-ca/,301,/blog/,301,vida saludable archivos - MedicsIntegralSalut,,sistema,,,
/politica-de-privacidad,mantener,/politica-de-privacidad,200,Política de privacidad - MedicsIntegralSalut,,crawl_only,,,
/portfolio_page/obesitat/,mantener,/portfolio_page/obesitat/,200,Obesitat - MedicsIntegralSalut,,crawl_only,,,
/en/portfolio_page/video-prueba-1/,mantener,/en/portfolio_page/video-prueba-1/,200,Bypass gastrico-Amador-Emili - MedicsIntegralSalut,,crawl_only,,,
/fr/page_de_portfolio/video-de-test-1/,mantener,/fr/page_de_portfolio/video-de-test-1/,200,Bypass gastrique-Amador-Emili - MedicsIntegralSalut,,crawl_only,,,
/ru/%d0%bf%d0%be%d1%80%d1%82%d1%84%d0%be%d0%bb%d0%b8%d0%be/video-prueba-1/,mantener,/ru/%d0%bf%d0%be%d1%80%d1%82%d1%84%d0%be%d0%bb%d0%b8%d0%be/video-prueba-1/,200,Bypass gastrico-Amador-Emili - MedicsIntegralSalut,,crawl_only,,,
/uk/portfolio_page/%d1%82%d0%b5%d1%81%d1%82%d0%be%d0%b2%d0%b5-%d0%b2%d1%96%d0%b4%d0%b5%d0%be-1/,mantener,/uk/portfolio_page/%d1%82%d0%b5%d1%81%d1%82%d0%be%d0%b2%d0%b5-%d0%b2%d1%96%d0%b4%d0%b5%d0%be-1/,200,Шлунковий шунт за методом Амадора-Емілі — MedicsIntegralSalut,,crawl_only,,,
/ca/portfoli_pagina/video-prueba-1/,mantener,/ca/portfoli_pagina/video-prueba-1/,200,Bypass gastrico-Amador-Emili - MedicsIntegralSalut,,crawl_only,,,
/portfolio_page/bypass-gastric-amador-emili/,301,/ca/portfoli_pagina/bypass-gastric-amador-emili/,301,Bypass gàstric-Amador-Emili - MedicsIntegralSalut,,crawl_only,,,catalán en la raíz con gemela en /ca/: 301 (decisión usuario 05/10/2026)
/en/portfolio_page/video-prueba-2/,mantener,/en/portfolio_page/video-prueba-2/,200,Aumento pecho- mike-eli - MedicsIntegralSalut,,crawl_only,,,
/fr/page_de_portfolio/video-test-2/,mantener,/fr/page_de_portfolio/video-test-2/,200,Aumento de pecho-mike-eli - MedicsIntegralSalut,,crawl_only,,,
/ru/%d0%bf%d0%be%d1%80%d1%82%d1%84%d0%be%d0%bb%d0%b8%d0%be/video-prueba-2/,mantener,/ru/%d0%bf%d0%be%d1%80%d1%82%d1%84%d0%be%d0%bb%d0%b8%d0%be/video-prueba-2/,200,Aumento pecho- mike-eli - MedicsIntegralSalut,,crawl_only,,,
/uk/portfolio_page/video-prueba-2/,mantener,/uk/portfolio_page/video-prueba-2/,200,Aumento pecho- mike-eli - MedicsIntegralSalut,,crawl_only,,,
/ca/portfoli_pagina/video-prueba-2/,301,/ca/portfoli_pagina/video-prueba/,301,Aumento pecho- mike-eli - MedicsIntegralSalut,,crawl_only,,,renombrada 05/10/2026: URL catalana sin «-2» (decisión usuario)
/portfolio_page/augment-pit-mike-eli/,mantener,/portfolio_page/augment-pit-mike-eli/,200,Augment pit- mike-eli - MedicsIntegralSalut,,crawl_only,,,
/en/portfolio_page/video-prueba-3/,mantener,/en/portfolio_page/video-prueba-3/,200,Rinoplastia-sergio-judith - MedicsIntegralSalut,,crawl_only,,,
/fr/page_de_portfolio/video-prueba-3/,mantener,/fr/page_de_portfolio/video-prueba-3/,200,Rinoplastia-sergio-judith - MedicsIntegralSalut,,crawl_only,,,
/ru/%d0%bf%d0%be%d1%80%d1%82%d1%84%d0%be%d0%bb%d0%b8%d0%be/video-prueba-3/,mantener,/ru/%d0%bf%d0%be%d1%80%d1%82%d1%84%d0%be%d0%bb%d0%b8%d0%be/video-prueba-3/,200,Rinoplastia-sergio-judith - MedicsIntegralSalut,,crawl_only,,,
/uk/portfolio_page/video-prueba-3/,mantener,/uk/portfolio_page/video-prueba-3/,200,Rinoplastia-sergio-judith - MedicsIntegralSalut,,crawl_only,,,
/ca/portfoli_pagina/video-prueba-3/,mantener,/ca/portfoli_pagina/video-prueba-3/,200,Rinoplastia-sergio-judith - MedicsIntegralSalut,,crawl_only,,,
/portfolio_page/rinoplastia-sergio-judith/,mantener,/portfolio_page/rinoplastia-sergio-judith/,200,Rinoplàstia-sergio-judith - MedicsIntegralSalut,,crawl_only,,,
/en/portfolio_page/video-prueba-4/,mantener,/en/portfolio_page/video-prueba-4/,200,botoox-mike-lidia - MedicsIntegralSalut,,crawl_only,,,
/fr/page_de_portfolio/video-prueba-4/,mantener,/fr/page_de_portfolio/video-prueba-4/,200,botoox-mike-lidia - MedicsIntegralSalut,,crawl_only,,,
/ru/%d0%bf%d0%be%d1%80%d1%82%d1%84%d0%be%d0%bb%d0%b8%d0%be/%d0%b2%d0%b8%d0%b4%d0%b5%d0%be-%d1%82%d0%b5%d1%81%d1%82-4/,mantener,/ru/%d0%bf%d0%be%d1%80%d1%82%d1%84%d0%be%d0%bb%d0%b8%d0%be/%d0%b2%d0%b8%d0%b4%d0%b5%d0%be-%d1%82%d0%b5%d1%81%d1%82-4/,200,ботокс-майк-лидия - МедИнтэгралСалют,,crawl_only,,,
/uk/portfolio_page/video-prueba-4/,mantener,/uk/portfolio_page/video-prueba-4/,200,botoox-mike-lidia - MedicsIntegralSalut,,crawl_only,,,
/ca/portfoli_pagina/video-prueba-4/,mantener,/ca/portfoli_pagina/video-prueba-4/,200,botoox-mike-lidia - MedicsIntegralSalut,,crawl_only,,,
/en/units/facial-aesthetic-medicine/wrinkle-fillers/,410,,410,,,crawl_only,,,"PROPUESTA: 410 (404 hoy, sin tráfico ni backlinks) · RESUELTO 28/09: propuesta aplicada"
/fr/unites/medecine-esthetique-faciale/remplissage-de-rides/,410,,410,,,crawl_only,,,"PROPUESTA: 410 (404 hoy, sin tráfico ni backlinks) · RESUELTO 28/09: propuesta aplicada"
/ru/%d0%b5%d0%b4%d0%b8%d0%bd%d0%b8%d1%86%d1%8b/%d1%8d%d1%81%d1%82%d0%b5%d1%82%d0%b8%d1%87%d0%b5%d1%81%d0%ba%d0%b0%d1%8f-%d0%bc%d0%b5%d0%b4%d0%b8%d1%86%d0%b8%d0%bd%d0%b0-%d0%bb%d0%b8%d1%86%d0%b0/%d1%84%d0%b8%d0%bb%d0%bb%d0%b5%d1%80-%d0%bf%d1%80%d0%be%d1%82%d0%b8%d0%b2-%d0%bc%d0%be%d1%80%d1%89%d0%b8%d0%bd/,410,,410,,,crawl_only,,,"PROPUESTA: 410 (404 hoy, sin tráfico ni backlinks) · RESUELTO 28/09: propuesta aplicada"
/uk/%d0%be%d0%b4%d0%b8%d0%bd%d0%b8%d1%86%d1%96/%d0%b5%d1%81%d1%82%d0%b5%d1%82%d0%b8%d1%87%d0%bd%d0%b0-%d0%bc%d0%b5%d0%b4%d0%b8%d1%86%d0%b8%d0%bd%d0%b0-%d0%b4%d0%bb%d1%8f-%d0%be%d0%b1%d0%bb%d0%b8%d1%87%d1%87%d1%8f/%d0%b7%d0%b0%d0%bf%d0%be%d0%b2%d0%bd%d0%b5%d0%bd%d0%bd%d1%8f-%d0%b7%d0%bc%d0%be%d1%80%d1%88%d0%be%d0%ba/,410,,410,,,crawl_only,,,"PROPUESTA: 410 (404 hoy, sin tráfico ni backlinks) · RESUELTO 28/09: propuesta aplicada"
/ca/unitats-2/medicina-estetica-facial/farciment-darrugues-2/,410,,410,,,crawl_only,,,"PROPUESTA: 410 (404 hoy, sin tráfico ni backlinks) · RESUELTO 28/09: propuesta aplicada"
/en/cosmetic-body-medicine/non-surgical-liposuction/,301,/en/units/cosmetic-body-medicine/non-surgical-liposuction/,301,Non-surgical liposuction - MedicsIntegralSalut,,crawl_only,,,duplicada: 301 a su canónica (aprobado Oscar 27/09/2026)
/en/units/volume-reduction-girona-2/,301,/en/units/beauty-salon/volume-reduction-girona-2/,301,Volume reduction in Girona - MedicsIntegralSalut,,crawl_only,,,duplicada: 301 a su canónica (aprobado Oscar 27/09/2026)
/en/units/overweight-and-obesity-2/bariatric-surgery-2/gastric-bypass-2/,410,,410,,,crawl_only,,,"PROPUESTA: 410 (404 hoy, sin tráfico ni backlinks) · RESUELTO 28/09: propuesta aplicada"
/en/units/overweight-and-obesity-2/bariatric-surgery-2/duodenal-crossing-2/,301,/en/units/overweight-and-obesity-2/bariatric-surgery-2/duodenal-crossing/,301,,,crawl_only,,,PROPUESTA: 301 a la versión sin -2 · RESUELTO 28/09: propuesta aplicada
/tag/rinoplastia-sin-cirugia/,301,/blog/,301,rinoplastia sin cirugía archivos - MedicsIntegralSalut,,sistema,,,
/ca/unitats/cirurgia-estetica-mames/augment-de-pit/,301,/ca/unitats/cirurgia-estetica-de-mames/augmentacio-mamaria/,301,Augment de pit - MedicsIntegralSalut,,crawl_only,1,0,duplicada: 301 a su canónica (aprobado Oscar 27/09/2026)
/wp-content/uploads/2022/02/Cirugia-Bariatrica-BYPASS.mp4,mantener,/wp-content/uploads/2022/02/Cirugia-Bariatrica-BYPASS.mp4,200,,,crawl_only,,,
/tag/rinoplastia-ca/,301,/blog/,301,rinoplàstia archivos - MedicsIntegralSalut,,sistema,,,
/tag/rinoplastia/,301,/blog/,301,rinoplastia archivos - MedicsIntegralSalut,,sistema,,0,
/tag/cirugia-bariatrica/,301,/blog/,301,cirugía bariatrica archivos - MedicsIntegralSalut,,sistema,,,
/tag/rostro/,301,/blog/,301,rostro archivos - MedicsIntegralSalut,,sistema,,,
/tag/resultados/,301,/blog/,301,resultados archivos - MedicsIntegralSalut,,sistema,,1,GSC: 1 clics / 2 impresiones — no perder en silencio · RESUELTO 28/09: archivo del blog -> listado
/tag/tratamientos/,301,/blog/,301,tratamientos archivos - MedicsIntegralSalut,,sistema,,,
/tag/grasa/,301,/blog/,301,grasa archivos - MedicsIntegralSalut,,sistema,,,
/tag/lipofilling/,301,/blog/,301,lipofilling archivos - MedicsIntegralSalut,,sistema,,0,
/en/tag/before-and-after-otoplasty/,301,/en/blog/,301,Before and after otoplasty files - MedicsIntegralSalut,,crawl_only,,,sistema traducido (taxonomía/autor/paginación) → regla E-bis
/fr/etiquette/avant-et-apres-otoplastie/,301,/fr/blog/,301,Avant et après otplastie archives - MedicsIntegralSalut,,crawl_only,,,sistema traducido (taxonomía/autor/paginación) → regla E-bis
/ru/%d1%82%d0%b5%d0%b3/%d0%b4%d0%be-%d0%b8-%d0%bf%d0%be%d1%81%d0%bb%d0%b5-%d0%be%d1%82%d0%be%d0%bf%d0%bb%d0%b0%d1%81%d1%82%d0%b8%d0%ba%d0%b8-2/,mantener,/ru/%d1%82%d0%b5%d0%b3/%d0%b4%d0%be-%d0%b8-%d0%bf%d0%be%d1%81%d0%bb%d0%b5-%d0%be%d1%82%d0%be%d0%bf%d0%bb%d0%b0%d1%81%d1%82%d0%b8%d0%ba%d0%b8-2/,200,До и после отопластики файлы - MedicsIntegralSalut,,crawl_only,,,
/uk/%d1%82%d0%b5%d0%b3/%d0%b4%d0%be-%d1%82%d0%b0-%d0%bf%d1%96%d1%81%d0%bb%d1%8f-%d0%be%d1%82%d0%be%d0%bf%d0%bb%d0%b0%d1%81%d1%82%d0%b8%d0%ba%d0%b8/,mantener,/uk/%d1%82%d0%b5%d0%b3/%d0%b4%d0%be-%d1%82%d0%b0-%d0%bf%d1%96%d1%81%d0%bb%d1%8f-%d0%be%d1%82%d0%be%d0%bf%d0%bb%d0%b0%d1%81%d1%82%d0%b8%d0%ba%d0%b8/,200,До та після отопластики — архіви - MedicsIntegralSalut,,crawl_only,,,
/ca/etiqueta/abans-i-despres-otoplastia/,301,/ca/bloc/,301,Abans i després d'otoplàstia arxius - MedicsIntegralSalut,,crawl_only,,,sistema traducido (taxonomía/autor/paginación) → regla E-bis
/en/tag/alimentacio/,301,/en/blog/,301,alimentació archivos - MedicsIntegralSalut,,crawl_only,,,sistema traducido (taxonomía/autor/paginación) → regla E-bis
/fr/etiquette/alimentation/,301,/fr/blog/,301,alimentation fichiers - MedicsIntegralSalut,,crawl_only,,,sistema traducido (taxonomía/autor/paginación) → regla E-bis
/ru/%d1%82%d0%b5%d0%b3/alimentacio/,mantener,/ru/%d1%82%d0%b5%d0%b3/alimentacio/,200,alimentació archivos - MedicsIntegralSalut,,crawl_only,,,
/uk/%d1%82%d0%b5%d0%b3/%d1%85%d0%b0%d1%80%d1%87%d1%83%d0%b2%d0%b0%d0%bd%d0%bd%d1%8f/,mantener,/uk/%d1%82%d0%b5%d0%b3/%d1%85%d0%b0%d1%80%d1%87%d1%83%d0%b2%d0%b0%d0%bd%d0%bd%d1%8f/,200,архів «Харчування» — MedicsIntegralSalut,,crawl_only,,,
/ca/etiqueta/alimentacio/,301,/ca/bloc/,301,alimentació de fitxers - MedicsIntegralSalut,,crawl_only,,,sistema traducido (taxonomía/autor/paginación) → regla E-bis
/en/tag/feeding/,301,/en/blog/,301,File feeding - MedicsIntegralSalut,,crawl_only,,,sistema traducido (taxonomía/autor/paginación) → regla E-bis
/fr/etiquette/alimentacion/,301,/fr/blog/,301,alimentación archivos - MedicsIntegralSalut,,crawl_only,,,sistema traducido (taxonomía/autor/paginación) → regla E-bis
/ru/%d1%82%d0%b5%d0%b3/%d0%bf%d0%b8%d1%82%d0%b0%d0%bd%d0%b8%d0%b5/,mantener,/ru/%d1%82%d0%b5%d0%b3/%d0%bf%d0%b8%d1%82%d0%b0%d0%bd%d0%b8%d0%b5/,200,питание файлы - MedicsIntegralSalut,,crawl_only,,,
/uk/%d1%82%d0%b5%d0%b3/%d1%85%d0%b0%d1%80%d1%87%d1%83%d0%b2%d0%b0%d0%bd%d0%bd%d1%8f-2/,mantener,/uk/%d1%82%d0%b5%d0%b3/%d1%85%d0%b0%d1%80%d1%87%d1%83%d0%b2%d0%b0%d0%bd%d0%bd%d1%8f-2/,200,архів матеріалів про харчування — MedicsIntegralSalut,,crawl_only,,,
/ca/etiqueta/alimentacion/,301,/ca/bloc/,301,alimentación archivos - MedicsIntegralSalut,,crawl_only,,,sistema traducido (taxonomía/autor/paginación) → regla E-bis
/en/tag/antes-y-despues-otoplastia/,301,/en/blog/,301,Antes y después otoplastia archivos - MedicsIntegralSalut,,crawl_only,,,sistema traducido (taxonomía/autor/paginación) → regla E-bis
/fr/etiquette/avant-et-apres-otoplastie-2/,301,/fr/blog/,301,Avant et après la chirurgie des oreilles - MedicsIntegralSalut,,crawl_only,,,sistema traducido (taxonomía/autor/paginación) → regla E-bis
/ru/%d1%82%d0%b5%d0%b3/%d0%b4%d0%be-%d0%b8-%d0%bf%d0%be%d1%81%d0%bb%d0%b5-%d0%be%d1%82%d0%be%d0%bf%d0%bb%d0%b0%d1%81%d1%82%d0%b8%d0%ba%d0%b8/,mantener,/ru/%d1%82%d0%b5%d0%b3/%d0%b4%d0%be-%d0%b8-%d0%bf%d0%be%d1%81%d0%bb%d0%b5-%d0%be%d1%82%d0%be%d0%bf%d0%bb%d0%b0%d1%81%d1%82%d0%b8%d0%ba%d0%b8/,200,До и после отопластики файлы - MedicsIntegralSalut,,crawl_only,,,
/uk/%d1%82%d0%b5%d0%b3/antes-y-despues-otoplastia/,mantener,/uk/%d1%82%d0%b5%d0%b3/antes-y-despues-otoplastia/,200,Antes y después otoplastia archivos - MedicsIntegralSalut,,crawl_only,,,
/ca/etiqueta/antes-y-despues-otoplastia/,301,/ca/bloc/,301,Antes y después otoplastia archivos - MedicsIntegralSalut,,crawl_only,,,sistema traducido (taxonomía/autor/paginación) → regla E-bis
/en/portfolio_page/obesity-2/,mantener,/en/portfolio_page/obesity-2/,200,Obesity - MedicsIntegralHealth,,crawl_only,,,
/en/portfolio_page/gastric-bypass-3/,mantener,/en/portfolio_page/gastric-bypass-3/,200,Gastric bypass - Amador-Emili - MedicsIntegralHealth,,crawl_only,,,
/en/portfolio_page/augment-pit-mike-eli/,mantener,/en/portfolio_page/augment-pit-mike-eli/,200,Augment pit- mike-eli - MedicsIntegralSalut,,crawl_only,,,
/en/portfolio_page/rinoplastia-sergio-judith/,mantener,/en/portfolio_page/rinoplastia-sergio-judith/,200,Rinoplàstia-sergio-judith - MedicsIntegralSalut,,crawl_only,,,
/wp-content/uploads/2019/10/blefaroplastia.jpg,mantener,/wp-content/uploads/2019/10/blefaroplastia.jpg,200,,,crawl_only,,,
/wp-content/uploads/2019/10/1-1.jpg,mantener,/wp-content/uploads/2019/10/1-1.jpg,200,,,crawl_only,,,
/wp-content/uploads/2019/10/Blefaroplastia-3.jpg,mantener,/wp-content/uploads/2019/10/Blefaroplastia-3.jpg,200,,,crawl_only,,,
/wp-content/uploads/2019/10/Operacion-pecho1.jpg,mantener,/wp-content/uploads/2019/10/Operacion-pecho1.jpg,200,,,crawl_only,,,
/wp-content/uploads/2019/10/Operacion-pecho8.jpg,mantener,/wp-content/uploads/2019/10/Operacion-pecho8.jpg,200,,,crawl_only,,,
/wp-content/uploads/2019/10/Operacion-pecho4.jpg,mantener,/wp-content/uploads/2019/10/Operacion-pecho4.jpg,200,,,crawl_only,,,
/wp-content/uploads/2019/10/Operacion-pecho5.jpg,mantener,/wp-content/uploads/2019/10/Operacion-pecho5.jpg,200,,,crawl_only,,,
/wp-content/uploads/2019/10/Operacion-pecho6.jpg,mantener,/wp-content/uploads/2019/10/Operacion-pecho6.jpg,200,,,crawl_only,,,
/wp-content/uploads/2019/10/Operacion-pecho7.jpg,mantener,/wp-content/uploads/2019/10/Operacion-pecho7.jpg,200,,,crawl_only,,,
/wp-content/uploads/2019/10/antes-despues-rinoplastia.jpg,mantener,/wp-content/uploads/2019/10/antes-despues-rinoplastia.jpg,200,,,crawl_only,,0,
/wp-content/uploads/2019/10/antes-despues-rinoplastia-2.jpg,mantener,/wp-content/uploads/2019/10/antes-despues-rinoplastia-2.jpg,200,,,crawl_only,,,
/wp-content/uploads/2019/10/antes-despues-rinoplastia-3.jpg,mantener,/wp-content/uploads/2019/10/antes-despues-rinoplastia-3.jpg,200,,,crawl_only,,,
/ca/politica-de-privacitat/,301,/ca/politica-de-privadesa/,301,,,crawl_only,,,PROPUESTA: 404 hoy → política de privacidad del idioma · RESUELTO 28/09: propuesta aplicada
/en/tag/non-surgical-rhinoplasty/,301,/en/blog/,301,Non-surgical rhinoplasty files - MedicsIntegralSalut,,crawl_only,,,sistema traducido (taxonomía/autor/paginación) → regla E-bis
/fr/etiquette/rhinoplastie-sans-chirurgie/,301,/fr/blog/,301,rinoplastie sans chirurgie fichiers - MedicsIntegralSalut,,crawl_only,,,sistema traducido (taxonomía/autor/paginación) → regla E-bis
/ru/%d1%82%d0%b5%d0%b3/%d1%80%d0%b8%d0%bd%d0%be%d0%bf%d0%bb%d0%b0%d1%81%d1%82%d0%b8%d0%ba%d0%b0-%d0%b1%d0%b5%d0%b7-%d0%be%d0%bf%d0%b5%d1%80%d0%b0%d1%86%d0%b8%d0%b8/,mantener,/ru/%d1%82%d0%b5%d0%b3/%d1%80%d0%b8%d0%bd%d0%be%d0%bf%d0%bb%d0%b0%d1%81%d1%82%d0%b8%d0%ba%d0%b0-%d0%b1%d0%b5%d0%b7-%d0%be%d0%bf%d0%b5%d1%80%d0%b0%d1%86%d0%b8%d0%b8/,200,ринопластика без операции файлы - MedicsIntegralSalut,,crawl_only,,,
/uk/%d1%82%d0%b5%d0%b3/rinoplastia-sin-cirugia/,mantener,/uk/%d1%82%d0%b5%d0%b3/rinoplastia-sin-cirugia/,200,rinoplastia sin cirugía archivos - MedicsIntegralSalut,,crawl_only,,,
/ca/etiqueta/rinoplastia-sin-cirugia/,301,/ca/bloc/,301,rinoplastia sin cirugía archivos - MedicsIntegralSalut,,crawl_only,,,sistema traducido (taxonomía/autor/paginación) → regla E-bis
/ca/unitats/medicina-estetica-facial/arrugues-expressio/,301,/ca/unitats/medicina-estetica-facial/arrugues-dexpressio/,301,Arrugues causades per l'expressió - MedicsIntegralSalut,,crawl_only,1,0,duplicada: 301 a su canónica (aprobado Oscar 27/09/2026)
/en/tag/rinoplastia-ca/,301,/en/blog/,301,rinoplàstia archivos - MedicsIntegralSalut,,crawl_only,,,sistema traducido (taxonomía/autor/paginación) → regla E-bis
/fr/etiquette/rinoplastia-ca/,301,/fr/blog/,301,rinoplàstia archivos - MedicsIntegralSalut,,crawl_only,,,sistema traducido (taxonomía/autor/paginación) → regla E-bis
/ru/%d1%82%d0%b5%d0%b3/rinoplastia-ca/,mantener,/ru/%d1%82%d0%b5%d0%b3/rinoplastia-ca/,200,rinoplàstia archivos - MedicsIntegralSalut,,crawl_only,,,
/uk/%d1%82%d0%b5%d0%b3/rinoplastia-ca/,mantener,/uk/%d1%82%d0%b5%d0%b3/rinoplastia-ca/,200,rinoplàstia archivos - MedicsIntegralSalut,,crawl_only,,,
/ca/etiqueta/rinoplastia-ca/,301,/ca/bloc/,301,rinoplàstia archivos - MedicsIntegralSalut,,crawl_only,,,sistema traducido (taxonomía/autor/paginación) → regla E-bis
/en/tag/rhinoplasty/,301,/en/blog/,301,rinoplastia archivos - MedicsIntegralSalut,,crawl_only,,,sistema traducido (taxonomía/autor/paginación) → regla E-bis
/fr/etiquette/rhinoplastie/,301,/fr/blog/,301,rinoplastia archivos - MedicsIntegralSalut,,crawl_only,,,sistema traducido (taxonomía/autor/paginación) → regla E-bis
/ru/%d1%82%d0%b5%d0%b3/%d1%80%d0%b8%d0%bd%d0%be%d0%bf%d0%bb%d0%b0%d1%81%d1%82%d0%b8%d0%ba%d0%b0/,mantener,/ru/%d1%82%d0%b5%d0%b3/%d1%80%d0%b8%d0%bd%d0%be%d0%bf%d0%bb%d0%b0%d1%81%d1%82%d0%b8%d0%ba%d0%b0/,200,rinoplastia archivos - MedicsIntegralSalut,,crawl_only,,,
/uk/%d1%82%d0%b5%d0%b3/%d1%80%d0%b8%d0%bd%d0%be%d0%bf%d0%bb%d0%b0%d1%81%d1%82%d0%b8%d0%ba%d0%b0-2/,mantener,/uk/%d1%82%d0%b5%d0%b3/%d1%80%d0%b8%d0%bd%d0%be%d0%bf%d0%bb%d0%b0%d1%81%d1%82%d0%b8%d0%ba%d0%b0-2/,200,rinoplastia archivos - MedicsIntegralSalut,,crawl_only,,,
/ca/etiqueta/rinoplastia/,301,/ca/bloc/,301,rinoplastia archivos - MedicsIntegralSalut,,crawl_only,,,sistema traducido (taxonomía/autor/paginación) → regla E-bis
/en/tag/bariatric-surgery-2/,301,/en/blog/,301,Bariatric surgery files - MedicsIntegralSalut,,crawl_only,,,sistema traducido (taxonomía/autor/paginación) → regla E-bis
/fr/etiquette/chirurgie-bariatrique-2/,301,/fr/blog/,301,cirugía bariatrica archivos - MedicsIntegralSalut,,crawl_only,,,sistema traducido (taxonomía/autor/paginación) → regla E-bis
/ru/%d1%82%d0%b5%d0%b3/%d0%b1%d0%b0%d1%80%d0%b8%d0%b0%d1%82%d1%80%d0%b8%d1%87%d0%b5%d1%81%d0%ba%d0%b0%d1%8f-%d1%85%d0%b8%d1%80%d1%83%d1%80%d0%b3%d0%b8%d1%8f-2/,mantener,/ru/%d1%82%d0%b5%d0%b3/%d0%b1%d0%b0%d1%80%d0%b8%d0%b0%d1%82%d1%80%d0%b8%d1%87%d0%b5%d1%81%d0%ba%d0%b0%d1%8f-%d1%85%d0%b8%d1%80%d1%83%d1%80%d0%b3%d0%b8%d1%8f-2/,200,cirugía bariatrica archivos - MedicsIntegralSalut,,crawl_only,,,
/uk/%d1%82%d0%b5%d0%b3/%d0%b1%d0%b0%d1%80%d1%96%d0%b0%d1%82%d1%80%d0%b8%d1%87%d0%bd%d0%b0-%d1%85%d1%96%d1%80%d1%83%d1%80%d0%b3%d1%96%d1%8f-2/,mantener,/uk/%d1%82%d0%b5%d0%b3/%d0%b1%d0%b0%d1%80%d1%96%d0%b0%d1%82%d1%80%d0%b8%d1%87%d0%bd%d0%b0-%d1%85%d1%96%d1%80%d1%83%d1%80%d0%b3%d1%96%d1%8f-2/,200,cirugía bariatrica archivos - MedicsIntegralSalut,,crawl_only,,,
/ca/etiqueta/cirurgia-bariatrica-2/,301,/ca/bloc/,301,cirugía bariatrica archivos - MedicsIntegralSalut,,crawl_only,,,sistema traducido (taxonomía/autor/paginación) → regla E-bis
/en/tag/face/,301,/en/blog/,301,rostro archivos - MedicsIntegralSalut,,crawl_only,,,sistema traducido (taxonomía/autor/paginación) → regla E-bis
/fr/etiquette/rostro/,301,/fr/blog/,301,rostro archivos - MedicsIntegralSalut,,crawl_only,,,sistema traducido (taxonomía/autor/paginación) → regla E-bis
/ru/%d1%82%d0%b5%d0%b3/rostro/,mantener,/ru/%d1%82%d0%b5%d0%b3/rostro/,200,rostro archivos - MedicsIntegralSalut,,crawl_only,,,
/uk/%d1%82%d0%b5%d0%b3/%d0%be%d0%b1%d0%bb%d0%b8%d1%87%d1%87%d1%8f/,mantener,/uk/%d1%82%d0%b5%d0%b3/%d0%be%d0%b1%d0%bb%d0%b8%d1%87%d1%87%d1%8f/,200,архів «обличчя» — MedicsIntegralSalut,,crawl_only,,,
/ca/etiqueta/rostro/,301,/ca/bloc/,301,rostro archivos - MedicsIntegralSalut,,crawl_only,,,sistema traducido (taxonomía/autor/paginación) → regla E-bis
/en/tag/resultados/,301,/en/blog/,301,resultados archivos - MedicsIntegralSalut,,crawl_only,,,sistema traducido (taxonomía/autor/paginación) → regla E-bis
/fr/etiquette/resultados/,301,/fr/blog/,301,resultados archivos - MedicsIntegralSalut,,crawl_only,,,sistema traducido (taxonomía/autor/paginación) → regla E-bis
/ru/%d1%82%d0%b5%d0%b3/resultados/,mantener,/ru/%d1%82%d0%b5%d0%b3/resultados/,200,resultados archivos - MedicsIntegralSalut,,crawl_only,,,
/uk/%d1%82%d0%b5%d0%b3/resultados/,mantener,/uk/%d1%82%d0%b5%d0%b3/resultados/,200,resultados archivos - MedicsIntegralSalut,,crawl_only,,,
/ca/etiqueta/resultats-2/,301,/ca/bloc/,301,resultados archivos - MedicsIntegralSalut,,crawl_only,,,sistema traducido (taxonomía/autor/paginación) → regla E-bis
/en/tag/tratamientos/,301,/en/blog/,301,tratamientos archivos - MedicsIntegralSalut,,crawl_only,,,sistema traducido (taxonomía/autor/paginación) → regla E-bis
/fr/etiquette/tratamientos/,301,/fr/blog/,301,tratamientos archivos - MedicsIntegralSalut,,crawl_only,,,sistema traducido (taxonomía/autor/paginación) → regla E-bis
/ru/%d1%82%d0%b5%d0%b3/tratamientos/,mantener,/ru/%d1%82%d0%b5%d0%b3/tratamientos/,200,tratamientos archivos - MedicsIntegralSalut,,crawl_only,,,
/uk/%d1%82%d0%b5%d0%b3/tratamientos/,mantener,/uk/%d1%82%d0%b5%d0%b3/tratamientos/,200,tratamientos archivos - MedicsIntegralSalut,,crawl_only,,,
/ca/etiqueta/tractaments-2/,301,/ca/bloc/,301,tratamientos archivos - MedicsIntegralSalut,,crawl_only,,,sistema traducido (taxonomía/autor/paginación) → regla E-bis
/en/tag/grease/,301,/en/blog/,301,Grease files - MedicsIntegralSalut,,crawl_only,,,sistema traducido (taxonomía/autor/paginación) → regla E-bis
/fr/etiquette/graisse-2/,301,/fr/blog/,301,grasa archivos - MedicsIntegralBonjour,,crawl_only,,,sistema traducido (taxonomía/autor/paginación) → regla E-bis
/ru/%d1%82%d0%b5%d0%b3/%d0%b6%d0%b8%d1%80/,mantener,/ru/%d1%82%d0%b5%d0%b3/%d0%b6%d0%b8%d1%80/,200,grasa archivos - MedicsIntegralSalut,,crawl_only,,,
/uk/%d1%82%d0%b5%d0%b3/%d0%b6%d0%b8%d1%80/,mantener,/uk/%d1%82%d0%b5%d0%b3/%d0%b6%d0%b8%d1%80/,200,grasa archivos - MedicsIntegralSalut,,crawl_only,,,
/ca/etiqueta/greix-2/,301,/ca/bloc/,301,grasa archivos - MedicsIntegralSalut,,crawl_only,,,sistema traducido (taxonomía/autor/paginación) → regla E-bis
/en/tag/lipofilling/,301,/en/blog/,301,lipofilling archivos - MedicsIntegralSalut,,crawl_only,,,sistema traducido (taxonomía/autor/paginación) → regla E-bis
/fr/etiquette/lipofilling/,301,/fr/blog/,301,lipofilling archivos - MedicsIntegralSalut,,crawl_only,,,sistema traducido (taxonomía/autor/paginación) → regla E-bis
/ru/%d1%82%d0%b5%d0%b3/%d0%bb%d0%b8%d0%bf%d0%be%d1%84%d0%b8%d0%bb%d0%b8%d0%bd%d0%b3/,mantener,/ru/%d1%82%d0%b5%d0%b3/%d0%bb%d0%b8%d0%bf%d0%be%d1%84%d0%b8%d0%bb%d0%b8%d0%bd%d0%b3/,200,липофилинг архивы - MedicsIntegralSalut,,crawl_only,,,
/uk/%d1%82%d0%b5%d0%b3/%d0%bb%d1%96%d0%bf%d0%be%d1%84%d1%96%d0%bb%d1%96%d0%bd%d0%b3/,mantener,/uk/%d1%82%d0%b5%d0%b3/%d0%bb%d1%96%d0%bf%d0%be%d1%84%d1%96%d0%bb%d1%96%d0%bd%d0%b3/,200,Архів «ліпофілінг» — MedicsIntegralSalut,,crawl_only,,,
/ca/etiqueta/lipofilling/,301,/ca/bloc/,301,lipofilling arxius - MedicsIntegralSalut,,crawl_only,,,sistema traducido (taxonomía/autor/paginación) → regla E-bis
/en/category/uncategorised/,301,/en/blog/,301,Uncategorised Files - MedicsIntegralSalut,,sistema,,,sistema traducido (taxonomía/autor/paginación) → regla E-bis
/en/tag/augment-of-pit/,301,/en/blog/,301,Increase file size - MedicsIntegralSalut,,crawl_only,,,sistema traducido (taxonomía/autor/paginación) → regla E-bis
/en/tag/breast-augmentation/,301,/en/blog/,301,aumento de pecho archivos - MedicsIntegralSalut,,crawl_only,,,sistema traducido (taxonomía/autor/paginación) → regla E-bis
/en/tag/beauty/,301,/en/blog/,301,bellesa archivos - MedicsIntegralSalut,,crawl_only,,,sistema traducido (taxonomía/autor/paginación) → regla E-bis
/en/tag/beauty-2/,301,/en/blog/,301,belleza archivos - MedicsIntegralSalut,,crawl_only,,,sistema traducido (taxonomía/autor/paginación) → regla E-bis
/en/tag/bariatric-surgery/,301,/en/blog/,301,cirurgia bariàtrica archivos - MedicsIntegralSalut,,crawl_only,,,sistema traducido (taxonomía/autor/paginación) → regla E-bis
/en/tag/skin-cures/,301,/en/blog/,301,Skin cures files - MedicsIntegralSalut,,crawl_only,,,sistema traducido (taxonomía/autor/paginación) → regla E-bis
/en/tag/estetica-ca/,301,/en/blog/,301,estètica archivos - MedicsIntegralSalut,,crawl_only,,,sistema traducido (taxonomía/autor/paginación) → regla E-bis
/en/tag/estetica/,301,/en/blog/,301,estética archivos - MedicsIntegralSalut,,crawl_only,,,sistema traducido (taxonomía/autor/paginación) → regla E-bis
/en/tag/evaluation/,301,/en/blog/,301,File evaluation - MedicsIntegralSalut,,crawl_only,,,sistema traducido (taxonomía/autor/paginación) → regla E-bis
/en/tag/slackness/,301,/en/blog/,301,flacidez archivos - MedicsIntegralSalut,,crawl_only,,,sistema traducido (taxonomía/autor/paginación) → regla E-bis
/en/tag/gluteus/,301,/en/blog/,301,glutis archivos - MedicsIntegralSalut,,crawl_only,,,sistema traducido (taxonomía/autor/paginación) → regla E-bis
/en/tag/grease-2/,301,/en/blog/,301,greix archivos - MedicsIntegralSalut,,crawl_only,,,sistema traducido (taxonomía/autor/paginación) → regla E-bis
/en/tag/breast-implants/,301,/en/blog/,301,implantes mamarios archivos - MedicsIntegralSalut,,crawl_only,,,sistema traducido (taxonomía/autor/paginación) → regla E-bis
/en/tag/lifting-ca/,301,/en/blog/,301,lifting archivos - MedicsIntegralSalut,,crawl_only,,,sistema traducido (taxonomía/autor/paginación) → regla E-bis
/en/tag/lipofilling-ca/,301,/en/blog/,301,lipofilling archivos - MedicsIntegralSalut,,crawl_only,,,sistema traducido (taxonomía/autor/paginación) → regla E-bis
/en/tag/liposuction-2/,301,/en/blog/,301,liposucción archivos - MedicsIntegralSalut,,crawl_only,,,sistema traducido (taxonomía/autor/paginación) → regla E-bis
/en/tag/vaser-liposuction-2/,301,/en/blog/,301,Vaser liposuction files - MedicsIntegralSalut,,crawl_only,,,sistema traducido (taxonomía/autor/paginación) → regla E-bis
/en/tag/lipo-laser/,301,/en/blog/,301,lipovaser files - MedicsIntegralSalut,,crawl_only,,,sistema traducido (taxonomía/autor/paginación) → regla E-bis
/en/tag/tubular-breasts/,301,/en/blog/,301,Mamas tuberosas | MedicsIntegralSalut,,crawl_only,,,sistema traducido (taxonomía/autor/paginación) → regla E-bis
/en/tag/tuberous-mame/,301,/en/blog/,301,Mames Tuberoses Files - MedicsIntegralSalut,,crawl_only,,,sistema traducido (taxonomía/autor/paginación) → regla E-bis
/en/tag/mida-de-protesi/,301,/en/blog/,301,mida de pròtesi archivos - MedicsIntegralSalut,,crawl_only,,,sistema traducido (taxonomía/autor/paginación) → regla E-bis
/en/tag/mounjaro/,301,/en/blog/,301,Mounjaro files - MedicsIntegralSalut,,crawl_only,,,sistema traducido (taxonomía/autor/paginación) → regla E-bis
/en/tag/obesity/,301,/en/blog/,301,Obesity Files - MedicsIntegralSalut,,crawl_only,,,sistema traducido (taxonomía/autor/paginación) → regla E-bis
/en/tag/obesity-2/,301,/en/blog/,301,Obesity files - MedicsIntegralHealth,,crawl_only,,,sistema traducido (taxonomía/autor/paginación) → regla E-bis
/en/tag/ozempic/,301,/en/blog/,301,ozempic archivos - MedicsIntegralSalut,,crawl_only,,,sistema traducido (taxonomía/autor/paginación) → regla E-bis
/en/tag/pell/,301,/en/blog/,301,pell archivos - MedicsIntegralSalut,,crawl_only,,,sistema traducido (taxonomía/autor/paginación) → regla E-bis
/en/tag/skin/,301,/en/blog/,301,File skins - MedicsIntegralSalut,,crawl_only,,,sistema traducido (taxonomía/autor/paginación) → regla E-bis
/en/tag/rhinoplasty-post-operative/,301,/en/blog/,301,postoperatorio rinoplastia archivos - MedicsIntegralSalut,,crawl_only,,,sistema traducido (taxonomía/autor/paginación) → regla E-bis
/en/tag/protesis-ergonomicas/,301,/en/blog/,301,PROTESIS ERGONOMICAS archivos - MedicsIntegralSalut,,crawl_only,,,sistema traducido (taxonomía/autor/paginación) → regla E-bis
/en/tag/round-prostheses-vs-ergonomic-prostheses/,301,/en/blog/,301,Prótesis Redondas vs. Prótesis Ergonómicas archivos - MedicsIntegralSalut,,crawl_only,,,sistema traducido (taxonomía/autor/paginación) → regla E-bis
/en/tag/radiofrequency/,301,/en/blog/,301,radiofrecuencia archivos - MedicsIntegralSalut,,crawl_only,,,sistema traducido (taxonomía/autor/paginación) → regla E-bis
/en/tag/breast-reduction/,301,/en/blog/,301,Breast reduction files - MedicsIntegralSalut,,crawl_only,,,sistema traducido (taxonomía/autor/paginación) → regla E-bis
/en/tag/results/,301,/en/blog/,301,results files - MedicsIntegralSalut,,crawl_only,,,sistema traducido (taxonomía/autor/paginación) → regla E-bis
/en/tag/beak/,301,/en/blog/,301,rostre archivos - MedicsIntegralSalut,,crawl_only,,,sistema traducido (taxonomía/autor/paginación) → regla E-bis
/en/tag/treatments/,301,/en/blog/,301,Treatments and records - MedicsIntegralSalut,,crawl_only,,,sistema traducido (taxonomía/autor/paginación) → regla E-bis
/en/tag/tecnica-quirurgica-ca/,301,/en/blog/,301,tècnica quirúrgica archivos - MedicsIntegralSalut,,crawl_only,,,sistema traducido (taxonomía/autor/paginación) → regla E-bis
/en/tag/tecniques/,301,/en/blog/,301,tècniques archivos - MedicsIntegralSalut,,crawl_only,,,sistema traducido (taxonomía/autor/paginación) → regla E-bis
/en/tag/tecnica-quirurgica/,301,/en/blog/,301,técnica quirúrgica archivos - MedicsIntegralSalut,,crawl_only,,,sistema traducido (taxonomía/autor/paginación) → regla E-bis
/en/tag/tecnicas/,301,/en/blog/,301,técnicas archivos - MedicsIntegralSalut,,crawl_only,,,sistema traducido (taxonomía/autor/paginación) → regla E-bis
/en/tag/bulls/,301,/en/blog/,301,ulls archivos - MedicsIntegralSalut,,crawl_only,,,sistema traducido (taxonomía/autor/paginación) → regla E-bis
/en/tag/healthy-lifestyle/,301,/en/blog/,301,Healthy Living Files - MedicsIntegralSalut,,crawl_only,,,sistema traducido (taxonomía/autor/paginación) → regla E-bis
/en/bichectomia-que-es/,mantener,/en/bichectomia-que-es/,200,Bichectomia que es? - MedicsIntegralSalut,,crawl_only,,,
/en/category/cosmetic-facial-surgery/page/2/,301,/en/category/cosmetic-facial-surgery/,301,Cirurgia estètica facial archivos - Page 2 of 2 - MedicsIntegralSalut,,sistema,,0,
/wp-content/uploads/2019/10/Otoplastica-steticsmedic1.jpg,mantener,/wp-content/uploads/2019/10/Otoplastica-steticsmedic1.jpg,200,,,crawl_only,,,
/wp-content/uploads/2019/10/Otoplastia-steticsmedic2.jpg,mantener,/wp-content/uploads/2019/10/Otoplastia-steticsmedic2.jpg,200,,,crawl_only,,,
/en/portfolio_page/augmentation-pit/,mantener,/en/portfolio_page/augmentation-pit/,200,Augment pit - MedicsIntegralSalut,,crawl_only,,,
/fr/page_de_portfolio/obesite/,mantener,/fr/page_de_portfolio/obesite/,200,Obesitat - MedicsIntegralSalut,,crawl_only,,,
/ru/%d0%bf%d0%be%d1%80%d1%82%d1%84%d0%be%d0%bb%d0%b8%d0%be/%d0%be%d0%b6%d0%b8%d1%80%d0%b5%d0%bd%d0%b8%d0%b5/,mantener,/ru/%d0%bf%d0%be%d1%80%d1%82%d1%84%d0%be%d0%bb%d0%b8%d0%be/%d0%be%d0%b6%d0%b8%d1%80%d0%b5%d0%bd%d0%b8%d0%b5/,200,Obesitat - MedicsIntegralSalut,,crawl_only,,,
/uk/portfolio_page/%d0%be%d0%b6%d0%b8%d1%80%d1%96%d0%bd%d0%bd%d1%8f-2/,mantener,/uk/portfolio_page/%d0%be%d0%b6%d0%b8%d1%80%d1%96%d0%bd%d0%bd%d1%8f-2/,200,Obesitat - MedicsIntegralSalut,,crawl_only,,,
/ca/portfoli_pagina/obesitat/,mantener,/ca/portfoli_pagina/obesitat/,200,Obesitat - MedicsIntegralSalut,,crawl_only,,,antes /ca/portfoli_pagina/obesitat-2/ · renombrada 05/10/2026: URL catalana sin «-2» (decisión usuario)
/fr/page_de_portfolio/bypass-gastric-amador-emili/,mantener,/fr/page_de_portfolio/bypass-gastric-amador-emili/,200,Bypass gàstric-Amador-Emili - MedicsIntegralSalut,,crawl_only,,,
/ru/%d0%bf%d0%be%d1%80%d1%82%d1%84%d0%be%d0%bb%d0%b8%d0%be/%d0%be%d0%b1%d1%85%d0%be%d0%b4-%d0%b6%d0%b5%d0%bb%d1%83%d0%b4%d0%ba%d0%b0-%d0%b0%d0%bc%d0%b0%d0%b4%d0%be%d1%80-%d1%8d%d0%bc%d0%b8%d0%bb%d0%b8/,mantener,/ru/%d0%bf%d0%be%d1%80%d1%82%d1%84%d0%be%d0%bb%d0%b8%d0%be/%d0%be%d0%b1%d1%85%d0%be%d0%b4-%d0%b6%d0%b5%d0%bb%d1%83%d0%b4%d0%ba%d0%b0-%d0%b0%d0%bc%d0%b0%d0%b4%d0%be%d1%80-%d1%8d%d0%bc%d0%b8%d0%bb%d0%b8/,200,Желудочное шунтирование-Амадор-Эмили - MedicsIntegralSalut,,crawl_only,,,
/uk/portfolio_page/%d1%88%d1%83%d0%bd%d1%82%d1%83%d0%b2%d0%b0%d0%bd%d0%bd%d1%8f-%d1%88%d0%bb%d1%83%d0%bd%d0%ba%d0%b0-%d0%b5%d0%bc%d1%96%d0%bb%d1%96-%d0%b0%d0%bc%d0%b0%d0%b4%d0%be%d1%80/,mantener,/uk/portfolio_page/%d1%88%d1%83%d0%bd%d1%82%d1%83%d0%b2%d0%b0%d0%bd%d0%bd%d1%8f-%d1%88%d0%bb%d1%83%d0%bd%d0%ba%d0%b0-%d0%b5%d0%bc%d1%96%d0%bb%d1%96-%d0%b0%d0%bc%d0%b0%d0%b4%d0%be%d1%80/,200,Шлунковий шунт за методом Амадора-Емілі — MedicsIntegralSalut,,crawl_only,,,
/ca/portfoli_pagina/bypass-gastric-amador-emili/,mantener,/ca/portfoli_pagina/bypass-gastric-amador-emili/,200,Bypass gàstric-Amador-Emili - MedicsIntegralSalut,,crawl_only,,,
/fr/page_de_portfolio/augment-pit-mike-eli/,mantener,/fr/page_de_portfolio/augment-pit-mike-eli/,200,Augment pit- mike-eli - MedicsIntegralSalut,,crawl_only,,,
/ru/%d0%bf%d0%be%d1%80%d1%82%d1%84%d0%be%d0%bb%d0%b8%d0%be/augment-pit-mike-eli/,mantener,/ru/%d0%bf%d0%be%d1%80%d1%82%d1%84%d0%be%d0%bb%d0%b8%d0%be/augment-pit-mike-eli/,200,Augment pit- mike-eli - MedicsIntegralSalut,,crawl_only,,,
/uk/portfolio_page/augment-pit-mike-eli/,mantener,/uk/portfolio_page/augment-pit-mike-eli/,200,Augment pit- mike-eli - MedicsIntegralSalut,,crawl_only,,,
/ca/portfoli_pagina/augment-pit-mike-eli/,mantener,/ca/portfoli_pagina/augment-pit-mike-eli/,200,Augment pit- mike-eli - MedicsIntegralSalut,,crawl_only,,,
/fr/page_de_portfolio/rinoplastia-sergio-judith/,mantener,/fr/page_de_portfolio/rinoplastia-sergio-judith/,200,Rinoplàstia-sergio-judith - MedicsIntegralSalut,,crawl_only,,,
/ru/%d0%bf%d0%be%d1%80%d1%82%d1%84%d0%be%d0%bb%d0%b8%d0%be/rinoplastia-sergio-judith/,mantener,/ru/%d0%bf%d0%be%d1%80%d1%82%d1%84%d0%be%d0%bb%d0%b8%d0%be/rinoplastia-sergio-judith/,200,Rinoplàstia-sergio-judith - MedicsIntegralSalut,,crawl_only,,,
/uk/portfolio_page/rinoplastia-sergio-judith/,mantener,/uk/portfolio_page/rinoplastia-sergio-judith/,200,Rinoplàstia-sergio-judith - MedicsIntegralSalut,,crawl_only,,,
/ca/portfoli_pagina/rinoplastia-sergio-judith/,mantener,/ca/portfoli_pagina/rinoplastia-sergio-judith/,200,Rinoplàstia-sergio-judith - MedicsIntegralSalut,,crawl_only,,,
/politica-de-privacitat,301,/ca/politica-de-privadesa-en-xarxes-socials/,301,Política de privadesa en xarxes socials - MedicsIntegralSalut,,crawl_only,,,duplicada: 301 a su canónica (aprobado Oscar 27/09/2026)
/en/politica-de-privacitat/,301,/en/privacy-policy/,301,,,crawl_only,,,PROPUESTA: 404 hoy → política de privacidad del idioma · RESUELTO 28/09: propuesta aplicada
/fr/politica-de-privacitat/,301,/fr/politique-de-confidentialite/,301,,,crawl_only,,,PROPUESTA: 404 hoy → política de privacidad del idioma · RESUELTO 28/09: propuesta aplicada
/ru/politica-de-privacitat/,301,/ru/%d0%bf%d0%be%d0%bb%d0%b8%d1%82%d0%b8%d0%ba%d0%b0-%d0%ba%d0%be%d0%bd%d1%84%d0%b8%d0%b4%d0%b5%d0%bd%d1%86%d0%b8%d0%b0%d0%bb%d1%8c%d0%bd%d0%be%d1%81%d1%82%d0%b8/,301,,,crawl_only,,,PROPUESTA: 404 hoy → política de privacidad del idioma · RESUELTO 28/09: propuesta aplicada
/uk/politica-de-privacitat/,301,/uk/%d0%bf%d0%be%d0%bb%d1%96%d1%82%d0%b8%d0%ba%d0%b0-%d0%ba%d0%be%d0%bd%d1%84%d1%96%d0%b4%d0%b5%d0%bd%d1%86%d1%96%d0%b9%d0%bd%d0%be%d1%81%d1%82%d1%96/,301,,,crawl_only,,,PROPUESTA: 404 hoy → política de privacidad del idioma · RESUELTO 28/09: propuesta aplicada
/ca/unidtats/cirurgia-estetica-masculina/blefaroplastia/,301,/ca/unitats/cirurgia-estetica-facial/blefaroplastia/,301,Blefaroplàstia - MedicsIntegralSalut,,crawl_only,1,0,duplicada: 301 a su canónica (aprobado Oscar 27/09/2026)
/wp-content/uploads/2019/10/arrugas-expresion-tratamiento2.jpg,mantener,/wp-content/uploads/2019/10/arrugas-expresion-tratamiento2.jpg,200,,,crawl_only,,,
/wp-content/uploads/2019/10/arrugas-expresion-tratamiento1.jpg,mantener,/wp-content/uploads/2019/10/arrugas-expresion-tratamiento1.jpg,200,,,crawl_only,,,
/fr/author/infomedicstetics/,301,/fr/blog/,301,"Clínica Medics Integral Salut, auteur sur MedicsIntegralSalut",,crawl_only,,,sistema traducido (taxonomía/autor/paginación) → regla E-bis
/fr/etiquette/technique-chirurgicale-ca/,301,/fr/blog/,301,technique chirurgicale archives - MedicsIntegralSalut,,crawl_only,,,sistema traducido (taxonomía/autor/paginación) → regla E-bis
/fr/categorie/sans-categorie/,301,/fr/blog/,301,Fichiers non classés - MedicsIntegralSalut,,crawl_only,,,sistema traducido (taxonomía/autor/paginación) → regla E-bis
/fr/etiquette/augmenter-de-pit/,301,/fr/blog/,301,augment de pit archivos - MedicsIntegralSalut,,crawl_only,,,sistema traducido (taxonomía/autor/paginación) → regla E-bis
/fr/etiquette/augmentation-mammaire/,301,/fr/blog/,301,augmentation mammaire fichiers - MedicsIntegralSalut,,crawl_only,,,sistema traducido (taxonomía/autor/paginación) → regla E-bis
/fr/etiquette/beaute/,301,/fr/blog/,301,bellesa archivos - MedicsIntegralSalut,,crawl_only,,,sistema traducido (taxonomía/autor/paginación) → regla E-bis
/fr/etiquette/beaute-2/,301,/fr/blog/,301,belleza archivos - MedicsIntegralSalut,,crawl_only,,,sistema traducido (taxonomía/autor/paginación) → regla E-bis
/fr/etiquette/chirurgie-bariatrique/,301,/fr/blog/,301,cirugía bariátrica archivos - MedicsIntegralSalut,,crawl_only,,,sistema traducido (taxonomía/autor/paginación) → regla E-bis
/fr/etiquette/soins-pour-la-peau/,301,/fr/blog/,301,remèdes pour la peau fichiers - MedicsIntegralSalut,,crawl_only,,,sistema traducido (taxonomía/autor/paginación) → regla E-bis
/fr/etiquette/estetica-ca/,301,/fr/blog/,301,estètica archivos - MedicsIntegralSalut,,crawl_only,,,sistema traducido (taxonomía/autor/paginación) → regla E-bis
/fr/etiquette/estetica/,301,/fr/blog/,301,estética archivos - MedicsIntegralSalut,,crawl_only,,,sistema traducido (taxonomía/autor/paginación) → regla E-bis
/fr/etiquette/evaluacio/,301,/fr/blog/,301,evaluació archivos - MedicsIntegralSalut,,crawl_only,,,sistema traducido (taxonomía/autor/paginación) → regla E-bis
/fr/etiquette/flaccidite/,301,/fr/blog/,301,flaccidité fichiers - MedicsIntegralSalut,,crawl_only,,,sistema traducido (taxonomía/autor/paginación) → regla E-bis
/fr/etiquette/fessier/,301,/fr/blog/,301,glutis archivos - MedicsIntegralSalut,,crawl_only,,,sistema traducido (taxonomía/autor/paginación) → regla E-bis
/fr/etiquette/graisse/,301,/fr/blog/,301,greix archivos - MedicsIntegralSalut,,crawl_only,,,sistema traducido (taxonomía/autor/paginación) → regla E-bis
/fr/etiquette/implants-mammaires/,301,/fr/blog/,301,implants mammaires fichiers - MedicsIntegralSalut,,crawl_only,,,sistema traducido (taxonomía/autor/paginación) → regla E-bis
/fr/etiquette/levage-ca/,301,/fr/blog/,301,levage de fichiers - MedicsIntegralSalut,,crawl_only,,,sistema traducido (taxonomía/autor/paginación) → regla E-bis
/fr/etiquette/lipofilling-ca/,301,/fr/blog/,301,lipofilling archivos - MedicsIntegralSalut,,crawl_only,,,sistema traducido (taxonomía/autor/paginación) → regla E-bis
/fr/etiquette/liposuccion/,301,/fr/blog/,301,liposucción archivos - MedicsIntegralSalut,,crawl_only,,,sistema traducido (taxonomía/autor/paginación) → regla E-bis
/fr/etiquette/liposuccion-vaser/,301,/fr/blog/,301,liposucción vaser archivos - MedicsIntegralSalut,,crawl_only,,,sistema traducido (taxonomía/autor/paginación) → regla E-bis
/fr/etiquette/lipovaser/,301,/fr/blog/,301,lipovaser archives - MedicsIntegralSalut,,crawl_only,,,sistema traducido (taxonomía/autor/paginación) → regla E-bis
/fr/etiquette/mammans-tubereuses/,301,/fr/blog/,301,mamas tubéreuses archives - MedicsIntegralSalut,,crawl_only,,,sistema traducido (taxonomía/autor/paginación) → regla E-bis
/fr/etiquette/mames-tubereuses/,301,/fr/blog/,301,mames tuberoses archivos - MedicsIntegralSalut,,crawl_only,,,sistema traducido (taxonomía/autor/paginación) → regla E-bis
/fr/etiquette/mida-de-protesi/,301,/fr/blog/,301,mida de pròtesi archivos - MedicsIntegralSalut,,crawl_only,,,sistema traducido (taxonomía/autor/paginación) → regla E-bis
/fr/etiquette/mounjaro/,301,/fr/blog/,301,Mounjaro archives - MedicsIntegralBonjour,,crawl_only,,,sistema traducido (taxonomía/autor/paginación) → regla E-bis
/fr/etiquette/obesite-2/,301,/fr/blog/,301,obésité archives - MedicsIntegralSalut,,crawl_only,,,sistema traducido (taxonomía/autor/paginación) → regla E-bis
/fr/etiquette/obesite/,301,/fr/blog/,301,obesitat archivos - MedicsIntegralSalut,,crawl_only,,,sistema traducido (taxonomía/autor/paginación) → regla E-bis
/fr/etiquette/ozempic/,301,/fr/blog/,301,ozempic archives - MedicsIntegralSalut,,crawl_only,,,sistema traducido (taxonomía/autor/paginación) → regla E-bis
/fr/etiquette/pel/,301,/fr/blog/,301,pell archivos - MédicosIntegralesSalut,,crawl_only,,,sistema traducido (taxonomía/autor/paginación) → regla E-bis
/fr/etiquette/peau/,301,/fr/blog/,301,piel archivos - MedicsIntegralSalut,,crawl_only,,,sistema traducido (taxonomía/autor/paginación) → regla E-bis
/fr/etiquette/postoperatoire-rhinoplastie/,301,/fr/blog/,301,postoperatorio rinoplastia archivos - MedicsIntegralSalut,,crawl_only,,,sistema traducido (taxonomía/autor/paginación) → regla E-bis
/fr/etiquette/protheses-ergonomiques/,301,/fr/blog/,301,PROTHÈSES ERGONOMIQUES fichiers - MedicsIntegralSalut,,crawl_only,,,sistema traducido (taxonomía/autor/paginación) → regla E-bis
/fr/etiquette/protesis-redondas-vs-protesis-ergonomicas/,301,/fr/blog/,301,Prótesis Redondas vs. Prótesis Ergonómicas archivos - MedicsIntegralSalut,,crawl_only,,,sistema traducido (taxonomía/autor/paginación) → regla E-bis
/fr/etiquette/radiofrequence/,301,/fr/blog/,301,radiofréquence archives - MedicsIntegralSalut,,crawl_only,,,sistema traducido (taxonomía/autor/paginación) → regla E-bis
/fr/etiquette/reduction-mammaire/,301,/fr/blog/,301,Reducción de pecho archivos - MedicsIntegralSalut,,crawl_only,,,sistema traducido (taxonomía/autor/paginación) → regla E-bis
/fr/etiquette/resultats/,301,/fr/blog/,301,resultats archivos - MedicsIntegralSalut,,crawl_only,,,sistema traducido (taxonomía/autor/paginación) → regla E-bis
/fr/etiquette/rostre/,301,/fr/blog/,301,rostre archivos - MedicsIntegralSalut,,crawl_only,,,sistema traducido (taxonomía/autor/paginación) → regla E-bis
/fr/etiquette/traitements/,301,/fr/blog/,301,tractaments archivos - MedicsIntegralSalut,,crawl_only,,,sistema traducido (taxonomía/autor/paginación) → regla E-bis
/fr/etiquette/tecniques/,301,/fr/blog/,301,tècniques archivos - MedicsIntegralSalut,,crawl_only,,,sistema traducido (taxonomía/autor/paginación) → regla E-bis
/fr/etiquette/technique-chirurgicale/,301,/fr/blog/,301,technique chirurgicale fichiers - MedicsIntegralSalut,,crawl_only,,,sistema traducido (taxonomía/autor/paginación) → regla E-bis
/fr/etiquette/techniques/,301,/fr/blog/,301,techniques de classement - MedicsIntegralSalut,,crawl_only,,,sistema traducido (taxonomía/autor/paginación) → regla E-bis
/fr/etiquette/taureaux/,301,/fr/blog/,301,ulls archivos - MedicsIntegralSalut,,crawl_only,,,sistema traducido (taxonomía/autor/paginación) → regla E-bis
/fr/etiquette/vie-saine/,301,/fr/blog/,301,vie saine fichiers - MedicsIntegralSalut,,crawl_only,,,sistema traducido (taxonomía/autor/paginación) → regla E-bis
/ru/author/infomedicstetics/,301,/ru/%d0%b1%d0%bb%d0%be%d0%b3/,301,"Clínica Medics Integral Salut, автор MedicsIntegralSalut",,crawl_only,,,sistema traducido (taxonomía/autor/paginación) → regla E-bis
/ru/%d1%82%d0%b5%d0%b3/%d1%85%d0%b8%d1%80%d1%83%d1%80%d0%b3%d0%b8%d1%87%d0%b5%d1%81%d0%ba%d0%b0%d1%8f-%d1%82%d0%b5%d1%85%d0%bd%d0%b8%d0%ba%d0%b0-2/,mantener,/ru/%d1%82%d0%b5%d0%b3/%d1%85%d0%b8%d1%80%d1%83%d1%80%d0%b3%d0%b8%d1%87%d0%b5%d1%81%d0%ba%d0%b0%d1%8f-%d1%82%d0%b5%d1%85%d0%bd%d0%b8%d0%ba%d0%b0-2/,200,техника хирургических вмешательств файлы - MedicsIntegralSalut,,crawl_only,,,
/ru/%d0%ba%d0%b0%d1%82%d0%b5%d0%b3%d0%be%d1%80%d0%b8%d1%8f/%d0%bd%d0%b5-%d0%ba%d0%b0%d1%82%d0%b5%d0%b3%d0%be%d1%80%d0%b8%d0%b7%d0%b8%d1%80%d0%be%d0%b2%d0%b0%d0%bd%d0%bd%d1%8b%d0%b9/,301,/ru/%d0%b1%d0%bb%d0%be%d0%b3/,301,Файлы без категории - MedicsIntegralSalut,,crawl_only,,,sistema traducido (taxonomía/autor/paginación) → regla E-bis
/ru/%d1%82%d0%b5%d0%b3/%d1%83%d0%b2%d0%b5%d0%bb%d0%b8%d1%87%d0%b8%d1%82%d1%8c-%d1%8f%d0%bc%d1%83/,mantener,/ru/%d1%82%d0%b5%d0%b3/%d1%83%d0%b2%d0%b5%d0%bb%d0%b8%d1%87%d0%b8%d1%82%d1%8c-%d1%8f%d0%bc%d1%83/,200,augment de pit archivos - MedicsIntegralSalut,,crawl_only,,,
/ru/%d1%82%d0%b5%d0%b3/%d1%83%d0%b2%d0%b5%d0%bb%d0%b8%d1%87%d0%b5%d0%bd%d0%b8%d0%b5-%d0%b3%d1%80%d1%83%d0%b4%d0%b8/,mantener,/ru/%d1%82%d0%b5%d0%b3/%d1%83%d0%b2%d0%b5%d0%bb%d0%b8%d1%87%d0%b5%d0%bd%d0%b8%d0%b5-%d0%b3%d1%80%d1%83%d0%b4%d0%b8/,200,aumento de pecho archivos - MedicsIntegralSalut,,crawl_only,,,
/ru/%d1%82%d0%b5%d0%b3/%d0%ba%d1%80%d0%b0%d1%81%d0%be%d1%82%d0%b0-2/,mantener,/ru/%d1%82%d0%b5%d0%b3/%d0%ba%d1%80%d0%b0%d1%81%d0%be%d1%82%d0%b0-2/,200,bellesa archivos - MedicsIntegralSalut,,crawl_only,,,
/ru/%d1%82%d0%b5%d0%b3/%d0%ba%d1%80%d0%b0%d1%81%d0%be%d1%82%d0%b0/,mantener,/ru/%d1%82%d0%b5%d0%b3/%d0%ba%d1%80%d0%b0%d1%81%d0%be%d1%82%d0%b0/,200,Belleza Archivos - MedicsIntegralSalut,,crawl_only,,,
/ru/%d1%82%d0%b5%d0%b3/%d0%b1%d0%b0%d1%80%d0%b8%d0%b0%d1%82%d1%80%d0%b8%d1%87%d0%b5%d1%81%d0%ba%d0%b0%d1%8f-%d1%85%d0%b8%d1%80%d1%83%d1%80%d0%b3%d0%b8%d1%8f/,mantener,/ru/%d1%82%d0%b5%d0%b3/%d0%b1%d0%b0%d1%80%d0%b8%d0%b0%d1%82%d1%80%d0%b8%d1%87%d0%b5%d1%81%d0%ba%d0%b0%d1%8f-%d1%85%d0%b8%d1%80%d1%83%d1%80%d0%b3%d0%b8%d1%8f/,200,cirurgia bariàtrica archivos - MedicsIntegralSalut,,crawl_only,,,
/ru/%d1%82%d0%b5%d0%b3/%d1%81%d1%80%d0%b5%d0%b4%d1%81%d1%82%d0%b2%d0%b0-%d0%b4%d0%bb%d1%8f-%d0%ba%d0%be%d0%b6%d0%b8/,mantener,/ru/%d1%82%d0%b5%d0%b3/%d1%81%d1%80%d0%b5%d0%b4%d1%81%d1%82%d0%b2%d0%b0-%d0%b4%d0%bb%d1%8f-%d0%ba%d0%be%d0%b6%d0%b8/,200,лечение кожи файлы - MedicsIntegralSalut,,crawl_only,,,
/ru/%d1%82%d0%b5%d0%b3/estetica-ca/,mantener,/ru/%d1%82%d0%b5%d0%b3/estetica-ca/,200,estètica archivos - MedicsIntegralSalut,,crawl_only,,,
/ru/%d1%82%d0%b5%d0%b3/%d1%8d%d1%81%d1%82%d0%b5%d1%82%d0%b8%d0%ba%d0%b0/,mantener,/ru/%d1%82%d0%b5%d0%b3/%d1%8d%d1%81%d1%82%d0%b5%d1%82%d0%b8%d0%ba%d0%b0/,200,эстетика файлы - MedicsIntegralSalut,,crawl_only,,,
/ru/%d1%82%d0%b5%d0%b3/%d0%be%d1%86%d0%b5%d0%bd%d0%ba%d0%b0/,mantener,/ru/%d1%82%d0%b5%d0%b3/%d0%be%d1%86%d0%b5%d0%bd%d0%ba%d0%b0/,200,оценка файлов - MedicsIntegralSalut,,crawl_only,,,
/ru/%d1%82%d0%b5%d0%b3/%d0%b4%d1%80%d1%8f%d0%b1%d0%bb%d0%be%d1%81%d1%82%d1%8c/,mantener,/ru/%d1%82%d0%b5%d0%b3/%d0%b4%d1%80%d1%8f%d0%b1%d0%bb%d0%be%d1%81%d1%82%d1%8c/,200,фласидес файлы - MedicsIntegralSalut,,crawl_only,,,
/ru/%d1%82%d0%b5%d0%b3/%d0%b3%d0%bb%d1%8e%d1%82%d0%b8%d1%81/,mantener,/ru/%d1%82%d0%b5%d0%b3/%d0%b3%d0%bb%d1%8e%d1%82%d0%b8%d1%81/,200,glutis archivos - MedicsIntegralSalut,,crawl_only,,,
/ru/%d1%82%d0%b5%d0%b3/%d0%b3%d1%80%d0%b5%d0%b9%d0%ba%d1%81/,mantener,/ru/%d1%82%d0%b5%d0%b3/%d0%b3%d1%80%d0%b5%d0%b9%d0%ba%d1%81/,200,greix файлы - MedicsIntegralSalut,,crawl_only,,,
/ru/%d1%82%d0%b5%d0%b3/%d0%b8%d0%bc%d0%bf%d0%bb%d0%b0%d0%bd%d1%82%d0%b0%d1%82%d1%8b-%d0%bc%d0%be%d0%bb%d0%be%d1%87%d0%bd%d0%be%d0%b9-%d0%b6%d0%b5%d0%bb%d0%b5%d0%b7%d1%8b/,mantener,/ru/%d1%82%d0%b5%d0%b3/%d0%b8%d0%bc%d0%bf%d0%bb%d0%b0%d0%bd%d1%82%d0%b0%d1%82%d1%8b-%d0%bc%d0%be%d0%bb%d0%be%d1%87%d0%bd%d0%be%d0%b9-%d0%b6%d0%b5%d0%bb%d0%b5%d0%b7%d1%8b/,200,implantes mamarios archivos - MedicsIntegralSalut,,crawl_only,,,
/ru/%d1%82%d0%b5%d0%b3/%d0%bb%d0%b8%d1%84%d1%82%d0%b8%d0%bd%d0%b3-%d0%ba%d0%b0/,mantener,/ru/%d1%82%d0%b5%d0%b3/%d0%bb%d0%b8%d1%84%d1%82%d0%b8%d0%bd%d0%b3-%d0%ba%d0%b0/,200,подъем архивов - MedicsIntegralSalut,,crawl_only,,,
/ru/%d1%82%d0%b5%d0%b3/%d0%bb%d0%b8%d0%bf%d0%be%d1%84%d0%b8%d0%bb%d0%b8%d0%bd%d0%b3-%d1%80%d0%b0%d0%ba/,mantener,/ru/%d1%82%d0%b5%d0%b3/%d0%bb%d0%b8%d0%bf%d0%be%d1%84%d0%b8%d0%bb%d0%b8%d0%bd%d0%b3-%d1%80%d0%b0%d0%ba/,200,липофилинг архивы - MedicsIntegralSalut,,crawl_only,,,
/ru/%d1%82%d0%b5%d0%b3/%d0%bb%d0%b8%d0%bf%d0%be%d1%81%d0%b0%d0%ba%d1%86%d0%b8%d1%8f-2/,mantener,/ru/%d1%82%d0%b5%d0%b3/%d0%bb%d0%b8%d0%bf%d0%be%d1%81%d0%b0%d0%ba%d1%86%d0%b8%d1%8f-2/,200,липосакция файлы - MedicsIntegralSalut,,crawl_only,,,
/ru/%d1%82%d0%b5%d0%b3/%d0%bb%d0%b8%d0%bf%d0%be%d1%81%d0%b0%d0%ba%d1%86%d0%b8%d1%8f-vaser/,mantener,/ru/%d1%82%d0%b5%d0%b3/%d0%bb%d0%b8%d0%bf%d0%be%d1%81%d0%b0%d0%ba%d1%86%d0%b8%d1%8f-vaser/,200,липосакция вазер файлы - MedicsIntegralSalut,,crawl_only,,,
/ru/%d1%82%d0%b5%d0%b3/%d0%bb%d0%b8%d0%bf%d0%be%d0%b2%d0%b0%d1%81%d0%b5%d1%80/,mantener,/ru/%d1%82%d0%b5%d0%b3/%d0%bb%d0%b8%d0%bf%d0%be%d0%b2%d0%b0%d1%81%d0%b5%d1%80/,200,липосер архивос - MedicsIntegralSalut,,crawl_only,,,
/ru/%d1%82%d0%b5%d0%b3/%d1%81%d0%ba%d0%bb%d0%be%d0%bd%d0%bd%d1%8b%d0%b5-%d0%ba-%d1%82%d1%83%d0%b1%d0%b5%d1%80%d0%be%d0%b7%d0%bd%d0%be%d1%81%d1%82%d0%b8-%d0%bc%d0%be%d0%bb%d0%be%d1%87%d0%bd%d1%8b%d0%b5-%d0%b6%d0%b5%d0%bb/,mantener,/ru/%d1%82%d0%b5%d0%b3/%d1%81%d0%ba%d0%bb%d0%be%d0%bd%d0%bd%d1%8b%d0%b5-%d0%ba-%d1%82%d1%83%d0%b1%d0%b5%d1%80%d0%be%d0%b7%d0%bd%d0%be%d1%81%d1%82%d0%b8-%d0%bc%d0%be%d0%bb%d0%be%d1%87%d0%bd%d1%8b%d0%b5-%d0%b6%d0%b5%d0%bb/,200,мамині туберозні архіви - MedicsIntegralSalut,,crawl_only,,,
/ru/%d1%82%d0%b5%d0%b3/%d0%bd%d0%b0%d0%b7%d0%b2%d0%b0%d0%bd%d0%b8%d1%8f-%d1%82%d1%83%d0%b1%d0%b5%d1%80%d0%be%d0%b7/,mantener,/ru/%d1%82%d0%b5%d0%b3/%d0%bd%d0%b0%d0%b7%d0%b2%d0%b0%d0%bd%d0%b8%d1%8f-%d1%82%d1%83%d0%b1%d0%b5%d1%80%d0%be%d0%b7/,200,мамэ туберозес арчивос - MedicsIntegralSalut,,crawl_only,,,
/ru/%d1%82%d0%b5%d0%b3/mida-de-protesi/,mantener,/ru/%d1%82%d0%b5%d0%b3/mida-de-protesi/,200,mida de pròtesi archivos - MedicsIntegralSalut,,crawl_only,,,
/ru/%d1%82%d0%b5%d0%b3/%d0%bc%d1%83%d0%bd%d0%b4%d0%b6%d0%b0%d1%80%d0%be/,mantener,/ru/%d1%82%d0%b5%d0%b3/%d0%bc%d1%83%d0%bd%d0%b4%d0%b6%d0%b0%d1%80%d0%be/,200,mounjaro файлы - MedicsIntegralSalut,,crawl_only,,,
/ru/%d1%82%d0%b5%d0%b3/%d0%be%d0%b6%d0%b8%d1%80%d0%b5%d0%bd%d0%b8%d0%b5-2/,mantener,/ru/%d1%82%d0%b5%d0%b3/%d0%be%d0%b6%d0%b8%d1%80%d0%b5%d0%bd%d0%b8%d0%b5-2/,200,obesidad archivos - MedicsIntegralSalut,,crawl_only,,,
/ru/%d1%82%d0%b5%d0%b3/%d0%be%d0%b6%d0%b8%d1%80%d0%b5%d0%bd%d0%b8%d0%b5/,mantener,/ru/%d1%82%d0%b5%d0%b3/%d0%be%d0%b6%d0%b8%d1%80%d0%b5%d0%bd%d0%b8%d0%b5/,200,обезжирить файлы - MedicsIntegralSalut,,crawl_only,,,
/ru/%d1%82%d0%b5%d0%b3/%d0%be%d0%b7%d0%b5%d0%bc%d0%bf%d0%b8%d0%ba/,mantener,/ru/%d1%82%d0%b5%d0%b3/%d0%be%d0%b7%d0%b5%d0%bc%d0%bf%d0%b8%d0%ba/,200,ozempic archivos - MedicsIntegralSalut,,crawl_only,,,
/ru/%d1%82%d0%b5%d0%b3/%d0%bf%d0%b5%d0%bb%d0%bb/,mantener,/ru/%d1%82%d0%b5%d0%b3/%d0%bf%d0%b5%d0%bb%d0%bb/,200,пелл архивос - MedicsIntegralSalut,,crawl_only,,,
/ru/%d1%82%d0%b5%d0%b3/%d0%ba%d0%be%d0%b6%d0%b0/,mantener,/ru/%d1%82%d0%b5%d0%b3/%d0%ba%d0%be%d0%b6%d0%b0/,200,piel archivos - MedicsIntegralSalut,,crawl_only,,,
/ru/%d1%82%d0%b5%d0%b3/%d0%bf%d0%be%d1%81%d0%bb%d0%b5%d0%be%d0%bf%d0%b5%d1%80%d0%b0%d1%86%d0%b8%d0%be%d0%bd%d0%bd%d1%8b%d0%b9-%d0%bf%d0%b5%d1%80%d0%b8%d0%be%d0%b4-%d1%80%d0%b8%d0%bd%d0%be%d0%bf%d0%bb%d0%b0%d1%81%d1%82%d0%b8/,mantener,/ru/%d1%82%d0%b5%d0%b3/%d0%bf%d0%be%d1%81%d0%bb%d0%b5%d0%be%d0%bf%d0%b5%d1%80%d0%b0%d1%86%d0%b8%d0%be%d0%bd%d0%bd%d1%8b%d0%b9-%d0%bf%d0%b5%d1%80%d0%b8%d0%be%d0%b4-%d1%80%d0%b8%d0%bd%d0%be%d0%bf%d0%bb%d0%b0%d1%81%d1%82%d0%b8/,200,Послеоперационная ринопластика архивы - MedicsIntegralSalut,,crawl_only,,,
/ru/%d1%82%d0%b5%d0%b3/%d1%8d%d1%80%d0%b3%d0%be%d0%bd%d0%be%d0%bc%d0%b8%d1%87%d0%bd%d1%8b%d0%b5-%d0%bf%d1%80%d0%be%d1%82%d0%b5%d0%b7%d1%8b/,mantener,/ru/%d1%82%d0%b5%d0%b3/%d1%8d%d1%80%d0%b3%d0%be%d0%bd%d0%be%d0%bc%d0%b8%d1%87%d0%bd%d1%8b%d0%b5-%d0%bf%d1%80%d0%be%d1%82%d0%b5%d0%b7%d1%8b/,200,ЭРГОНОМИЧНЫЕ ПРОТЕЗЫ файлы - MedicsIntegralSalut,,crawl_only,,,
/ru/%d1%82%d0%b5%d0%b3/%d0%ba%d1%80%d1%83%d0%b3%d0%bb%d1%8b%d0%b5-%d0%bf%d1%80%d0%be%d1%82%d0%b5%d0%b7%d1%8b-%d0%bf%d1%80%d0%be%d1%82%d0%b8%d0%b2-%d1%8d%d1%80%d0%b3%d0%be%d0%bd%d0%be%d0%bc%d0%b8%d1%87%d0%bd%d1%8b%d1%85/,mantener,/ru/%d1%82%d0%b5%d0%b3/%d0%ba%d1%80%d1%83%d0%b3%d0%bb%d1%8b%d0%b5-%d0%bf%d1%80%d0%be%d1%82%d0%b5%d0%b7%d1%8b-%d0%bf%d1%80%d0%be%d1%82%d0%b8%d0%b2-%d1%8d%d1%80%d0%b3%d0%be%d0%bd%d0%be%d0%bc%d0%b8%d1%87%d0%bd%d1%8b%d1%85/,200,Круглые протезы против эргономичных протезов - Файлы - MedicsIntegralSalut,,crawl_only,,,
/ru/%d1%82%d0%b5%d0%b3/%d1%80%d0%b0%d0%b4%d0%b8%d0%be%d1%87%d0%b0%d1%81%d1%82%d0%be%d1%82%d0%b0/,mantener,/ru/%d1%82%d0%b5%d0%b3/%d1%80%d0%b0%d0%b4%d0%b8%d0%be%d1%87%d0%b0%d1%81%d1%82%d0%be%d1%82%d0%b0/,200,радиочастота файлы - MedicsIntegralSalut,,crawl_only,,,
/ru/%d1%82%d0%b5%d0%b3/%d1%80%d0%b5%d0%b4%d1%83%d0%ba%d1%86%d0%b8%d1%8f-%d0%b3%d1%80%d1%83%d0%b4%d0%b8/,mantener,/ru/%d1%82%d0%b5%d0%b3/%d1%80%d0%b5%d0%b4%d1%83%d0%ba%d1%86%d0%b8%d1%8f-%d0%b3%d1%80%d1%83%d0%b4%d0%b8/,200,Reducción de pecho archivos - MedicsIntegralSalut,,crawl_only,,,
/ru/%d1%82%d0%b5%d0%b3/%d1%80%d0%b5%d0%b7%d1%83%d0%bb%d1%8c%d1%82%d0%b0%d1%82%d1%8b/,mantener,/ru/%d1%82%d0%b5%d0%b3/%d1%80%d0%b5%d0%b7%d1%83%d0%bb%d1%8c%d1%82%d0%b0%d1%82%d1%8b/,200,результаты архивы - MedicsIntegralSalut,,crawl_only,,,
/ru/%d1%82%d0%b5%d0%b3/%d0%be%d1%80%d0%be%d1%81%d1%82%d1%80%d0%b5/,mantener,/ru/%d1%82%d0%b5%d0%b3/%d0%be%d1%80%d0%be%d1%81%d1%82%d1%80%d0%b5/,200,rostros archivos - MedicsIntegralSalut,,crawl_only,,,
/ru/%d1%82%d0%b5%d0%b3/%d1%82%d1%80%d0%b0%d0%ba%d1%82%d0%b0%d0%bc%d0%b5%d0%bd%d1%82%d1%8b/,mantener,/ru/%d1%82%d0%b5%d0%b3/%d1%82%d1%80%d0%b0%d0%ba%d1%82%d0%b0%d0%bc%d0%b5%d0%bd%d1%82%d1%8b/,200,tractaments archivos - MedicsIntegralSalut,,crawl_only,,,
/ru/%d1%82%d0%b5%d0%b3/tecniques/,mantener,/ru/%d1%82%d0%b5%d0%b3/tecniques/,200,tècniques archivos - MedicsIntegralSalut,,crawl_only,,,
/ru/%d1%82%d0%b5%d0%b3/%d1%85%d0%b8%d1%80%d1%83%d1%80%d0%b3%d0%b8%d1%87%d0%b5%d1%81%d0%ba%d0%b0%d1%8f-%d1%82%d0%b5%d1%85%d0%bd%d0%b8%d0%ba%d0%b0/,mantener,/ru/%d1%82%d0%b5%d0%b3/%d1%85%d0%b8%d1%80%d1%83%d1%80%d0%b3%d0%b8%d1%87%d0%b5%d1%81%d0%ba%d0%b0%d1%8f-%d1%82%d0%b5%d1%85%d0%bd%d0%b8%d0%ba%d0%b0/,200,архивы хирургической техники - MedicsIntegralSalut,,crawl_only,,,
/ru/%d1%82%d0%b5%d0%b3/tecnicas/,mantener,/ru/%d1%82%d0%b5%d0%b3/tecnicas/,200,técnicas archivos - MedicsIntegralSalut,,crawl_only,,,
/ru/%d1%82%d0%b5%d0%b3/%d1%83%d0%bb%d0%bb%d1%81/,mantener,/ru/%d1%82%d0%b5%d0%b3/%d1%83%d0%bb%d0%bb%d1%81/,200,ulls archivos - MedicsIntegralSalut,,crawl_only,,,
/ru/%d1%82%d0%b5%d0%b3/vida-saludable-ca/,mantener,/ru/%d1%82%d0%b5%d0%b3/vida-saludable-ca/,200,здоровый образ жизни архивы - MedicsIntegralSalut,,crawl_only,,,
/uk/author/infomedicstetics/,301,/uk/%d0%b1%d0%bb%d0%be%d0%b3/,301,"Клініка «Medics Integral Salut», автор у MedicsIntegralSalut",,crawl_only,,,sistema traducido (taxonomía/autor/paginación) → regla E-bis
/uk/%d1%82%d0%b5%d0%b3/%d1%85%d1%96%d1%80%d1%83%d1%80%d0%b3%d1%96%d1%87%d0%bd%d0%b0-%d1%82%d0%b5%d1%85%d0%bd%d1%96%d0%ba%d0%b0-ca/,mantener,/uk/%d1%82%d0%b5%d0%b3/%d1%85%d1%96%d1%80%d1%83%d1%80%d0%b3%d1%96%d1%87%d0%bd%d0%b0-%d1%82%d0%b5%d1%85%d0%bd%d1%96%d0%ba%d0%b0-ca/,200,архів хірургічних методів — MedicsIntegralSalut,,crawl_only,,,
/uk/%d0%ba%d0%b0%d1%82%d0%b5%d0%b3%d0%be%d1%80%d1%96%d1%8f/%d0%b1%d0%b5%d0%b7-%d0%ba%d0%b0%d1%82%d0%b5%d0%b3%d0%be%d1%80%d1%96%d1%97/,301,/uk/%d0%b1%d0%bb%d0%be%d0%b3/,301,Файли без категорії — MedicsIntegralSalut,,crawl_only,,,sistema traducido (taxonomía/autor/paginación) → regla E-bis
/uk/%d1%82%d0%b5%d0%b3/%d0%b7%d0%b1%d1%96%d0%bb%d1%8c%d1%88%d0%b5%d0%bd%d0%bd%d1%8f-%d0%bf%d1%96%d1%82%d1%83/,mantener,/uk/%d1%82%d0%b5%d0%b3/%d0%b7%d0%b1%d1%96%d0%bb%d1%8c%d1%88%d0%b5%d0%bd%d0%bd%d1%8f-%d0%bf%d1%96%d1%82%d1%83/,200,збільшення розміру файлів pit — MedicsIntegralSalut,,crawl_only,,,
/uk/%d1%82%d0%b5%d0%b3/%d0%b7%d0%b1%d1%96%d0%bb%d1%8c%d1%88%d0%b5%d0%bd%d0%bd%d1%8f-%d0%b3%d1%80%d1%83%d0%b4%d0%b5%d0%b9/,mantener,/uk/%d1%82%d0%b5%d0%b3/%d0%b7%d0%b1%d1%96%d0%bb%d1%8c%d1%88%d0%b5%d0%bd%d0%bd%d1%8f-%d0%b3%d1%80%d1%83%d0%b4%d0%b5%d0%b9/,200,архів «збільшення грудей» — MedicsIntegralSalut,,crawl_only,,,
/uk/%d1%82%d0%b5%d0%b3/%d0%ba%d1%80%d0%b0%d1%81%d0%b0/,mantener,/uk/%d1%82%d0%b5%d0%b3/%d0%ba%d1%80%d0%b0%d1%81%d0%b0/,200,архів «bellesa» — MedicsIntegralSalut,,crawl_only,,,
/uk/%d1%82%d0%b5%d0%b3/%d0%ba%d1%80%d0%b0%d1%81%d0%b0-2/,mantener,/uk/%d1%82%d0%b5%d0%b3/%d0%ba%d1%80%d0%b0%d1%81%d0%b0-2/,200,belleza archivos - MedicsIntegralSalut,,crawl_only,,,
/uk/%d1%82%d0%b5%d0%b3/%d0%b1%d0%b0%d1%80%d1%96%d0%b0%d1%82%d1%80%d0%b8%d1%87%d0%bd%d0%b0-%d1%85%d1%96%d1%80%d1%83%d1%80%d0%b3%d1%96%d1%8f/,mantener,/uk/%d1%82%d0%b5%d0%b3/%d0%b1%d0%b0%d1%80%d1%96%d0%b0%d1%82%d1%80%d0%b8%d1%87%d0%bd%d0%b0-%d1%85%d1%96%d1%80%d1%83%d1%80%d0%b3%d1%96%d1%8f/,200,cirurgia bariàtrica archivos - MedicsIntegralSalut,,crawl_only,,,
/uk/%d1%82%d0%b5%d0%b3/%d0%b7%d0%b0%d1%81%d0%be%d0%b1%d0%b8-%d0%b4%d0%bb%d1%8f-%d0%b4%d0%be%d0%b3%d0%bb%d1%8f%d0%b4%d1%83-%d0%b7%d0%b0-%d1%88%d0%ba%d1%96%d1%80%d0%be%d1%8e/,mantener,/uk/%d1%82%d0%b5%d0%b3/%d0%b7%d0%b0%d1%81%d0%be%d0%b1%d0%b8-%d0%b4%d0%bb%d1%8f-%d0%b4%d0%be%d0%b3%d0%bb%d1%8f%d0%b4%d1%83-%d0%b7%d0%b0-%d1%88%d0%ba%d1%96%d1%80%d0%be%d1%8e/,200,архів «Засоби для догляду за шкірою» — MedicsIntegralSalut,,crawl_only,,,
/uk/%d1%82%d0%b5%d0%b3/%d0%b5%d1%81%d1%82%d0%b5%d1%82%d0%b8%d0%ba%d0%b0-ca/,mantener,/uk/%d1%82%d0%b5%d0%b3/%d0%b5%d1%81%d1%82%d0%b5%d1%82%d0%b8%d0%ba%d0%b0-ca/,200,архіви з естетики - MedicsIntegralSalut,,crawl_only,,,
/uk/%d1%82%d0%b5%d0%b3/%d0%b5%d1%81%d1%82%d0%b5%d1%82%d0%b8%d0%ba%d0%b0/,mantener,/uk/%d1%82%d0%b5%d0%b3/%d0%b5%d1%81%d1%82%d0%b5%d1%82%d0%b8%d0%ba%d0%b0/,200,архів «Естетика» — MedicsIntegralSalut,,crawl_only,,,
/uk/%d1%82%d0%b5%d0%b3/%d0%be%d1%86%d1%96%d0%bd%d0%ba%d0%b0-2/,mantener,/uk/%d1%82%d0%b5%d0%b3/%d0%be%d1%86%d1%96%d0%bd%d0%ba%d0%b0-2/,200,оцінка файлів - MedicsIntegralSalut,,crawl_only,,,
/uk/%d1%82%d0%b5%d0%b3/%d0%b2%d1%8f%d0%bb%d1%96%d1%81%d1%82%d1%8c/,mantener,/uk/%d1%82%d0%b5%d0%b3/%d0%b2%d1%8f%d0%bb%d1%96%d1%81%d1%82%d1%8c/,200,архіви «в'ялість» — MedicsIntegralSalut,,crawl_only,,,
/uk/%d1%82%d0%b5%d0%b3/%d1%81%d1%96%d0%b4%d0%bd%d0%b8%d1%87%d0%bd%d1%96-%d0%bc%d1%8f%d0%b7%d0%b8/,mantener,/uk/%d1%82%d0%b5%d0%b3/%d1%81%d1%96%d0%b4%d0%bd%d0%b8%d1%87%d0%bd%d1%96-%d0%bc%d1%8f%d0%b7%d0%b8/,200,glutis archivos - MedicsIntegralSalut,,crawl_only,,,
/uk/%d1%82%d0%b5%d0%b3/%d0%b3%d1%80%d0%b5%d0%b9%d0%ba%d1%81/,mantener,/uk/%d1%82%d0%b5%d0%b3/%d0%b3%d1%80%d0%b5%d0%b9%d0%ba%d1%81/,200,архів greix — MedicsIntegralSalut,,crawl_only,,,
/uk/%d1%82%d0%b5%d0%b3/%d0%b3%d1%80%d1%83%d0%b4%d0%bd%d1%96-%d1%96%d0%bc%d0%bf%d0%bb%d0%b0%d0%bd%d1%82%d0%b0%d1%82%d0%b8/,mantener,/uk/%d1%82%d0%b5%d0%b3/%d0%b3%d1%80%d1%83%d0%b4%d0%bd%d1%96-%d1%96%d0%bc%d0%bf%d0%bb%d0%b0%d0%bd%d1%82%d0%b0%d1%82%d0%b8/,200,архів імплантатів грудей — MedicsIntegralSalut,,crawl_only,,,
/uk/%d1%82%d0%b5%d0%b3/%d0%bb%d1%96%d1%84%d1%82%d0%b8%d0%bd%d0%b3-%d0%ba%d0%b0/,mantener,/uk/%d1%82%d0%b5%d0%b3/%d0%bb%d1%96%d1%84%d1%82%d0%b8%d0%bd%d0%b3-%d0%ba%d0%b0/,200,пошук файлів - MedicsIntegralSalut,,crawl_only,,,
/uk/%d1%82%d0%b5%d0%b3/%d0%bb%d1%96%d0%bf%d0%be%d1%84%d1%96%d0%bb%d1%96%d0%bd%d0%b3-ca/,mantener,/uk/%d1%82%d0%b5%d0%b3/%d0%bb%d1%96%d0%bf%d0%be%d1%84%d1%96%d0%bb%d1%96%d0%bd%d0%b3-ca/,200,Архів «ліпофілінг» — MedicsIntegralSalut,,crawl_only,,,
/uk/%d1%82%d0%b5%d0%b3/%d0%bb%d1%96%d0%bf%d0%be%d1%81%d0%b0%d0%ba%d1%86%d1%96%d1%8f-2/,mantener,/uk/%d1%82%d0%b5%d0%b3/%d0%bb%d1%96%d0%bf%d0%be%d1%81%d0%b0%d0%ba%d1%86%d1%96%d1%8f-2/,200,Архів «ліпосакція» — MedicsIntegralSalut,,crawl_only,,,
/uk/%d1%82%d0%b5%d0%b3/%d0%bb%d1%96%d0%bf%d0%be%d1%81%d0%b0%d0%ba%d1%86%d1%96%d1%8f-%d0%bc%d0%b5%d1%82%d0%be%d0%b4%d0%be%d0%bc-vaser-2/,mantener,/uk/%d1%82%d0%b5%d0%b3/%d0%bb%d1%96%d0%bf%d0%be%d1%81%d0%b0%d0%ba%d1%86%d1%96%d1%8f-%d0%bc%d0%b5%d1%82%d0%be%d0%b4%d0%be%d0%bc-vaser-2/,200,архів «ліпосакція Vaser» — MedicsIntegralSalut,,crawl_only,,,
/uk/%d1%82%d0%b5%d0%b3/%d0%bb%d1%96%d0%bf%d0%be%d0%b2%d0%b0%d0%b7%d0%b5%d1%80/,mantener,/uk/%d1%82%d0%b5%d0%b3/%d0%bb%d1%96%d0%bf%d0%be%d0%b2%d0%b0%d0%b7%d0%b5%d1%80/,200,архіви lipovaser — MedicsIntegralSalut,,crawl_only,,,
/uk/%d1%82%d0%b5%d0%b3/%d0%b1%d1%83%d0%bb%d1%8c%d0%b1%d0%be%d0%bf%d0%be%d0%b4%d1%96%d0%b1%d0%bd%d1%96-%d0%b3%d1%80%d1%83%d0%b4%d0%b8/,mantener,/uk/%d1%82%d0%b5%d0%b3/%d0%b1%d1%83%d0%bb%d1%8c%d0%b1%d0%be%d0%bf%d0%be%d0%b4%d1%96%d0%b1%d0%bd%d1%96-%d0%b3%d1%80%d1%83%d0%b4%d0%b8/,200,архів «бульбоподібні груди» — MedicsIntegralSalut,,crawl_only,,,
/uk/%d1%82%d0%b5%d0%b3/%d0%b1%d1%83%d0%bb%d1%8c%d0%b1%d0%be%d0%b2%d1%96-%d0%bc%d0%b0%d0%bc%d0%b8/,mantener,/uk/%d1%82%d0%b5%d0%b3/%d0%b1%d1%83%d0%bb%d1%8c%d0%b1%d0%be%d0%b2%d1%96-%d0%bc%d0%b0%d0%bc%d0%b8/,200,архів «mames tuberoses» — MedicsIntegralSalut,,crawl_only,,,
/uk/%d1%82%d0%b5%d0%b3/%d1%80%d0%be%d0%b7%d0%bc%d1%96%d1%80-%d0%bf%d1%80%d0%be%d1%82%d0%b5%d0%b7%d0%b0-2/,mantener,/uk/%d1%82%d0%b5%d0%b3/%d1%80%d0%be%d0%b7%d0%bc%d1%96%d1%80-%d0%bf%d1%80%d0%be%d1%82%d0%b5%d0%b7%d0%b0-2/,200,розмір протезів — MedicsIntegralSalut,,crawl_only,,,
/uk/%d1%82%d0%b5%d0%b3/mounjaro/,mantener,/uk/%d1%82%d0%b5%d0%b3/mounjaro/,200,архіви mounjaro — MedicsIntegralSalut,,crawl_only,,,
/uk/%d1%82%d0%b5%d0%b3/%d0%be%d0%b6%d0%b8%d1%80%d1%96%d0%bd%d0%bd%d1%8f/,mantener,/uk/%d1%82%d0%b5%d0%b3/%d0%be%d0%b6%d0%b8%d1%80%d1%96%d0%bd%d0%bd%d1%8f/,200,архів «ожиріння» — MedicsIntegralSalut,,crawl_only,,,
/uk/%d1%82%d0%b5%d0%b3/%d0%be%d0%b6%d0%b8%d1%80%d1%96%d0%bd%d0%bd%d1%8f-2/,mantener,/uk/%d1%82%d0%b5%d0%b3/%d0%be%d0%b6%d0%b8%d1%80%d1%96%d0%bd%d0%bd%d1%8f-2/,200,obesitat archivos - MedicsIntegralSalut,,crawl_only,,,
/uk/%d1%82%d0%b5%d0%b3/%d0%be%d0%b7%d0%b5%d0%bc%d0%bf%d1%96%d0%ba/,mantener,/uk/%d1%82%d0%b5%d0%b3/%d0%be%d0%b7%d0%b5%d0%bc%d0%bf%d1%96%d0%ba/,200,файли Ozempic — MedicsIntegralSalut,,crawl_only,,,
/uk/%d1%82%d0%b5%d0%b3/pell/,mantener,/uk/%d1%82%d0%b5%d0%b3/pell/,200,файли pell - MedicsIntegralSalut,,crawl_only,,,
/uk/%d1%82%d0%b5%d0%b3/%d1%88%d0%ba%d1%96%d1%80%d0%b0/,mantener,/uk/%d1%82%d0%b5%d0%b3/%d1%88%d0%ba%d1%96%d1%80%d0%b0/,200,файли про шкіру - MedicsIntegralSalut,,crawl_only,,,
/uk/%d1%82%d0%b5%d0%b3/%d0%bf%d1%96%d1%81%d0%bb%d1%8f%d0%be%d0%bf%d0%b5%d1%80%d0%b0%d1%86%d1%96%d0%b9%d0%bd%d0%b8%d0%b9-%d0%bf%d0%b5%d1%80%d1%96%d0%be%d0%b4-%d0%bf%d1%96%d1%81%d0%bb%d1%8f-%d1%80%d0%b8%d0%bd%d0%be%d0%bf/,mantener,/uk/%d1%82%d0%b5%d0%b3/%d0%bf%d1%96%d1%81%d0%bb%d1%8f%d0%be%d0%bf%d0%b5%d1%80%d0%b0%d1%86%d1%96%d0%b9%d0%bd%d0%b8%d0%b9-%d0%bf%d0%b5%d1%80%d1%96%d0%be%d0%b4-%d0%bf%d1%96%d1%81%d0%bb%d1%8f-%d1%80%d0%b8%d0%bd%d0%be%d0%bf/,200,postoperatorio rinoplastia archivos - MedicsIntegralSalut,,crawl_only,,,
/uk/%d1%82%d0%b5%d0%b3/%d0%b5%d1%80%d0%b3%d0%be%d0%bd%d0%be%d0%bc%d1%96%d1%87%d0%bd%d1%96-%d0%bf%d1%80%d0%be%d1%82%d0%b5%d0%b7%d0%b8/,mantener,/uk/%d1%82%d0%b5%d0%b3/%d0%b5%d1%80%d0%b3%d0%be%d0%bd%d0%be%d0%bc%d1%96%d1%87%d0%bd%d1%96-%d0%bf%d1%80%d0%be%d1%82%d0%b5%d0%b7%d0%b8/,200,Архіви «Ергономічні протези» — MedicsIntegralSalut,,crawl_only,,,
/uk/%d1%82%d0%b5%d0%b3/%d0%ba%d1%80%d1%83%d0%b3%d0%bb%d1%96-%d0%bf%d1%80%d0%be%d1%82%d0%b5%d0%b7%d0%b8-%d0%bf%d1%80%d0%be%d1%82%d0%b8-%d0%b5%d1%80%d0%b3%d0%be%d0%bd%d0%be%d0%bc%d1%96%d1%87%d0%bd%d0%b8%d1%85-%d0%bf%d1%80/,mantener,/uk/%d1%82%d0%b5%d0%b3/%d0%ba%d1%80%d1%83%d0%b3%d0%bb%d1%96-%d0%bf%d1%80%d0%be%d1%82%d0%b5%d0%b7%d0%b8-%d0%bf%d1%80%d0%be%d1%82%d0%b8-%d0%b5%d1%80%d0%b3%d0%be%d0%bd%d0%be%d0%bc%d1%96%d1%87%d0%bd%d0%b8%d1%85-%d0%bf%d1%80/,200,Круглі протези проти ергономічних протезів — архіви - MedicsIntegralSalut,,crawl_only,,,
/uk/%d1%82%d0%b5%d0%b3/%d1%80%d0%b0%d0%b4%d1%96%d0%be%d1%87%d0%b0%d1%81%d1%82%d0%be%d1%82%d0%b0/,mantener,/uk/%d1%82%d0%b5%d0%b3/%d1%80%d0%b0%d0%b4%d1%96%d0%be%d1%87%d0%b0%d1%81%d1%82%d0%be%d1%82%d0%b0/,200,radiofrecuencia archivos - MedicsIntegralSalut,,crawl_only,,,
/uk/%d1%82%d0%b5%d0%b3/%d0%b7%d0%bc%d0%b5%d0%bd%d1%88%d0%b5%d0%bd%d0%bd%d1%8f-%d0%b3%d1%80%d1%83%d0%b4%d0%b5%d0%b9/,mantener,/uk/%d1%82%d0%b5%d0%b3/%d0%b7%d0%bc%d0%b5%d0%bd%d1%88%d0%b5%d0%bd%d0%bd%d1%8f-%d0%b3%d1%80%d1%83%d0%b4%d0%b5%d0%b9/,200,Архів матеріалів щодо зменшення грудей — MedicsIntegralSalut,,crawl_only,,,
/uk/%d1%82%d0%b5%d0%b3/%d1%80%d0%b5%d0%b7%d1%83%d0%bb%d1%8c%d1%82%d0%b0%d1%82%d0%b8/,mantener,/uk/%d1%82%d0%b5%d0%b3/%d1%80%d0%b5%d0%b7%d1%83%d0%bb%d1%8c%d1%82%d0%b0%d1%82%d0%b8/,200,результати пошуку за архівами — MedicsIntegralSalut,,crawl_only,,,
/uk/%d1%82%d0%b5%d0%b3/%d1%80%d0%be%d1%81%d1%82%d1%80/,mantener,/uk/%d1%82%d0%b5%d0%b3/%d1%80%d0%be%d1%81%d1%82%d1%80/,200,переглянути файли - MedicsIntegralSalut,,crawl_only,,,
/uk/%d1%82%d0%b5%d0%b3/%d0%bf%d1%80%d0%be%d1%86%d0%b5%d0%b4%d1%83%d1%80%d0%b8/,mantener,/uk/%d1%82%d0%b5%d0%b3/%d0%bf%d1%80%d0%be%d1%86%d0%b5%d0%b4%d1%83%d1%80%d0%b8/,200,лікування архівів - MedicsIntegralSalut,,crawl_only,,,
/uk/%d1%82%d0%b5%d0%b3/%d1%82%d0%b5%d1%85%d0%bd%d1%96%d0%ba%d0%b8-2/,mantener,/uk/%d1%82%d0%b5%d0%b3/%d1%82%d0%b5%d1%85%d0%bd%d1%96%d0%ba%d0%b8-2/,200,техніки архівування — MedicsIntegralSalut,,crawl_only,,,
/uk/%d1%82%d0%b5%d0%b3/%d1%85%d1%96%d1%80%d1%83%d1%80%d0%b3%d1%96%d1%87%d0%bd%d0%b0-%d1%82%d0%b5%d1%85%d0%bd%d1%96%d0%ba%d0%b0/,mantener,/uk/%d1%82%d0%b5%d0%b3/%d1%85%d1%96%d1%80%d1%83%d1%80%d0%b3%d1%96%d1%87%d0%bd%d0%b0-%d1%82%d0%b5%d1%85%d0%bd%d1%96%d0%ba%d0%b0/,200,архів хірургічних методів — MedicsIntegralSalut,,crawl_only,,,
/uk/%d1%82%d0%b5%d0%b3/%d1%82%d0%b5%d1%85%d0%bd%d1%96%d0%ba%d0%b8/,mantener,/uk/%d1%82%d0%b5%d0%b3/%d1%82%d0%b5%d1%85%d0%bd%d1%96%d0%ba%d0%b8/,200,техніки роботи з файлами - MedicsIntegralSalut,,crawl_only,,,
/uk/%d1%82%d0%b5%d0%b3/ulls/,mantener,/uk/%d1%82%d0%b5%d0%b3/ulls/,200,усі файли - MedicsIntegralSalut,,crawl_only,,,
/uk/%d1%82%d0%b5%d0%b3/%d0%b7%d0%b4%d0%be%d1%80%d0%be%d0%b2%d0%b8%d0%b9-%d1%81%d0%bf%d0%be%d1%81%d1%96%d0%b1-%d0%b6%d0%b8%d1%82%d1%82%d1%8f-ca/,mantener,/uk/%d1%82%d0%b5%d0%b3/%d0%b7%d0%b4%d0%be%d1%80%d0%be%d0%b2%d0%b8%d0%b9-%d1%81%d0%bf%d0%be%d1%81%d1%96%d0%b1-%d0%b6%d0%b8%d1%82%d1%82%d1%8f-ca/,200,Архів «Здоровий спосіб життя» — MedicsIntegralSalut,,crawl_only,,,
/ca/author/infomedicstetics/,301,/ca/bloc/,301,"Clínica Medics Integral Salut, autor a MedicsIntegralSalut",,crawl_only,1,0,sistema traducido (taxonomía/autor/paginación) → regla E-bis
/ca/etiqueta/tecnica-quirurgica-ca/,301,/ca/bloc/,301,tècnica quirúrgica archivos - MedicsIntegralSalut,,crawl_only,,,sistema traducido (taxonomía/autor/paginación) → regla E-bis
/ca/categoria/sense-categoritzar/,301,/ca/bloc/,301,Arxius sense categoritzar - MedicsIntegralSalut,,crawl_only,,,sistema traducido (taxonomía/autor/paginación) → regla E-bis
/ca/etiqueta/augment-de-pit/,301,/ca/bloc/,301,Augment de pit arxius - MedicsIntegralSalut,,crawl_only,,,sistema traducido (taxonomía/autor/paginación) → regla E-bis
/ca/etiqueta/augmentacio-mamaria/,301,/ca/bloc/,301,aumento de pecho archivos - MedicsIntegralSalut,,crawl_only,,,sistema traducido (taxonomía/autor/paginación) → regla E-bis
/ca/etiqueta/bellesa/,301,/ca/bloc/,301,Bellesa Arxius - MedicsIntegralSalut,,crawl_only,,,sistema traducido (taxonomía/autor/paginación) → regla E-bis
/ca/etiqueta/cirurgia-bariatrica/,301,/ca/bloc/,301,cirurgia bariàtrica archivos - MedicsIntegralSalut,,crawl_only,,,sistema traducido (taxonomía/autor/paginación) → regla E-bis
/ca/etiqueta/cures-per-a-la-pell/,301,/ca/bloc/,301,cures per la pell archivos - MedicsIntegralSalut,,crawl_only,,,sistema traducido (taxonomía/autor/paginación) → regla E-bis
/ca/etiqueta/estetica-ca/,301,/ca/bloc/,301,estètica archivos - MedicsIntegralSalut,,crawl_only,,,sistema traducido (taxonomía/autor/paginación) → regla E-bis
/ca/etiqueta/estetica/,301,/ca/bloc/,301,estética archivos - MedicsIntegralSalut,,crawl_only,,,sistema traducido (taxonomía/autor/paginación) → regla E-bis
/ca/etiqueta/avaluacio/,301,/ca/bloc/,301,avaluació d'arxius - MedicsIntegralSalut,,crawl_only,,,sistema traducido (taxonomía/autor/paginación) → regla E-bis
/ca/etiqueta/flacciditat/,301,/ca/bloc/,301,flacidez archivos - MedicsIntegralSalut,,crawl_only,,,sistema traducido (taxonomía/autor/paginación) → regla E-bis
/ca/etiqueta/glutis/,301,/ca/bloc/,301,glutis arxius - MedicsIntegralSalut,,crawl_only,,,sistema traducido (taxonomía/autor/paginación) → regla E-bis
/ca/etiqueta/greix/,301,/ca/bloc/,301,greix archivos - MedicsIntegralSalut,,crawl_only,,,sistema traducido (taxonomía/autor/paginación) → regla E-bis
/ca/etiqueta/implants-mamaris/,301,/ca/bloc/,301,implantes mamarios archivos - MedicsIntegralSalut,,crawl_only,,,sistema traducido (taxonomía/autor/paginación) → regla E-bis
/ca/etiqueta/lifting-ca/,301,/ca/bloc/,301,lifting archivos - MedicsIntegralSalut,,crawl_only,,,sistema traducido (taxonomía/autor/paginación) → regla E-bis
/ca/etiqueta/lipofilling-de-calci/,301,/ca/bloc/,301,lipofilling arxius - MedicsIntegralSalut,,crawl_only,,,sistema traducido (taxonomía/autor/paginación) → regla E-bis
/ca/etiqueta/liposuccio-2/,301,/ca/bloc/,301,liposucción archivos - MedicsIntegralSalut,,crawl_only,,,sistema traducido (taxonomía/autor/paginación) → regla E-bis
/ca/etiqueta/liposuccio-vaser-2/,301,/ca/bloc/,301,liposucció vaser arxius - MedicsIntegralSalut,,crawl_only,,,sistema traducido (taxonomía/autor/paginación) → regla E-bis
/ca/etiqueta/lipovaser/,301,/ca/bloc/,301,lipovaser archivos - MedicsIntegralSalut,,crawl_only,,,sistema traducido (taxonomía/autor/paginación) → regla E-bis
/ca/etiqueta/mames-tuberoses-2/,301,/ca/bloc/,301,mamas tuberosas archivos - MedicsIntegralSalut,,crawl_only,,,sistema traducido (taxonomía/autor/paginación) → regla E-bis
/ca/etiqueta/mamelles-tuberoses/,301,/ca/bloc/,301,mames tuberoses archivos - MedicsIntegralSalut,,crawl_only,,,sistema traducido (taxonomía/autor/paginación) → regla E-bis
/ca/etiqueta/mida-de-protesi/,301,/ca/bloc/,301,mida de pròtesi archivos - MedicsIntegralSalut,,crawl_only,,,sistema traducido (taxonomía/autor/paginación) → regla E-bis
/ca/etiqueta/mounjaro/,301,/ca/bloc/,301,mounjaro arxius - MedicsIntegralSalut,,crawl_only,,,sistema traducido (taxonomía/autor/paginación) → regla E-bis
/ca/etiqueta/obesitat-2/,301,/ca/bloc/,301,obesitat arxius - MedicsIntegralSalut,,crawl_only,,,sistema traducido (taxonomía/autor/paginación) → regla E-bis
/ca/etiqueta/obesitat/,301,/ca/bloc/,301,obesitat archivos - MedicsIntegralSalut,,crawl_only,,,sistema traducido (taxonomía/autor/paginación) → regla E-bis
/ca/etiqueta/ozempic/,301,/ca/bloc/,301,Ozempic arxius - MedicsIntegralSalut,,crawl_only,,,sistema traducido (taxonomía/autor/paginación) → regla E-bis
/ca/etiqueta/pell/,301,/ca/bloc/,301,Piel archivos - MedicsIntegralSalut,,crawl_only,,,sistema traducido (taxonomía/autor/paginación) → regla E-bis
/ca/etiqueta/postoperatori-rinoplastia/,301,/ca/bloc/,301,postoperatorio rinoplastia archivos - MedicsIntegralSalut,,crawl_only,,,sistema traducido (taxonomía/autor/paginación) → regla E-bis
/ca/etiqueta/protesis-ergonomiques/,301,/ca/bloc/,301,PROTESIS ERGONÒMIQUES arxius - MedicsIntegralSalut,,crawl_only,,,sistema traducido (taxonomía/autor/paginación) → regla E-bis
/ca/etiqueta/protesis-redondas-vs-protesis-ergonomicas/,301,/ca/bloc/,301,Prótesis Redondas vs. Prótesis Ergonómicas archivos - MedicsIntegralSalut,,crawl_only,,,sistema traducido (taxonomía/autor/paginación) → regla E-bis
/ca/etiqueta/radiofrequencia/,301,/ca/bloc/,301,radiofreqüència arxius - MedicsIntegralSalut,,crawl_only,,,sistema traducido (taxonomía/autor/paginación) → regla E-bis
/ca/etiqueta/reduccio-de-pits/,301,/ca/bloc/,301,Reducció de pit fitxers - MedicsIntegralSalut,,crawl_only,,,sistema traducido (taxonomía/autor/paginación) → regla E-bis
/ca/etiqueta/resultats/,301,/ca/bloc/,301,resultats arxius - MedicsIntegralSalut,,crawl_only,,,sistema traducido (taxonomía/autor/paginación) → regla E-bis
/ca/etiqueta/cara/,301,/ca/bloc/,301,rostre archivos - MedicsIntegralSalut,,crawl_only,,,sistema traducido (taxonomía/autor/paginación) → regla E-bis
/ca/etiqueta/tractaments/,301,/ca/bloc/,301,tractaments archivos - MedicsIntegralSalut,,crawl_only,,,sistema traducido (taxonomía/autor/paginación) → regla E-bis
/ca/etiqueta/tecniques/,301,/ca/bloc/,301,tècniques d'arxiu - MedicsIntegralSalut,,crawl_only,,,sistema traducido (taxonomía/autor/paginación) → regla E-bis
/ca/etiqueta/tecnica-quirurgica/,301,/ca/bloc/,301,técnica quirúrgica archivos - MedicsIntegralSalut,,crawl_only,,,sistema traducido (taxonomía/autor/paginación) → regla E-bis
/ca/etiqueta/tecnicas/,301,/ca/bloc/,301,técnicas archivos - MedicsIntegralSalut,,crawl_only,,,sistema traducido (taxonomía/autor/paginación) → regla E-bis
/ca/etiqueta/ulls/,301,/ca/bloc/,301,ulls archivos - MedicsIntegralSalut,,crawl_only,,,sistema traducido (taxonomía/autor/paginación) → regla E-bis
/ca/etiqueta/vida-saludable-catala/,301,/ca/bloc/,301,estils de vida saludables arxius - MedicsIntegralSalut,,crawl_only,,,sistema traducido (taxonomía/autor/paginación) → regla E-bis
/en/category/cosmetic-facial-surgery-2/page/2/,301,/en/category/cosmetic-facial-surgery-2/,301,Facial Cosmetic Surgery Archives - Page 2 of 3 - MedicsIntegralSalut,,sistema,,,
/en/category/cosmetic-breast-surgery-2/page/2/,301,/en/category/cosmetic-breast-surgery-2/,301,Cirugía estética mamas archivos - Page 2 of 3 - MedicsIntegralSalut,,sistema,,0,GSC: 0 clics / 244 impresiones — no perder en silencio · RESUELTO 28/09: archivo del blog -> listado
/en/category/cosmetic-body-medicine/page/2/,301,/en/category/cosmetic-body-medicine/,301,Medicina estética corporal archivos - Page 2 of 2 - MedicsIntegralSalut,,sistema,,0,
/en/category/medicina-estetica-corporal-ca/page/2/,301,/en/category/medicina-estetica-corporal-ca/,301,Medicina estètica corporal archivos - Page 2 of 2 - MedicsIntegralSalut,,sistema,,,
/fr/author/nicols/,301,/fr/blog/,301,"Nicols, autor en MedicsIntegralSalut",,crawl_only,,,sistema traducido (taxonomía/autor/paginación) → regla E-bis
/ru/author/nicols/,301,/ru/%d0%b1%d0%bb%d0%be%d0%b3/,301,"Nicols, autor en MedicsIntegralSalut",,crawl_only,,,sistema traducido (taxonomía/autor/paginación) → regla E-bis
/uk/author/nicols/,301,/uk/%d0%b1%d0%bb%d0%be%d0%b3/,301,"Nicols, autor en MedicsIntegralSalut",,crawl_only,,,sistema traducido (taxonomía/autor/paginación) → regla E-bis
/ca/author/nicols/,301,/ca/bloc/,301,"Nicols, autor en MedicsIntegralSalut",,crawl_only,,,sistema traducido (taxonomía/autor/paginación) → regla E-bis
/en/tag/rinoplastia-sense-cirurgia/,301,/en/blog/,301,rinoplàstia sense cirurgia archivos - MedicsIntegralSalut,,crawl_only,,,sistema traducido (taxonomía/autor/paginación) → regla E-bis
/en/tag/rinoplastia-ultrasonica-ca/,301,/en/blog/,301,rinoplàstia ultrasónica archivos - MedicsIntegralSalut,,crawl_only,,,sistema traducido (taxonomía/autor/paginación) → regla E-bis
/fr/bichectomia-que-es/,mantener,/fr/bichectomia-que-es/,200,Bichectomia que es? - MedicsIntegralSalut,,crawl_only,,,
/ru/bichectomia-que-es/,mantener,/ru/bichectomia-que-es/,200,Bichectomia que es? - MedicsIntegralSalut,,crawl_only,,,
/uk/bichectomia-que-es/,mantener,/uk/bichectomia-que-es/,200,Bichectomia que es? - MedicsIntegralSalut,,crawl_only,,,
/ca/bichectomia-que-es/,mantener,/ca/bichectomia-que-es/,200,Bichectomia que es? - MedicsIntegralSalut,,crawl_only,1,0,
/category/cirurgia-estetica-facial/page/2/,301,/category/cirurgia-estetica-facial/,301,Cirurgia estètica facial archivos - Página 2 de 2 - MedicsIntegralSalut,,sistema,,,
/fr/categorie/chirurgie-esthetique-du-visage/page/2/,301,/fr/categorie/chirurgie-esthetique-du-visage/,301,Chirurgie esthétique du visage archives - Page 2 sur 2 - MedicsIntegralSalut,,sistema,,,
/ru/%d0%ba%d0%b0%d1%82%d0%b5%d0%b3%d0%be%d1%80%d0%b8%d1%8f/%d0%bf%d0%bb%d0%b0%d1%81%d1%82%d0%b8%d1%87%d0%b5%d1%81%d0%ba%d0%b0%d1%8f-%d0%be%d0%bf%d0%b5%d1%80%d0%b0%d1%86%d0%b8%d1%8f-%d0%bd%d0%b0-%d0%bb%d0%b8%d1%86%d0%b5/%d1%81%d1%82%d1%80%d0%b0%d0%bd%d0%b8%d1%86%d0%b0/2/,301,/ru/%d0%b1%d0%bb%d0%be%d0%b3/,301,Cirurgia estètica facial archivos - Страница 2 из 2 - MedicsIntegralSalut,,crawl_only,,,sistema traducido (taxonomía/autor/paginación) → regla E-bis
/uk/%d0%ba%d0%b0%d1%82%d0%b5%d0%b3%d0%be%d1%80%d1%96%d1%8f/%d0%b5%d1%81%d1%82%d0%b5%d1%82%d0%b8%d1%87%d0%bd%d0%b0-%d1%85%d1%96%d1%80%d1%83%d1%80%d0%b3%d1%96%d1%8f-%d0%be%d0%b1%d0%bb%d0%b8%d1%87%d1%87%d1%8f/%d1%81%d1%82%d0%be%d1%80%d1%96%d0%bd%d0%ba%d0%b0/2/,301,/uk/%d0%b1%d0%bb%d0%be%d0%b3/,301,Cirurgia estètica facial archivos - Сторінка 2 з 2 - MedicsIntegralSalut,,crawl_only,,,sistema traducido (taxonomía/autor/paginación) → regla E-bis
/ca/categoria/cirurgia-estetica-facial/pagina/2/,301,/ca/bloc/,301,Cirurgia estètica facial arxius - Pàgina 2 de 2 - MedicsIntegralSalut,,crawl_only,,0,sistema traducido (taxonomía/autor/paginación) → regla E-bis
/en/portfolio_page/lip-augmentation/,mantener,/en/portfolio_page/lip-augmentation/,200,Lip augmentation - MedicsIntegralSalut,,crawl_only,,,
/en/portfolio_page/obesity/,mantener,/en/portfolio_page/obesity/,200,Obesidad - MedicsIntegralSalut,,crawl_only,,,
/portfolio_page/augment-pit/,mantener,/portfolio_page/augment-pit/,200,Augment pit - MedicsIntegralSalut,,crawl_only,,,
/fr/page_de_portfolio/augment-pit/,mantener,/fr/page_de_portfolio/augment-pit/,200,Augment pit - MedicsIntegralSalut,,crawl_only,,,
/ru/%d0%bf%d0%be%d1%80%d1%82%d1%84%d0%be%d0%bb%d0%b8%d0%be/%d1%83%d1%81%d0%b8%d0%bb%d0%b8%d1%82%d1%8c-%d1%8f%d0%bc%d1%83/,mantener,/ru/%d0%bf%d0%be%d1%80%d1%82%d1%84%d0%be%d0%bb%d0%b8%d0%be/%d1%83%d1%81%d0%b8%d0%bb%d0%b8%d1%82%d1%8c-%d1%8f%d0%bc%d1%83/,200,Аугмент яма - МедсестрыИнтегралПривет,,crawl_only,,,
/uk/portfolio_page/%d0%b7%d0%b1%d1%96%d0%bb%d1%8c%d1%88%d0%b8%d1%82%d0%b8-%d1%8f%d0%bc%d1%83/,mantener,/uk/portfolio_page/%d0%b7%d0%b1%d1%96%d0%bb%d1%8c%d1%88%d0%b8%d1%82%d0%b8-%d1%8f%d0%bc%d1%83/,200,Збільшення ями - MedicsIntegralSalut,,crawl_only,,,
/ca/portfoli_pagina/augmentar-forat/,mantener,/ca/portfoli_pagina/augmentar-forat/,200,Augment pit - MedicsIntegralSalut,,crawl_only,,,
/en/tag/ultrasonic-rhinoplasty/,301,/en/blog/,301,rinoplastia ultrasónica archivos - MedicsIntegralSalut,,crawl_only,,,sistema traducido (taxonomía/autor/paginación) → regla E-bis
/fr/etiquette/rhinoplastie-ultrasonique/,301,/fr/blog/,301,Rhinoplastie ultrasonique fichiers - MedicsIntegral Salut,,crawl_only,,,sistema traducido (taxonomía/autor/paginación) → regla E-bis
/ru/%d1%82%d0%b5%d0%b3/%d1%83%d0%bb%d1%8c%d1%82%d1%80%d0%b0%d0%b7%d0%b2%d1%83%d0%ba%d0%be%d0%b2%d0%b0%d1%8f-%d1%80%d0%b8%d0%bd%d0%be%d0%bf%d0%bb%d0%b0%d1%81%d1%82%d0%b8%d0%ba%d0%b0/,mantener,/ru/%d1%82%d0%b5%d0%b3/%d1%83%d0%bb%d1%8c%d1%82%d1%80%d0%b0%d0%b7%d0%b2%d1%83%d0%ba%d0%be%d0%b2%d0%b0%d1%8f-%d1%80%d0%b8%d0%bd%d0%be%d0%bf%d0%bb%d0%b0%d1%81%d1%82%d0%b8%d0%ba%d0%b0/,200,rinoplastia ultrasónica archivos - MedicsIntegralSalut,,crawl_only,,,
/uk/%d1%82%d0%b5%d0%b3/%d1%83%d0%bb%d1%8c%d1%82%d1%80%d0%b0%d0%b7%d0%b2%d1%83%d0%ba%d0%be%d0%b2%d0%b0-%d1%80%d0%b8%d0%bd%d0%be%d0%bf%d0%bb%d0%b0%d1%81%d1%82%d0%b8%d0%ba%d0%b0/,mantener,/uk/%d1%82%d0%b5%d0%b3/%d1%83%d0%bb%d1%8c%d1%82%d1%80%d0%b0%d0%b7%d0%b2%d1%83%d0%ba%d0%be%d0%b2%d0%b0-%d1%80%d0%b8%d0%bd%d0%be%d0%bf%d0%bb%d0%b0%d1%81%d1%82%d0%b8%d0%ba%d0%b0/,200,rinoplastia ultrasónica archivos - MedicsIntegralSalut,,crawl_only,,,
/ca/etiqueta/rinoplastia-ultrasonica/,301,/ca/bloc/,301,rinoplastia ultrasónica archivos - MedicsIntegralSalut,,crawl_only,,,sistema traducido (taxonomía/autor/paginación) → regla E-bis
/en/author/infomedicstetics/page/2/,301,/en/author/infomedicstetics/,301,"Clínica Medics Integral Salut, author at MedicsIntegralSalut - Page 2 of 11",,sistema,,,
/fr/auteur/infomedicestetique/page/2/,301,/fr/auteur/infomedicestetique/,301,"Clínica Medics Integral Salut, auteur MedicsIntegralSalut - Page 2 sur 11",,sistema,,0,
/fr/categorie/chirurgie-esthetique-faciale/page/2/,301,/fr/categorie/chirurgie-esthetique-faciale/,301,Cirugia estética facial archivos - Page 2 sur 3 - MedicsIntegralSalut,,sistema,,,
/fr/categorie/chirurgie-esthetique-des-seins-2/page/2/,301,/fr/categorie/chirurgie-esthetique-des-seins-2/,301,Chirurgie esthétique des seins archives - Page 2 sur 3 - MedicsIntegralBonjour,,sistema,,,
/fr/categorie/medecine-esthetique-corporelle/page/2/,301,/fr/categorie/medecine-esthetique-corporelle/,301,Medicina estetica corporal archivos - Página 2 of 2 - MedicsIntegralSalut,,sistema,,,
/fr/categorie/medicina-estetica-corporal-ca/page/2/,301,/fr/categorie/medicina-estetica-corporal-ca/,301,Medicina estètica corporal archivos - Page 2 sur 2 - MedicsIntegralSalut,,sistema,,,
/ru/%d0%b0%d0%b2%d1%82%d0%be%d1%80/%d0%b8%d0%bd%d1%84%d0%be%d0%bc%d0%b5%d0%b4%d0%b8%d0%ba%d1%8d%d1%81%d1%82%d0%b5%d1%82%d0%b8%d0%ba%d1%81/%d1%81%d1%82%d1%80%d0%b0%d0%bd%d0%b8%d1%86%d0%b0/2/,301,/ru/%d0%b1%d0%bb%d0%be%d0%b3/,301,"Clínica Medics Integral Salut, автор MedicsIntegralSalut - Страница 2 из 11",,crawl_only,,,sistema traducido (taxonomía/autor/paginación) → regla E-bis
/ru/%d0%ba%d0%b0%d1%82%d0%b5%d0%b3%d0%be%d1%80%d0%b8%d1%8f/%d0%bf%d0%bb%d0%b0%d1%81%d1%82%d0%b8%d1%87%d0%b5%d1%81%d0%ba%d0%b0%d1%8f-%d1%85%d0%b8%d1%80%d1%83%d1%80%d0%b3%d0%b8%d1%8f-%d0%bb%d0%b8%d1%86%d0%b0/%d1%81%d1%82%d1%80%d0%b0%d0%bd%d0%b8%d1%86%d0%b0/2/,301,/ru/%d0%b1%d0%bb%d0%be%d0%b3/,301,Cirugia estética facial archivos - Страница 2 из 3 - MedicsIntegralSalut,,crawl_only,,,sistema traducido (taxonomía/autor/paginación) → regla E-bis
/ru/%d0%ba%d0%b0%d1%82%d0%b5%d0%b3%d0%be%d1%80%d0%b8%d1%8f/%d0%bf%d0%bb%d0%b0%d1%81%d1%82%d0%b8%d1%87%d0%b5%d1%81%d0%ba%d0%b0%d1%8f-%d1%85%d0%b8%d1%80%d1%83%d1%80%d0%b3%d0%b8%d1%8f-%d0%b3%d1%80%d1%83%d0%b4%d0%b8/%d1%81%d1%82%d1%80%d0%b0%d0%bd%d0%b8%d1%86%d0%b0/2/,301,/ru/%d0%b1%d0%bb%d0%be%d0%b3/,301,Пластическая хирургия молочных желез - Страница 2 из 3 - MedicsIntegralSalut,,crawl_only,,,sistema traducido (taxonomía/autor/paginación) → regla E-bis
/ru/%d0%ba%d0%b0%d1%82%d0%b5%d0%b3%d0%be%d1%80%d0%b8%d1%8f/%d1%8d%d1%81%d1%82%d0%b5%d1%82%d0%b8%d1%87%d0%b5%d1%81%d0%ba%d0%b0%d1%8f-%d0%bc%d0%b5%d0%b4%d0%b8%d1%86%d0%b8%d0%bd%d0%b0-%d1%82%d0%b5%d0%bb%d0%b0/%d1%81%d1%82%d1%80%d0%b0%d0%bd%d0%b8%d1%86%d0%b0/2/,301,/ru/%d0%b1%d0%bb%d0%be%d0%b3/,301,Medicina estética corporal archivos - Страница 2 из 2 - MedicsIntegralSalut,,crawl_only,,,sistema traducido (taxonomía/autor/paginación) → regla E-bis
/ru/%d0%ba%d0%b0%d1%82%d0%b5%d0%b3%d0%be%d1%80%d0%b8%d1%8f/%d1%8d%d1%81%d1%82%d0%b5%d1%82%d0%b8%d1%87%d0%b5%d1%81%d0%ba%d0%b0%d1%8f-%d0%bc%d0%b5%d0%b4%d0%b8%d1%86%d0%b8%d0%bd%d0%b0-%d1%82%d0%b5%d0%bb%d0%b0-2/%d1%81%d1%82%d1%80%d0%b0%d0%bd%d0%b8%d1%86%d0%b0/2/,301,/ru/%d0%b1%d0%bb%d0%be%d0%b3/,301,Medicina estètica corporal archivos - Страница 2 из 2 - MedicsIntegralSalut,,crawl_only,,,sistema traducido (taxonomía/autor/paginación) → regla E-bis
/uk/%d0%b0%d0%b2%d1%82%d0%be%d1%80/infomedicstetics/%d1%81%d1%82%d0%be%d1%80%d1%96%d0%bd%d0%ba%d0%b0/2/,301,/uk/%d0%b1%d0%bb%d0%be%d0%b3/,301,"Клініка «Medics Integral Salut», автор у MedicsIntegralSalut — Сторінка 2 з 11",,crawl_only,,,sistema traducido (taxonomía/autor/paginación) → regla E-bis
/uk/%d0%ba%d0%b0%d1%82%d0%b5%d0%b3%d0%be%d1%80%d1%96%d1%8f/%d0%b5%d1%81%d1%82%d0%b5%d1%82%d0%b8%d1%87%d0%bd%d0%b0-%d1%85%d1%96%d1%80%d1%83%d1%80%d0%b3%d1%96%d1%8f-%d0%be%d0%b1%d0%bb%d0%b8%d1%87%d1%87%d1%8f-2/%d1%81%d1%82%d0%be%d1%80%d1%96%d0%bd%d0%ba%d0%b0/2/,301,/uk/%d0%b1%d0%bb%d0%be%d0%b3/,301,Архів «Естетична хірургія обличчя» — Сторінка 2 з 3 — MedicsIntegralSalut,,crawl_only,,,sistema traducido (taxonomía/autor/paginación) → regla E-bis
/uk/%d0%ba%d0%b0%d1%82%d0%b5%d0%b3%d0%be%d1%80%d1%96%d1%8f/%d0%b5%d1%81%d1%82%d0%b5%d1%82%d0%b8%d1%87%d0%bd%d0%b0-%d1%85%d1%96%d1%80%d1%83%d1%80%d0%b3%d1%96%d1%8f-%d0%b3%d1%80%d1%83%d0%b4%d0%b5%d0%b9-2/%d1%81%d1%82%d0%be%d1%80%d1%96%d0%bd%d0%ba%d0%b0/2/,301,/uk/%d0%b1%d0%bb%d0%be%d0%b3/,301,Cirugía estética mamas archivos - Сторінка 2 з 3 - MedicsIntegralSalut,,crawl_only,,,sistema traducido (taxonomía/autor/paginación) → regla E-bis
/uk/%d0%ba%d0%b0%d1%82%d0%b5%d0%b3%d0%be%d1%80%d1%96%d1%8f/%d0%b5%d1%81%d1%82%d0%b5%d1%82%d0%b8%d1%87%d0%bd%d0%b0-%d0%bc%d0%b5%d0%b4%d0%b8%d1%86%d0%b8%d0%bd%d0%b0-%d0%b4%d0%bb%d1%8f-%d1%82%d1%96%d0%bb%d0%b0/%d1%81%d1%82%d0%be%d1%80%d1%96%d0%bd%d0%ba%d0%b0/2/,301,/uk/%d0%b1%d0%bb%d0%be%d0%b3/,301,Medicina estética corporal archivos - Сторінка 2 з 2 - MedicsIntegralSalut,,crawl_only,,,sistema traducido (taxonomía/autor/paginación) → regla E-bis
/uk/%d0%ba%d0%b0%d1%82%d0%b5%d0%b3%d0%be%d1%80%d1%96%d1%8f/%d0%b5%d1%81%d1%82%d0%b5%d1%82%d0%b8%d1%87%d0%bd%d0%b0-%d0%bc%d0%b5%d0%b4%d0%b8%d1%86%d0%b8%d0%bd%d0%b0-%d0%b4%d0%bb%d1%8f-%d1%82%d1%96%d0%bb%d0%b0-ca/%d1%81%d1%82%d0%be%d1%80%d1%96%d0%bd%d0%ba%d0%b0/2/,301,/uk/%d0%b1%d0%bb%d0%be%d0%b3/,301,Архів «Естетична медицина для тіла» — Сторінка 2 з 2 — MedicsIntegralSalut,,crawl_only,,,sistema traducido (taxonomía/autor/paginación) → regla E-bis
/ca/autor/infomedicsestetics/pagina/2/,301,/ca/bloc/,301,"Clínica Medics Integral Salut, autor en MedicsIntegralSalut - Pàgina 2 de 11",,crawl_only,,0,sistema traducido (taxonomía/autor/paginación) → regla E-bis
/ca/categoria/cirurgia-estetica-facial-2/pagina/2/,301,/ca/bloc/,301,Cirugia estética facial archivos - Pàgina 2 de 3 - MedicsIntegralSalut,,crawl_only,,0,sistema traducido (taxonomía/autor/paginación) → regla E-bis
/ca/categoria/cirurgia-estetica-de-mames/pagina/2/,301,/ca/bloc/,301,Cirugía estética mamas archivos - Pàgina 2 de 3 - MedicsIntegralSalut,,crawl_only,,0,sistema traducido (taxonomía/autor/paginación) → regla E-bis
/ca/categoria/medicina-estetica-corporal/pagina/2/,301,/ca/bloc/,301,Medicina estètica corporal arxius - Pàgina 2 de 2 - MedicsIntegralSalut,,crawl_only,,0,sistema traducido (taxonomía/autor/paginación) → regla E-bis
/ca/categoria/medicina-estetica-corporal-ca/pagina/2/,301,/ca/bloc/,301,Medicina estètica corporal archivos - Pàgina 2 de 2 - MedicsIntegralSalut,,crawl_only,,0,sistema traducido (taxonomía/autor/paginación) → regla E-bis
/en/category/cosmetic-facial-surgery-2/page/3/,301,/en/category/cosmetic-facial-surgery-2/,301,Cirugia estética facial archivos - Page 3 of 3 - MedicsIntegralSalut,,sistema,,,
/category/cirugia-estetica-facial/page/2/,301,/category/cirugia-estetica-facial/,301,Cirugia estética facial archivos - Página 2 de 3 - MedicsIntegralSalut,,sistema,1,0,GSC: 1 clics / 59 impresiones — no perder en silencio · RESUELTO 28/09: archivo del blog -> listado
/en/category/cosmetic-breast-surgery-2/page/3/,301,/en/category/cosmetic-breast-surgery-2/,301,Cosmetic Breast Surgery Files - Page 3 of 3 - MedicsIntegralSalut,,sistema,,,
/category/cirugia-estetica-mamas/page/2/,301,/category/cirugia-estetica-mamas/,301,Cirugía estética mamas archivos - Página 2 de 3 - MedicsIntegralSalut,,sistema,1,0,
/en/tag/cuidados-para-la-piel/,301,/en/blog/,301,cuidados para la piel archivos - MedicsIntegralSalut,,crawl_only,,,sistema traducido (taxonomía/autor/paginación) → regla E-bis
/en/tag/ojos/,301,/en/blog/,301,ojos archivos - MedicsIntegralSalut,,crawl_only,,,sistema traducido (taxonomía/autor/paginación) → regla E-bis
/en/tag/lifting/,301,/en/blog/,301,lifting archivos - MedicsIntegralSalut,,crawl_only,,,sistema traducido (taxonomía/autor/paginación) → regla E-bis
/category/medicina-estetica-corporal/page/2/,301,/category/medicina-estetica-corporal/,301,Medicina estética corporal archivos - Página 2 de 2 - MedicsIntegralSalut,,sistema,1,0,
/category/medicina-estetica-corporal-ca/page/2/,301,/category/medicina-estetica-corporal-ca/,301,Medicina estètica corporal archivos - Página 2 de 2 - MedicsIntegralSalut,,sistema,,,
/en/rejuvenecimiento-facial-girona-LANDING/,410,,410,,,crawl_only,,,"PROPUESTA: 410 (404 hoy, landing retirada, sin tráfico) · RESUELTO 28/09: propuesta aplicada"
/en/tag/healthy-lifestyle-2/,301,/en/blog/,301,Healthy Living Files - MedicsIntegralSalut,,crawl_only,,,sistema traducido (taxonomía/autor/paginación) → regla E-bis
/ca/unitats/cirurgia-estetica-mames/recanvi-de-protesis/,301,/ca/unitats/cirurgia-estetica-de-mames/canvi-de-protesi/,301,Recanvi de pròtesi - MedicsIntegralSalut,,crawl_only,1,0,duplicada: 301 a su canónica (aprobado Oscar 27/09/2026)
/ca/equip-quadre-medic/,301,/ca/equip-medic-del-quadre/,301,Equip mèdic - MedicsIntegralSalut,,crawl_only,1,0,duplicada: 301 a su canónica (aprobado Oscar 27/09/2026)
/en/tag/capsular-contracture/,301,/en/blog/,301,Capsular contracture files - MedicsIntegralSalut,,crawl_only,,,sistema traducido (taxonomía/autor/paginación) → regla E-bis
/en/tag/what-you-need-to-know-about-breast-augmentation/,301,/en/blog/,301,What you need to know about the increase in pit files - MedicsIntegralSalut,,crawl_only,,,sistema traducido (taxonomía/autor/paginación) → regla E-bis
/en/tag/tipus-de-protesi/,301,/en/blog/,301,Tipus de pròtesi archivos - MedicsIntegralSalut,,crawl_only,,,sistema traducido (taxonomía/autor/paginación) → regla E-bis
/en/tag/contractura-capsular/,301,/en/blog/,301,Capsular contracture files - MedicsIntegralSalut,,crawl_only,,,sistema traducido (taxonomía/autor/paginación) → regla E-bis
/en/tag/lo-que-debes-saber-sobre-el-aumento-de-pecho/,301,/en/blog/,301,Lo que debes saber sobre el aumento de pecho archivos - MedicsIntegralSalut,,crawl_only,,,sistema traducido (taxonomía/autor/paginación) → regla E-bis
/en/tag/tipo-de-protesis/,301,/en/blog/,301,Tipo de prótesis archivos - MedicsIntegralSalut,,crawl_only,,,sistema traducido (taxonomía/autor/paginación) → regla E-bis
/en/tag/prosthetic-size/,301,/en/blog/,301,Prosthesis size files - MedicsIntegralSalut,,crawl_only,,,sistema traducido (taxonomía/autor/paginación) → regla E-bis
/tag/rinoplastia-sense-cirurgia/,301,/blog/,301,rinoplàstia sense cirurgia archivos - MedicsIntegralSalut,,sistema,,,
/fr/etiquette/rinoplastia-sense-cirurgia/,301,/fr/blog/,301,rinoplàstia sense cirurgia archivos - MedicsIntegralSalut,,crawl_only,,,sistema traducido (taxonomía/autor/paginación) → regla E-bis
/ru/%d1%82%d0%b5%d0%b3/rinoplastia-sense-cirurgia/,mantener,/ru/%d1%82%d0%b5%d0%b3/rinoplastia-sense-cirurgia/,200,rinoplàstia sense cirurgia archivos - MedicsIntegralSalut,,crawl_only,,,
/uk/%d1%82%d0%b5%d0%b3/rinoplastia-sense-cirurgia/,mantener,/uk/%d1%82%d0%b5%d0%b3/rinoplastia-sense-cirurgia/,200,rinoplàstia sense cirurgia archivos - MedicsIntegralSalut,,crawl_only,,,
/ca/etiqueta/rinoplastia-sense-cirurgia/,301,/ca/bloc/,301,rinoplàstia sense cirurgia archivos - MedicsIntegralSalut,,crawl_only,,,sistema traducido (taxonomía/autor/paginación) → regla E-bis
/tag/rinoplastia-ultrasonica-ca/,301,/blog/,301,rinoplàstia ultrasónica archivos - MedicsIntegralSalut,,sistema,,,
/fr/etiquette/rinoplastia-ultrasonica-ca/,301,/fr/blog/,301,rinoplàstia ultrasónica archivos - MedicsIntegralSalut,,crawl_only,,,sistema traducido (taxonomía/autor/paginación) → regla E-bis
/ru/%d1%82%d0%b5%d0%b3/rinoplastia-ultrasonica-ca/,mantener,/ru/%d1%82%d0%b5%d0%b3/rinoplastia-ultrasonica-ca/,200,rinoplàstia ultrasónica archivos - MedicsIntegralSalut,,crawl_only,,,
/uk/%d1%82%d0%b5%d0%b3/rinoplastia-ultrasonica-ca/,mantener,/uk/%d1%82%d0%b5%d0%b3/rinoplastia-ultrasonica-ca/,200,rinoplàstia ultrasónica archivos - MedicsIntegralSalut,,crawl_only,,,
/ca/etiqueta/rinoplastia-ultrasonica-ca/,301,/ca/bloc/,301,rinoplàstia ultrasónica archivos - MedicsIntegralSalut,,crawl_only,,,sistema traducido (taxonomía/autor/paginación) → regla E-bis
/en/portfolio_page/liposuction/,mantener,/en/portfolio_page/liposuction/,200,Liposuction - MedicsIntegralHealth,,crawl_only,,,
/en/portfolio_page/aumento-pechos/,mantener,/en/portfolio_page/aumento-pechos/,200,Aumento pechos - MedicsIntegralSalut,,crawl_only,,,
/portfolio_page/augment-de-llavis/,mantener,/portfolio_page/augment-de-llavis/,200,Augment de llavis - MedicsIntegralSalut,,crawl_only,,,
/fr/page_de_portfolio/augmentation-de-lavis/,mantener,/fr/page_de_portfolio/augmentation-de-lavis/,200,Augmentation des salaires - MedicsIntegral Salut,,crawl_only,,,
/ru/%d0%bf%d0%be%d1%80%d1%82%d1%84%d0%be%d0%bb%d0%b8%d0%be/%d1%83%d0%b2%d0%b5%d0%bb%d0%b8%d1%87%d0%b8%d1%82%d1%8c-%d0%b3%d1%83%d0%b1%d1%8b/,mantener,/ru/%d0%bf%d0%be%d1%80%d1%82%d1%84%d0%be%d0%bb%d0%b8%d0%be/%d1%83%d0%b2%d0%b5%d0%bb%d0%b8%d1%87%d0%b8%d1%82%d1%8c-%d0%b3%d1%83%d0%b1%d1%8b/,200,Губы увеличиваются - MedicsIntegralSalut,,crawl_only,,,
/uk/portfolio_page/%d0%b7%d0%b1%d1%96%d0%bb%d1%8c%d1%88%d0%b5%d0%bd%d0%bd%d1%8f-%d0%ba%d1%96%d0%bb%d1%8c%d0%ba%d0%be%d1%81%d1%82%d1%96-%d0%ba%d0%bb%d1%8e%d1%87%d1%96%d0%b2/,mantener,/uk/portfolio_page/%d0%b7%d0%b1%d1%96%d0%bb%d1%8c%d1%88%d0%b5%d0%bd%d0%bd%d1%8f-%d0%ba%d1%96%d0%bb%d1%8c%d0%ba%d0%be%d1%81%d1%82%d1%96-%d0%ba%d0%bb%d1%8e%d1%87%d1%96%d0%b2/,200,Збільшення кількості ключів - MedicsIntegralSalut,,crawl_only,,,
/ca/portfoli_pagina/augment-de-llavis/,mantener,/ca/portfoli_pagina/augment-de-llavis/,200,Augment de llavis - MedicsIntegralSalut,,crawl_only,,,
/portfolio_page/obesidad/,mantener,/portfolio_page/obesidad/,200,Obesidad - MedicsIntegralSalut,,crawl_only,,,
/fr/page_de_portfolio/obesite-2/,mantener,/fr/page_de_portfolio/obesite-2/,200,Obesidad - MedicsIntegralSalut,,crawl_only,,,
/ru/%d0%bf%d0%be%d1%80%d1%82%d1%84%d0%be%d0%bb%d0%b8%d0%be/%d0%be%d0%b6%d0%b8%d1%80%d0%b5%d0%bd%d0%b8%d0%b5-2/,mantener,/ru/%d0%bf%d0%be%d1%80%d1%82%d1%84%d0%be%d0%bb%d0%b8%d0%be/%d0%be%d0%b6%d0%b8%d1%80%d0%b5%d0%bd%d0%b8%d0%b5-2/,200,Ожирение - MedicsIntegralSalut,,crawl_only,,,
/uk/portfolio_page/%d0%be%d0%b6%d0%b8%d1%80%d1%96%d0%bd%d0%bd%d1%8f/,mantener,/uk/portfolio_page/%d0%be%d0%b6%d0%b8%d1%80%d1%96%d0%bd%d0%bd%d1%8f/,200,Obesidad - MedicsIntegralSalut,,crawl_only,,,
/ca/portfoli_pagina/obesitat-2/,301,/ca/portfoli_pagina/obesitat/,301,Obesidad - MedicsIntegralSalut,,crawl_only,,,renombrada 05/10/2026: URL catalana sin «-2» (decisión usuario)
/tag/rinoplastia-ultrasonica/,301,/blog/,301,rinoplastia ultrasónica archivos - MedicsIntegralSalut,,sistema,,,
/en/author/infomedicstetics/page/3/,301,/en/author/infomedicstetics/,301,"Clínica Medics Integral Salut, autor en MedicsIntegralSalut - Page 3 of 11",,sistema,,,
/fr/auteur/infomedicestetique/page/3/,301,/fr/auteur/infomedicestetique/,301,"Clínica Medics Integral Salut, auteur sur MedicsIntegralSalut - Page 3 sur 11",,sistema,,,
/fr/categorie/chirurgie-esthetique-faciale/page/3/,301,/fr/categorie/chirurgie-esthetique-faciale/,301,Cirugia estética facial archivos - Page 3 sur 3 - MedicsIntegralSalut,,sistema,,,
/fr/categorie/chirurgie-esthetique-des-seins-2/page/3/,301,/fr/categorie/chirurgie-esthetique-des-seins-2/,301,Chirurgie esthétique des seins archives - Page 3 sur 3 - MedicsIntegralSalut,,sistema,,,
/fr/etiquette/contractura-capsular-ca/,301,/fr/blog/,301,Contractura capsular archivos - MedicsIntegralSalut,,crawl_only,,,sistema traducido (taxonomía/autor/paginación) → regla E-bis
/fr/etiquette/ce-que-vous-devez-savoir-sur-laugmentation-mammaire/,301,/fr/blog/,301,Ce qu'il faut savoir sur l'augmentation du volume des fichiers PIT - MedicsIntegralSalut,,crawl_only,,,sistema traducido (taxonomía/autor/paginación) → regla E-bis
/fr/etiquette/types-de-protheses/,301,/fr/blog/,301,Types de prothèses archivos - MedicsIntegralSalut,,crawl_only,,,sistema traducido (taxonomía/autor/paginación) → regla E-bis
/fr/etiquette/cuidados-para-la-piel/,301,/fr/blog/,301,cuidados para la piel archivos - MedicsIntegralSalut,,crawl_only,,,sistema traducido (taxonomía/autor/paginación) → regla E-bis
/fr/etiquette/yeux/,301,/fr/blog/,301,ojos archivos - MedicsIntegralSalut,,crawl_only,,,sistema traducido (taxonomía/autor/paginación) → regla E-bis
/fr/etiquette/levage/,301,/fr/blog/,301,levage de fichiers - MedicsIntegralSalut,,crawl_only,,,sistema traducido (taxonomía/autor/paginación) → regla E-bis
/fr/rejuvenecimiento-facial-girona-LANDING/,410,,410,,,crawl_only,,,"PROPUESTA: 410 (404 hoy, landing retirada, sin tráfico) · RESUELTO 28/09: propuesta aplicada"
/fr/etiquette/une-vie-saine/,301,/fr/blog/,301,vie saine fichiers - MedicsIntegralSalut,,crawl_only,,,sistema traducido (taxonomía/autor/paginación) → regla E-bis
/fr/etiquette/contractura-capsular/,301,/fr/blog/,301,Contractura capsular archivos - MedicsIntegralSalut,,crawl_only,,,sistema traducido (taxonomía/autor/paginación) → regla E-bis
/fr/etiquette/lo-que-debes-saber-sobre-el-aumento-de-pecho/,301,/fr/blog/,301,Lo que debes saber sobre el aumento de pecho archivos - MedicsIntegralSalut,,crawl_only,,,sistema traducido (taxonomía/autor/paginación) → regla E-bis
/fr/etiquette/tipo-de-protesis/,301,/fr/blog/,301,Tipo de prótesis archivos - MedicsIntegralSalut,,crawl_only,,,sistema traducido (taxonomía/autor/paginación) → regla E-bis
/fr/etiquette/tamano-de-protesis/,301,/fr/blog/,301,tamaño de prótesis archivos - MedicsIntegralSalut,,crawl_only,,,sistema traducido (taxonomía/autor/paginación) → regla E-bis
/ru/%d0%b0%d0%b2%d1%82%d0%be%d1%80/%d0%b8%d0%bd%d1%84%d0%be%d0%bc%d0%b5%d0%b4%d0%b8%d0%ba%d1%8d%d1%81%d1%82%d0%b5%d1%82%d0%b8%d0%ba%d1%81/%d1%81%d1%82%d1%80%d0%b0%d0%bd%d0%b8%d1%86%d0%b0/3/,301,/ru/%d0%b1%d0%bb%d0%be%d0%b3/,301,"Clínica Medics Integral Salut, autor en MedicsIntegralSalut - Страница 3 из 11",,crawl_only,,,sistema traducido (taxonomía/autor/paginación) → regla E-bis
/ru/%d0%ba%d0%b0%d1%82%d0%b5%d0%b3%d0%be%d1%80%d0%b8%d1%8f/%d0%bf%d0%bb%d0%b0%d1%81%d1%82%d0%b8%d1%87%d0%b5%d1%81%d0%ba%d0%b0%d1%8f-%d1%85%d0%b8%d1%80%d1%83%d1%80%d0%b3%d0%b8%d1%8f-%d0%bb%d0%b8%d1%86%d0%b0/%d1%81%d1%82%d1%80%d0%b0%d0%bd%d0%b8%d1%86%d0%b0/3/,301,/ru/%d0%b1%d0%bb%d0%be%d0%b3/,301,Эстетическая хирургия лица архивы - Страница 3 из 3 - MedicsIntegralSalut,,crawl_only,,,sistema traducido (taxonomía/autor/paginación) → regla E-bis
/ru/%d0%ba%d0%b0%d1%82%d0%b5%d0%b3%d0%be%d1%80%d0%b8%d1%8f/%d0%bf%d0%bb%d0%b0%d1%81%d1%82%d0%b8%d1%87%d0%b5%d1%81%d0%ba%d0%b0%d1%8f-%d1%85%d0%b8%d1%80%d1%83%d1%80%d0%b3%d0%b8%d1%8f-%d0%b3%d1%80%d1%83%d0%b4%d0%b8/%d1%81%d1%82%d1%80%d0%b0%d0%bd%d0%b8%d1%86%d0%b0/3/,301,/ru/%d0%b1%d0%bb%d0%be%d0%b3/,301,Увеличить грудь arquivos - Страница 3 из 3 - MedicsIntegralSalut,,crawl_only,,,sistema traducido (taxonomía/autor/paginación) → regla E-bis
/ru/%d1%82%d0%b5%d0%b3/%d0%ba%d0%be%d0%bd%d1%82%d1%80%d0%b0%d0%ba%d1%82%d1%83%d1%80%d0%b0-%d0%ba%d0%b0%d0%bf%d1%81%d1%83%d0%bb%d1%8b/,mantener,/ru/%d1%82%d0%b5%d0%b3/%d0%ba%d0%be%d0%bd%d1%82%d1%80%d0%b0%d0%ba%d1%82%d1%83%d1%80%d0%b0-%d0%ba%d0%b0%d0%bf%d1%81%d1%83%d0%bb%d1%8b/,200,Контрактура капсулы файлы - MedicsIntegralSalut,,crawl_only,,,
/ru/%d1%82%d0%b5%d0%b3/el-que-has-saber-sobre-laugment-de-pit/,mantener,/ru/%d1%82%d0%b5%d0%b3/el-que-has-saber-sobre-laugment-de-pit/,200,El que has saber sobre l'augment de pit archivos - MedicsIntegralSalut,,crawl_only,,,
/ru/%d1%82%d0%b5%d0%b3/tipus-de-protesi/,mantener,/ru/%d1%82%d0%b5%d0%b3/tipus-de-protesi/,200,Tipus de pròtesi archivos - MedicsIntegralSalut,,crawl_only,,,
/ru/%d1%82%d0%b5%d0%b3/cuidados-para-la-piel/,mantener,/ru/%d1%82%d0%b5%d0%b3/cuidados-para-la-piel/,200,cuidados para la piel archivos - MedicsIntegralSalut,,crawl_only,,,
/ru/%d1%82%d0%b5%d0%b3/%d0%b3%d0%bb%d0%b0%d0%b7%d0%b0/,mantener,/ru/%d1%82%d0%b5%d0%b3/%d0%b3%d0%bb%d0%b0%d0%b7%d0%b0/,200,Ojos Archivos - MedicsIntegralSalut,,crawl_only,,,
/ru/%d1%82%d0%b5%d0%b3/%d0%bf%d0%be%d0%b4%d1%8a%d0%b5%d0%bc/,mantener,/ru/%d1%82%d0%b5%d0%b3/%d0%bf%d0%be%d0%b4%d1%8a%d0%b5%d0%bc/,200,подъем архивов - MedicsIntegralSalut,,crawl_only,,,
/ru/rejuvenecimiento-facial-girona-LANDING/,410,,410,,,crawl_only,,,"PROPUESTA: 410 (404 hoy, landing retirada, sin tráfico) · RESUELTO 28/09: propuesta aplicada"
/ru/%d1%82%d0%b5%d0%b3/%d0%b7%d0%b4%d0%be%d1%80%d0%be%d0%b2%d1%8b%d0%b9-%d0%be%d0%b1%d1%80%d0%b0%d0%b7-%d0%b6%d0%b8%d0%b7%d0%bd%d0%b8/,mantener,/ru/%d1%82%d0%b5%d0%b3/%d0%b7%d0%b4%d0%be%d1%80%d0%be%d0%b2%d1%8b%d0%b9-%d0%be%d0%b1%d1%80%d0%b0%d0%b7-%d0%b6%d0%b8%d0%b7%d0%bd%d0%b8/,200,здоровый образ жизни архивы - MedicsIntegralSalut,,crawl_only,,,
/ru/%d1%82%d0%b5%d0%b3/contractura-capsular/,mantener,/ru/%d1%82%d0%b5%d0%b3/contractura-capsular/,200,Контрактура капсулы файлы - MedicsIntegralSalut,,crawl_only,,,
/ru/%d1%82%d0%b5%d0%b3/lo-que-debes-saber-sobre-el-aumento-de-pecho/,mantener,/ru/%d1%82%d0%b5%d0%b3/lo-que-debes-saber-sobre-el-aumento-de-pecho/,200,Lo que debes saber sobre el aumento de pecho archivos - MedicsIntegralSalut,,crawl_only,,,
/ru/%d1%82%d0%b5%d0%b3/tipo-de-protesis/,mantener,/ru/%d1%82%d0%b5%d0%b3/tipo-de-protesis/,200,Tipo de prótesis archivos - MedicsIntegralSalut,,crawl_only,,,
/ru/%d1%82%d0%b5%d0%b3/%d1%80%d0%b0%d0%b7%d0%bc%d0%b5%d1%80-%d0%bf%d1%80%d0%be%d1%82%d0%b5%d0%b7%d0%b0/,mantener,/ru/%d1%82%d0%b5%d0%b3/%d1%80%d0%b0%d0%b7%d0%bc%d0%b5%d1%80-%d0%bf%d1%80%d0%be%d1%82%d0%b5%d0%b7%d0%b0/,200,размер протезных файлов - MedicsIntegralSalut,,crawl_only,,,
/uk/%d0%b0%d0%b2%d1%82%d0%be%d1%80/infomedicstetics/%d1%81%d1%82%d0%be%d1%80%d1%96%d0%bd%d0%ba%d0%b0/3/,301,/uk/%d0%b1%d0%bb%d0%be%d0%b3/,301,"Clínica Medics Integral Salut, autor en MedicsIntegralSalut - Сторінка 3 з 11",,crawl_only,,,sistema traducido (taxonomía/autor/paginación) → regla E-bis
/uk/%d0%ba%d0%b0%d1%82%d0%b5%d0%b3%d0%be%d1%80%d1%96%d1%8f/%d0%b5%d1%81%d1%82%d0%b5%d1%82%d0%b8%d1%87%d0%bd%d0%b0-%d1%85%d1%96%d1%80%d1%83%d1%80%d0%b3%d1%96%d1%8f-%d0%be%d0%b1%d0%bb%d0%b8%d1%87%d1%87%d1%8f-2/%d1%81%d1%82%d0%be%d1%80%d1%96%d0%bd%d0%ba%d0%b0/3/,301,/uk/%d0%b1%d0%bb%d0%be%d0%b3/,301,Cirugia estética facial archivos - Сторінка 3 з 3 - MedicsIntegralSalut,,crawl_only,,,sistema traducido (taxonomía/autor/paginación) → regla E-bis
/uk/%d0%ba%d0%b0%d1%82%d0%b5%d0%b3%d0%be%d1%80%d1%96%d1%8f/%d0%b5%d1%81%d1%82%d0%b5%d1%82%d0%b8%d1%87%d0%bd%d0%b0-%d1%85%d1%96%d1%80%d1%83%d1%80%d0%b3%d1%96%d1%8f-%d0%b3%d1%80%d1%83%d0%b4%d0%b5%d0%b9-2/%d1%81%d1%82%d0%be%d1%80%d1%96%d0%bd%d0%ba%d0%b0/3/,301,/uk/%d0%b1%d0%bb%d0%be%d0%b3/,301,Cirugía estética mamas archivos - Сторінка 3 з 3 - MedicsIntegralSalut,,crawl_only,,,sistema traducido (taxonomía/autor/paginación) → regla E-bis
/uk/%d1%82%d0%b5%d0%b3/%d0%ba%d0%b0%d0%bf%d1%81%d1%83%d0%bb%d1%8f%d1%80%d0%bd%d0%b0-%d0%ba%d0%be%d0%bd%d1%82%d1%80%d0%b0%d0%ba%d1%82%d1%83%d1%80%d0%b0/,mantener,/uk/%d1%82%d0%b5%d0%b3/%d0%ba%d0%b0%d0%bf%d1%81%d1%83%d0%bb%d1%8f%d1%80%d0%bd%d0%b0-%d0%ba%d0%be%d0%bd%d1%82%d1%80%d0%b0%d0%ba%d1%82%d1%83%d1%80%d0%b0/,200,Архів «Капсулярна контрактура» — MedicsIntegralSalut,,crawl_only,,,
/uk/%d1%82%d0%b5%d0%b3/el-que-has-saber-sobre-laugment-de-pit/,mantener,/uk/%d1%82%d0%b5%d0%b3/el-que-has-saber-sobre-laugment-de-pit/,200,El que has saber sobre l'augment de pit archivos - MedicsIntegralSalut,,crawl_only,,,
/uk/%d1%82%d0%b5%d0%b3/tipus-de-protesi/,mantener,/uk/%d1%82%d0%b5%d0%b3/tipus-de-protesi/,200,Tipus de pròtesi archivos - MedicsIntegralSalut,,crawl_only,,,
/uk/%d1%82%d0%b5%d0%b3/%d0%b4%d0%be%d0%b3%d0%bb%d1%8f%d0%b4-%d0%b7%d0%b0-%d1%88%d0%ba%d1%96%d1%80%d0%be%d1%8e/,mantener,/uk/%d1%82%d0%b5%d0%b3/%d0%b4%d0%be%d0%b3%d0%bb%d1%8f%d0%b4-%d0%b7%d0%b0-%d1%88%d0%ba%d1%96%d1%80%d0%be%d1%8e/,200,cuidados para la piel archivos - MedicsIntegralSalut,,crawl_only,,,
/uk/%d1%82%d0%b5%d0%b3/ojos/,mantener,/uk/%d1%82%d0%b5%d0%b3/ojos/,200,ojos archivos - MedicsIntegralSalut,,crawl_only,,,
/uk/%d1%82%d0%b5%d0%b3/%d0%bb%d1%96%d1%84%d1%82%d0%b8%d0%bd%d0%b3/,mantener,/uk/%d1%82%d0%b5%d0%b3/%d0%bb%d1%96%d1%84%d1%82%d0%b8%d0%bd%d0%b3/,200,пошук файлів - MedicsIntegralSalut,,crawl_only,,,
/uk/rejuvenecimiento-facial-girona-LANDING/,410,,410,,,crawl_only,,,"PROPUESTA: 410 (404 hoy, landing retirada, sin tráfico) · RESUELTO 28/09: propuesta aplicada"
/uk/%d1%82%d0%b5%d0%b3/%d0%b7%d0%b4%d0%be%d1%80%d0%be%d0%b2%d0%b8%d0%b9-%d1%81%d0%bf%d0%be%d1%81%d1%96%d0%b1-%d0%b6%d0%b8%d1%82%d1%82%d1%8f/,mantener,/uk/%d1%82%d0%b5%d0%b3/%d0%b7%d0%b4%d0%be%d1%80%d0%be%d0%b2%d0%b8%d0%b9-%d1%81%d0%bf%d0%be%d1%81%d1%96%d0%b1-%d0%b6%d0%b8%d1%82%d1%82%d1%8f/,200,Архів «Здоровий спосіб життя» — MedicsIntegralSalut,,crawl_only,,,
/uk/%d1%82%d0%b5%d0%b3/%d0%ba%d0%b0%d0%bf%d1%81%d1%83%d0%bb%d1%8f%d1%80%d0%bd%d0%b0-%d0%ba%d0%be%d0%bd%d1%82%d1%80%d0%b0%d0%ba%d1%82%d1%83%d1%80%d0%b0-2/,mantener,/uk/%d1%82%d0%b5%d0%b3/%d0%ba%d0%b0%d0%bf%d1%81%d1%83%d0%bb%d1%8f%d1%80%d0%bd%d0%b0-%d0%ba%d0%be%d0%bd%d1%82%d1%80%d0%b0%d0%ba%d1%82%d1%83%d1%80%d0%b0-2/,200,Архів «Капсулярна контрактура» — MedicsIntegralSalut,,crawl_only,,,
/uk/%d1%82%d0%b5%d0%b3/%d1%89%d0%be-%d0%bf%d0%be%d1%82%d1%80%d1%96%d0%b1%d0%bd%d0%be-%d0%b7%d0%bd%d0%b0%d1%82%d0%b8-%d0%bf%d1%80%d0%be-%d0%b7%d0%b1%d1%96%d0%bb%d1%8c%d1%88%d0%b5%d0%bd%d0%bd%d1%8f-%d0%b3%d1%80%d1%83%d0%b4/,mantener,/uk/%d1%82%d0%b5%d0%b3/%d1%89%d0%be-%d0%bf%d0%be%d1%82%d1%80%d1%96%d0%b1%d0%bd%d0%be-%d0%b7%d0%bd%d0%b0%d1%82%d0%b8-%d0%bf%d1%80%d0%be-%d0%b7%d0%b1%d1%96%d0%bb%d1%8c%d1%88%d0%b5%d0%bd%d0%bd%d1%8f-%d0%b3%d1%80%d1%83%d0%b4/,200,Що потрібно знати про збільшення грудей — архів — MedicsIntegralSalut,,crawl_only,,,
/uk/%d1%82%d0%b5%d0%b3/tipo-de-protesis/,mantener,/uk/%d1%82%d0%b5%d0%b3/tipo-de-protesis/,200,Tipo de prótesis archivos - MedicsIntegralSalut,,crawl_only,,,
/uk/%d1%82%d0%b5%d0%b3/%d1%80%d0%be%d0%b7%d0%bc%d1%96%d1%80-%d0%bf%d1%80%d0%be%d1%82%d0%b5%d0%b7%d0%b0/,mantener,/uk/%d1%82%d0%b5%d0%b3/%d1%80%d0%be%d0%b7%d0%bc%d1%96%d1%80-%d0%bf%d1%80%d0%be%d1%82%d0%b5%d0%b7%d0%b0/,200,розмір протезів — файли — MedicsIntegralSalut,,crawl_only,,,
/ca/autor/infomedicsestetics/pagina/3/,301,/ca/bloc/,301,"Clínica Medics Integral Salut, autor en MedicsIntegralSalut - Pàgina 3 de 11",,crawl_only,,0,sistema traducido (taxonomía/autor/paginación) → regla E-bis
/ca/categoria/cirurgia-estetica-facial-2/pagina/3/,301,/ca/bloc/,301,Cirurgia estètica facial arxius - Pàgina 3 de 3 - MedicsIntegralSalut,,crawl_only,,,sistema traducido (taxonomía/autor/paginación) → regla E-bis
/ca/categoria/cirurgia-estetica-de-mames/pagina/3/,301,/ca/bloc/,301,Cirurgia estètica piters arxius - Pàgina 3 de 3 - MedicsIntegralSalut,,crawl_only,,0,sistema traducido (taxonomía/autor/paginación) → regla E-bis
/ca/etiqueta/contractura-capsular-ca/,301,/ca/bloc/,301,Contractura capsular archivos - MedicsIntegralSalut,,crawl_only,,,sistema traducido (taxonomía/autor/paginación) → regla E-bis
/ca/etiqueta/el-que-has-de-saber-sobre-laugment-de-pit/,301,/ca/bloc/,301,El que has de saber sobre l'augment dels fitxers pit - MedicsIntegralSalut,,crawl_only,,,sistema traducido (taxonomía/autor/paginación) → regla E-bis
/ca/etiqueta/tipus-de-protesi/,301,/ca/bloc/,301,Tipus de pròtesi arxius - MedicsIntegralSalut,,crawl_only,,,sistema traducido (taxonomía/autor/paginación) → regla E-bis
/ca/etiqueta/cura-de-la-pell/,301,/ca/bloc/,301,cuidados para la piel archivos - MedicsIntegralSalut,,crawl_only,,,sistema traducido (taxonomía/autor/paginación) → regla E-bis
/ca/etiqueta/ojos/,301,/ca/bloc/,301,ojos archivos - MedicsIntegralSalut,,crawl_only,,,sistema traducido (taxonomía/autor/paginación) → regla E-bis
/ca/etiqueta/aixecar/,301,/ca/bloc/,301,lifting archivos - MedicsIntegralSalut,,crawl_only,,,sistema traducido (taxonomía/autor/paginación) → regla E-bis
/ca/rejuvenecimiento-facial-girona-LANDING/,410,,410,,,crawl_only,,,"PROPUESTA: 410 (404 hoy, landing retirada, sin tráfico) · RESUELTO 28/09: propuesta aplicada"
/ca/etiqueta/vida-saludable/,301,/ca/bloc/,301,estils de vida saludables arxius - MedicsIntegralSalut,,crawl_only,,,sistema traducido (taxonomía/autor/paginación) → regla E-bis
/ca/etiqueta/contractura-capsular/,301,/ca/bloc/,301,Contractura capsular archivos - MedicsIntegralSalut,,crawl_only,,,sistema traducido (taxonomía/autor/paginación) → regla E-bis
/ca/etiqueta/lo-que-debes-saber-sobre-el-aumento-de-pecho/,301,/ca/bloc/,301,Lo que debes saber sobre el aumento de pecho archivos - MedicsIntegralSalut,,crawl_only,,,sistema traducido (taxonomía/autor/paginación) → regla E-bis
/ca/etiqueta/tipo-de-protesis/,301,/ca/bloc/,301,Tipo de prótesis archivos - MedicsIntegralSalut,,crawl_only,,,sistema traducido (taxonomía/autor/paginación) → regla E-bis
/ca/etiqueta/tamano-de-protesis/,301,/ca/bloc/,301,tamaño de prótesis archivos - MedicsIntegralSalut,,crawl_only,,,sistema traducido (taxonomía/autor/paginación) → regla E-bis
/category/cirugia-estetica-facial/page/3/,301,/category/cirugia-estetica-facial/,301,Cirugia estética facial archivos - Página 3 de 3 - MedicsIntegralSalut,,sistema,,,
/category/cirugia-estetica-mamas/page/3/,301,/category/cirugia-estetica-mamas/,301,Cirugía estética mamas archivos - Página 3 de 3 - MedicsIntegralSalut,,sistema,1,0,
/tag/cuidados-para-la-piel/,301,/blog/,301,cuidados para la piel archivos - MedicsIntegralSalut,,sistema,,,
/en/tag/evaluacion/,301,/en/blog/,301,evaluación archivos - MedicsIntegralSalut,,crawl_only,,,sistema traducido (taxonomía/autor/paginación) → regla E-bis
/en/tag/gluteos/,301,/en/blog/,301,glúteos archivos - MedicsIntegralSalut,,crawl_only,,,sistema traducido (taxonomía/autor/paginación) → regla E-bis
/tag/ojos/,301,/blog/,301,ojos archivos - MedicsIntegralSalut,,sistema,,0,
/tag/lifting/,301,/blog/,301,lifting archivos - MedicsIntegralSalut,,sistema,,,
/tag/vida-saludable/,301,/blog/,301,vida saludable archivos - MedicsIntegralSalut,,sistema,,,
/tag/contractura-capsular-ca/,301,/blog/,301,Contractura capsular archivos - MedicsIntegralSalut,,sistema,,,
/tag/el-que-has-saber-sobre-laugment-de-pit/,301,/blog/,301,El que has saber sobre l'augment de pit archivos - MedicsIntegralSalut,,sistema,,,
/tag/tipus-de-protesi/,301,/blog/,301,Tipus de pròtesi archivos - MedicsIntegralSalut,,sistema,,,
/tag/contractura-capsular/,301,/blog/,301,Contractura capsular archivos - MedicsIntegralSalut,,sistema,,,
/tag/lo-que-debes-saber-sobre-el-aumento-de-pecho/,301,/blog/,301,Lo que debes saber sobre el aumento de pecho archivos - MedicsIntegralSalut,,sistema,,,
/tag/tipo-de-protesis/,301,/blog/,301,Tipo de prótesis archivos - MedicsIntegralSalut,,sistema,,,
/tag/tamano-de-protesis/,301,/blog/,301,tamaño de prótesis archivos - MedicsIntegralSalut,,sistema,,,
/en/portfolio_page/rhinoplasty/,mantener,/en/portfolio_page/rhinoplasty/,200,Rinoplastia - MedicsIntegralSalut,,crawl_only,,,
/en/portfolio_page/gynaecomastia/,mantener,/en/portfolio_page/gynaecomastia/,200,Lip augmentation - MedicsIntegralSalut,,crawl_only,,,
/portfolio_page/liposuccio/,mantener,/portfolio_page/liposuccio/,200,Liposucció - MedicsIntegralSalut,,crawl_only,,,
/fr/page_de_portfolio/liposuccion-2/,mantener,/fr/page_de_portfolio/liposuccion-2/,200,Liposuccion - MedicsIntegralSalut,,crawl_only,,,
/ru/%d0%bf%d0%be%d1%80%d1%82%d1%84%d0%be%d0%bb%d0%b8%d0%be/%d0%bb%d0%b8%d0%bf%d0%be%d1%81%d0%b0%d0%ba%d1%86%d0%b8%d1%8f/,mantener,/ru/%d0%bf%d0%be%d1%80%d1%82%d1%84%d0%be%d0%bb%d0%b8%d0%be/%d0%bb%d0%b8%d0%bf%d0%be%d1%81%d0%b0%d0%ba%d1%86%d0%b8%d1%8f/,200,Липосакция - MedicsIntegralSalut,,crawl_only,,,
/uk/portfolio_page/%d0%bb%d1%96%d0%bf%d0%be%d1%81%d0%b0%d0%ba%d1%86%d1%96%d1%8f/,mantener,/uk/portfolio_page/%d0%bb%d1%96%d0%bf%d0%be%d1%81%d0%b0%d0%ba%d1%86%d1%96%d1%8f/,200,Ліпосакція — MedicsIntegralSalut,,crawl_only,,,
/ca/portfoli_pagina/lipoescultura/,mantener,/ca/portfoli_pagina/lipoescultura/,200,Liposucció - MedicsIntegralSalut,,crawl_only,,,
/portfolio_page/aumento-pechos/,mantener,/portfolio_page/aumento-pechos/,200,Aumento pechos - MedicsIntegralSalut,,crawl_only,,,
/fr/page_de_portfolio/aumento-pechos/,mantener,/fr/page_de_portfolio/aumento-pechos/,200,Aumento pechos - MedicsIntegralSalut,,crawl_only,,,
/ru/%d0%bf%d0%be%d1%80%d1%82%d1%84%d0%be%d0%bb%d0%b8%d0%be/aumento-pechos/,mantener,/ru/%d0%bf%d0%be%d1%80%d1%82%d1%84%d0%be%d0%bb%d0%b8%d0%be/aumento-pechos/,200,Aumento pechos - MedicsIntegralSalut,,crawl_only,,,
/uk/portfolio_page/aumento-pechos/,mantener,/uk/portfolio_page/aumento-pechos/,200,Aumento pechos - MedicsIntegralSalut,,crawl_only,,,
/ca/portfoli_pagina/aumento-pechos/,mantener,/ca/portfoli_pagina/aumento-pechos/,200,Aumento pechos - MedicsIntegralSalut,,crawl_only,,,
/en/author/infomedicstetics/page/4/,301,/en/author/infomedicstetics/,301,"Clínica Medics Integral Salut, autor en MedicsIntegralSalut - Page 4 of 11",,sistema,,,
/ca/unitats/cirurgia-estetica-masculina/liftting-de-coll-i-papada/,301,/ca/unitats/cirurgia-estetica-masculina/estirament-de-coll-i-papada/,301,Coll i papada - MedicsIntegralSalut,,crawl_only,1,0,duplicada: 301 a su canónica (aprobado Oscar 27/09/2026)
/fr/auteur/infomedicestetique/page/4/,301,/fr/auteur/infomedicestetique/,301,"Clínica Medics Integral Salut, auteur sur MedicsIntegralSalut - Page 4 sur 11",,sistema,,,
/fr/etiquette/evaluacion/,301,/fr/blog/,301,evaluación archivos - MedicsIntegralSalut,,crawl_only,,,sistema traducido (taxonomía/autor/paginación) → regla E-bis
/fr/etiquette/fessiers/,301,/fr/blog/,301,fichiers fessiers - MedicsIntegralSalut,,crawl_only,,,sistema traducido (taxonomía/autor/paginación) → regla E-bis
/ru/%d0%b0%d0%b2%d1%82%d0%be%d1%80/%d0%b8%d0%bd%d1%84%d0%be%d0%bc%d0%b5%d0%b4%d0%b8%d0%ba%d1%8d%d1%81%d1%82%d0%b5%d1%82%d0%b8%d0%ba%d1%81/%d1%81%d1%82%d1%80%d0%b0%d0%bd%d0%b8%d1%86%d0%b0/4/,301,/ru/%d0%b1%d0%bb%d0%be%d0%b3/,301,"Clínica Medics Integral Salut, автор MedicsIntegralSalut - Страница 4 из 11",,crawl_only,,,sistema traducido (taxonomía/autor/paginación) → regla E-bis
/ru/%d1%82%d0%b5%d0%b3/evaluacion/,mantener,/ru/%d1%82%d0%b5%d0%b3/evaluacion/,200,evaluación archivos - MedicsIntegralSalut,,crawl_only,,,
/ru/%d1%82%d0%b5%d0%b3/%d1%8f%d0%b3%d0%be%d0%b4%d0%b8%d1%86%d1%8b/,mantener,/ru/%d1%82%d0%b5%d0%b3/%d1%8f%d0%b3%d0%be%d0%b4%d0%b8%d1%86%d1%8b/,200,глютеос файлы - MedicsIntegralSalut,,crawl_only,,,
/uk/%d0%b0%d0%b2%d1%82%d0%be%d1%80/infomedicstetics/%d1%81%d1%82%d0%be%d1%80%d1%96%d0%bd%d0%ba%d0%b0/4/,301,/uk/%d0%b1%d0%bb%d0%be%d0%b3/,301,"Клініка «Medics Integral Salut», автор у MedicsIntegralSalut — Сторінка 4 з 11",,crawl_only,,,sistema traducido (taxonomía/autor/paginación) → regla E-bis
/uk/%d1%82%d0%b5%d0%b3/%d0%be%d1%86%d1%96%d0%bd%d0%ba%d0%b0/,mantener,/uk/%d1%82%d0%b5%d0%b3/%d0%be%d1%86%d1%96%d0%bd%d0%ba%d0%b0/,200,оцінка документів - MedicsIntegralSalut,,crawl_only,,,
/uk/%d1%82%d0%b5%d0%b3/%d1%81%d1%96%d0%b4%d0%bd%d0%b8%d1%86%d1%96/,mantener,/uk/%d1%82%d0%b5%d0%b3/%d1%81%d1%96%d0%b4%d0%bd%d0%b8%d1%86%d1%96/,200,архів «сідниці» — MedicsIntegralSalut,,crawl_only,,,
/ca/autor/infomedicsestetics/pagina/4/,301,/ca/bloc/,301,"Clínica Medics Integral Salut, autor en MedicsIntegralSalut - Pàgina 4 de 11",,crawl_only,,,sistema traducido (taxonomía/autor/paginación) → regla E-bis
/ca/etiqueta/avaluacio-2/,301,/ca/bloc/,301,Avaluació d'arxius - MedicsIntegralSalut,,crawl_only,,,sistema traducido (taxonomía/autor/paginación) → regla E-bis
/ca/etiqueta/glutis-2/,301,/ca/bloc/,301,glutis arxius - MedicsIntegralSalut,,crawl_only,,,sistema traducido (taxonomía/autor/paginación) → regla E-bis
/tag/evaluacion/,301,/blog/,301,evaluación archivos - MedicsIntegralSalut,,sistema,,,
/tag/gluteos/,301,/blog/,301,glúteos archivos - MedicsIntegralSalut,,sistema,,0,
/en/portfolio_page/lipogilling/,mantener,/en/portfolio_page/lipogilling/,200,Liposucción - MedicsIntegralSalut,,crawl_only,,,
/portfolio_page/rinoplastia/,mantener,/portfolio_page/rinoplastia/,200,Rinoplastia - MedicsIntegralSalut,,crawl_only,,0,
/fr/page_de_portfolio/rhinoplastie/,mantener,/fr/page_de_portfolio/rhinoplastie/,200,Rinoplastia - MedicsIntegralSalut,,crawl_only,,,
/ru/%d0%bf%d0%be%d1%80%d1%82%d1%84%d0%be%d0%bb%d0%b8%d0%be/%d1%80%d0%b8%d0%bd%d0%be%d0%bf%d0%bb%d0%b0%d1%81%d1%82%d0%b8%d0%ba%d0%b0/,mantener,/ru/%d0%bf%d0%be%d1%80%d1%82%d1%84%d0%be%d0%bb%d0%b8%d0%be/%d1%80%d0%b8%d0%bd%d0%be%d0%bf%d0%bb%d0%b0%d1%81%d1%82%d0%b8%d0%ba%d0%b0/,200,Rinoplastia - MedicsIntegralSalut,,crawl_only,,,
/uk/portfolio_page/%d1%80%d0%b8%d0%bd%d0%be%d0%bf%d0%bb%d0%b0%d1%81%d1%82%d0%b8%d0%ba%d0%b0-2/,mantener,/uk/portfolio_page/%d1%80%d0%b8%d0%bd%d0%be%d0%bf%d0%bb%d0%b0%d1%81%d1%82%d0%b8%d0%ba%d0%b0-2/,200,Rinoplastia - MedicsIntegralSalut,,crawl_only,,,
/ca/portfoli_pagina/rinoplastia/,mantener,/ca/portfoli_pagina/rinoplastia/,200,Rinoplàstia - MedicsIntegralSalut,,crawl_only,,,
/portfolio_page/ginecomastia/,mantener,/portfolio_page/ginecomastia/,200,Aumento de labios - MedicsIntegralSalut,,crawl_only,,,
/fr/page_de_portfolio/gynecomastie/,mantener,/fr/page_de_portfolio/gynecomastie/,200,Aumento de labios - MedicsIntegralSalut,,crawl_only,,,
/ru/%d0%bf%d0%be%d1%80%d1%82%d1%84%d0%be%d0%bb%d0%b8%d0%be/%d0%b3%d0%b8%d0%bd%d0%b5%d0%ba%d0%be%d0%bc%d0%b0%d1%81%d1%82%d0%b8%d1%8f-2/,mantener,/ru/%d0%bf%d0%be%d1%80%d1%82%d1%84%d0%be%d0%bb%d0%b8%d0%be/%d0%b3%d0%b8%d0%bd%d0%b5%d0%ba%d0%be%d0%bc%d0%b0%d1%81%d1%82%d0%b8%d1%8f-2/,200,Увеличение губ — MedicsIntegralSalut,,crawl_only,,,
/uk/portfolio_page/%d0%b3%d1%96%d0%bd%d0%b5%d0%ba%d0%be%d0%bc%d0%b0%d1%81%d1%82%d1%96%d1%8f/,mantener,/uk/portfolio_page/%d0%b3%d1%96%d0%bd%d0%b5%d0%ba%d0%be%d0%bc%d0%b0%d1%81%d1%82%d1%96%d1%8f/,200,Aumento de labios - MedicsIntegralSalut,,crawl_only,,,
/ca/portfoli_pagina/ginecomastia/,mantener,/ca/portfoli_pagina/ginecomastia/,200,Augment de llavis - MedicsIntegralSalut,,crawl_only,,,
/en/author/infomedicstetics/page/5/,301,/en/author/infomedicstetics/,301,"Clínica Medics Integral Salut, author on MedicsIntegralSalut - Page 5 of 11",,sistema,,,
/wp-content/uploads/2019/10/Ginecomastia_1.jpg,mantener,/wp-content/uploads/2019/10/Ginecomastia_1.jpg,200,,,crawl_only,,,
/wp-content/uploads/2019/10/Ginecomastia_2.jpg,mantener,/wp-content/uploads/2019/10/Ginecomastia_2.jpg,200,,,crawl_only,,,
/wp-content/uploads/2019/10/Ginecomastia_3.jpg,mantener,/wp-content/uploads/2019/10/Ginecomastia_3.jpg,200,,,crawl_only,,,
/wp-content/uploads/2019/10/Ginecomastia_4.jpg,mantener,/wp-content/uploads/2019/10/Ginecomastia_4.jpg,200,,,crawl_only,,,
/wp-content/uploads/2019/10/Ginecomastia_5.jpg,mantener,/wp-content/uploads/2019/10/Ginecomastia_5.jpg,200,,,crawl_only,,,
/wp-content/uploads/2019/10/Ginecomastia_6.jpg,mantener,/wp-content/uploads/2019/10/Ginecomastia_6.jpg,200,,,crawl_only,,,
/wp-content/uploads/2019/10/Ginecomastia_7.jpg,mantener,/wp-content/uploads/2019/10/Ginecomastia_7.jpg,200,,,crawl_only,,,
/wp-content/uploads/2019/10/Ginecomastia_8.jpg,mantener,/wp-content/uploads/2019/10/Ginecomastia_8.jpg,200,,,crawl_only,,,
/ca/unitats/medicina-estetica-facial/arrugues-dexpresio/,301,/ca/unitats/medicina-estetica-facial/arrugues-dexpressio/,301,Arrugues causades per l'expressió - MedicsIntegralSalut,,crawl_only,1,0,duplicada: 301 a su canónica (aprobado Oscar 27/09/2026)
/fr/auteur/infomedicestetique/page/5/,301,/fr/auteur/infomedicestetique/,301,"Clínica Medics Integral Salut, auteur de MedicsIntegralSalut - Page 5 sur 11",,sistema,,,
/ru/%d0%b0%d0%b2%d1%82%d0%be%d1%80/%d0%b8%d0%bd%d1%84%d0%be%d0%bc%d0%b5%d0%b4%d0%b8%d0%ba%d1%8d%d1%81%d1%82%d0%b5%d1%82%d0%b8%d0%ba%d1%81/%d1%81%d1%82%d1%80%d0%b0%d0%bd%d0%b8%d1%86%d0%b0/5/,301,/ru/%d0%b1%d0%bb%d0%be%d0%b3/,301,"Clínica Medics Integral Salut, автор MedicsIntegralSalut - Страница 5 из 11",,crawl_only,,,sistema traducido (taxonomía/autor/paginación) → regla E-bis
/uk/%d0%b0%d0%b2%d1%82%d0%be%d1%80/infomedicstetics/%d1%81%d1%82%d0%be%d1%80%d1%96%d0%bd%d0%ba%d0%b0/5/,301,/uk/%d0%b1%d0%bb%d0%be%d0%b3/,301,"Клініка «Medics Integral Salut», автор у MedicsIntegralSalut — Сторінка 5 з 11",,crawl_only,,,sistema traducido (taxonomía/autor/paginación) → regla E-bis
/ca/autor/infomedicsestetics/pagina/5/,301,/ca/bloc/,301,"Clínica Medics Integral Salut, autor en MedicsIntegralSalut - Pàgina 5 de 11",,crawl_only,,0,sistema traducido (taxonomía/autor/paginación) → regla E-bis
/portfolio_page/lipogilling/,mantener,/portfolio_page/lipogilling/,200,Liposucción - MedicsIntegralSalut,,crawl_only,,0,
/fr/page_de_portfolio/lipogilling/,mantener,/fr/page_de_portfolio/lipogilling/,200,Liposucción - MedicsIntegralSalut,,crawl_only,,,
/ru/%d0%bf%d0%be%d1%80%d1%82%d1%84%d0%be%d0%bb%d0%b8%d0%be/lipogilling/,mantener,/ru/%d0%bf%d0%be%d1%80%d1%82%d1%84%d0%be%d0%bb%d0%b8%d0%be/lipogilling/,200,Liposucción - MedicsIntegralSalut,,crawl_only,,,
/uk/portfolio_page/lipogilling/,mantener,/uk/portfolio_page/lipogilling/,200,Liposucción - MedicsIntegralSalut,,crawl_only,,,
/ca/portfoli_pagina/lipogilling/,mantener,/ca/portfoli_pagina/lipogilling/,200,Liposucción - MedicsIntegralSalut,,crawl_only,,,
/en/author/infomedicstetics/page/6/,301,/en/author/infomedicstetics/,301,"Clínica Medics Integral Salut, autor en MedicsIntegralSalut - Page 6 of 11",,sistema,,0,
/fr/auteur/infomedicestetique/page/6/,301,/fr/auteur/infomedicestetique/,301,"Clínica Medics Integral Salut, auteur sur MedicsIntegralSalut - Page 6 sur 11",,sistema,,,
/ru/%d0%b0%d0%b2%d1%82%d0%be%d1%80/%d0%b8%d0%bd%d1%84%d0%be%d0%bc%d0%b5%d0%b4%d0%b8%d0%ba%d1%8d%d1%81%d1%82%d0%b5%d1%82%d0%b8%d0%ba%d1%81/%d1%81%d1%82%d1%80%d0%b0%d0%bd%d0%b8%d1%86%d0%b0/6/,301,/ru/%d0%b1%d0%bb%d0%be%d0%b3/,301,"Clínica Medics Integral Salut, autor en MedicsIntegralSalut - Страница 6 из 11",,crawl_only,,,sistema traducido (taxonomía/autor/paginación) → regla E-bis
/uk/%d0%b0%d0%b2%d1%82%d0%be%d1%80/infomedicstetics/%d1%81%d1%82%d0%be%d1%80%d1%96%d0%bd%d0%ba%d0%b0/6/,301,/uk/%d0%b1%d0%bb%d0%be%d0%b3/,301,"Клініка «Medics Integral Salut», автор у MedicsIntegralSalut — Сторінка 6 з 11",,crawl_only,,,sistema traducido (taxonomía/autor/paginación) → regla E-bis
/ca/autor/infomedicsestetics/pagina/6/,301,/ca/bloc/,301,"Clínica Medics Integral Salut, autor en MedicsIntegralSalut - Pàgina 6 de 11",,crawl_only,,,sistema traducido (taxonomía/autor/paginación) → regla E-bis
/en/author/infomedicstetics/page/7/,301,/en/author/infomedicstetics/,301,"Clínica Medics Integral Salut, autor en MedicsIntegralSalut - Page 7 of 11",,sistema,,,
/fr/auteur/infomedicestetique/page/7/,301,/fr/auteur/infomedicestetique/,301,"Clínica Medics Integral Salut, auteur sur MedicsIntegralSalut - Page 7 sur 11",,sistema,,0,
/ru/%d0%b0%d0%b2%d1%82%d0%be%d1%80/%d0%b8%d0%bd%d1%84%d0%be%d0%bc%d0%b5%d0%b4%d0%b8%d0%ba%d1%8d%d1%81%d1%82%d0%b5%d1%82%d0%b8%d0%ba%d1%81/%d1%81%d1%82%d1%80%d0%b0%d0%bd%d0%b8%d1%86%d0%b0/7/,301,/ru/%d0%b1%d0%bb%d0%be%d0%b3/,301,"Clínica Medics Integral Salut, autor en MedicsIntegralSalut - Страница 7 из 11",,crawl_only,,,sistema traducido (taxonomía/autor/paginación) → regla E-bis
/uk/%d0%b0%d0%b2%d1%82%d0%be%d1%80/infomedicstetics/%d1%81%d1%82%d0%be%d1%80%d1%96%d0%bd%d0%ba%d0%b0/7/,301,/uk/%d0%b1%d0%bb%d0%be%d0%b3/,301,"Клініка «Medics Integral Salut», автор у MedicsIntegralSalut — Сторінка 7 з 11",,crawl_only,,,sistema traducido (taxonomía/autor/paginación) → regla E-bis
/ca/autor/infomedicsestetics/pagina/7/,301,/ca/bloc/,301,"Clínica Medics Integral Salut, autor en MedicsIntegralSalut - Pàgina 7 de 11",,crawl_only,,0,sistema traducido (taxonomía/autor/paginación) → regla E-bis
/en/author/infomedicstetics/page/8/,301,/en/author/infomedicstetics/,301,"Clínica Medics Integral Salut, author at MedicsIntegralSalut - Page 8 of 11",,sistema,,,
/fr/auteur/infomedicestetique/page/8/,301,/fr/auteur/infomedicestetique/,301,"Dr. Medics Integral Salut, auteur sur MedicsIntegralSalut - Page 8 sur 11",,sistema,,,
/ru/%d0%b0%d0%b2%d1%82%d0%be%d1%80/%d0%b8%d0%bd%d1%84%d0%be%d0%bc%d0%b5%d0%b4%d0%b8%d0%ba%d1%8d%d1%81%d1%82%d0%b5%d1%82%d0%b8%d0%ba%d1%81/%d1%81%d1%82%d1%80%d0%b0%d0%bd%d0%b8%d1%86%d0%b0/8/,301,/ru/%d0%b1%d0%bb%d0%be%d0%b3/,301,"Clínica Medics Integral Salut, автор MedicsIntegralSalut — Страница 8 из 11",,crawl_only,,,sistema traducido (taxonomía/autor/paginación) → regla E-bis
/uk/%d0%b0%d0%b2%d1%82%d0%be%d1%80/infomedicstetics/%d1%81%d1%82%d0%be%d1%80%d1%96%d0%bd%d0%ba%d0%b0/8/,301,/uk/%d0%b1%d0%bb%d0%be%d0%b3/,301,"Clínica Medics Integral Salut, autor en MedicsIntegralSalut - Сторінка 8 з 11",,crawl_only,,,sistema traducido (taxonomía/autor/paginación) → regla E-bis
/ca/autor/infomedicsestetics/pagina/8/,301,/ca/bloc/,301,"Clínica Medics Integral Salut, autor en MedicsIntegralSalut - Pàgina 8 de 11",,crawl_only,,0,sistema traducido (taxonomía/autor/paginación) → regla E-bis
/en/author/infomedicstetics/page/9/,301,/en/author/infomedicstetics/,301,"Clínica Medics Integral Salut, autor en MedicsIntegralSalut - Page 9 of 11",,sistema,,,
/fr/auteur/infomedicestetique/page/9/,301,/fr/auteur/infomedicestetique/,301,"Clínica Medics Integral Salut, auteur sur MedicsIntegralSalut - Page 9 sur 11",,sistema,,,
/ru/%d0%b0%d0%b2%d1%82%d0%be%d1%80/%d0%b8%d0%bd%d1%84%d0%be%d0%bc%d0%b5%d0%b4%d0%b8%d0%ba%d1%8d%d1%81%d1%82%d0%b5%d1%82%d0%b8%d0%ba%d1%81/%d1%81%d1%82%d1%80%d0%b0%d0%bd%d0%b8%d1%86%d0%b0/9/,301,/ru/%d0%b1%d0%bb%d0%be%d0%b3/,301,"Clínica Medics Integral Salut, автор MedicsIntegralSalut - Страница 9 из 11",,crawl_only,,,sistema traducido (taxonomía/autor/paginación) → regla E-bis
/uk/%d0%b0%d0%b2%d1%82%d0%be%d1%80/infomedicstetics/%d1%81%d1%82%d0%be%d1%80%d1%96%d0%bd%d0%ba%d0%b0/9/,301,/uk/%d0%b1%d0%bb%d0%be%d0%b3/,301,"Клініка «Medics Integral Salut», автор у MedicsIntegralSalut — Сторінка 9 з 11",,crawl_only,,,sistema traducido (taxonomía/autor/paginación) → regla E-bis
/ca/autor/infomedicsestetics/pagina/9/,301,/ca/bloc/,301,"Clínica Medics Integral Salut, autor en MedicsIntegralSalut - Pàgina 9 de 11",,crawl_only,,0,sistema traducido (taxonomía/autor/paginación) → regla E-bis
/en/author/infomedicstetics/page/10/,301,/en/author/infomedicstetics/,301,"Clínica Medics Integral Salut, Author on MedicsIntegralSalut - Page 10 of 11",,sistema,,0,
/fr/auteur/infomedicestetique/page/10/,301,/fr/auteur/infomedicestetique/,301,"Clínica Medics Integral Salut, auteur sur MedicsIntegralSalut - Page 10 sur 11",,sistema,,,
/ru/%d0%b0%d0%b2%d1%82%d0%be%d1%80/%d0%b8%d0%bd%d1%84%d0%be%d0%bc%d0%b5%d0%b4%d0%b8%d0%ba%d1%8d%d1%81%d1%82%d0%b5%d1%82%d0%b8%d0%ba%d1%81/%d1%81%d1%82%d1%80%d0%b0%d0%bd%d0%b8%d1%86%d0%b0/10/,301,/ru/%d0%b1%d0%bb%d0%be%d0%b3/,301,"Clínica Medics Integral Salut, autor en MedicsIntegralSalut - Страница 10 из 11",,crawl_only,,,sistema traducido (taxonomía/autor/paginación) → regla E-bis
/uk/%d0%b0%d0%b2%d1%82%d0%be%d1%80/infomedicstetics/%d1%81%d1%82%d0%be%d1%80%d1%96%d0%bd%d0%ba%d0%b0/10/,301,/uk/%d0%b1%d0%bb%d0%be%d0%b3/,301,"Clínica Medics Integral Salut, autor en MedicsIntegralSalut - Сторінка 10 з 11",,crawl_only,,,sistema traducido (taxonomía/autor/paginación) → regla E-bis
/ca/autor/infomedicsestetics/pagina/10/,301,/ca/bloc/,301,"Clínica Medics Integral Salut, autor en MedicsIntegralSalut - Pàgina 10 de 11",,crawl_only,,,sistema traducido (taxonomía/autor/paginación) → regla E-bis
/en/author/infomedicstetics/page/11/,301,/en/author/infomedicstetics/,301,"Clínica Medics Integral Salut, autor en MedicsIntegralSalut - Page 11 of 11",,sistema,,,
/fr/auteur/infomedicestetique/page/11/,301,/fr/auteur/infomedicestetique/,301,"Clínica Medics Integral Salut, auteur sur MedicsIntegralSalut - Page 11 sur 11",,sistema,,0,
/ru/%d0%b0%d0%b2%d1%82%d0%be%d1%80/%d0%b8%d0%bd%d1%84%d0%be%d0%bc%d0%b5%d0%b4%d0%b8%d0%ba%d1%8d%d1%81%d1%82%d0%b5%d1%82%d0%b8%d0%ba%d1%81/%d1%81%d1%82%d1%80%d0%b0%d0%bd%d0%b8%d1%86%d0%b0/11/,301,/ru/%d0%b1%d0%bb%d0%be%d0%b3/,301,"Clínica Medics Integral Salut, autor en MedicsIntegralSalut - Страница 11 из 11",,crawl_only,,,sistema traducido (taxonomía/autor/paginación) → regla E-bis
/uk/%d0%b0%d0%b2%d1%82%d0%be%d1%80/infomedicstetics/%d1%81%d1%82%d0%be%d1%80%d1%96%d0%bd%d0%ba%d0%b0/11/,301,/uk/%d0%b1%d0%bb%d0%be%d0%b3/,301,"Клініка «Medics Integral Salut», автор у MedicsIntegralSalut — Сторінка 11 з 11",,crawl_only,,,sistema traducido (taxonomía/autor/paginación) → regla E-bis
/ca/autor/infomedicsestetics/pagina/11/,301,/ca/bloc/,301,"Clínica Medics Integral Salut, autor en MedicsIntegralSalut - Pàgina 11 de 11",,crawl_only,,,sistema traducido (taxonomía/autor/paginación) → regla E-bis
/1583-2/,301,/solucion-mamas-tuberosas/,301,,,historica,1,0,"conocida por Google, fuera del inventario actual; GSC 0 clics / 130 impr; Ahrefs 1 dominios; WordPress ya la redirige: se hereda la 301"
/5268/,301,/como-eliminar-ojeras/,301,,,historica,1,5,"conocida por Google, fuera del inventario actual; GSC 5 clics / 3114 impr; Ahrefs 1 dominios; hoy 404 con valor (clics/backlinks): decidir destino · RESUELTO 28/09: ID de WordPress 5268 = /como-eliminar-ojeras/"
/author/infomedicstetics/page/4/,301,/blog-2/,301,,,historica,,0,"conocida por Google, fuera del inventario actual; GSC 0 clics / 3 impr; hoy responde 200 y no está en el inventario: incorporar o redirigir · RESUELTO 28/09: archivo del blog -> listado"
/author/infomedicstetics/page/6/,301,/blog-2/,301,,,historica,,0,"conocida por Google, fuera del inventario actual; GSC 0 clics / 11 impr; hoy responde 200 y no está en el inventario: incorporar o redirigir · RESUELTO 28/09: archivo del blog -> listado"
/author/infomedicstetics/page/7/,301,/blog-2/,301,,,historica,,0,"conocida por Google, fuera del inventario actual; GSC 0 clics / 1 impr; hoy responde 200 y no está en el inventario: incorporar o redirigir · RESUELTO 28/09: archivo del blog -> listado"
/ca/author/infomedicstetics/page/2/,301,/ca/bloc/,301,,,historica,1,0,"conocida por Google, fuera del inventario actual; GSC 0 clics / 1 impr; Ahrefs 1 dominios; WordPress ya la redirige: se hereda la 301"
/ca/author/infomedicstetics/page/3/,301,/ca/bloc/,301,,,historica,1,0,"conocida por Google, fuera del inventario actual; GSC 0 clics / 2 impr; Ahrefs 1 dominios; WordPress ya la redirige: se hereda la 301"
/ca/author/infomedicstetics/page/4/,301,/ca/bloc/,301,,,historica,1,0,"conocida por Google, fuera del inventario actual; GSC 0 clics / 5 impr; Ahrefs 1 dominios; WordPress ya la redirige: se hereda la 301"
/ca/beauty-days/,301,/ca/dies-de-bellesa/,301,,,historica,1,0,"conocida por Google, fuera del inventario actual; GSC 0 clics / 0 impr; Ahrefs 1 dominios; WordPress ya la redirige: se hereda la 301"
/ca/blog/,mantener,/ca/blog/,200,,,historica,1,0,antes /ca/blog-2/ · renombrada 05/10/2026: URL catalana sin «-2» (decisión usuario)
/ca/categoria/cirugia-estetica-mamas/,301,/ca/bloc/,301,,,historica,,0,"conocida por Google, fuera del inventario actual; GSC 0 clics / 30 impr; WordPress ya la redirige: se hereda la 301"
/ca/categoria/cirugia-estetica-mamas/pagina/2/,301,/ca/bloc/,301,,,historica,,0,"conocida por Google, fuera del inventario actual; GSC 0 clics / 54 impr; WordPress ya la redirige: se hereda la 301"
/ca/categoria/cirugia-estetica-mamas/pagina/3/,301,/ca/bloc/,301,,,historica,,0,"conocida por Google, fuera del inventario actual; GSC 0 clics / 6 impr; WordPress ya la redirige: se hereda la 301"
/ca/category/cirurgia-estetica-corporal/,301,/ca/bloc/,301,,,historica,1,0,"conocida por Google, fuera del inventario actual; GSC 0 clics / 3 impr; Ahrefs 1 dominios; WordPress ya la redirige: se hereda la 301"
/ca/category/cirurgia-estetica-facial/,301,/ca/bloc/,301,,,historica,1,0,"conocida por Google, fuera del inventario actual; GSC 0 clics / 0 impr; Ahrefs 1 dominios; WordPress ya la redirige: se hereda la 301"
/ca/category/cirurgia-estetica-facial/page/2/,301,/ca/bloc/,301,,,historica,1,0,"conocida por Google, fuera del inventario actual; GSC 0 clics / 1 impr; Ahrefs 1 dominios; WordPress ya la redirige: se hereda la 301"
/ca/category/cirurgia-estetica-mames/,301,/ca/bloc/,301,,,historica,1,0,"conocida por Google, fuera del inventario actual; GSC 0 clics / 35 impr; Ahrefs 1 dominios; WordPress ya la redirige: se hereda la 301"
/ca/category/cirurgia-estetica-masculina-2/,301,/ca/bloc/,301,,,historica,,0,"conocida por Google, fuera del inventario actual; GSC 0 clics / 1 impr; WordPress ya la redirige: se hereda la 301"
/ca/category/cirurgia-estetica-masculina/,301,/ca/bloc/,301,,,historica,1,0,"conocida por Google, fuera del inventario actual; GSC 0 clics / 1 impr; Ahrefs 1 dominios; WordPress ya la redirige: se hereda la 301"
/ca/category/gabinet-destetica-2/,301,/ca/bloc/,301,,,historica,,0,"conocida por Google, fuera del inventario actual; GSC 0 clics / 9 impr; WordPress ya la redirige: se hereda la 301"
/ca/category/gabinet-destetica/,301,/ca/bloc/,301,,,historica,1,0,"conocida por Google, fuera del inventario actual; GSC 0 clics / 0 impr; Ahrefs 1 dominios; WordPress ya la redirige: se hereda la 301"
/ca/category/medicina-estetica-corporal-ca/,301,/ca/bloc/,301,,,historica,1,0,"conocida por Google, fuera del inventario actual; GSC 0 clics / 1 impr; Ahrefs 1 dominios; WordPress ya la redirige: se hereda la 301"
/ca/category/medicina-estetica-corporal-ca/page/2/,301,/ca/bloc/,301,,,historica,1,0,"conocida por Google, fuera del inventario actual; GSC 0 clics / 0 impr; Ahrefs 1 dominios; WordPress ya la redirige: se hereda la 301"
/ca/category/medicina-estetica-facial-ca/,301,/ca/bloc/,301,,,historica,1,0,"conocida por Google, fuera del inventario actual; GSC 0 clics / 2 impr; Ahrefs 1 dominios; WordPress ya la redirige: se hereda la 301"
/ca/category/sobrepes-i-obesitat/,301,/ca/bloc/,301,,,historica,1,0,"conocida por Google, fuera del inventario actual; GSC 0 clics / 212 impr; Ahrefs 1 dominios; WordPress ya la redirige: se hereda la 301"
/ca/category/uncategorized-ca/,301,/ca/blog/,301,,,historica,1,0,"conocida por Google, fuera del inventario actual; GSC 0 clics / 0 impr; Ahrefs 1 dominios; estado actual 200 · RESUELTO 28/09: categoría vacía -> blog"
/ca/cirugia-plastica-girona-equipo-medico/,301,/ca/cirurgia-plastica-girona-equip-medic/,301,,,historica,,0,"conocida por Google, fuera del inventario actual; GSC 0 clics / 37 impr; WordPress ya la redirige: se hereda la 301"
/ca/como-cuidarse-despues-de-una-rinoplastia-los-mejores-consejos-para-un-rapido-postoperatorio/,301,/ca/com-cuidar-se-despres-duna-rinoplastia-els-millors-consells-per-a-un-postoperatori-rapid/,301,,,historica,,0,"conocida por Google, fuera del inventario actual; GSC 0 clics / 610 impr; WordPress ya la redirige: se hereda la 301"
/ca/como-eliminar-la-celulitis/,301,/ca/com-eliminar-la-cel%c2%b7lulitis/,301,,,historica,,0,"conocida por Google, fuera del inventario actual; GSC 0 clics / 20 impr; WordPress ya la redirige: se hereda la 301"
/ca/como-mejorar-la-estetica-de-las-cicatrices/,301,/ca/com-millorar-lestetica-de-les-cicatrius/,301,,,historica,,0,"conocida por Google, fuera del inventario actual; GSC 0 clics / 36 impr; WordPress ya la redirige: se hereda la 301"
/ca/cuanto-cuesta-rinoplastia-espana/,301,/ca/quant-val-una-rinoplastia-a-espanya/,301,,,historica,,2,"conocida por Google, fuera del inventario actual; GSC 2 clics / 1489 impr; WordPress ya la redirige: se hereda la 301"
/ca/la-reduccion-de-mamas-mas-que-un-cambio-de-volumen-un-cambio-de-vida/,301,/ca/la-reduccio-de-pits-mes-que-un-canvi-de-volum-un-canvi-de-vida/,301,,,historica,,0,"conocida por Google, fuera del inventario actual; GSC 0 clics / 6 impr; WordPress ya la redirige: se hereda la 301"
/ca/lipofilling-resultados-permanentes-solo-con-grasa/,301,/ca/lipofilling-resultats-permanents-nomes-amb-greix/,301,,,historica,,0,"conocida por Google, fuera del inventario actual; GSC 0 clics / 30 impr; WordPress ya la redirige: se hereda la 301"
/ca/medicina-estetica-corporal/cellulitis/,301,/ca/unitats/medicina-estetica-corporal/cel%c2%b7lulitis/,301,,,historica,1,0,"conocida por Google, fuera del inventario actual; GSC 0 clics / 0 impr; Ahrefs 1 dominios; WordPress ya la redirige: se hereda la 301"
/ca/medicina-estetica-corporal/liposuccio-sense-cirurgia/,301,/ca/unitats/medicina-estetica-corporal/liposuccio-sense-cirurgia/,301,,,historica,1,0,"conocida por Google, fuera del inventario actual; GSC 0 clics / 0 impr; Ahrefs 1 dominios; WordPress ya la redirige: se hereda la 301"
/ca/mis-tratamientos-preferidos-resultados-inmediatos/,301,/ca/els-meus-tractaments-preferits-resultats-immediats/,301,,,historica,,0,"conocida por Google, fuera del inventario actual; GSC 0 clics / 2 impr; WordPress ya la redirige: se hereda la 301"
/ca/novedad-hilos-360o-efecto-lifting/,301,/ca/novetat-fils-360o-efecte-lifting/,301,,,historica,,0,"conocida por Google, fuera del inventario actual; GSC 0 clics / 19 impr; WordPress ya la redirige: se hereda la 301"
/ca/nuestra-experiencia-con-la-rinoplastia-ultrasonica/,301,/ca/la-nostra-experiencia-amb-la-rinoplastia-ultrasonica/,301,,,historica,,0,"conocida por Google, fuera del inventario actual; GSC 0 clics / 9 impr; WordPress ya la redirige: se hereda la 301"
/ca/otoplastia-orejas-de-soplillo-girona/,301,/ca/otoplastia-orelles-de-punxa-girona/,301,,,historica,,0,"conocida por Google, fuera del inventario actual; GSC 0 clics / 17 impr; WordPress ya la redirige: se hereda la 301"
/ca/portfoli_pagina/pagina/2/,301,/ca/portfoli_pagina/,301,,,historica,,0,"conocida por Google, fuera del inventario actual; GSC 0 clics / 24 impr; hoy responde 200 y no está en el inventario: incorporar o redirigir · RESUELTO 28/09: portfolio -> portfolio del idioma"
/ca/portfolio_page/,301,/ca/portfoli_pagina/,301,,,historica,1,0,"conocida por Google, fuera del inventario actual; GSC 0 clics / 2 impr; Ahrefs 1 dominios; WordPress ya la redirige: se hereda la 301"
/ca/portfolio_page/augment-de-llavis/,301,/ca/portfoli_pagina/augment-de-llavis/,301,,,historica,1,0,"conocida por Google, fuera del inventario actual; GSC 0 clics / 9 impr; Ahrefs 1 dominios; WordPress ya la redirige: se hereda la 301"
/ca/portfolio_page/augment-pit-mike-eli/,301,/ca/portfoli_pagina/augment-pit-mike-eli/,301,,,historica,1,0,"conocida por Google, fuera del inventario actual; GSC 0 clics / 15 impr; Ahrefs 1 dominios; WordPress ya la redirige: se hereda la 301"
/ca/portfolio_page/augment-pit/,301,/ca/portfoli_pagina/augmentar-forat/,301,,,historica,1,0,"conocida por Google, fuera del inventario actual; GSC 0 clics / 7 impr; Ahrefs 1 dominios; WordPress ya la redirige: se hereda la 301"
/ca/portfolio_page/botoox-mike-lidia/,301,/ca/portfoli_pagina/video-prueba-4/,301,,,historica,1,0,"conocida por Google, fuera del inventario actual; GSC 0 clics / 1 impr; Ahrefs 1 dominios; estado actual 200 · RESUELTO 28/09: mismo vídeo en el portfolio catalán"
/ca/portfolio_page/bypass-gastric-amador-emili/,301,/ca/portfoli_pagina/bypass-gastric-amador-emili/,301,,,historica,1,0,"conocida por Google, fuera del inventario actual; GSC 0 clics / 0 impr; Ahrefs 1 dominios; WordPress ya la redirige: se hereda la 301"
/ca/portfolio_page/liposuccio/,301,/ca/portfoli_pagina/lipoescultura/,301,,,historica,1,0,"conocida por Google, fuera del inventario actual; GSC 0 clics / 17 impr; Ahrefs 1 dominios; WordPress ya la redirige: se hereda la 301"
/ca/portfolio_page/obesitat/,301,/ca/portfoli_pagina/obesitat/,301,,,historica,1,0,"conocida por Google, fuera del inventario actual; GSC 0 clics / 0 impr; Ahrefs 1 dominios; WordPress ya la redirige: se hereda la 301"
/ca/portfolio_page/rinoplastia-sergio-judith/,301,/ca/portfoli_pagina/rinoplastia-sergio-judith/,301,,,historica,1,0,"conocida por Google, fuera del inventario actual; GSC 0 clics / 0 impr; Ahrefs 1 dominios; WordPress ya la redirige: se hereda la 301"
/ca/portfolio_page/rinoplastia/,301,/ca/portfoli_pagina/rinoplastia/,301,,,historica,1,0,"conocida por Google, fuera del inventario actual; GSC 0 clics / 63 impr; Ahrefs 1 dominios; WordPress ya la redirige: se hereda la 301"
/ca/que-es-faci-la-llum-al-rostre/,301,/ca/fes-llum-al-rostre/,301,,,historica,1,0,"conocida por Google, fuera del inventario actual; GSC 0 clics / 15 impr; Ahrefs 1 dominios; WordPress ya la redirige: se hereda la 301"
/ca/rinoplastia-o-septoplastia/,301,/ca/rinoplastia-o-setoplastia/,301,,,historica,,0,"conocida por Google, fuera del inventario actual; GSC 0 clics / 5 impr; WordPress ya la redirige: se hereda la 301"
/ca/rinoplastia-ultrasonica-o-rinomodelacio-quines-son-les-diferencies/,301,/ca/rinoplastia-ultrasonica-o-rinomodulacio-quines-son-les-diferencies/,301,,,historica,1,0,"conocida por Google, fuera del inventario actual; GSC 0 clics / 8 impr; Ahrefs 1 dominios; WordPress ya la redirige: se hereda la 301"
/ca/sk-10-el-tractament-amb-una-injeccio-que-aprima/,301,/ca/sk-10-el-tratamiento-con-una-inyeccion-que-adelgaza/,301,,,historica,1,91,"conocida por Google, fuera del inventario actual; GSC 91 clics / 2569 impr; Ahrefs 1 dominios; WordPress ya la redirige: se hereda la 301"
/ca/solucio-per-mames-tuberoses/,301,/ca/solucio-per-pits-tuberosos/,301,,,historica,1,0,"conocida por Google, fuera del inventario actual; GSC 0 clics / 3 impr; Ahrefs 1 dominios; WordPress ya la redirige: se hereda la 301"
/ca/tag/abans-i-despres-otoplastia/,301,/ca/bloc/,301,,,historica,1,0,"conocida por Google, fuera del inventario actual; GSC 0 clics / 1 impr; Ahrefs 1 dominios; WordPress ya la redirige: se hereda la 301"
/ca/tag/alimentacio/,301,/ca/bloc/,301,,,historica,1,0,"conocida por Google, fuera del inventario actual; GSC 0 clics / 0 impr; Ahrefs 1 dominios; WordPress ya la redirige: se hereda la 301"
/ca/tag/augment-de-pit/,301,/ca/bloc/,301,,,historica,1,0,"conocida por Google, fuera del inventario actual; GSC 0 clics / 1 impr; Ahrefs 1 dominios; WordPress ya la redirige: se hereda la 301"
/ca/tag/bellesa/,301,/ca/bloc/,301,,,historica,1,0,"conocida por Google, fuera del inventario actual; GSC 0 clics / 0 impr; Ahrefs 1 dominios; WordPress ya la redirige: se hereda la 301"
/ca/tag/cirurgia-bariatrica/,301,/ca/bloc/,301,,,historica,1,0,"conocida por Google, fuera del inventario actual; GSC 0 clics / 0 impr; Ahrefs 1 dominios; WordPress ya la redirige: se hereda la 301"
/ca/tag/contractura-capsular-ca/,301,/ca/bloc/,301,,,historica,1,0,"conocida por Google, fuera del inventario actual; GSC 0 clics / 3 impr; Ahrefs 1 dominios; WordPress ya la redirige: se hereda la 301"
/ca/tag/cures-per-la-pell/,301,/ca/bloc/,301,,,historica,1,0,"conocida por Google, fuera del inventario actual; GSC 0 clics / 6 impr; Ahrefs 1 dominios; WordPress ya la redirige: se hereda la 301"
/ca/tag/el-que-has-saber-sobre-laugment-de-pit/,301,/ca/bloc/,301,,,historica,1,0,"conocida por Google, fuera del inventario actual; GSC 0 clics / 0 impr; Ahrefs 1 dominios; WordPress ya la redirige: se hereda la 301"
/ca/tag/estetica-ca/,301,/ca/bloc/,301,,,historica,1,0,"conocida por Google, fuera del inventario actual; GSC 0 clics / 0 impr; Ahrefs 1 dominios; WordPress ya la redirige: se hereda la 301"
/ca/tag/evaluacio/,301,/ca/bloc/,301,,,historica,1,0,"conocida por Google, fuera del inventario actual; GSC 0 clics / 0 impr; Ahrefs 1 dominios; WordPress ya la redirige: se hereda la 301"
/ca/tag/glutis/,301,/ca/bloc/,301,,,historica,1,0,"conocida por Google, fuera del inventario actual; GSC 0 clics / 3 impr; Ahrefs 1 dominios; WordPress ya la redirige: se hereda la 301"
/ca/tag/greix/,301,/ca/bloc/,301,,,historica,1,0,"conocida por Google, fuera del inventario actual; GSC 0 clics / 2 impr; Ahrefs 1 dominios; WordPress ya la redirige: se hereda la 301"
/ca/tag/lifting-ca/,301,/ca/bloc/,301,,,historica,1,0,"conocida por Google, fuera del inventario actual; GSC 0 clics / 5 impr; Ahrefs 1 dominios; WordPress ya la redirige: se hereda la 301"
/ca/tag/lipofilling-ca/,301,/ca/bloc/,301,,,historica,1,0,"conocida por Google, fuera del inventario actual; GSC 0 clics / 0 impr; Ahrefs 1 dominios; WordPress ya la redirige: se hereda la 301"
/ca/tag/mames-tuberoses/,301,/ca/bloc/,301,,,historica,1,0,"conocida por Google, fuera del inventario actual; GSC 0 clics / 0 impr; Ahrefs 1 dominios; WordPress ya la redirige: se hereda la 301"
/ca/tag/mida-de-protesi/,301,/ca/bloc/,301,,,historica,1,0,"conocida por Google, fuera del inventario actual; GSC 0 clics / 0 impr; Ahrefs 1 dominios; WordPress ya la redirige: se hereda la 301"
/ca/tag/obesitat/,301,/ca/bloc/,301,,,historica,1,0,"conocida por Google, fuera del inventario actual; GSC 0 clics / 0 impr; Ahrefs 1 dominios; WordPress ya la redirige: se hereda la 301"
/ca/tag/pell/,301,/ca/bloc/,301,,,historica,1,0,"conocida por Google, fuera del inventario actual; GSC 0 clics / 1 impr; Ahrefs 1 dominios; WordPress ya la redirige: se hereda la 301"
/ca/tag/resultats/,301,/ca/bloc/,301,,,historica,1,0,"conocida por Google, fuera del inventario actual; GSC 0 clics / 0 impr; Ahrefs 1 dominios; WordPress ya la redirige: se hereda la 301"
/ca/tag/rinoplastia-ca/,301,/ca/bloc/,301,,,historica,1,0,"conocida por Google, fuera del inventario actual; GSC 0 clics / 0 impr; Ahrefs 1 dominios; WordPress ya la redirige: se hereda la 301"
/ca/tag/rinoplastia-sense-cirurgia/,301,/ca/bloc/,301,,,historica,1,0,"conocida por Google, fuera del inventario actual; GSC 0 clics / 0 impr; Ahrefs 1 dominios; WordPress ya la redirige: se hereda la 301"
/ca/tag/rinoplastia-ultrasonica-ca/,301,/ca/bloc/,301,,,historica,1,0,"conocida por Google, fuera del inventario actual; GSC 0 clics / 0 impr; Ahrefs 1 dominios; WordPress ya la redirige: se hereda la 301"
/ca/tag/rostre/,301,/ca/bloc/,301,,,historica,1,0,"conocida por Google, fuera del inventario actual; GSC 0 clics / 0 impr; Ahrefs 1 dominios; WordPress ya la redirige: se hereda la 301"
/ca/tag/tecnica-quirurgica-ca/,301,/ca/bloc/,301,,,historica,1,0,"conocida por Google, fuera del inventario actual; GSC 0 clics / 0 impr; Ahrefs 1 dominios; WordPress ya la redirige: se hereda la 301"
/ca/tag/tecniques/,301,/ca/bloc/,301,,,historica,1,0,"conocida por Google, fuera del inventario actual; GSC 0 clics / 0 impr; Ahrefs 1 dominios; WordPress ya la redirige: se hereda la 301"
/ca/tag/tipus-de-protesi/,301,/ca/bloc/,301,,,historica,1,0,"conocida por Google, fuera del inventario actual; GSC 0 clics / 0 impr; Ahrefs 1 dominios; WordPress ya la redirige: se hereda la 301"
/ca/tag/tractaments/,301,/ca/bloc/,301,,,historica,1,0,"conocida por Google, fuera del inventario actual; GSC 0 clics / 0 impr; Ahrefs 1 dominios; WordPress ya la redirige: se hereda la 301"
/ca/tag/ulls/,301,/ca/bloc/,301,,,historica,1,0,"conocida por Google, fuera del inventario actual; GSC 0 clics / 0 impr; Ahrefs 1 dominios; WordPress ya la redirige: se hereda la 301"
/ca/tag/vida-saludable-ca/,301,/ca/bloc/,301,,,historica,1,0,"conocida por Google, fuera del inventario actual; GSC 0 clics / 0 impr; Ahrefs 1 dominios; WordPress ya la redirige: se hereda la 301"
/ca/team/dr-amador-garcia-ruiz-de-gordejuela/,301,/ca/equip/dr-valenti-puig-divi/,301,,,historica,,0,"conocida por Google, fuera del inventario actual; GSC 0 clics / 3 impr; WordPress ya la redirige: se hereda la 301"
/ca/team/dr-david-perez-asensio/,301,/ca/equip/dr-david-perez-asensio/,301,,,historica,,1,"conocida por Google, fuera del inventario actual; GSC 1 clics / 39 impr; WordPress ya la redirige: se hereda la 301"
/ca/team/dr-valenti-puig-divi/,301,/ca/equip/dr-valenti-puig-divi/,301,,,historica,,1,"conocida por Google, fuera del inventario actual; GSC 1 clics / 47 impr; WordPress ya la redirige: se hereda la 301"
/ca/team/dra-ainitze-ibarzabal/,301,/ca/equip/dra-ainitze-ibarzabal/,301,,,historica,,0,"conocida por Google, fuera del inventario actual; GSC 0 clics / 1 impr; WordPress ya la redirige: se hereda la 301"
/ca/tecnicas-de-medicina-estetica-que-ens-fan-rejovenir/,301,/ca/tecniques-de-medicina-estetica-que-ens-fan-rejovenir/,301,,,historica,1,0,"conocida por Google, fuera del inventario actual; GSC 0 clics / 3 impr; Ahrefs 1 dominios; WordPress ya la redirige: se hereda la 301"
/ca/unidades/cirugia-estetica-masculina/blefaroplastia/,301,/ca/unitats/cirurgia-estetica-masculina/blefaroplastia/,301,,,historica,,0,"conocida por Google, fuera del inventario actual; GSC 0 clics / 7 impr; WordPress ya la redirige: se hereda la 301"
/ca/unitaas/medicina-estetica-facial/arrugues-expresion/,301,/ca/unitats/medicina-estetica-facial/arrugues-dexpressio/,301,,,historica,1,0,"conocida por Google, fuera del inventario actual; GSC 0 clics / 0 impr; Ahrefs 1 dominios; WordPress ya la redirige: se hereda la 301"
/ca/unitats-2/cirugia-estetica-corporal/,301,/ca/unitats/cirurgia-estetica-corporal/,301,,,historica,,0,"conocida por Google, fuera del inventario actual; GSC 0 clics / 36 impr; WordPress ya la redirige: se hereda la 301"
/ca/unitats-2/cirugia-estetica-corporal/aumento-de-gluteos/,301,/ca/unitats/cirurgia-estetica-corporal/augment-de-glutis/,301,,,historica,,0,"conocida por Google, fuera del inventario actual; GSC 0 clics / 19 impr; WordPress ya la redirige: se hereda la 301"
/ca/unitats-2/cirugia-estetica-corporal/lifting-brazos-y-piernas/,301,/ca/unitats/cirurgia-estetica-corporal/aixecament-de-bracos-i-cames/,301,,,historica,,0,"conocida por Google, fuera del inventario actual; GSC 0 clics / 13 impr; WordPress ya la redirige: se hereda la 301"
/ca/unitats-2/cirugia-estetica-corporal/liposuccio-2/,301,/ca/unitats/cirurgia-estetica-corporal/liposuccio/,301,,,historica,,0,"conocida por Google, fuera del inventario actual; GSC 0 clics / 9 impr; WordPress ya la redirige: se hereda la 301"
/ca/unitats-2/cirugia-estetica-corporal/liposuccion/,301,/ca/unitats/cirurgia-estetica-corporal/liposuccio/,301,,,historica,,0,"conocida por Google, fuera del inventario actual; GSC 0 clics / 108 impr; WordPress ya la redirige: se hereda la 301"
/ca/unitats-2/cirugia-estetica-facial/,301,/ca/unitats/cirurgia-estetica-facial/,301,,,historica,,0,"conocida por Google, fuera del inventario actual; GSC 0 clics / 10 impr; WordPress ya la redirige: se hereda la 301"
/ca/unitats-2/cirugia-estetica-facial/blefaroplastia-girona/,301,/ca/unitats/cirurgia-estetica-facial/blefaroplastia-girona/,301,,,historica,,0,"conocida por Google, fuera del inventario actual; GSC 0 clics / 69 impr; WordPress ya la redirige: se hereda la 301"
/ca/unitats-2/cirugia-estetica-facial/lifting-facial/,301,/ca/unitats/cirurgia-estetica-facial/lifting-facial/,301,,,historica,,0,"conocida por Google, fuera del inventario actual; GSC 0 clics / 59 impr; WordPress ya la redirige: se hereda la 301"
/ca/unitats-2/cirugia-estetica-facial/otoplastia-girona/,301,/ca/unitats/cirurgia-estetica-facial/otoplastia-girona/,301,,,historica,,0,"conocida por Google, fuera del inventario actual; GSC 0 clics / 77 impr; WordPress ya la redirige: se hereda la 301"
/ca/unitats-2/cirugia-estetica-facial/otoplastia/,301,/ca/unitats/cirurgia-estetica-facial/otoplastia/,301,,,historica,,0,"conocida por Google, fuera del inventario actual; GSC 0 clics / 60 impr; WordPress ya la redirige: se hereda la 301"
/ca/unitats-2/cirugia-estetica-facial/relleno-de-arrugas/,301,/ca/unitats/cirurgia-estetica-facial/farciment-darrugues/,301,,,historica,,0,"conocida por Google, fuera del inventario actual; GSC 0 clics / 2 impr; WordPress ya la redirige: se hereda la 301"
/ca/unitats-2/cirugia-estetica-mamas/aumento-de-pecho-girona/,301,/ca/unitats/cirurgia-estetica-de-mames/augment-de-pit-girona/,301,,,historica,,0,"conocida por Google, fuera del inventario actual; GSC 0 clics / 29 impr; WordPress ya la redirige: se hereda la 301"
/ca/unitats-2/cirugia-estetica-mamas/aumento-de-pecho-tecnica-ami/,301,/ca/unitats/cirurgia-estetica-de-mames/augment-de-pits-tecnica-ami/,301,,,historica,,0,"conocida por Google, fuera del inventario actual; GSC 0 clics / 27 impr; WordPress ya la redirige: se hereda la 301"
/ca/unitats-2/cirugia-estetica-mamas/elevacion-de-pecho-pexia/,301,/ca/unitats/cirurgia-estetica-de-mames/elevacio-de-pit-pexia/,301,,,historica,,0,"conocida por Google, fuera del inventario actual; GSC 0 clics / 17 impr; WordPress ya la redirige: se hereda la 301"
/ca/unitats-2/cirurgia-estetica-corporal-2/cirugia-genital-femenina/,301,/ca/unitats/cirurgia-estetica-corporal/cirurgia-genital-femenina/,301,,,historica,,0,"conocida por Google, fuera del inventario actual; GSC 0 clics / 11 impr; WordPress ya la redirige: se hereda la 301"
/ca/unitats-2/cirurgia-estetica-masculina-2/aumento-de-pectoral/,301,/ca/unitats/cirurgia-estetica-masculina/augment-de-pectoral/,301,,,historica,,1,"conocida por Google, fuera del inventario actual; GSC 1 clics / 485 impr; WordPress ya la redirige: se hereda la 301"
/ca/unitats-2/cirurgia-estetica-masculina-2/liftting-de-cuello-y-papada/,301,/ca/unitats/cirurgia-estetica-masculina/estirament-de-coll-i-papada/,301,,,historica,,0,"conocida por Google, fuera del inventario actual; GSC 0 clics / 67 impr; WordPress ya la redirige: se hereda la 301"
/ca/unitats-2/gabinet-destetica-2/reduccion-de-volumen-girona/,301,/ca/unitats/gabinet-destetica/reduccio-de-volum-girona/,301,,,historica,,0,"conocida por Google, fuera del inventario actual; GSC 0 clics / 17 impr; WordPress ya la redirige: se hereda la 301"
/ca/unitats-2/medicina-cosmetica-girona/,301,/ca/unitats/medicina-estetica-girona/,301,,,historica,,0,"conocida por Google, fuera del inventario actual; GSC 0 clics / 9 impr; WordPress ya la redirige: se hereda la 301"
/ca/unitats-2/medicina-estetica-corporal/celulitis/,301,/ca/unitats/medicina-estetica-corporal/cel%c2%b7lulitis/,301,,,historica,,0,"conocida por Google, fuera del inventario actual; GSC 0 clics / 5 impr; WordPress ya la redirige: se hereda la 301"
/ca/unitats-2/medicina-estetica-corporal/liposuccion-sin-cirugia/,301,/ca/unitats/medicina-estetica-corporal/liposuccio-sense-cirurgia/,301,,,historica,,0,"conocida por Google, fuera del inventario actual; GSC 0 clics / 38 impr; WordPress ya la redirige: se hereda la 301"
/ca/unitats-2/medicina-estetica-facial/arrugas-de-expresion/,301,/ca/unitats/medicina-estetica-facial/arrugues-dexpressio/,301,,,historica,,1,"conocida por Google, fuera del inventario actual; GSC 1 clics / 40 impr; WordPress ya la redirige: se hereda la 301"
/ca/unitats-2/medicina-estetica-facial/aumento-labios/,301,/ca/unitats/medicina-estetica-facial/augmentacio-de-llavis/,301,,,historica,,0,"conocida por Google, fuera del inventario actual; GSC 0 clics / 4 impr; WordPress ya la redirige: se hereda la 301"
/ca/unitats-2/medicina-estetica-facial/flacidez-hilos-tensores/,301,/ca/unitats/medicina-estetica-facial/flacidesa-fils-tensors/,301,,,historica,,0,"conocida por Google, fuera del inventario actual; GSC 0 clics / 6 impr; WordPress ya la redirige: se hereda la 301"
/ca/unitats-2/medicina-estetica-facial/hidratacion-y-nutricion/,301,/ca/unitats/medicina-estetica-facial/hidratacio-i-nutricio/,301,,,historica,,0,"conocida por Google, fuera del inventario actual; GSC 0 clics / 63 impr; WordPress ya la redirige: se hereda la 301"
/ca/unitats-2/medicina-estetica-facial/ojeras/,301,/ca/unitats/medicina-estetica-facial/ulleres-fosques/,301,,,historica,,0,"conocida por Google, fuera del inventario actual; GSC 0 clics / 7 impr; WordPress ya la redirige: se hereda la 301"
/ca/unitats-2/medicina-estetica-facial/rinomodelacion/,301,/ca/unitats/medicina-estetica-facial/rinomodelacio/,301,,,historica,,0,"conocida por Google, fuera del inventario actual; GSC 0 clics / 16 impr; WordPress ya la redirige: se hereda la 301"
/ca/unitats-2/sobrepes-i-obesitat-2/balon-12-meses-reajustable/,301,/ca/unitats/sobrepes-i-obesitat/balo-12-mesos-reajustable/,301,,,historica,,0,"conocida por Google, fuera del inventario actual; GSC 0 clics / 6 impr; WordPress ya la redirige: se hereda la 301"
/ca/unitats-2/sobrepes-i-obesitat-2/balon-6-meses/,301,/ca/unitats/sobrepes-i-obesitat/bota-6-mesos/,301,,,historica,,0,"conocida por Google, fuera del inventario actual; GSC 0 clics / 33 impr; WordPress ya la redirige: se hereda la 301"
/ca/unitats-2/sobrepes-i-obesitat-2/cirurgia-bariatrica-2/bypass-gastric-2/,410,,410,,,historica,,0,"conocida por Google, fuera del inventario actual; GSC 0 clics / 20 impr; hoy 404, sin clics ni backlinks → 410"
/ca/unitats-2/sobrepes-i-obesitat-2/cirurgia-bariatrica-2/creu-duodenal-2/,410,,410,,,historica,,0,"conocida por Google, fuera del inventario actual; GSC 0 clics / 18 impr; hoy 404, sin clics ni backlinks → 410"
/ca/unitats-2/sobrepeso-y-obesidad/,301,/ca/unitats/sobrepes-i-obesitat/,301,,,historica,,1,"conocida por Google, fuera del inventario actual; GSC 1 clics / 124 impr; WordPress ya la redirige: se hereda la 301"
/ca/unitats-2/sobrepeso-y-obesidad/balon-12-meses-reajustable/,301,/ca/unitats/sobrepes-i-obesitat/balo-12-mesos-reajustable/,301,,,historica,,0,"conocida por Google, fuera del inventario actual; GSC 0 clics / 16 impr; WordPress ya la redirige: se hereda la 301"
/ca/unitats-2/sobrepeso-y-obesidad/balon-ingerible-elipse/,301,/ca/unitats/sobrepes-i-obesitat/pilota-ingerible-el%c2%b7lipse/,301,,,historica,,0,"conocida por Google, fuera del inventario actual; GSC 0 clics / 21 impr; WordPress ya la redirige: se hereda la 301"
/ca/unitats-2/sobrepeso-y-obesidad/cirugia-bariatrica/,301,/ca/unitats/sobrepes-i-obesitat/cirurgia-bariatrica/,301,,,historica,,0,"conocida por Google, fuera del inventario actual; GSC 0 clics / 25 impr; WordPress ya la redirige: se hereda la 301"
/ca/unitats-2/sobrepeso-y-obesidad/cirugia-bariatrica/cruce-duodenal-2/,410,,410,,,historica,,0,"conocida por Google, fuera del inventario actual; GSC 0 clics / 14 impr; hoy 404, sin clics ni backlinks → 410"
/ca/unitats-2/sobrepeso-y-obesidad/endomanga/,301,/ca/unitats/sobrepes-i-obesitat/endomanga/,301,,,historica,,1,"conocida por Google, fuera del inventario actual; GSC 1 clics / 84 impr; WordPress ya la redirige: se hereda la 301"
/ca/unitats/cirurgia-estetica-corporal/lifting-bra%C3%A7os-i-cames/,301,/ca/unitats/cirurgia-estetica-corporal/aixecament-de-bracos-i-cames/,301,,,historica,1,0,"conocida por Google, fuera del inventario actual; GSC 0 clics / 0 impr; Ahrefs 1 dominios; WordPress ya la redirige: se hereda la 301"
/ca/unitats/cirurgia-estetica-corporal/lifting-bracos-i-cames/,301,/ca/unitats/cirurgia-estetica-corporal/aixecament-de-bracos-i-cames/,301,,,historica,1,0,"conocida por Google, fuera del inventario actual; GSC 0 clics / 184 impr; Ahrefs 1 dominios; WordPress ya la redirige: se hereda la 301"
/ca/unitats/cirurgia-estetica-corporal/lipofiling-corporal/,301,/ca/unitats/cirurgia-estetica-corporal/lipofilling-corporal/,301,,,historica,1,0,"conocida por Google, fuera del inventario actual; GSC 0 clics / 48 impr; Ahrefs 1 dominios; WordPress ya la redirige: se hereda la 301"
/ca/unitats/cirurgia-estetica-corporal/liposuccio/,mantener,/ca/unitats/cirurgia-estetica-corporal/liposuccio/,200,,,historica,1,0,antes /ca/unitats-2/cirurgia-estetica-corporal-2/liposuccio-2/ · renombrada 05/10/2026: URL catalana sin «-2» (decisión usuario)
/ca/unitats/cirurgia-estetica-facial/cirurgia-mento-i-pomuls/,301,/ca/unitats/cirurgia-estetica-facial/mento-i-pomuls-cirurgia/,301,,,historica,1,0,"conocida por Google, fuera del inventario actual; GSC 0 clics / 13 impr; Ahrefs 1 dominios; WordPress ya la redirige: se hereda la 301"
/ca/unitats/cirurgia-estetica-facial/farciment-darrugues/,mantener,/ca/unitats/cirurgia-estetica-facial/farciment-darrugues/,200,,,historica,1,0,antes /ca/unitats-2/cirurgia-estetica-facial-2/farciment-darrugues-2/ · renombrada 05/10/2026: URL catalana sin «-2» (decisión usuario)
/ca/unitats/cirurgia-estetica-facial/perforacio-de-lenva-nasal/,301,/ca/unitats/cirurgia-estetica-facial/perforacio-del-tabic-nasal/,301,,,historica,1,2,"conocida por Google, fuera del inventario actual; GSC 2 clics / 73 impr; Ahrefs 1 dominios; WordPress ya la redirige: se hereda la 301"
/ca/unitats/cirurgia-estetica-mames/,301,/ca/unitats/cirurgia-estetica-de-mames/augment-de-pit-girona/,301,,,historica,1,0,"conocida por Google, fuera del inventario actual; GSC 0 clics / 15 impr; Ahrefs 1 dominios; WordPress ya la redirige: se hereda la 301"
/ca/unitats/cirurgia-estetica-mames/elevacio-de-pit-pexia/,301,/ca/unitats/cirurgia-estetica-de-mames/elevacio-de-pit-pexia/,301,,,historica,1,1,"conocida por Google, fuera del inventario actual; GSC 1 clics / 154 impr; Ahrefs 1 dominios; WordPress ya la redirige: se hereda la 301"
/ca/unitats/cirurgia-estetica-mames/reduccio-de-pit/,301,/ca/unitats/cirurgia-estetica-de-mames/reduccio-de-pits/,301,,,historica,1,3,"conocida por Google, fuera del inventario actual; GSC 3 clics / 182 impr; Ahrefs 1 dominios; WordPress ya la redirige: se hereda la 301"
/ca/unitats/gabinet-destetica/antiedat-mc-110/,301,/ca/unitats/gabinet-destetica/anti-edat-mc-110/,301,,,historica,1,0,"conocida por Google, fuera del inventario actual; GSC 0 clics / 0 impr; Ahrefs 1 dominios; WordPress ya la redirige: se hereda la 301"
/ca/unitats/gabinet-destetica/antiedat-mc110/,301,/ca/unitats/gabinet-destetica/anti-edat-mc-110/,301,,,historica,1,0,"conocida por Google, fuera del inventario actual; GSC 0 clics / 5 impr; Ahrefs 1 dominios; WordPress ya la redirige: se hereda la 301"
/ca/unitats/gabinet-destetica/eliminar-cellulitis/,301,/ca/unitats/gabinet-destetica/eliminar-cel%c2%b7lulitis/,301,,,historica,1,0,"conocida por Google, fuera del inventario actual; GSC 0 clics / 0 impr; Ahrefs 1 dominios; WordPress ya la redirige: se hereda la 301"
/ca/unitats/gabinet-destetica/eliminar-celulitis/,301,/ca/unitats/gabinet-destetica/eliminar-cel%c2%b7lulitis/,301,,,historica,1,0,"conocida por Google, fuera del inventario actual; GSC 0 clics / 53 impr; Ahrefs 1 dominios; WordPress ya la redirige: se hereda la 301"
/ca/unitats/gabinet-destetica/hidreclat/,301,/ca/unitats/gabinet-destetica/hidroclorat/,301,,,historica,1,0,"conocida por Google, fuera del inventario actual; GSC 0 clics / 0 impr; Ahrefs 1 dominios; WordPress ya la redirige: se hereda la 301"
/ca/unitats/gabinet-destetica/p50-visage/,301,/ca/unitats/gabinet-destetica/p50-rostre/,301,,,historica,1,0,"conocida por Google, fuera del inventario actual; GSC 0 clics / 9 impr; Ahrefs 1 dominios; WordPress ya la redirige: se hereda la 301"
/ca/unitats/gabinet-destetica/radiofrequencia-facial-y-corporal/,301,/ca/unitats/gabinet-destetica/radiofrequencia-facial-i-corporal/,301,,,historica,1,1,"conocida por Google, fuera del inventario actual; GSC 1 clics / 25 impr; Ahrefs 1 dominios; WordPress ya la redirige: se hereda la 301"
/ca/unitats/medicina-cosmetica-girona/,301,/ca/unitats/medicina-estetica-girona/,301,,,historica,1,0,"conocida por Google, fuera del inventario actual; GSC 0 clics / 0 impr; Ahrefs 1 dominios; WordPress ya la redirige: se hereda la 301"
/ca/unitats/medicina-estetica-corporal/celulitis/,301,/ca/unitats/medicina-estetica-corporal/cel%c2%b7lulitis/,301,,,historica,1,0,"conocida por Google, fuera del inventario actual; GSC 0 clics / 31 impr; Ahrefs 1 dominios; WordPress ya la redirige: se hereda la 301"
/ca/unitats/medicina-estetica-corporal/liposuccio-sense-cirurgia/,mantener,/ca/unitats/medicina-estetica-corporal/liposuccio-sense-cirurgia/,200,,,historica,1,1,antes /ca/unitats-2/medicina-estetica-corporal/liposuccio-sense-cirurgia-2/ · renombrada 05/10/2026: URL catalana sin «-2» (decisión usuario)
/ca/unitats/medicina-estetica-facial/augment-llavis/,301,/ca/unitats/medicina-estetica-facial/augmentacio-de-llavis/,301,,,historica,1,0,"conocida por Google, fuera del inventario actual; GSC 0 clics / 0 impr; Ahrefs 1 dominios; WordPress ya la redirige: se hereda la 301"
/ca/unitats/medicina-estetica-facial/farciment-darrugues/,301,/ca/unitats/cirurgia-estetica-facial/farciment-darrugues/,301,,,historica,1,0,"conocida por Google, fuera del inventario actual; GSC 0 clics / 0 impr; Ahrefs 1 dominios; WordPress ya la redirige: se hereda la 301"
/ca/unitats/medicina-estetica-facial/flacidesa-fils-tensors/,mantener,/ca/unitats/medicina-estetica-facial/flacidesa-fils-tensors/,200,,,historica,1,0,antes /ca/unitats-2/medicina-estetica-facial/flacidesa-fils-tensors/ · renombrada 05/10/2026: URL catalana sin «-2» (decisión usuario)
/ca/unitats/medicina-estetica-facial/peeling/,301,/ca/unitats/medicina-estetica-facial/pela/,301,,,historica,1,0,"conocida por Google, fuera del inventario actual; GSC 0 clics / 114 impr; Ahrefs 1 dominios; WordPress ya la redirige: se hereda la 301"
/ca/unitats/sobrepes-i-obesitat/balo-12-mesos-reajustable/,mantener,/ca/unitats/sobrepes-i-obesitat/balo-12-mesos-reajustable/,200,,,historica,1,0,antes /ca/unitats-2/sobrepes-i-obesitat-2/balo-12-mesos-reajustable-2/ · renombrada 05/10/2026: URL catalana sin «-2» (decisión usuario)
/ca/unitats/sobrepes-i-obesitat/balo-6-mesos/,301,/ca/unitats/sobrepes-i-obesitat/6-mesos/,301,,,historica,1,0,"conocida por Google, fuera del inventario actual; GSC 0 clics / 1 impr; Ahrefs 1 dominios; WordPress ya la redirige: se hereda la 301"
/ca/unitats/sobrepes-i-obesitat/balo-ingerible-elipse/,301,/ca/unitats/sobrepes-i-obesitat/balo-ingerible-el%c2%b7lipse/,301,,,historica,1,0,"conocida por Google, fuera del inventario actual; GSC 0 clics / 1 impr; Ahrefs 1 dominios; WordPress ya la redirige: se hereda la 301"
/capilar,301,/,301,,,historica,1,0,"conocida por Google, fuera del inventario actual; GSC 0 clics / 0 impr; Ahrefs 1 dominios; WordPress ya la redirige: se hereda la 301 · RESUELTO 28/09: igual que hoy (el WordPress la manda a la portada; 1 dominio enlaza)"
/cuanto-cuesta-una-rinoplastia-espana/,301,/unidades/cirugia-estetica-facial/rinoplastia-girona/,301,,,historica,,13,"conocida por Google, fuera del inventario actual; GSC 13 clics / 10303 impr; hoy 404 con valor (clics/backlinks): decidir destino · RESUELTO 28/09: tema rinoplastia (precio) -> página de rinoplastia"
/en/aumento-mamario-con-protesis-motiva/,301,/en/breast-augmentation-with-implants-motivations/,301,,,historica,,0,"conocida por Google, fuera del inventario actual; GSC 0 clics / 7 impr; WordPress ya la redirige: se hereda la 301"
/en/beauty-days-blefaroplastia/,301,/en/eyelid-surgery/,301,,,historica,,0,"conocida por Google, fuera del inventario actual; GSC 0 clics / 84 impr; WordPress ya la redirige: se hereda la 301"
/en/beneficios-de-la-cirugia-bariatrica/,301,/en/benefits-of-bariatric-surgery/,301,,,historica,,0,"conocida por Google, fuera del inventario actual; GSC 0 clics / 1 impr; WordPress ya la redirige: se hereda la 301"
/en/category/sobrepes-i-obesitat/,301,/en/blog/,301,,,historica,,0,"conocida por Google, fuera del inventario actual; GSC 0 clics / 16 impr; WordPress ya la redirige: se hereda la 301"
/en/cirugia-plastica-girona-equipo-medico/,301,/en/plastic-surgery-girona-medical-team/,301,,,historica,,0,"conocida por Google, fuera del inventario actual; GSC 0 clics / 36 impr; WordPress ya la redirige: se hereda la 301"
/en/com-cuidar-la-pell-als-50/,301,/en/how-to-care-for-your-skin-at-50/,301,,,historica,,0,"conocida por Google, fuera del inventario actual; GSC 0 clics / 2 impr; WordPress ya la redirige: se hereda la 301"
/en/cosmetic-body-medicine/liposuccion-sin-cirugia/,301,/en/units/cosmetic-body-medicine/non-surgical-liposuction/,301,,,historica,,0,"conocida por Google, fuera del inventario actual; GSC 0 clics / 38 impr; WordPress ya la redirige: se hereda la 301"
/en/equip-quadre-medic/,301,/en/medical-unit/,301,,,historica,,0,"conocida por Google, fuera del inventario actual; GSC 0 clics / 1 impr; WordPress ya la redirige: se hereda la 301"
/en/financament/,301,/en/financing/,301,,,historica,,0,"conocida por Google, fuera del inventario actual; GSC 0 clics / 1 impr; WordPress ya la redirige: se hereda la 301"
/en/la-belleza-del-rostro-el-triangulo-invertido/,301,/en/the-beauty-of-the-face-the-inverted-triangle/,301,,,historica,,0,"conocida por Google, fuera del inventario actual; GSC 0 clics / 8 impr; WordPress ya la redirige: se hereda la 301"
/en/la-importante-ayuda-de-los-farmacos-en-la-perdida-de-peso-ozempic-y-mounjaro-en-nuestra-clinica/,301,/en/the-significant-help-of-ozempic-and-mounjaro-drugs-in-weight-loss-at-our-clinic/,301,,,historica,,1,"conocida por Google, fuera del inventario actual; GSC 1 clics / 87 impr; WordPress ya la redirige: se hereda la 301"
/en/los-casinos-online-mas-populares-de-argentina/,410,,410,,,historica,,0,spam del hackeo (no está en la web actual); GSC 0 clics / 3 impr
/en/mostbet-casino-online-e-casa-de-apostas-em-portugal/,410,,410,,,historica,,0,spam del hackeo (no está en la web actual); GSC 0 clics / 1 impr
/en/novetat-fils-360o-efecte-lifting/,301,/en/360-novelty-lifting-effect/,301,,,historica,,0,"conocida por Google, fuera del inventario actual; GSC 0 clics / 1 impr; WordPress ya la redirige: se hereda la 301"
/en/page/2/,301,/en/blog-2/,301,,,historica,,0,"conocida por Google, fuera del inventario actual; GSC 0 clics / 3 impr; hoy responde 200 y no está en el inventario: incorporar o redirigir · RESUELTO 28/09: archivo del blog -> listado"
/en/por-que-envejecemos/,301,/en/why-do-we-age/,301,,,historica,,0,"conocida por Google, fuera del inventario actual; GSC 0 clics / 4 impr; WordPress ya la redirige: se hereda la 301"
/en/protesis-redondas-vs-protesis-ergonomicas/,301,/en/round-prostheses-vs-ergonomic-prostheses/,301,,,historica,,0,"conocida por Google, fuera del inventario actual; GSC 0 clics / 52 impr; WordPress ya la redirige: se hereda la 301"
/en/ranking-de-cassinos-online-no-brasil-os-mais-populares-em-2026/,410,,410,,,historica,,0,spam del hackeo (no está en la web actual); GSC 0 clics / 2 impr
/en/solucion-mamas-tuberosas/,301,/en/tubular-breast-correction/,301,,,historica,,0,"conocida por Google, fuera del inventario actual; GSC 0 clics / 16 impr; WordPress ya la redirige: se hereda la 301"
/en/unidades/cirugia-estetica-facial/,301,/en/units/cosmetic-facial-surgery-2/,301,,,historica,,0,"conocida por Google, fuera del inventario actual; GSC 0 clics / 90 impr; WordPress ya la redirige: se hereda la 301"
/en/unidades/cirugia-estetica-facial/blefaroplastia/,301,/en/units/cosmetic-facial-surgery-2/eyelid-surgery/,301,,,historica,,0,"conocida por Google, fuera del inventario actual; GSC 0 clics / 53 impr; WordPress ya la redirige: se hereda la 301"
/en/unidades/medicina-estetica-facial/flacidez-hilos-tensores/,301,/en/units/facial-aesthetic-medicine/sagging-and-thread-lifts/,301,,,historica,,0,"conocida por Google, fuera del inventario actual; GSC 0 clics / 4 impr; WordPress ya la redirige: se hereda la 301"
/en/unidades/sobrepeso-y-obesidad/dietetica-y-nutricion/,301,/en/units/overweight-and-obesity-2/dietetics-and-nutrition-2/,301,,,historica,,1,"conocida por Google, fuera del inventario actual; GSC 1 clics / 9 impr; WordPress ya la redirige: se hereda la 301"
/en/units-2/aesthetic-cabinet/desintoxicant/,301,/en/units/beauty-salon/detoxifying/,301,,,historica,,0,"conocida por Google, fuera del inventario actual; GSC 0 clics / 1 impr; WordPress ya la redirige: se hereda la 301"
/en/units-2/aesthetic-cabinet/eliminar-celulitis/,301,/en/units/beauty-salon/get-rid-of-cellulite/,301,,,historica,,0,"conocida por Google, fuera del inventario actual; GSC 0 clics / 1 impr; WordPress ya la redirige: se hereda la 301"
/en/units-2/body-contouring-surgery/lipofiling-corporal/,301,/en/units/cosmetic-surgery-3/body-fat-transfer/,301,,,historica,,0,"conocida por Google, fuera del inventario actual; GSC 0 clics / 5 impr; WordPress ya la redirige: se hereda la 301"
/en/units-2/cosmetic-body-medicine/celulitis/,301,/en/units/cosmetic-body-medicine/cellulite/,301,,,historica,,0,"conocida por Google, fuera del inventario actual; GSC 0 clics / 29 impr; WordPress ya la redirige: se hereda la 301"
/en/units-2/cosmetic-facial-surgery/minilifting-de-coll-i-papada/,301,/en/units/cosmetic-facial-surgery-2/neck-and-double-chin-mini-lift/,301,,,historica,,0,"conocida por Google, fuera del inventario actual; GSC 0 clics / 5 impr; WordPress ya la redirige: se hereda la 301"
/en/units-2/cosmetic-facial-surgery/perforacio-de-lenva-nasal/,301,/en/units/cosmetic-facial-surgery-2/nasal-septum-piercing/,301,,,historica,,0,"conocida por Google, fuera del inventario actual; GSC 0 clics / 3 impr; WordPress ya la redirige: se hereda la 301"
/en/units-2/cosmetic-facial-surgery/rinoplastia/,301,/en/units/cosmetic-facial-surgery-2/rhinoplasty/,301,,,historica,,0,"conocida por Google, fuera del inventario actual; GSC 0 clics / 4 impr; WordPress ya la redirige: se hereda la 301"
/en/units-2/male-cosmetic-surgery-2/augment-de-pectoral/,301,/en/units/male-cosmetic-surgery/chest-augmentation/,301,,,historica,,0,"conocida por Google, fuera del inventario actual; GSC 0 clics / 3 impr; WordPress ya la redirige: se hereda la 301"
/en/units-2/male-cosmetic-surgery-2/ginecomastia/,301,/en/units/male-cosmetic-surgery/gynaecomastia/,301,,,historica,,0,"conocida por Google, fuera del inventario actual; GSC 0 clics / 36 impr; WordPress ya la redirige: se hereda la 301"
/en/units-2/overweight-and-obesity/balo-12-mesos-reajustable/,301,/en/units-2/overweight-and-obesity/12-month-adjustable-backpack/,301,,,historica,,0,"conocida por Google, fuera del inventario actual; GSC 0 clics / 14 impr; WordPress ya la redirige: se hereda la 301"
/en/units-2/overweight-and-obesity/balo-6-mesos/,301,/en/units-2/overweight-and-obesity/six-months-old/,301,,,historica,,0,"conocida por Google, fuera del inventario actual; GSC 0 clics / 3 impr; WordPress ya la redirige: se hereda la 301"
/en/units-2/overweight-and-obesity/bariatric-surgery/encreuament-duodenal/,301,/en/units-2/overweight-and-obesity/bariatric-surgery/duodenal-crossing-3/,301,,,historica,,0,"conocida por Google, fuera del inventario actual; GSC 0 clics / 5 impr; WordPress ya la redirige: se hereda la 301"
/en/units-2/overweight-and-obesity/dietetica-i-nutricio/,301,/en/units/overweight-and-obesity-2/dietetics-and-nutrition-2/,301,,,historica,,0,"conocida por Google, fuera del inventario actual; GSC 0 clics / 3 impr; WordPress ya la redirige: se hereda la 301"
/en/units-2/unitat-de-medicina-cosmetica-girona/,301,/en/units/cosmetic-medicine-girona/,301,,,historica,,0,"conocida por Google, fuera del inventario actual; GSC 0 clics / 70 impr; WordPress ya la redirige: se hereda la 301"
/en/units/beauty-salon/acido-de-frutas/,301,/en/units/beauty-salon/fruit-acid-2/,301,,,historica,,0,"conocida por Google, fuera del inventario actual; GSC 0 clics / 4 impr; WordPress ya la redirige: se hereda la 301"
/en/units/beauty-salon/antiedad-mc-110/,301,/en/units/beauty-salon/anti-ageing-mc-110/,301,,,historica,,0,"conocida por Google, fuera del inventario actual; GSC 0 clics / 1 impr; WordPress ya la redirige: se hereda la 301"
/en/units/beauty-salon/desintoxicante/,301,/en/units/beauty-salon/detoxifying/,301,,,historica,,0,"conocida por Google, fuera del inventario actual; GSC 0 clics / 8 impr; WordPress ya la redirige: se hereda la 301"
/en/units/beauty-salon/eliminar-celulitis/,301,/en/units/beauty-salon/get-rid-of-cellulite/,301,,,historica,,0,"conocida por Google, fuera del inventario actual; GSC 0 clics / 40 impr; WordPress ya la redirige: se hereda la 301"
/en/units/beauty-salon/hidreclat/,301,/en/units/beauty-salon/clearance/,301,,,historica,,0,"conocida por Google, fuera del inventario actual; GSC 0 clics / 8 impr; WordPress ya la redirige: se hereda la 301"
/en/units/beauty-salon/p50-visage/,301,/en/units/beauty-salon/p50-face/,301,,,historica,,0,"conocida por Google, fuera del inventario actual; GSC 0 clics / 1 impr; WordPress ya la redirige: se hereda la 301"
/en/units/cirugia-estetica-corporal/abdominoplastia/,301,/en/units/cosmetic-surgery-3/abdominoplasty/,301,,,historica,,0,"conocida por Google, fuera del inventario actual; GSC 0 clics / 3 impr; WordPress ya la redirige: se hereda la 301"
/en/units/cirugia-estetica-corporal/abdominoplasty/,301,/en/units/cosmetic-surgery-3/abdominoplasty/,301,,,historica,,0,"conocida por Google, fuera del inventario actual; GSC 0 clics / 26 impr; WordPress ya la redirige: se hereda la 301"
/en/units/cirugia-estetica-corporal/cirugia-genital-femenina/,301,/en/units/cosmetic-surgery-3/female-genital-surgery-2/,301,,,historica,,1,"conocida por Google, fuera del inventario actual; GSC 1 clics / 11 impr; WordPress ya la redirige: se hereda la 301"
/en/units/cirugia-estetica-corporal/lipofiling-corporal/,301,/en/units/cosmetic-surgery-3/body-fat-transfer/,301,,,historica,,0,"conocida por Google, fuera del inventario actual; GSC 0 clics / 24 impr; WordPress ya la redirige: se hereda la 301"
/en/units/cirugia-estetica-corporal/liposuction-2/,301,/en/units/cosmetic-surgery-3/liposuction-2/,301,,,historica,,0,"conocida por Google, fuera del inventario actual; GSC 0 clics / 42 impr; WordPress ya la redirige: se hereda la 301"
/en/units/cirugia-estetica-facial/,301,/en/units/cosmetic-facial-surgery-2/,301,,,historica,,0,"conocida por Google, fuera del inventario actual; GSC 0 clics / 9 impr; WordPress ya la redirige: se hereda la 301"
/en/units/cirugia-estetica-facial/eyelid-surgery/,301,/en/units/cosmetic-facial-surgery-2/eyelid-surgery/,301,,,historica,,0,"conocida por Google, fuera del inventario actual; GSC 0 clics / 7 impr; WordPress ya la redirige: se hereda la 301"
/en/units/cirugia-estetica-facial/facial-lift/,301,/en/units/cosmetic-facial-surgery-2/facial-lift/,301,,,historica,,1,"conocida por Google, fuera del inventario actual; GSC 1 clics / 7 impr; WordPress ya la redirige: se hereda la 301"
/en/units/cirugia-estetica-facial/rinoplastia-girona/,301,/en/units/cosmetic-facial-surgery-2/rhinoplasty-girona/,301,,,historica,,1,"conocida por Google, fuera del inventario actual; GSC 1 clics / 164 impr; WordPress ya la redirige: se hereda la 301"
/en/units/cirugia-estetica-mamas/aumento-de-pecho-girona/,301,/en/units/cosmetic-breast-surgery-2/breast-augmentation-girona-3/,301,,,historica,,0,"conocida por Google, fuera del inventario actual; GSC 0 clics / 90 impr; WordPress ya la redirige: se hereda la 301"
/en/units/cirugia-estetica-mamas/aumento-de-pecho-tecnica-ami/,301,/en/units/cosmetic-breast-surgery-2/breast-augmentation-ami-technique/,301,,,historica,,0,"conocida por Google, fuera del inventario actual; GSC 0 clics / 87 impr; WordPress ya la redirige: se hereda la 301"
/en/units/cirugia-estetica-mamas/recambiodeprotesis/,301,/en/units/cosmetic-breast-surgery-2/prosthetic-replacement-2/,301,,,historica,,0,"conocida por Google, fuera del inventario actual; GSC 0 clics / 24 impr; WordPress ya la redirige: se hereda la 301"
/en/units/cosmetic-body-medicine/liposuccion-sin-cirugia/,301,/en/units/cosmetic-body-medicine/non-surgical-liposuction/,301,,,historica,,0,"conocida por Google, fuera del inventario actual; GSC 0 clics / 221 impr; WordPress ya la redirige: se hereda la 301"
/en/units/cosmetic-facial-surgery-2/perforacion-tabique-nasal/,301,/en/units/cosmetic-facial-surgery-2/nasal-septum-piercing/,301,,,historica,,0,"conocida por Google, fuera del inventario actual; GSC 0 clics / 16 impr; WordPress ya la redirige: se hereda la 301"
/en/units/facial-aesthetic-medicine/hidratacion-y-nutricion/,301,/en/units/facial-aesthetic-medicine/hydration-and-nutrition-2/,301,,,historica,,0,"conocida por Google, fuera del inventario actual; GSC 0 clics / 2 impr; WordPress ya la redirige: se hereda la 301"
/en/units/facial-aesthetic-medicine/ojeras/,301,/en/units/facial-aesthetic-medicine/dark-circles/,301,,,historica,,0,"conocida por Google, fuera del inventario actual; GSC 0 clics / 9 impr; WordPress ya la redirige: se hereda la 301"
/en/units/facial-aesthetic-medicine/rinomodelacion/,301,/en/units/facial-aesthetic-medicine/rhinomodelling/,301,,,historica,,0,"conocida por Google, fuera del inventario actual; GSC 0 clics / 7 impr; WordPress ya la redirige: se hereda la 301"
/en/units/gabinete-de-estetica/hidreclat/,301,/en/units/beauty-salon/clearance/,301,,,historica,,0,"conocida por Google, fuera del inventario actual; GSC 0 clics / 2 impr; WordPress ya la redirige: se hereda la 301"
/en/units/gabinete-de-estetica/reduccion-de-volumen-girona/,301,/en/units/beauty-salon/volume-reduction-girona-2/,301,,,historica,,0,"conocida por Google, fuera del inventario actual; GSC 0 clics / 9 impr; WordPress ya la redirige: se hereda la 301"
/en/units/male-cosmetic-surgery/ginecomastia/,301,/en/units/male-cosmetic-surgery/gynaecomastia/,301,,,historica,,0,"conocida por Google, fuera del inventario actual; GSC 0 clics / 8 impr; WordPress ya la redirige: se hereda la 301"
/en/units/medicina-cosmetica-girona/,301,/en/units/cosmetic-medicine-girona/,301,,,historica,,0,"conocida por Google, fuera del inventario actual; GSC 0 clics / 2 impr; WordPress ya la redirige: se hereda la 301"
/en/units/sobrepeso-y-obesidad/,301,/en/units/overweight-and-obesity-2/,301,,,historica,,0,"conocida por Google, fuera del inventario actual; GSC 0 clics / 41 impr; WordPress ya la redirige: se hereda la 301"
/en/units/sobrepeso-y-obesidad/balon-6-meses/,301,/en/units/overweight-and-obesity-2/balloon-6-months/,301,,,historica,,0,"conocida por Google, fuera del inventario actual; GSC 0 clics / 13 impr; WordPress ya la redirige: se hereda la 301"
/en/units/sobrepeso-y-obesidad/balon-gastrico-girona/,301,/en/units/overweight-and-obesity-2/gastric-balloon-girona/,301,,,historica,,0,"conocida por Google, fuera del inventario actual; GSC 0 clics / 31 impr; WordPress ya la redirige: se hereda la 301"
/en/units/sobrepeso-y-obesidad/cirugia-bariatrica/,301,/en/units/overweight-and-obesity-2/bariatric-surgery-2/,301,,,historica,,0,"conocida por Google, fuera del inventario actual; GSC 0 clics / 12 impr; WordPress ya la redirige: se hereda la 301"
/en/units/sobrepeso-y-obesidad/dietetica-y-nutricion/,301,/en/units/overweight-and-obesity-2/dietetics-and-nutrition-2/,301,,,historica,,1,"conocida por Google, fuera del inventario actual; GSC 1 clics / 51 impr; WordPress ya la redirige: se hereda la 301"
/equipo-cuadro-medico/,301,/cirugia-plastica-girona-equipo-medico/,301,,,historica,1,3,"conocida por Google, fuera del inventario actual; GSC 3 clics / 125 impr; Ahrefs 1 dominios; WordPress ya la redirige: se hereda la 301"
/equipo/,301,/cirugia-plastica-girona-equipo-medico/,301,,,historica,1,0,"conocida por Google, fuera del inventario actual; GSC 0 clics / 0 impr; Ahrefs 1 dominios; WordPress ya la redirige: se hereda la 301"
/fr/algunas-razones-por-las-que-no-perdemos-peso/,301,/fr/voici-quelques-raisons-pour-lesquelles-on-ne-perd-pas-de-poids/,301,,,historica,,0,"conocida por Google, fuera del inventario actual; GSC 0 clics / 6 impr; WordPress ya la redirige: se hereda la 301"
/fr/augment-mamari-amb-protesi-motiva/,301,/fr/augmentation-mammaire-avec-protheses-motivation/,301,,,historica,,0,"conocida por Google, fuera del inventario actual; GSC 0 clics / 1 impr; WordPress ya la redirige: se hereda la 301"
/fr/author/infomedicstetics/page/11/,301,/fr/blog/,301,,,historica,,0,"conocida por Google, fuera del inventario actual; GSC 0 clics / 1 impr; WordPress ya la redirige: se hereda la 301"
/fr/benvingut-dr-langdon/,301,/fr/bienvenue-dr-langdon/,301,,,historica,,0,"conocida por Google, fuera del inventario actual; GSC 0 clics / 1 impr; WordPress ya la redirige: se hereda la 301"
/fr/category/chirurgie-esthetique-corporelle/,301,/fr/blog/,301,,,historica,,0,"conocida por Google, fuera del inventario actual; GSC 0 clics / 1 impr; WordPress ya la redirige: se hereda la 301"
/fr/category/chirurgie-esthetique-des-seins-2/page/3/,301,/fr/blog/,301,,,historica,,0,"conocida por Google, fuera del inventario actual; GSC 0 clics / 10 impr; WordPress ya la redirige: se hereda la 301"
/fr/category/cirugia-estetica-facial/page/2/,301,/fr/blog/,301,,,historica,,0,"conocida por Google, fuera del inventario actual; GSC 0 clics / 4 impr; WordPress ya la redirige: se hereda la 301"
/fr/category/cirugia-estetica-mamas/,301,/fr/blog/,301,,,historica,,0,"conocida por Google, fuera del inventario actual; GSC 0 clics / 43 impr; WordPress ya la redirige: se hereda la 301"
/fr/category/cirurgia-estetica-mames/,301,/fr/blog/,301,,,historica,,0,"conocida por Google, fuera del inventario actual; GSC 0 clics / 27 impr; WordPress ya la redirige: se hereda la 301"
/fr/category/gabinete-de-estetica/,301,/fr/blog/,301,,,historica,,0,"conocida por Google, fuera del inventario actual; GSC 0 clics / 2 impr; WordPress ya la redirige: se hereda la 301"
/fr/category/medecine-esthetique-corporelle/page/2/,301,/fr/blog/,301,,,historica,,0,"conocida por Google, fuera del inventario actual; GSC 0 clics / 6 impr; WordPress ya la redirige: se hereda la 301"
/fr/category/sobrepes-i-obesitat/,301,/fr/blog/,301,,,historica,,0,"conocida por Google, fuera del inventario actual; GSC 0 clics / 18 impr; WordPress ya la redirige: se hereda la 301"
/fr/category/sobrepeso-obesidad/,301,/fr/blog/,301,,,historica,,0,"conocida por Google, fuera del inventario actual; GSC 0 clics / 2 impr; WordPress ya la redirige: se hereda la 301"
/fr/cirugia-plastica-girona-equipo-medico/,301,/fr/chirurgie-plastique-gerone-equipe-medicale/,301,,,historica,,0,"conocida por Google, fuera del inventario actual; GSC 0 clics / 33 impr; WordPress ya la redirige: se hereda la 301"
/fr/cuales-son-las-mejores-protesis-de-mama/,301,/fr/quelles-sont-les-meilleures-protheses-mammaires/,301,,,historica,,1,"conocida por Google, fuera del inventario actual; GSC 1 clics / 79 impr; WordPress ya la redirige: se hereda la 301"
/fr/cuales-son-los-mejores-implantes-de-protesis-de-pechos/,301,/fr/quels-sont-les-meilleurs-implants-de-protheses-mammaires/,301,,,historica,,0,"conocida por Google, fuera del inventario actual; GSC 0 clics / 38 impr; WordPress ya la redirige: se hereda la 301"
/fr/el-unico-balon-que-puede-estar-implantado-un-ano/,301,/fr/le-seul-ballonnet-qui-peut-etre-implante-une-annee/,301,,,historica,,0,"conocida por Google, fuera del inventario actual; GSC 0 clics / 7 impr; WordPress ya la redirige: se hereda la 301"
/fr/equip-quadre-medic/,301,/fr/equipement-du-cadre-medical/,301,,,historica,,0,"conocida por Google, fuera del inventario actual; GSC 0 clics / 2 impr; WordPress ya la redirige: se hereda la 301"
/fr/factores-de-crecimiento-obtenidos-de-las-plaquetas-prp/,301,/fr/facteurs-de-croissance-obtenus-a-partir-de-plaquettes-prp/,301,,,historica,,0,"conocida por Google, fuera del inventario actual; GSC 0 clics / 1 impr; WordPress ya la redirige: se hereda la 301"
/fr/financiacion/,301,/fr/financement/,301,,,historica,,0,"conocida por Google, fuera del inventario actual; GSC 0 clics / 5 impr; WordPress ya la redirige: se hereda la 301"
/fr/home/,301,/fr/,301,,,historica,,1,"conocida por Google, fuera del inventario actual; GSC 1 clics / 58 impr; WordPress ya la redirige: se hereda la 301"
/fr/la-importancia-de-seleccionar-el-tratamiento-adecuado-para-la-perdida-de-peso/,301,/fr/limportance-de-selectionner-le-traitement-approprie-pour-la-perte-de-poids/,301,,,historica,,0,"conocida por Google, fuera del inventario actual; GSC 0 clics / 6 impr; WordPress ya la redirige: se hereda la 301"
/fr/los-casinos-online-mas-populares-de-argentina/,410,,410,,,historica,,0,spam del hackeo (no está en la web actual); GSC 0 clics / 1 impr
/fr/medicina-estetica-corporal/liposuccion-sin-cirugia/,301,/fr/unites/medecine-esthetique-corporelle/liposuccion-sans-chirurgie/,301,,,historica,,0,"conocida por Google, fuera del inventario actual; GSC 0 clics / 19 impr; WordPress ya la redirige: se hereda la 301"
/fr/pinko-kazino-oficialnyy-sayt-pinco-casino-vhod-na-zerkalo/,410,,410,,,historica,,937,spam del hackeo (no está en la web actual); GSC 937 clics / 9153 impr
/fr/politica-de-cookies/,301,/fr/politique-de-cookies/,301,,,historica,,0,"conocida por Google, fuera del inventario actual; GSC 0 clics / 11 impr; WordPress ya la redirige: se hereda la 301"
/fr/r7-onlayn-kazino-akcii-rozygryshi-i-specialnye-predlozheniya-dlya-igrokov/,410,,410,,,historica,,0,spam del hackeo (no está en la web actual); GSC 0 clics / 19 impr
/fr/solucion-mamas-tuberosas/,301,/fr/solution-pour-seins-tubereux/,301,,,historica,,0,"conocida por Google, fuera del inventario actual; GSC 0 clics / 10 impr; WordPress ya la redirige: se hereda la 301"
/fr/team/dr-amador-garcia-ruiz-de-gordejuela/,301,/fr/equipe/dr-amador-garcia-ruiz-de-gordejuela/,301,,,historica,,0,"conocida por Google, fuera del inventario actual; GSC 0 clics / 1 impr; WordPress ya la redirige: se hereda la 301"
/fr/team/dr-mike-dewever-3/,301,/fr/equipe/dr-mike-dewever-3/,301,,,historica,,0,"conocida por Google, fuera del inventario actual; GSC 0 clics / 2 impr; WordPress ya la redirige: se hereda la 301"
/fr/team/dr-mike-dewever/,301,/fr/equipe/dr-mike-dewever/,301,,,historica,,0,"conocida por Google, fuera del inventario actual; GSC 0 clics / 10 impr; WordPress ya la redirige: se hereda la 301"
/fr/team/dr-valenti-puig-divi/,301,/fr/equipe/dr-valenti-puig-divi/,301,,,historica,,0,"conocida por Google, fuera del inventario actual; GSC 0 clics / 2 impr; WordPress ya la redirige: se hereda la 301"
/fr/unidades/cirugia-estetica-facial/lifting-facial/,301,/fr/unites/chirurgie-esthetique-faciale/lifting-du-visage/,301,,,historica,,0,"conocida por Google, fuera del inventario actual; GSC 0 clics / 3 impr; WordPress ya la redirige: se hereda la 301"
/fr/unidades/cirugia-estetica-facial/otoplastia-girona/,301,/fr/unites/chirurgie-esthetique-faciale/otoplastie-gerone/,301,,,historica,,0,"conocida por Google, fuera del inventario actual; GSC 0 clics / 1 impr; WordPress ya la redirige: se hereda la 301"
/fr/unidades/cirugia-estetica-facial/otoplastia/,301,/fr/unites/chirurgie-esthetique-faciale/otoplastie/,301,,,historica,,0,"conocida por Google, fuera del inventario actual; GSC 0 clics / 11 impr; WordPress ya la redirige: se hereda la 301"
/fr/unidades/cirugia-estetica-mamas/,301,/fr/unites/chirurgie-esthetique-des-seins-2/augmentation-mammaire-gerone/,301,,,historica,,0,"conocida por Google, fuera del inventario actual; GSC 0 clics / 45 impr; WordPress ya la redirige: se hereda la 301"
/fr/unidades/cirugia-estetica-mamas/aumento-de-pecho-girona/,301,/fr/unites/chirurgie-esthetique-des-seins-2/augmentation-mammaire-gerone/,301,,,historica,,0,"conocida por Google, fuera del inventario actual; GSC 0 clics / 23 impr; WordPress ya la redirige: se hereda la 301"
/fr/unidades/cirugia-estetica-masculina/,301,/fr/unites/chirurgie-esthetique-masculine/,301,,,historica,,0,"conocida por Google, fuera del inventario actual; GSC 0 clics / 1 impr; WordPress ya la redirige: se hereda la 301"
/fr/unidades/cirugia-estetica-masculina/aumento-de-pectoral/,301,/fr/unites/chirurgie-esthetique-masculine/aumento-de-pectoral/,301,,,historica,,0,"conocida por Google, fuera del inventario actual; GSC 0 clics / 27 impr; WordPress ya la redirige: se hereda la 301"
/fr/unidades/cirugia-estetica-masculina/blefaroplastia/,301,/fr/unites/chirurgie-esthetique-masculine/blepharoplastie/,301,,,historica,,0,"conocida por Google, fuera del inventario actual; GSC 0 clics / 44 impr; WordPress ya la redirige: se hereda la 301"
/fr/unidades/cirugia-estetica-masculina/ginecomastia/,301,/fr/unites/chirurgie-esthetique-masculine/gynecomastie/,301,,,historica,,0,"conocida por Google, fuera del inventario actual; GSC 0 clics / 17 impr; WordPress ya la redirige: se hereda la 301"
/fr/unidades/cirugia-estetica-masculina/liftting-de-cuello-y-papada/,301,/fr/unites/chirurgie-esthetique-masculine/lifting-du-cou-et-du-menton/,301,,,historica,,0,"conocida por Google, fuera del inventario actual; GSC 0 clics / 17 impr; WordPress ya la redirige: se hereda la 301"
/fr/unidades/medicina-estetica-corporal/celulitis/,301,/fr/unites/medecine-esthetique-corporelle/cellulite/,301,,,historica,,0,"conocida por Google, fuera del inventario actual; GSC 0 clics / 1 impr; WordPress ya la redirige: se hereda la 301"
/fr/unidades/medicina-estetica-facial/,301,/fr/unites/medecine-esthetique-faciale/,301,,,historica,,0,"conocida por Google, fuera del inventario actual; GSC 0 clics / 5 impr; WordPress ya la redirige: se hereda la 301"
/fr/unidades/medicina-estetica-facial/peeling/,301,/fr/unites/medecine-esthetique-faciale/epluchage/,301,,,historica,,0,"conocida por Google, fuera del inventario actual; GSC 0 clics / 3 impr; WordPress ya la redirige: se hereda la 301"
/fr/unidades/sobrepeso-y-obesidad/cirugia-bariatrica/bypass-gastrico-2/,410,,410,,,historica,,0,"conocida por Google, fuera del inventario actual; GSC 0 clics / 2 impr; hoy 404, sin clics ni backlinks → 410"
/fr/unidades/sobrepeso-y-obesidad/cirugia-bariatrica/cruce-duodenal-2/,410,,410,,,historica,,0,"conocida por Google, fuera del inventario actual; GSC 0 clics / 1 impr; hoy 404, sin clics ni backlinks → 410"
/fr/unidades/sobrepeso-y-obesidad/cirugia-bariatrica/gastrectomia-vertical/,301,/fr/unites/surpoids-et-obesite-2/chirurgie-bariatrique-2/gastrectomie-verticale/,301,,,historica,,0,"conocida por Google, fuera del inventario actual; GSC 0 clics / 1 impr; WordPress ya la redirige: se hereda la 301"
/fr/unidades/sobrepeso-y-obesidad/endomanga/,301,/fr/unites/surpoids-et-obesite-2/endomanga/,301,,,historica,,0,"conocida por Google, fuera del inventario actual; GSC 0 clics / 3 impr; WordPress ya la redirige: se hereda la 301"
/fr/unites-2/cabinet-desthetique/desintoxicant/,301,/fr/unites/institut-de-beaute/detoxifiante/,301,,,historica,,0,"conocida por Google, fuera del inventario actual; GSC 0 clics / 2 impr; WordPress ya la redirige: se hereda la 301"
/fr/unites-2/chirurgie-esthetique-du-visage/otoplastia/,301,/fr/unites/chirurgie-esthetique-faciale/otoplastie/,301,,,historica,,0,"conocida por Google, fuera del inventario actual; GSC 0 clics / 2 impr; WordPress ya la redirige: se hereda la 301"
/fr/unites-2/chirurgie-esthetique-masculine-2/lifting-de-coll-i-papada/,301,/fr/unites/chirurgie-esthetique-masculine/lifting-du-cou-et-du-menton/,301,,,historica,,0,"conocida por Google, fuera del inventario actual; GSC 0 clics / 1 impr; WordPress ya la redirige: se hereda la 301"
/fr/unites-2/medecine-esthetique-corporelle/celulitis/,301,/fr/unites/medecine-esthetique-corporelle/cellulite/,301,,,historica,,0,"conocida por Google, fuera del inventario actual; GSC 0 clics / 7 impr; WordPress ya la redirige: se hereda la 301"
/fr/unites-2/medecine-esthetique-faciale/arrugues-dexpressio/,301,/fr/unites/medecine-esthetique-faciale/rides-dexpression/,301,,,historica,,0,"conocida por Google, fuera del inventario actual; GSC 0 clics / 4 impr; WordPress ya la redirige: se hereda la 301"
/fr/unites-2/surpoids-et-obesite/balo-12-mesos-reajustable/,301,/fr/unites-2/surpoids-et-obesite/12-mois-reajustables/,301,,,historica,,0,"conocida por Google, fuera del inventario actual; GSC 0 clics / 10 impr; WordPress ya la redirige: se hereda la 301"
/fr/unites-2/surpoids-et-obesite/chirurgie-bariatrique/gastrectomia-vertical/,301,/fr/unites/surpoids-et-obesite-2/chirurgie-bariatrique-2/gastrectomie-verticale/,301,,,historica,,0,"conocida por Google, fuera del inventario actual; GSC 0 clics / 5 impr; WordPress ya la redirige: se hereda la 301"
/fr/unites/chirurgie-esthetique-corporelle-2/aumento-de-gluteos/,301,/fr/unites/chirurgie-esthetique-corporelle-2/augmentation-des-fessiers/,301,,,historica,,0,"conocida por Google, fuera del inventario actual; GSC 0 clics / 7 impr; WordPress ya la redirige: se hereda la 301"
/fr/unites/chirurgie-esthetique-des-seins-2/elevacion-de-pecho-pexia/,301,/fr/unites/chirurgie-esthetique-des-seins-2/lifting-des-seins-pexie-mammaire/,301,,,historica,,0,"conocida por Google, fuera del inventario actual; GSC 0 clics / 84 impr; WordPress ya la redirige: se hereda la 301"
/fr/unites/chirurgie-esthetique-faciale/rinoplastia-girona/,301,/fr/unites/chirurgie-esthetique-faciale/rhinoplastie-gerone/,301,,,historica,,0,"conocida por Google, fuera del inventario actual; GSC 0 clics / 8 impr; WordPress ya la redirige: se hereda la 301"
/fr/unites/chirurgie-esthetique-masculine/liftting-de-cuello-y-papada/,301,/fr/unites/chirurgie-esthetique-masculine/lifting-du-cou-et-du-menton/,301,,,historica,,0,"conocida por Google, fuera del inventario actual; GSC 0 clics / 25 impr; WordPress ya la redirige: se hereda la 301"
/fr/unites/cirugia-estetica-corporal/abdominoplastia/,301,/fr/unites/chirurgie-esthetique-corporelle-2/abdominoplastie/,301,,,historica,,2,"conocida por Google, fuera del inventario actual; GSC 2 clics / 53 impr; WordPress ya la redirige: se hereda la 301"
/fr/unites/cirugia-estetica-corporal/abdominoplastie/,301,/fr/unites/chirurgie-esthetique-corporelle-2/abdominoplastie/,301,,,historica,,0,"conocida por Google, fuera del inventario actual; GSC 0 clics / 17 impr; WordPress ya la redirige: se hereda la 301"
/fr/unites/cirugia-estetica-corporal/aumento-de-gluteos/,301,/fr/unites/chirurgie-esthetique-corporelle-2/augmentation-des-fessiers/,301,,,historica,,0,"conocida por Google, fuera del inventario actual; GSC 0 clics / 17 impr; WordPress ya la redirige: se hereda la 301"
/fr/unites/cirugia-estetica-corporal/cirugia-genital-femenina/,301,/fr/unites/chirurgie-esthetique-corporelle-2/chirurgie-genitale-feminine-2/,301,,,historica,,0,"conocida por Google, fuera del inventario actual; GSC 0 clics / 4 impr; WordPress ya la redirige: se hereda la 301"
/fr/unites/cirugia-estetica-corporal/lifting-brazos-y-piernas/,301,/fr/unites/chirurgie-esthetique-corporelle-2/soulever-les-bras-et-les-jambes/,301,,,historica,,0,"conocida por Google, fuera del inventario actual; GSC 0 clics / 4 impr; WordPress ya la redirige: se hereda la 301"
/fr/unites/cirugia-estetica-corporal/lipofiling-corporal/,301,/fr/unites/chirurgie-esthetique-corporelle-2/lipofilling-corporel/,301,,,historica,,0,"conocida por Google, fuera del inventario actual; GSC 0 clics / 15 impr; WordPress ya la redirige: se hereda la 301"
/fr/unites/cirugia-estetica-corporal/liposuccion-vaser/,301,/fr/unites/chirurgie-esthetique-corporelle-2/liposuccion-vaser/,301,,,historica,,0,"conocida por Google, fuera del inventario actual; GSC 0 clics / 13 impr; WordPress ya la redirige: se hereda la 301"
/fr/unites/cirugia-estetica-corporal/liposuccion/,301,/fr/unites/chirurgie-esthetique-corporelle-2/liposuccion/,301,,,historica,,0,"conocida por Google, fuera del inventario actual; GSC 0 clics / 53 impr; WordPress ya la redirige: se hereda la 301"
/fr/unites/cirugia-estetica-facial/,301,/fr/unites/chirurgie-esthetique-faciale/,301,,,historica,,0,"conocida por Google, fuera del inventario actual; GSC 0 clics / 11 impr; WordPress ya la redirige: se hereda la 301"
/fr/unites/cirugia-estetica-facial/blefaroplastia-girona/,301,/fr/unites/chirurgie-esthetique-faciale/blepharoplastie-gerone/,301,,,historica,,0,"conocida por Google, fuera del inventario actual; GSC 0 clics / 148 impr; WordPress ya la redirige: se hereda la 301"
/fr/unites/cirugia-estetica-facial/blefaroplastia/,301,/fr/unites/chirurgie-esthetique-faciale/blepharoplastie/,301,,,historica,,0,"conocida por Google, fuera del inventario actual; GSC 0 clics / 135 impr; WordPress ya la redirige: se hereda la 301"
/fr/unites/cirugia-estetica-facial/cirugia-menton-y-pomulos/,301,/fr/unites/chirurgie-esthetique-faciale/chirurgie-du-menton-et-des-pommettes-2/,301,,,historica,,0,"conocida por Google, fuera del inventario actual; GSC 0 clics / 6 impr; WordPress ya la redirige: se hereda la 301"
/fr/unites/cirugia-estetica-facial/lifting-du-visage/,301,/fr/unites/chirurgie-esthetique-faciale/lifting-du-visage/,301,,,historica,,0,"conocida por Google, fuera del inventario actual; GSC 0 clics / 20 impr; WordPress ya la redirige: se hereda la 301"
/fr/unites/cirugia-estetica-facial/lifting-facial/,301,/fr/unites/chirurgie-esthetique-faciale/lifting-du-visage/,301,,,historica,,0,"conocida por Google, fuera del inventario actual; GSC 0 clics / 27 impr; WordPress ya la redirige: se hereda la 301"
/fr/unites/cirugia-estetica-facial/minilifting-de-cuello-y-papada/,301,/fr/unites/chirurgie-esthetique-faciale/mini-lifting-du-cou-et-du-double-menton/,301,,,historica,,0,"conocida por Google, fuera del inventario actual; GSC 0 clics / 24 impr; WordPress ya la redirige: se hereda la 301"
/fr/unites/cirugia-estetica-facial/otoplastia-girona/,301,/fr/unites/chirurgie-esthetique-faciale/otoplastie-gerone/,301,,,historica,,0,"conocida por Google, fuera del inventario actual; GSC 0 clics / 25 impr; WordPress ya la redirige: se hereda la 301"
/fr/unites/cirugia-estetica-facial/otoplastia/,301,/fr/unites/chirurgie-esthetique-faciale/otoplastie/,301,,,historica,,0,"conocida por Google, fuera del inventario actual; GSC 0 clics / 57 impr; WordPress ya la redirige: se hereda la 301"
/fr/unites/cirugia-estetica-facial/perforacion-tabique-nasal/,301,/fr/unites/chirurgie-esthetique-faciale/perforation-de-la-cloison-nasale/,301,,,historica,,1,"conocida por Google, fuera del inventario actual; GSC 1 clics / 210 impr; WordPress ya la redirige: se hereda la 301"
/fr/unites/cirugia-estetica-facial/relleno-de-arrugas/,301,/fr/unites/chirurgie-esthetique-faciale/remplissage-de-rides/,301,,,historica,,0,"conocida por Google, fuera del inventario actual; GSC 0 clics / 6 impr; WordPress ya la redirige: se hereda la 301"
/fr/unites/cirugia-estetica-facial/rinoplastia-girona/,301,/fr/unites/chirurgie-esthetique-faciale/rhinoplastie-gerone/,301,,,historica,,0,"conocida por Google, fuera del inventario actual; GSC 0 clics / 100 impr; WordPress ya la redirige: se hereda la 301"
/fr/unites/cirugia-estetica-mamas/,301,/fr/unites/chirurgie-esthetique-des-seins-2/augmentation-mammaire-gerone/,301,,,historica,,0,"conocida por Google, fuera del inventario actual; GSC 0 clics / 69 impr; WordPress ya la redirige: se hereda la 301"
/fr/unites/cirugia-estetica-mamas/aumento-de-pecho-girona/,301,/fr/unites/chirurgie-esthetique-des-seins-2/augmentation-mammaire-gerone/,301,,,historica,,0,"conocida por Google, fuera del inventario actual; GSC 0 clics / 23 impr; WordPress ya la redirige: se hereda la 301"
/fr/unites/cirugia-estetica-mamas/aumento-de-pecho-tecnica-ami/,301,/fr/unites/chirurgie-esthetique-des-seins-2/augmentation-mammaire-technique-ami/,301,,,historica,,0,"conocida por Google, fuera del inventario actual; GSC 0 clics / 33 impr; WordPress ya la redirige: se hereda la 301"
/fr/unites/cirugia-estetica-mamas/recambiodeprotesis/,301,/fr/unites/chirurgie-esthetique-des-seins-2/remplacement-de-prothese/,301,,,historica,,0,"conocida por Google, fuera del inventario actual; GSC 0 clics / 16 impr; WordPress ya la redirige: se hereda la 301"
/fr/unites/cirugia-estetica-mamas/reduccion-de-pecho/,301,/fr/unites/chirurgie-esthetique-des-seins-2/reduction-mammaire/,301,,,historica,,0,"conocida por Google, fuera del inventario actual; GSC 0 clics / 88 impr; WordPress ya la redirige: se hereda la 301"
/fr/unites/gabinete-de-estetica/desintoxicante/,301,/fr/unites/institut-de-beaute/detoxifiante/,301,,,historica,,0,"conocida por Google, fuera del inventario actual; GSC 0 clics / 7 impr; WordPress ya la redirige: se hereda la 301"
/fr/unites/gabinete-de-estetica/eliminar-celulitis/,301,/fr/unites/institut-de-beaute/eliminer-la-cellulite/,301,,,historica,,0,"conocida por Google, fuera del inventario actual; GSC 0 clics / 1 impr; WordPress ya la redirige: se hereda la 301"
/fr/unites/gabinete-de-estetica/recuperador/,301,/fr/unites/institut-de-beaute/recuperateur/,301,,,historica,,0,"conocida por Google, fuera del inventario actual; GSC 0 clics / 3 impr; WordPress ya la redirige: se hereda la 301"
/fr/unites/gabinete-de-estetica/reduccion-de-volumen-girona/,301,/fr/unites/institut-de-beaute/reduccion-de-volumen-girona/,301,,,historica,,0,"conocida por Google, fuera del inventario actual; GSC 0 clics / 2 impr; WordPress ya la redirige: se hereda la 301"
/fr/unites/institut-de-beaute/acido-de-frutas/,301,/fr/unites/institut-de-beaute/acide-de-fruits/,301,,,historica,,0,"conocida por Google, fuera del inventario actual; GSC 0 clics / 15 impr; WordPress ya la redirige: se hereda la 301"
/fr/unites/institut-de-beaute/antiedad-mc-110/,301,/fr/unites/institut-de-beaute/anti-age-mc-110/,301,,,historica,,0,"conocida por Google, fuera del inventario actual; GSC 0 clics / 8 impr; WordPress ya la redirige: se hereda la 301"
/fr/unites/institut-de-beaute/desintoxicante/,301,/fr/unites/institut-de-beaute/detoxifiante/,301,,,historica,,0,"conocida por Google, fuera del inventario actual; GSC 0 clics / 8 impr; WordPress ya la redirige: se hereda la 301"
/fr/unites/institut-de-beaute/eliminar-celulitis/,301,/fr/unites/institut-de-beaute/eliminer-la-cellulite/,301,,,historica,,0,"conocida por Google, fuera del inventario actual; GSC 0 clics / 17 impr; WordPress ya la redirige: se hereda la 301"
/fr/unites/medecine-esthetique-corporelle/liposuccion-sin-cirugia/,301,/fr/unites/medecine-esthetique-corporelle/liposuccion-sans-chirurgie/,301,,,historica,,0,"conocida por Google, fuera del inventario actual; GSC 0 clics / 14 impr; WordPress ya la redirige: se hereda la 301"
/fr/unites/medecine-esthetique-faciale/ojeras/,301,/fr/unites/medecine-esthetique-faciale/cernes/,301,,,historica,,0,"conocida por Google, fuera del inventario actual; GSC 0 clics / 2 impr; WordPress ya la redirige: se hereda la 301"
/fr/unites/medicina-cosmetica-girona/,301,/fr/unites/medecine-esthetique-gerone/,301,,,historica,,0,"conocida por Google, fuera del inventario actual; GSC 0 clics / 7 impr; WordPress ya la redirige: se hereda la 301"
/fr/unites/medicina-estetica-corporal/,301,/fr/unites/medecine-esthetique-corporelle/,301,,,historica,,0,"conocida por Google, fuera del inventario actual; GSC 0 clics / 6 impr; WordPress ya la redirige: se hereda la 301"
/fr/unites/medicina-estetica-corporal/celulitis/,301,/fr/unites/medecine-esthetique-corporelle/cellulite/,301,,,historica,,1,"conocida por Google, fuera del inventario actual; GSC 1 clics / 13 impr; WordPress ya la redirige: se hereda la 301"
/fr/unites/medicina-estetica-corporal/liposuccion-sin-cirugia/,301,/fr/unites/medecine-esthetique-corporelle/liposuccion-sans-chirurgie/,301,,,historica,,0,"conocida por Google, fuera del inventario actual; GSC 0 clics / 24 impr; WordPress ya la redirige: se hereda la 301"
/fr/unites/medicina-estetica-facial/,301,/fr/unites/medecine-esthetique-faciale/,301,,,historica,,0,"conocida por Google, fuera del inventario actual; GSC 0 clics / 11 impr; WordPress ya la redirige: se hereda la 301"
/fr/unites/medicina-estetica-facial/aumento-labios/,301,/fr/unites/medecine-esthetique-faciale/augmentation-des-levres/,301,,,historica,,0,"conocida por Google, fuera del inventario actual; GSC 0 clics / 2 impr; WordPress ya la redirige: se hereda la 301"
/fr/unites/medicina-estetica-facial/flacidez-hilos-tensores/,301,/fr/unites/medecine-esthetique-faciale/flaccidite-fils-tenseurs/,301,,,historica,,0,"conocida por Google, fuera del inventario actual; GSC 0 clics / 13 impr; WordPress ya la redirige: se hereda la 301"
/fr/unites/medicina-estetica-facial/hidratacion-y-nutricion/,301,/fr/unites/medecine-esthetique-faciale/hydratation-et-nutrition-2/,301,,,historica,,0,"conocida por Google, fuera del inventario actual; GSC 0 clics / 18 impr; WordPress ya la redirige: se hereda la 301"
/fr/unites/medicina-estetica-facial/ojeras/,301,/fr/unites/medecine-esthetique-faciale/cernes/,301,,,historica,,0,"conocida por Google, fuera del inventario actual; GSC 0 clics / 2 impr; WordPress ya la redirige: se hereda la 301"
/fr/unites/medicina-estetica-facial/peeling/,301,/fr/unites/medecine-esthetique-faciale/epluchage/,301,,,historica,,0,"conocida por Google, fuera del inventario actual; GSC 0 clics / 85 impr; WordPress ya la redirige: se hereda la 301"
/fr/unites/medicina-estetica-facial/rinomodelacion/,301,/fr/unites/medecine-esthetique-faciale/rinomodelisation/,301,,,historica,,0,"conocida por Google, fuera del inventario actual; GSC 0 clics / 3 impr; WordPress ya la redirige: se hereda la 301"
/fr/unites/sobrepeso-y-obesidad/,301,/fr/unites/surpoids-et-obesite-2/,301,,,historica,,0,"conocida por Google, fuera del inventario actual; GSC 0 clics / 5 impr; WordPress ya la redirige: se hereda la 301"
/fr/unites/sobrepeso-y-obesidad/balon-12-meses-reajustable/,301,/fr/unites/surpoids-et-obesite-2/boule-12-mois-ajustable/,301,,,historica,,0,"conocida por Google, fuera del inventario actual; GSC 0 clics / 8 impr; WordPress ya la redirige: se hereda la 301"
/fr/unites/sobrepeso-y-obesidad/balon-6-meses/,301,/fr/unites/surpoids-et-obesite-2/ballon-6-mois/,301,,,historica,,0,"conocida por Google, fuera del inventario actual; GSC 0 clics / 44 impr; WordPress ya la redirige: se hereda la 301"
/fr/unites/sobrepeso-y-obesidad/balon-gastrico-girona/,301,/fr/unites/surpoids-et-obesite-2/ballon-gastrique-gerone/,301,,,historica,,0,"conocida por Google, fuera del inventario actual; GSC 0 clics / 54 impr; WordPress ya la redirige: se hereda la 301"
/fr/unites/sobrepeso-y-obesidad/balon-ingerible-elipse/,301,/fr/unites/surpoids-et-obesite-2/balle-comestible-ellipse/,301,,,historica,,0,"conocida por Google, fuera del inventario actual; GSC 0 clics / 19 impr; WordPress ya la redirige: se hereda la 301"
/fr/unites/sobrepeso-y-obesidad/cirugia-bariatrica/,301,/fr/unites/surpoids-et-obesite-2/chirurgie-bariatrique-2/,301,,,historica,,1,"conocida por Google, fuera del inventario actual; GSC 1 clics / 4 impr; WordPress ya la redirige: se hereda la 301"
/fr/unites/sobrepeso-y-obesidad/cirugia-bariatrica/bypass-gastrico-2/,410,,410,,,historica,,0,"conocida por Google, fuera del inventario actual; GSC 0 clics / 29 impr; hoy 404, sin clics ni backlinks → 410"
/fr/unites/sobrepeso-y-obesidad/cirugia-bariatrica/cruce-duodenal-2/,410,,410,,,historica,,0,"conocida por Google, fuera del inventario actual; GSC 0 clics / 21 impr; hoy 404, sin clics ni backlinks → 410"
/fr/unites/sobrepeso-y-obesidad/cirugia-bariatrica/gastrectomia-vertical/,301,/fr/unites/surpoids-et-obesite-2/chirurgie-bariatrique-2/gastrectomie-verticale/,301,,,historica,,0,"conocida por Google, fuera del inventario actual; GSC 0 clics / 13 impr; WordPress ya la redirige: se hereda la 301"
/fr/unites/sobrepeso-y-obesidad/cirugia-postbariatrica/,301,/fr/unites/surpoids-et-obesite-2/cirugia-postbariatrica/,301,,,historica,,0,"conocida por Google, fuera del inventario actual; GSC 0 clics / 10 impr; WordPress ya la redirige: se hereda la 301"
/fr/unites/sobrepeso-y-obesidad/dietetica-y-nutricion/,301,/fr/unites/surpoids-et-obesite-2/dietetique-et-nutrition/,301,,,historica,,0,"conocida por Google, fuera del inventario actual; GSC 0 clics / 24 impr; WordPress ya la redirige: se hereda la 301"
/fr/unites/sobrepeso-y-obesidad/endomanga/,301,/fr/unites/surpoids-et-obesite-2/endomanga/,301,,,historica,,0,"conocida por Google, fuera del inventario actual; GSC 0 clics / 63 impr; WordPress ya la redirige: se hereda la 301"
/fr/unites/surpoids-et-obesite-2/balon-gastrico-girona/,301,/fr/unites/surpoids-et-obesite-2/ballon-gastrique-gerone/,301,,,historica,,0,"conocida por Google, fuera del inventario actual; GSC 0 clics / 10 impr; WordPress ya la redirige: se hereda la 301"
/fr/unites/surpoids-et-obesite-2/chirurgie-bariatrique-2/bypass-gastrique-2/,410,,410,,,historica,,0,"conocida por Google, fuera del inventario actual; GSC 0 clics / 12 impr; hoy 404, sin clics ni backlinks → 410"
/fr/unites/surpoids-et-obesite-2/chirurgie-bariatrique-2/croisement-duodenal-2/,410,,410,,,historica,,0,"conocida por Google, fuera del inventario actual; GSC 0 clics / 14 impr; hoy 404, sin clics ni backlinks → 410"
/fr/vavada-kazino-oficialnyy-sayt-vhod-na-rabochee-zerkalo-vavada-2026/,410,,410,,,historica,,0,spam del hackeo (no está en la web actual); GSC 0 clics / 7 impr
/ice-casino-polska-najlepsze-kasyno-online-na-prawdziwe-pieniadze-w-polsce/,410,,410,,,historica,,0,spam del hackeo (no está en la web actual); GSC 0 clics / 1 impr
/los-casinos-online-mas-populares-de-argentina/,410,,410,,,historica,,1,spam del hackeo (no está en la web actual); GSC 1 clics / 21 impr
/portfolio-category/servicios/,301,/portfolio_page/,301,,,historica,,0,"conocida por Google, fuera del inventario actual; GSC 0 clics / 2 impr; hoy responde 200 y no está en el inventario: incorporar o redirigir · RESUELTO 28/09: portfolio -> portfolio del idioma"
/portfolio-category/videos/,301,/portfolio_page/,301,,,historica,,0,"conocida por Google, fuera del inventario actual; GSC 0 clics / 1 impr; hoy responde 200 y no está en el inventario: incorporar o redirigir · RESUELTO 28/09: portfolio -> portfolio del idioma"
/portfolio_page/page/2/,301,/portfolio_page/,301,,,historica,,0,"conocida por Google, fuera del inventario actual; GSC 0 clics / 1 impr; hoy responde 200 y no está en el inventario: incorporar o redirigir · RESUELTO 28/09: portfolio -> portfolio del idioma"
/que-es-una-rinoplastia/feed/,301,/blog-2/,301,,,historica,,0,"conocida por Google, fuera del inventario actual; GSC 0 clics / 3 impr; hoy responde 200 y no está en el inventario: incorporar o redirigir · RESUELTO 28/09: archivo del blog -> listado"
/ranking-de-cassinos-online-no-brasil-os-mais-populares-em-2026/,410,,410,,,historica,,0,spam del hackeo (no está en la web actual); GSC 0 clics / 1 impr
/ru/%D0%B5%D0%B4%D0%B8%D0%BD%D0%B8%D1%86%D1%8B/%D0%B8%D0%B7%D0%B1%D1%8B%D1%82%D0%BE%D1%87%D0%BD%D1%8B%D0%B9-%D0%B2%D0%B5%D1%81-%D0%B8-%D0%BE%D0%B6%D0%B8%D1%80%D0%B5%D0%BD%D0%B8%D0%B5-2/balon-12-meses-reajustable/,301,/ru/%d0%b5%d0%b4%d0%b8%d0%bd%d0%b8%d1%86%d1%8b/%d0%b8%d0%b7%d0%b1%d1%8b%d1%82%d0%be%d1%87%d0%bd%d1%8b%d0%b9-%d0%b2%d0%b5%d1%81-%d0%b8-%d0%be%d0%b6%d0%b8%d1%80%d0%b5%d0%bd%d0%b8%d0%b5-2/%d0%b1%d0%b0%d0%bb%d0%be%d0%bd-12-%d0%bc%d0%b5%d1%81%d1%8f%d1%86%d0%b5%d0%b2-%d1%80%d0%b5%d0%b3%d1%83%d0%bb%d0%b8%d1%80%d1%83%d0%b5%d0%bc%d1%8b%d0%b9/,301,,,historica,,0,"conocida por Google, fuera del inventario actual; GSC 0 clics / 9 impr; WordPress ya la redirige: se hereda la 301"
/ru/%D0%B5%D0%B4%D0%B8%D0%BD%D0%B8%D1%86%D1%8B/%D0%B8%D0%B7%D0%B1%D1%8B%D1%82%D0%BE%D1%87%D0%BD%D1%8B%D0%B9-%D0%B2%D0%B5%D1%81-%D0%B8-%D0%BE%D0%B6%D0%B8%D1%80%D0%B5%D0%BD%D0%B8%D0%B5-2/balon-6-meses/,301,/ru/%d0%b5%d0%b4%d0%b8%d0%bd%d0%b8%d1%86%d1%8b/%d0%b8%d0%b7%d0%b1%d1%8b%d1%82%d0%be%d1%87%d0%bd%d1%8b%d0%b9-%d0%b2%d0%b5%d1%81-%d0%b8-%d0%be%d0%b6%d0%b8%d1%80%d0%b5%d0%bd%d0%b8%d0%b5-2/balon-6-%d0%bc%d0%b5%d1%81%d1%8f%d1%86%d0%b5%d0%b2/,301,,,historica,,0,"conocida por Google, fuera del inventario actual; GSC 0 clics / 3 impr; WordPress ya la redirige: se hereda la 301"
/ru/%D0%B5%D0%B4%D0%B8%D0%BD%D0%B8%D1%86%D1%8B/%D0%B8%D0%B7%D0%B1%D1%8B%D1%82%D0%BE%D1%87%D0%BD%D1%8B%D0%B9-%D0%B2%D0%B5%D1%81-%D0%B8-%D0%BE%D0%B6%D0%B8%D1%80%D0%B5%D0%BD%D0%B8%D0%B5-2/dietetica-y-nutricion/,301,/ru/%d0%b5%d0%b4%d0%b8%d0%bd%d0%b8%d1%86%d1%8b/%d0%b8%d0%b7%d0%b1%d1%8b%d1%82%d0%be%d1%87%d0%bd%d1%8b%d0%b9-%d0%b2%d0%b5%d1%81-%d0%b8-%d0%be%d0%b6%d0%b8%d1%80%d0%b5%d0%bd%d0%b8%d0%b5-2/%d0%b4%d0%b8%d0%b5%d1%82%d0%be%d0%bb%d0%be%d0%b3%d0%b8%d1%8f-%d0%b8-%d0%bf%d0%b8%d1%82%d0%b0%d0%bd%d0%b8%d0%b5/,301,,,historica,,0,"conocida por Google, fuera del inventario actual; GSC 0 clics / 3 impr; WordPress ya la redirige: se hereda la 301"
/ru/%D0%B5%D0%B4%D0%B8%D0%BD%D0%B8%D1%86%D1%8B/%D0%B8%D0%B7%D0%B1%D1%8B%D1%82%D0%BE%D1%87%D0%BD%D1%8B%D0%B9-%D0%B2%D0%B5%D1%81-%D0%B8-%D0%BE%D0%B6%D0%B8%D1%80%D0%B5%D0%BD%D0%B8%D0%B5-2/endomanga/,301,/ru/%d0%b5%d0%b4%d0%b8%d0%bd%d0%b8%d1%86%d1%8b/%d0%b8%d0%b7%d0%b1%d1%8b%d1%82%d0%be%d1%87%d0%bd%d1%8b%d0%b9-%d0%b2%d0%b5%d1%81-%d0%b8-%d0%be%d0%b6%d0%b8%d1%80%d0%b5%d0%bd%d0%b8%d0%b5-2/%d1%8d%d0%bd%d0%b4%d0%be%d0%bc%d0%b0%d0%bd%d0%b3%d0%b0/,301,,,historica,,0,"conocida por Google, fuera del inventario actual; GSC 0 clics / 21 impr; WordPress ya la redirige: se hereda la 301"
/ru/%D0%B5%D0%B4%D0%B8%D0%BD%D0%B8%D1%86%D1%8B/%D0%BA%D0%B0%D0%B1%D0%B8%D0%BD%D0%B5%D1%82-%D1%8D%D1%81%D1%82%D0%B5%D1%82%D0%B8%D0%BA%D0%B8/hidreclat/,301,/ru/%d0%b5%d0%b4%d0%b8%d0%bd%d0%b8%d1%86%d1%8b/%d0%ba%d0%b0%d0%b1%d0%b8%d0%bd%d0%b5%d1%82-%d1%8d%d1%81%d1%82%d0%b5%d1%82%d0%b8%d0%ba%d0%b8/%d1%85%d0%b8%d0%b4%d1%80%d0%b5%d0%ba%d0%bb%d0%b0%d1%82/,301,,,historica,,0,"conocida por Google, fuera del inventario actual; GSC 0 clics / 8 impr; WordPress ya la redirige: se hereda la 301"
/ru/%D0%B5%D0%B4%D0%B8%D0%BD%D0%B8%D1%86%D1%8B/%D0%BC%D1%83%D0%B6%D1%81%D0%BA%D0%B0%D1%8F-%D0%BA%D0%BE%D1%81%D0%BC%D0%B5%D1%82%D0%B8%D1%87%D0%B5%D1%81%D0%BA%D0%B0%D1%8F-%D1%85%D0%B8%D1%80%D1%83%D1%80%D0%B3%D0%B8%D1%8F/liftting-de-cuello-y-papada/,301,/ru/%d0%b5%d0%b4%d0%b8%d0%bd%d0%b8%d1%86%d1%8b/%d0%bc%d1%83%d0%b6%d1%81%d0%ba%d0%b0%d1%8f-%d0%ba%d0%be%d1%81%d0%bc%d0%b5%d1%82%d0%b8%d1%87%d0%b5%d1%81%d0%ba%d0%b0%d1%8f-%d1%85%d0%b8%d1%80%d1%83%d1%80%d0%b3%d0%b8%d1%8f/%d0%bf%d0%be%d0%b4%d1%82%d1%8f%d0%b6%d0%ba%d0%b0-%d1%88%d0%b5%d0%b8-%d0%b8-%d0%b2%d1%82%d0%be%d1%80%d0%be%d0%b3%d0%be-%d0%bf%d0%be%d0%b4%d0%b1%d0%be%d1%80%d0%be%d0%b4%d0%ba%d0%b0/,301,,,historica,,0,"conocida por Google, fuera del inventario actual; GSC 0 clics / 1 impr; WordPress ya la redirige: se hereda la 301"
/ru/%D0%B5%D0%B4%D0%B8%D0%BD%D0%B8%D1%86%D1%8B/%D0%BF%D0%BB%D0%B0%D1%81%D1%82%D0%B8%D1%87%D0%B5%D1%81%D0%BA%D0%B0%D1%8F-%D1%85%D0%B8%D1%80%D1%83%D1%80%D0%B3%D0%B8%D1%8F-%D0%B3%D1%80%D1%83%D0%B4%D0%B8/aumento-de-pecho-girona/,301,/ru/%d0%b5%d0%b4%d0%b8%d0%bd%d0%b8%d1%86%d1%8b/%d0%bf%d0%bb%d0%b0%d1%81%d1%82%d0%b8%d1%87%d0%b5%d1%81%d0%ba%d0%b0%d1%8f-%d1%85%d0%b8%d1%80%d1%83%d1%80%d0%b3%d0%b8%d1%8f-%d0%b3%d1%80%d1%83%d0%b4%d0%b8/%d1%83%d0%b2%d0%b5%d0%bb%d0%b8%d1%87%d0%b5%d0%bd%d0%b8%d0%b5-%d0%b3%d1%80%d1%83%d0%b4%d0%b8-%d0%b6%d0%b8%d1%80%d0%be%d0%bd%d0%b0-2/,301,,,historica,,0,"conocida por Google, fuera del inventario actual; GSC 0 clics / 109 impr; WordPress ya la redirige: se hereda la 301"
/ru/%D0%B5%D0%B4%D0%B8%D0%BD%D0%B8%D1%86%D1%8B/%D0%BF%D0%BB%D0%B0%D1%81%D1%82%D0%B8%D1%87%D0%B5%D1%81%D0%BA%D0%B0%D1%8F-%D1%85%D0%B8%D1%80%D1%83%D1%80%D0%B3%D0%B8%D1%8F-%D0%B3%D1%80%D1%83%D0%B4%D0%B8/elevacion-de-pecho-pexia/,301,/ru/%d0%b5%d0%b4%d0%b8%d0%bd%d0%b8%d1%86%d1%8b/%d0%bf%d0%bb%d0%b0%d1%81%d1%82%d0%b8%d1%87%d0%b5%d1%81%d0%ba%d0%b0%d1%8f-%d1%85%d0%b8%d1%80%d1%83%d1%80%d0%b3%d0%b8%d1%8f-%d0%b3%d1%80%d1%83%d0%b4%d0%b8/%d0%bc%d0%b0%d0%bc%d0%bc%d0%be%d0%bf%d0%bb%d0%b0%d1%81%d1%82%d0%b8%d0%ba%d0%b0/,301,,,historica,,0,"conocida por Google, fuera del inventario actual; GSC 0 clics / 16 impr; WordPress ya la redirige: se hereda la 301"
/ru/%D0%B5%D0%B4%D0%B8%D0%BD%D0%B8%D1%86%D1%8B/%D0%BF%D0%BB%D0%B0%D1%81%D1%82%D0%B8%D1%87%D0%B5%D1%81%D0%BA%D0%B0%D1%8F-%D1%85%D0%B8%D1%80%D1%83%D1%80%D0%B3%D0%B8%D1%8F-%D0%BB%D0%B8%D1%86%D0%B0/cirugia-menton-y-pomulos/,301,/ru/%d0%b5%d0%b4%d0%b8%d0%bd%d0%b8%d1%86%d1%8b/%d0%bf%d0%bb%d0%b0%d1%81%d1%82%d0%b8%d1%87%d0%b5%d1%81%d0%ba%d0%b0%d1%8f-%d1%85%d0%b8%d1%80%d1%83%d1%80%d0%b3%d0%b8%d1%8f-%d0%bb%d0%b8%d1%86%d0%b0/%d0%be%d0%bf%d0%b5%d1%80%d0%b0%d1%86%d0%b8%d1%8f-%d0%bd%d0%b0-%d0%bf%d0%be%d0%b4%d0%b1%d0%be%d1%80%d0%be%d0%b4%d0%ba%d0%b5-%d0%b8-%d1%81%d0%ba%d1%83%d0%bb%d0%b0%d1%85/,301,,,historica,,2,"conocida por Google, fuera del inventario actual; GSC 2 clics / 232 impr; WordPress ya la redirige: se hereda la 301"
/ru/%D0%B5%D0%B4%D0%B8%D0%BD%D0%B8%D1%86%D1%8B/%D0%BF%D0%BB%D0%B0%D1%81%D1%82%D0%B8%D1%87%D0%B5%D1%81%D0%BA%D0%B0%D1%8F-%D1%85%D0%B8%D1%80%D1%83%D1%80%D0%B3%D0%B8%D1%8F-%D0%BB%D0%B8%D1%86%D0%B0/otoplastia-girona/,301,/ru/%d0%b5%d0%b4%d0%b8%d0%bd%d0%b8%d1%86%d1%8b/%d0%bf%d0%bb%d0%b0%d1%81%d1%82%d0%b8%d1%87%d0%b5%d1%81%d0%ba%d0%b0%d1%8f-%d1%85%d0%b8%d1%80%d1%83%d1%80%d0%b3%d0%b8%d1%8f-%d0%bb%d0%b8%d1%86%d0%b0/%d0%be%d1%82%d0%be%d0%bf%d0%bb%d0%b0%d1%81%d1%82%d0%b8%d0%ba%d0%b0-%d0%b6%d0%b8%d1%80%d0%be%d0%bd%d0%b0/,301,,,historica,,0,"conocida por Google, fuera del inventario actual; GSC 0 clics / 107 impr; WordPress ya la redirige: se hereda la 301"
/ru/%D0%B5%D0%B4%D0%B8%D0%BD%D0%B8%D1%86%D1%8B/%D0%BF%D0%BB%D0%B0%D1%81%D1%82%D0%B8%D1%87%D0%B5%D1%81%D0%BA%D0%B0%D1%8F-%D1%85%D0%B8%D1%80%D1%83%D1%80%D0%B3%D0%B8%D1%8F-%D0%BB%D0%B8%D1%86%D0%B0/perforacion-tabique-nasal/,301,/ru/%d0%b5%d0%b4%d0%b8%d0%bd%d0%b8%d1%86%d1%8b/%d0%bf%d0%bb%d0%b0%d1%81%d1%82%d0%b8%d1%87%d0%b5%d1%81%d0%ba%d0%b0%d1%8f-%d1%85%d0%b8%d1%80%d1%83%d1%80%d0%b3%d0%b8%d1%8f-%d0%bb%d0%b8%d1%86%d0%b0/%d0%bf%d1%80%d0%be%d0%ba%d0%be%d0%bb-%d0%bd%d0%be%d1%81%d0%be%d0%b2%d0%be%d0%b9-%d0%bf%d0%b5%d1%80%d0%b5%d0%b3%d0%be%d1%80%d0%be%d0%b4%d0%ba%d0%b8/,301,,,historica,,0,"conocida por Google, fuera del inventario actual; GSC 0 clics / 248 impr; WordPress ya la redirige: se hereda la 301"
/ru/%D0%B5%D0%B4%D0%B8%D0%BD%D0%B8%D1%86%D1%8B/%D1%8D%D1%81%D1%82%D0%B5%D1%82%D0%B8%D1%87%D0%B5%D1%81%D0%BA%D0%B0%D1%8F-%D0%BC%D0%B5%D0%B4%D0%B8%D1%86%D0%B8%D0%BD%D0%B0-%D1%82%D0%B5%D0%BB%D0%B0/celulitis/,301,/ru/%d0%b5%d0%b4%d0%b8%d0%bd%d0%b8%d1%86%d1%8b/%d1%8d%d1%81%d1%82%d0%b5%d1%82%d0%b8%d1%87%d0%b5%d1%81%d0%ba%d0%b0%d1%8f-%d0%bc%d0%b5%d0%b4%d0%b8%d1%86%d0%b8%d0%bd%d0%b0-%d1%82%d0%b5%d0%bb%d0%b0/%d1%86%d0%b5%d0%bb%d0%bb%d1%8e%d0%bb%d0%b8%d1%82/,301,,,historica,,0,"conocida por Google, fuera del inventario actual; GSC 0 clics / 2 impr; WordPress ya la redirige: se hereda la 301"
/ru/%D0%B5%D0%B4%D0%B8%D0%BD%D0%B8%D1%86%D1%8B/%D1%8D%D1%81%D1%82%D0%B5%D1%82%D0%B8%D1%87%D0%B5%D1%81%D0%BA%D0%B0%D1%8F-%D0%BC%D0%B5%D0%B4%D0%B8%D1%86%D0%B8%D0%BD%D0%B0-%D1%82%D0%B5%D0%BB%D0%B0/liposuccion-sin-cirugia/,301,/ru/%d0%b5%d0%b4%d0%b8%d0%bd%d0%b8%d1%86%d1%8b/%d1%8d%d1%81%d1%82%d0%b5%d1%82%d0%b8%d1%87%d0%b5%d1%81%d0%ba%d0%b0%d1%8f-%d0%bc%d0%b5%d0%b4%d0%b8%d1%86%d0%b8%d0%bd%d0%b0-%d1%82%d0%b5%d0%bb%d0%b0/%d0%bb%d0%b8%d0%bf%d0%be%d1%81%d0%b0%d0%ba%d1%86%d0%b8%d1%8f-%d0%b1%d0%b5%d0%b7-%d0%be%d0%bf%d0%b5%d1%80%d0%b0%d1%86%d0%b8%d0%b8-2/,301,,,historica,,0,"conocida por Google, fuera del inventario actual; GSC 0 clics / 1 impr; WordPress ya la redirige: se hereda la 301"
/ru/%D0%B5%D0%B4%D0%B8%D0%BD%D0%B8%D1%86%D1%8B/cirugia-estetica-corporal/lipofiling-corporal/,301,/ru/%d0%b5%d0%b4%d0%b8%d0%bd%d0%b8%d1%86%d1%8b/%d1%8d%d1%81%d1%82%d0%b5%d1%82%d0%b8%d1%87%d0%b5%d1%81%d0%ba%d0%b0%d1%8f-%d0%be%d0%bf%d0%b5%d1%80%d0%b0%d1%86%d0%b8%d1%8f-%d1%82%d0%b5%d0%bb%d0%b0/%d0%bb%d0%b8%d0%bf%d0%be%d1%84%d0%b8%d0%bb%d0%b8%d0%bd%d0%b3-%d1%82%d0%b5%d0%bb%d0%b0/,301,,,historica,,0,"conocida por Google, fuera del inventario actual; GSC 0 clics / 7 impr; WordPress ya la redirige: se hereda la 301"
/ru/%D0%B5%D0%B4%D0%B8%D0%BD%D0%B8%D1%86%D1%8B/cirugia-estetica-facial/%D0%B1%D0%BB%D0%B5%D1%84%D0%B0%D1%80%D0%BE%D0%BF%D0%BB%D0%B0%D1%81%D1%82%D0%B8%D0%BA%D0%B0-%D0%B6%D0%B8%D1%80%D0%BE%D0%BD%D0%B0/,301,/ru/%d0%b5%d0%b4%d0%b8%d0%bd%d0%b8%d1%86%d1%8b/%d0%bf%d0%bb%d0%b0%d1%81%d1%82%d0%b8%d1%87%d0%b5%d1%81%d0%ba%d0%b0%d1%8f-%d1%85%d0%b8%d1%80%d1%83%d1%80%d0%b3%d0%b8%d1%8f-%d0%bb%d0%b8%d1%86%d0%b0/%d0%b1%d0%bb%d0%b5%d1%84%d0%b0%d1%80%d0%be%d0%bf%d0%bb%d0%b0%d1%81%d1%82%d0%b8%d0%ba%d0%b0-%d0%b6%d0%b8%d1%80%d0%be%d0%bd%d0%b0/,301,,,historica,,0,"conocida por Google, fuera del inventario actual; GSC 0 clics / 20 impr; WordPress ya la redirige: se hereda la 301"
/ru/%D0%B5%D0%B4%D0%B8%D0%BD%D0%B8%D1%86%D1%8B/cirugia-estetica-facial/%D0%B1%D0%BB%D0%B5%D1%84%D0%B0%D1%80%D0%BE%D0%BF%D0%BB%D0%B0%D1%81%D1%82%D0%B8%D0%BA%D0%B0/,301,/ru/%d0%b5%d0%b4%d0%b8%d0%bd%d0%b8%d1%86%d1%8b/%d0%bf%d0%bb%d0%b0%d1%81%d1%82%d0%b8%d1%87%d0%b5%d1%81%d0%ba%d0%b0%d1%8f-%d1%85%d0%b8%d1%80%d1%83%d1%80%d0%b3%d0%b8%d1%8f-%d0%bb%d0%b8%d1%86%d0%b0/%d0%b1%d0%bb%d0%b5%d1%84%d0%b0%d1%80%d0%be%d0%bf%d0%bb%d0%b0%d1%81%d1%82%d0%b8%d0%ba%d0%b0/,301,,,historica,,0,"conocida por Google, fuera del inventario actual; GSC 0 clics / 19 impr; WordPress ya la redirige: se hereda la 301"
/ru/%D0%B5%D0%B4%D0%B8%D0%BD%D0%B8%D1%86%D1%8B/cirugia-estetica-facial/blefaroplastia/,301,/ru/%d0%b5%d0%b4%d0%b8%d0%bd%d0%b8%d1%86%d1%8b/%d0%bf%d0%bb%d0%b0%d1%81%d1%82%d0%b8%d1%87%d0%b5%d1%81%d0%ba%d0%b0%d1%8f-%d1%85%d0%b8%d1%80%d1%83%d1%80%d0%b3%d0%b8%d1%8f-%d0%bb%d0%b8%d1%86%d0%b0/%d0%b1%d0%bb%d0%b5%d1%84%d0%b0%d1%80%d0%be%d0%bf%d0%bb%d0%b0%d1%81%d1%82%d0%b8%d0%ba%d0%b0/,301,,,historica,,0,"conocida por Google, fuera del inventario actual; GSC 0 clics / 15 impr; WordPress ya la redirige: se hereda la 301"
/ru/%D0%B5%D0%B4%D0%B8%D0%BD%D0%B8%D1%86%D1%8B/cirugia-estetica-facial/minilifting-de-cuello-y-papada/,301,/ru/%d0%b5%d0%b4%d0%b8%d0%bd%d0%b8%d1%86%d1%8b/%d0%bf%d0%bb%d0%b0%d1%81%d1%82%d0%b8%d1%87%d0%b5%d1%81%d0%ba%d0%b0%d1%8f-%d1%85%d0%b8%d1%80%d1%83%d1%80%d0%b3%d0%b8%d1%8f-%d0%bb%d0%b8%d1%86%d0%b0/%d0%bf%d0%be%d0%b4%d1%82%d1%8f%d0%b6%d0%ba%d0%b0-%d1%88%d0%b5%d0%b8-%d0%b8-%d0%bf%d0%be%d0%b4%d0%b1%d0%be%d1%80%d0%be%d0%b4%d0%ba%d0%b0/,301,,,historica,,0,"conocida por Google, fuera del inventario actual; GSC 0 clics / 5 impr; WordPress ya la redirige: se hereda la 301"
/ru/%D0%B5%D0%B4%D0%B8%D0%BD%D0%B8%D1%86%D1%8B/cirugia-estetica-facial/relleno-de-arrugas/,301,/ru/%d0%b5%d0%b4%d0%b8%d0%bd%d0%b8%d1%86%d1%8b/%d0%bf%d0%bb%d0%b0%d1%81%d1%82%d0%b8%d1%87%d0%b5%d1%81%d0%ba%d0%b0%d1%8f-%d1%85%d0%b8%d1%80%d1%83%d1%80%d0%b3%d0%b8%d1%8f-%d0%bb%d0%b8%d1%86%d0%b0/%d1%84%d0%b8%d0%bb%d0%bb%d0%b5%d1%80-%d0%bf%d1%80%d0%be%d1%82%d0%b8%d0%b2-%d0%bc%d0%be%d1%80%d1%89%d0%b8%d0%bd/,301,,,historica,,0,"conocida por Google, fuera del inventario actual; GSC 0 clics / 2 impr; WordPress ya la redirige: se hereda la 301"
/ru/%D0%B5%D0%B4%D0%B8%D0%BD%D0%B8%D1%86%D1%8B/cirugia-estetica-facial/rinoplastia-girona/,301,/ru/%d0%b5%d0%b4%d0%b8%d0%bd%d0%b8%d1%86%d1%8b/%d0%bf%d0%bb%d0%b0%d1%81%d1%82%d0%b8%d1%87%d0%b5%d1%81%d0%ba%d0%b0%d1%8f-%d1%85%d0%b8%d1%80%d1%83%d1%80%d0%b3%d0%b8%d1%8f-%d0%bb%d0%b8%d1%86%d0%b0/%d1%80%d0%b8%d0%bd%d0%be%d0%bf%d0%bb%d0%b0%d1%81%d1%82%d0%b8%d0%ba%d0%b0-%d0%b6%d0%b8%d1%80%d0%be%d0%bd%d0%b0/,301,,,historica,,0,"conocida por Google, fuera del inventario actual; GSC 0 clics / 84 impr; WordPress ya la redirige: se hereda la 301"
/ru/%D0%B5%D0%B4%D0%B8%D0%BD%D0%B8%D1%86%D1%8B/cirugia-estetica-facial/rinoplastia/,301,/ru/%d0%b5%d0%b4%d0%b8%d0%bd%d0%b8%d1%86%d1%8b/%d0%bf%d0%bb%d0%b0%d1%81%d1%82%d0%b8%d1%87%d0%b5%d1%81%d0%ba%d0%b0%d1%8f-%d1%85%d0%b8%d1%80%d1%83%d1%80%d0%b3%d0%b8%d1%8f-%d0%bb%d0%b8%d1%86%d0%b0/%d1%80%d0%b8%d0%bd%d0%be%d0%bf%d0%bb%d0%b0%d1%81%d1%82%d0%b8%d0%ba%d0%b0/,301,,,historica,,0,"conocida por Google, fuera del inventario actual; GSC 0 clics / 81 impr; WordPress ya la redirige: se hereda la 301"
/ru/%D0%B5%D0%B4%D0%B8%D0%BD%D0%B8%D1%86%D1%8B/cirugia-estetica-mamas/aumento-de-pecho-tecnica-ami/,301,/ru/%d0%b5%d0%b4%d0%b8%d0%bd%d0%b8%d1%86%d1%8b/%d0%bf%d0%bb%d0%b0%d1%81%d1%82%d0%b8%d1%87%d0%b5%d1%81%d0%ba%d0%b0%d1%8f-%d1%85%d0%b8%d1%80%d1%83%d1%80%d0%b3%d0%b8%d1%8f-%d0%b3%d1%80%d1%83%d0%b4%d0%b8/%d1%83%d0%b2%d0%b5%d0%bb%d0%b8%d1%87%d0%b5%d0%bd%d0%b8%d0%b5-%d0%b3%d1%80%d1%83%d0%b4%d0%b8-%d1%82%d0%b5%d1%85%d0%bd%d0%b8%d0%ba%d0%b0-ami/,301,,,historica,,0,"conocida por Google, fuera del inventario actual; GSC 0 clics / 19 impr; WordPress ya la redirige: se hereda la 301"
/ru/%D0%B5%D0%B4%D0%B8%D0%BD%D0%B8%D1%86%D1%8B/cirugia-estetica-mamas/elevacion-de-pecho-pexia/,301,/ru/%d0%b5%d0%b4%d0%b8%d0%bd%d0%b8%d1%86%d1%8b/%d0%bf%d0%bb%d0%b0%d1%81%d1%82%d0%b8%d1%87%d0%b5%d1%81%d0%ba%d0%b0%d1%8f-%d1%85%d0%b8%d1%80%d1%83%d1%80%d0%b3%d0%b8%d1%8f-%d0%b3%d1%80%d1%83%d0%b4%d0%b8/%d0%bc%d0%b0%d0%bc%d0%bc%d0%be%d0%bf%d0%bb%d0%b0%d1%81%d1%82%d0%b8%d0%ba%d0%b0/,301,,,historica,,0,"conocida por Google, fuera del inventario actual; GSC 0 clics / 4 impr; WordPress ya la redirige: se hereda la 301"
/ru/%D0%B5%D0%B4%D0%B8%D0%BD%D0%B8%D1%86%D1%8B/cirugia-estetica-mamas/reduccion-de-pecho/,301,/ru/%d0%b5%d0%b4%d0%b8%d0%bd%d0%b8%d1%86%d1%8b/%d0%bf%d0%bb%d0%b0%d1%81%d1%82%d0%b8%d1%87%d0%b5%d1%81%d0%ba%d0%b0%d1%8f-%d1%85%d0%b8%d1%80%d1%83%d1%80%d0%b3%d0%b8%d1%8f-%d0%b3%d1%80%d1%83%d0%b4%d0%b8/%d1%80%d0%b5%d0%b4%d1%83%d0%ba%d1%86%d0%b8%d1%8f-%d0%b3%d1%80%d1%83%d0%b4%d0%b8/,301,,,historica,,0,"conocida por Google, fuera del inventario actual; GSC 0 clics / 1 impr; WordPress ya la redirige: se hereda la 301"
/ru/%D0%B5%D0%B4%D0%B8%D0%BD%D0%B8%D1%86%D1%8B/gabinete-de-estetica/acido-de-frutas/,301,/ru/%d0%b5%d0%b4%d0%b8%d0%bd%d0%b8%d1%86%d1%8b/%d0%ba%d0%b0%d0%b1%d0%b8%d0%bd%d0%b5%d1%82-%d1%8d%d1%81%d1%82%d0%b5%d1%82%d0%b8%d0%ba%d0%b8/acido-de-frutas/,301,,,historica,,0,"conocida por Google, fuera del inventario actual; GSC 0 clics / 2 impr; WordPress ya la redirige: se hereda la 301"
/ru/%D0%B5%D0%B4%D0%B8%D0%BD%D0%B8%D1%86%D1%8B/gabinete-de-estetica/eliminar-celulitis/,301,/ru/%d0%b5%d0%b4%d0%b8%d0%bd%d0%b8%d1%86%d1%8b/%d0%ba%d0%b0%d0%b1%d0%b8%d0%bd%d0%b5%d1%82-%d1%8d%d1%81%d1%82%d0%b5%d1%82%d0%b8%d0%ba%d0%b8/%d1%83%d1%81%d1%82%d1%80%d0%b0%d0%bd%d0%b8%d1%82%d1%8c-%d1%86%d0%b5%d0%bb%d0%bb%d1%8e%d0%bb%d0%b8%d1%82/,301,,,historica,,0,"conocida por Google, fuera del inventario actual; GSC 0 clics / 8 impr; WordPress ya la redirige: se hereda la 301"
/ru/%D0%B5%D0%B4%D0%B8%D0%BD%D0%B8%D1%86%D1%8B/medicina-estetica-corporal/,301,/ru/%d0%b5%d0%b4%d0%b8%d0%bd%d0%b8%d1%86%d1%8b/%d1%8d%d1%81%d1%82%d0%b5%d1%82%d0%b8%d1%87%d0%b5%d1%81%d0%ba%d0%b0%d1%8f-%d0%bc%d0%b5%d0%b4%d0%b8%d1%86%d0%b8%d0%bd%d0%b0-%d1%82%d0%b5%d0%bb%d0%b0/,301,,,historica,,0,"conocida por Google, fuera del inventario actual; GSC 0 clics / 2 impr; WordPress ya la redirige: se hereda la 301"
/ru/%D0%B5%D0%B4%D0%B8%D0%BD%D0%B8%D1%86%D1%8B/medicina-estetica-corporal/liposuccion-sin-cirugia/,301,/ru/%d0%b5%d0%b4%d0%b8%d0%bd%d0%b8%d1%86%d1%8b/%d1%8d%d1%81%d1%82%d0%b5%d1%82%d0%b8%d1%87%d0%b5%d1%81%d0%ba%d0%b0%d1%8f-%d0%bc%d0%b5%d0%b4%d0%b8%d1%86%d0%b8%d0%bd%d0%b0-%d1%82%d0%b5%d0%bb%d0%b0/%d0%bb%d0%b8%d0%bf%d0%be%d1%81%d0%b0%d0%ba%d1%86%d0%b8%d1%8f-%d0%b1%d0%b5%d0%b7-%d0%be%d0%bf%d0%b5%d1%80%d0%b0%d1%86%d0%b8%d0%b8-2/,301,,,historica,,0,"conocida por Google, fuera del inventario actual; GSC 0 clics / 14 impr; WordPress ya la redirige: se hereda la 301"
/ru/%D0%B5%D0%B4%D0%B8%D0%BD%D0%B8%D1%86%D1%8B/sobrepeso-y-obesidad/balon-gastrico-girona/,301,/ru/%d0%b5%d0%b4%d0%b8%d0%bd%d0%b8%d1%86%d1%8b/%d0%b8%d0%b7%d0%b1%d1%8b%d1%82%d0%be%d1%87%d0%bd%d1%8b%d0%b9-%d0%b2%d0%b5%d1%81-%d0%b8-%d0%be%d0%b6%d0%b8%d1%80%d0%b5%d0%bd%d0%b8%d0%b5-2/%d0%b3%d0%b0%d1%81%d1%82%d1%80%d0%be%d0%b1%d0%b0%d0%bb%d0%bb%d0%be%d0%bd-%d0%b6%d0%b8%d1%80%d0%be%d0%bd%d0%b0/,301,,,historica,,1,"conocida por Google, fuera del inventario actual; GSC 1 clics / 14 impr; WordPress ya la redirige: se hereda la 301"
/ru/%D0%B5%D0%B4%D0%B8%D0%BD%D0%B8%D1%86%D1%8B/sobrepeso-y-obesidad/cirugia-bariatrica/cruce-duodenal-2/,410,,410,,,historica,,0,"conocida por Google, fuera del inventario actual; GSC 0 clics / 1 impr; hoy 404, sin clics ni backlinks → 410"
/ru/%D0%B5%D0%B4%D0%B8%D0%BD%D0%B8%D1%86%D1%8B/sobrepeso-y-obesidad/cirugia-postbariatrica/,301,/ru/%d0%b5%d0%b4%d0%b8%d0%bd%d0%b8%d1%86%d1%8b/%d0%b8%d0%b7%d0%b1%d1%8b%d1%82%d0%be%d1%87%d0%bd%d1%8b%d0%b9-%d0%b2%d0%b5%d1%81-%d0%b8-%d0%be%d0%b6%d0%b8%d1%80%d0%b5%d0%bd%d0%b8%d0%b5-2/cirugia-postbariatrica/,301,,,historica,,0,"conocida por Google, fuera del inventario actual; GSC 0 clics / 2 impr; WordPress ya la redirige: se hereda la 301"
/ru/%D0%B5%D0%B4%D0%B8%D0%BD%D0%B8%D1%86%D1%8B/sobrepeso-y-obesidad/endomanga/,301,/ru/%d0%b5%d0%b4%d0%b8%d0%bd%d0%b8%d1%86%d1%8b/%d0%b8%d0%b7%d0%b1%d1%8b%d1%82%d0%be%d1%87%d0%bd%d1%8b%d0%b9-%d0%b2%d0%b5%d1%81-%d0%b8-%d0%be%d0%b6%d0%b8%d1%80%d0%b5%d0%bd%d0%b8%d0%b5-2/%d1%8d%d0%bd%d0%b4%d0%be%d0%bc%d0%b0%d0%bd%d0%b3%d0%b0/,301,,,historica,,0,"conocida por Google, fuera del inventario actual; GSC 0 clics / 2 impr; WordPress ya la redirige: se hereda la 301"
/ru/%D0%BA%D0%B0%D1%82%D0%B5%D0%B3%D0%BE%D1%80%D0%B8%D1%8F/medicina-estetica-corporal-ca/,301,/ru/%d0%b1%d0%bb%d0%be%d0%b3/,301,,,historica,,0,"conocida por Google, fuera del inventario actual; GSC 0 clics / 6 impr; WordPress ya la redirige: se hereda la 301"
/ru/%D0%BF%D0%BE%D1%80%D1%82%D1%84%D0%BE%D0%BB%D0%B8%D0%BE/%D1%81%D1%82%D1%80%D0%B0%D0%BD%D0%B8%D1%86%D0%B0/2/,301,/ru/%d0%bf%d0%be%d1%80%d1%82%d1%84%d0%be%d0%bb%d0%b8%d0%be/,301,,,historica,,0,"conocida por Google, fuera del inventario actual; GSC 0 clics / 1 impr; hoy responde 200 y no está en el inventario: incorporar o redirigir · RESUELTO 28/09: portfolio -> portfolio del idioma"
/ru/%D1%8E%D0%BD%D0%B8%D1%82%D0%B0%D1%86/%D0%B8%D0%B7%D0%B1%D1%8B%D1%82%D0%BE%D1%87%D0%BD%D1%8B%D0%B9-%D0%B2%D0%B5%D1%81-%D0%B8-%D0%BE%D0%B6%D0%B8%D1%80%D0%B5%D0%BD%D0%B8%D0%B5/%D0%B1%D0%B0%D1%80%D0%B8%D0%B0%D1%82%D1%80%D0%B8%D1%87%D0%B5%D1%81%D0%BA%D0%B0%D1%8F-%D1%85%D0%B8%D1%80%D1%83%D1%80%D0%B3%D0%B8%D1%8F/gastrectomia-vertical/,301,/ru/%d0%b5%d0%b4%d0%b8%d0%bd%d0%b8%d1%86%d1%8b/%d0%b8%d0%b7%d0%b1%d1%8b%d1%82%d0%be%d1%87%d0%bd%d1%8b%d0%b9-%d0%b2%d0%b5%d1%81-%d0%b8-%d0%be%d0%b6%d0%b8%d1%80%d0%b5%d0%bd%d0%b8%d0%b5-2/%d0%b1%d0%b0%d1%80%d0%b8%d0%b0%d1%82%d1%80%d0%b8%d1%87%d0%b5%d1%81%d0%ba%d0%b0%d1%8f-%d1%85%d0%b8%d1%80%d1%83%d1%80%d0%b3%d0%b8%d1%8f-2/%d0%b2%d0%b5%d1%80%d1%82%d0%b8%d0%ba%d0%b0%d0%bb%d1%8c%d0%bd%d0%b0%d1%8f-%d0%b3%d0%b0%d1%81%d1%82%d1%80%d1%8d%d0%ba%d1%82%d0%be%d0%bc%d0%b8%d1%8f/,301,,,historica,,0,"conocida por Google, fuera del inventario actual; GSC 0 clics / 8 impr; WordPress ya la redirige: se hereda la 301"
/ru/%D1%8E%D0%BD%D0%B8%D1%82%D0%B0%D1%86/%D0%B8%D0%B7%D0%B1%D1%8B%D1%82%D0%BE%D1%87%D0%BD%D1%8B%D0%B9-%D0%B2%D0%B5%D1%81-%D0%B8-%D0%BE%D0%B6%D0%B8%D1%80%D0%B5%D0%BD%D0%B8%D0%B5/balo-12-mesos-reajustable/,301,/ru/%d1%8e%d0%bd%d0%b8%d1%82%d0%b0%d1%86/%d0%b8%d0%b7%d0%b1%d1%8b%d1%82%d0%be%d1%87%d0%bd%d1%8b%d0%b9-%d0%b2%d0%b5%d1%81-%d0%b8-%d0%be%d0%b6%d0%b8%d1%80%d0%b5%d0%bd%d0%b8%d0%b5/%d0%b1%d0%b0%d0%bb%d0%be-12-%d0%bc%d0%b5%d1%81%d1%8f%d1%86%d0%b5%d0%b2-%d1%80%d0%b5%d0%b3%d1%83%d0%bb%d0%b8%d1%80%d1%83%d0%b5%d0%bc%d0%be%d0%b5/,301,,,historica,,0,"conocida por Google, fuera del inventario actual; GSC 0 clics / 6 impr; WordPress ya la redirige: se hereda la 301"
/ru/%D1%8E%D0%BD%D0%B8%D1%82%D0%B0%D1%86/%D0%BA%D0%B0%D0%B1%D0%B8%D0%BD%D0%B5%D1%82-%D1%8D%D1%81%D1%82%D0%B5%D1%82%D0%B8%D0%BA%D0%B8-2/desintoxicant/,301,/ru/%d0%b5%d0%b4%d0%b8%d0%bd%d0%b8%d1%86%d1%8b/%d0%ba%d0%b0%d0%b1%d0%b8%d0%bd%d0%b5%d1%82-%d1%8d%d1%81%d1%82%d0%b5%d1%82%d0%b8%d0%ba%d0%b8/%d0%b4%d0%b5%d1%82%d0%be%d0%ba%d1%81%d0%b8%d0%ba%d0%b0%d0%bd%d1%82/,301,,,historica,,0,"conocida por Google, fuera del inventario actual; GSC 0 clics / 4 impr; WordPress ya la redirige: se hereda la 301"
/ru/%D1%8E%D0%BD%D0%B8%D1%82%D0%B0%D1%86/%D0%BA%D0%B0%D0%B1%D0%B8%D0%BD%D0%B5%D1%82-%D1%8D%D1%81%D1%82%D0%B5%D1%82%D0%B8%D0%BA%D0%B8-2/hidreclat/,301,/ru/%d0%b5%d0%b4%d0%b8%d0%bd%d0%b8%d1%86%d1%8b/%d0%ba%d0%b0%d0%b1%d0%b8%d0%bd%d0%b5%d1%82-%d1%8d%d1%81%d1%82%d0%b5%d1%82%d0%b8%d0%ba%d0%b8/%d1%85%d0%b8%d0%b4%d1%80%d0%b5%d0%ba%d0%bb%d0%b0%d1%82/,301,,,historica,,0,"conocida por Google, fuera del inventario actual; GSC 0 clics / 2 impr; WordPress ya la redirige: se hereda la 301"
/ru/%D1%8E%D0%BD%D0%B8%D1%82%D0%B0%D1%86/%D0%BC%D1%83%D0%B6%D1%81%D0%BA%D0%B0%D1%8F-%D0%BF%D0%BB%D0%B0%D1%81%D1%82%D0%B8%D1%87%D0%B5%D1%81%D0%BA%D0%B0%D1%8F-%D1%85%D0%B8%D1%80%D1%83%D1%80%D0%B3%D0%B8%D1%8F/augment-de-pectoral/,301,/ru/%d0%b5%d0%b4%d0%b8%d0%bd%d0%b8%d1%86%d1%8b/%d0%bc%d1%83%d0%b6%d1%81%d0%ba%d0%b0%d1%8f-%d0%ba%d0%be%d1%81%d0%bc%d0%b5%d1%82%d0%b8%d1%87%d0%b5%d1%81%d0%ba%d0%b0%d1%8f-%d1%85%d0%b8%d1%80%d1%83%d1%80%d0%b3%d0%b8%d1%8f/aumento-de-pectoral/,301,,,historica,,0,"conocida por Google, fuera del inventario actual; GSC 0 clics / 2 impr; WordPress ya la redirige: se hereda la 301"
/ru/%D1%8E%D0%BD%D0%B8%D1%82%D0%B0%D1%86/%D0%BC%D1%83%D0%B6%D1%81%D0%BA%D0%B0%D1%8F-%D0%BF%D0%BB%D0%B0%D1%81%D1%82%D0%B8%D1%87%D0%B5%D1%81%D0%BA%D0%B0%D1%8F-%D1%85%D0%B8%D1%80%D1%83%D1%80%D0%B3%D0%B8%D1%8F/ginecomastia/,301,/ru/%d0%b5%d0%b4%d0%b8%d0%bd%d0%b8%d1%86%d1%8b/%d0%bc%d1%83%d0%b6%d1%81%d0%ba%d0%b0%d1%8f-%d0%ba%d0%be%d1%81%d0%bc%d0%b5%d1%82%d0%b8%d1%87%d0%b5%d1%81%d0%ba%d0%b0%d1%8f-%d1%85%d0%b8%d1%80%d1%83%d1%80%d0%b3%d0%b8%d1%8f/%d0%b3%d0%b8%d0%bd%d0%b5%d0%ba%d0%be%d0%bc%d0%b0%d1%81%d1%82%d0%b8%d1%8f-2/,301,,,historica,,0,"conocida por Google, fuera del inventario actual; GSC 0 clics / 39 impr; WordPress ya la redirige: se hereda la 301"
/ru/%D1%8E%D0%BD%D0%B8%D1%82%D0%B0%D1%86/%D0%BC%D1%83%D0%B6%D1%81%D0%BA%D0%B0%D1%8F-%D0%BF%D0%BB%D0%B0%D1%81%D1%82%D0%B8%D1%87%D0%B5%D1%81%D0%BA%D0%B0%D1%8F-%D1%85%D0%B8%D1%80%D1%83%D1%80%D0%B3%D0%B8%D1%8F/lifting-de-coll-i-papada/,301,/ru/%d0%b5%d0%b4%d0%b8%d0%bd%d0%b8%d1%86%d1%8b/%d0%bc%d1%83%d0%b6%d1%81%d0%ba%d0%b0%d1%8f-%d0%ba%d0%be%d1%81%d0%bc%d0%b5%d1%82%d0%b8%d1%87%d0%b5%d1%81%d0%ba%d0%b0%d1%8f-%d1%85%d0%b8%d1%80%d1%83%d1%80%d0%b3%d0%b8%d1%8f/%d0%bf%d0%be%d0%b4%d1%82%d1%8f%d0%b6%d0%ba%d0%b0-%d1%88%d0%b5%d0%b8-%d0%b8-%d0%b2%d1%82%d0%be%d1%80%d0%be%d0%b3%d0%be-%d0%bf%d0%be%d0%b4%d0%b1%d0%be%d1%80%d0%be%d0%b4%d0%ba%d0%b0/,301,,,historica,,0,"conocida por Google, fuera del inventario actual; GSC 0 clics / 6 impr; WordPress ya la redirige: se hereda la 301"
/ru/%D1%8E%D0%BD%D0%B8%D1%82%D0%B0%D1%86/%D0%BF%D0%BB%D0%B0%D1%81%D1%82%D0%B8%D1%87%D0%B5%D1%81%D0%BA%D0%B0%D1%8F-%D0%BE%D0%BF%D0%B5%D1%80%D0%B0%D1%86%D0%B8%D1%8F-%D0%BD%D0%B0-%D0%BB%D0%B8%D1%86%D0%B5/perforacio-de-lenva-nasal/,301,/ru/%d0%b5%d0%b4%d0%b8%d0%bd%d0%b8%d1%86%d1%8b/%d0%bf%d0%bb%d0%b0%d1%81%d1%82%d0%b8%d1%87%d0%b5%d1%81%d0%ba%d0%b0%d1%8f-%d1%85%d0%b8%d1%80%d1%83%d1%80%d0%b3%d0%b8%d1%8f-%d0%bb%d0%b8%d1%86%d0%b0/%d0%bf%d1%80%d0%be%d0%ba%d0%be%d0%bb-%d0%bd%d0%be%d1%81%d0%be%d0%b2%d0%be%d0%b9-%d0%bf%d0%b5%d1%80%d0%b5%d0%b3%d0%be%d1%80%d0%be%d0%b4%d0%ba%d0%b8/,301,,,historica,,0,"conocida por Google, fuera del inventario actual; GSC 0 clics / 3 impr; WordPress ya la redirige: se hereda la 301"
/ru/%D1%8E%D0%BD%D0%B8%D1%82%D0%B0%D1%86/%D0%BF%D0%BB%D0%B0%D1%81%D1%82%D0%B8%D1%87%D0%B5%D1%81%D0%BA%D0%B0%D1%8F-%D0%BE%D0%BF%D0%B5%D1%80%D0%B0%D1%86%D0%B8%D1%8F-%D0%BD%D0%B0-%D0%BB%D0%B8%D1%86%D0%B5/rinoplastia/,301,/ru/%d0%b5%d0%b4%d0%b8%d0%bd%d0%b8%d1%86%d1%8b/%d0%bf%d0%bb%d0%b0%d1%81%d1%82%d0%b8%d1%87%d0%b5%d1%81%d0%ba%d0%b0%d1%8f-%d1%85%d0%b8%d1%80%d1%83%d1%80%d0%b3%d0%b8%d1%8f-%d0%bb%d0%b8%d1%86%d0%b0/%d1%80%d0%b8%d0%bd%d0%be%d0%bf%d0%bb%d0%b0%d1%81%d1%82%d0%b8%d0%ba%d0%b0/,301,,,historica,,0,"conocida por Google, fuera del inventario actual; GSC 0 clics / 5 impr; WordPress ya la redirige: se hereda la 301"
/ru/%D1%8E%D0%BD%D0%B8%D1%82%D0%B0%D1%86/%D1%8D%D1%81%D1%82%D0%B5%D1%82%D0%B8%D1%87%D0%B5%D1%81%D0%BA%D0%B0%D1%8F-%D0%BC%D0%B5%D0%B4%D0%B8%D1%86%D0%B8%D0%BD%D0%B0-%D1%82%D0%B5%D0%BB%D0%B0/celulitis/,301,/ru/%d0%b5%d0%b4%d0%b8%d0%bd%d0%b8%d1%86%d1%8b/%d1%8d%d1%81%d1%82%d0%b5%d1%82%d0%b8%d1%87%d0%b5%d1%81%d0%ba%d0%b0%d1%8f-%d0%bc%d0%b5%d0%b4%d0%b8%d1%86%d0%b8%d0%bd%d0%b0-%d1%82%d0%b5%d0%bb%d0%b0/%d1%86%d0%b5%d0%bb%d0%bb%d1%8e%d0%bb%d0%b8%d1%82/,301,,,historica,,0,"conocida por Google, fuera del inventario actual; GSC 0 clics / 1 impr; WordPress ya la redirige: se hereda la 301"
/ru/%D1%8E%D0%BD%D0%B8%D1%82%D0%B0%D1%86/%D1%8D%D1%81%D1%82%D0%B5%D1%82%D0%B8%D1%87%D0%B5%D1%81%D0%BA%D0%B0%D1%8F-%D1%85%D0%B8%D1%80%D1%83%D1%80%D0%B3%D0%B8%D1%8F-%D1%82%D0%B5%D0%BB%D0%B0/lipofiling-corporal/,301,/ru/%d0%b5%d0%b4%d0%b8%d0%bd%d0%b8%d1%86%d1%8b/%d1%8d%d1%81%d1%82%d0%b5%d1%82%d0%b8%d1%87%d0%b5%d1%81%d0%ba%d0%b0%d1%8f-%d0%be%d0%bf%d0%b5%d1%80%d0%b0%d1%86%d0%b8%d1%8f-%d1%82%d0%b5%d0%bb%d0%b0/%d0%bb%d0%b8%d0%bf%d0%be%d1%84%d0%b8%d0%bb%d0%b8%d0%bd%d0%b3-%d1%82%d0%b5%d0%bb%d0%b0/,301,,,historica,,0,"conocida por Google, fuera del inventario actual; GSC 0 clics / 51 impr; WordPress ya la redirige: se hereda la 301"
/ru/author/infomedicstetics/page/10/,301,/ru/%d0%b1%d0%bb%d0%be%d0%b3/,301,,,historica,,0,"conocida por Google, fuera del inventario actual; GSC 0 clics / 1 impr; WordPress ya la redirige: se hereda la 301"
/ru/author/infomedicstetics/page/4/,301,/ru/%d0%b1%d0%bb%d0%be%d0%b3/,301,,,historica,,0,"conocida por Google, fuera del inventario actual; GSC 0 clics / 5 impr; WordPress ya la redirige: se hereda la 301"
/ru/author/infomedicstetics/page/8/,301,/ru/%d0%b1%d0%bb%d0%be%d0%b3/,301,,,historica,,0,"conocida por Google, fuera del inventario actual; GSC 0 clics / 5 impr; WordPress ya la redirige: se hereda la 301"
/ru/bienvenido-dr-langdon/,301,/ru/%d0%b4%d0%be%d0%b1%d1%80%d0%be-%d0%bf%d0%be%d0%b6%d0%b0%d0%bb%d0%be%d0%b2%d0%b0%d1%82%d1%8c-%d0%b4%d0%be%d0%ba%d1%82%d0%be%d1%80-%d0%bb%d1%8d%d0%bd%d0%b3%d0%b4%d0%be%d0%bd-2/,301,,,historica,,0,"conocida por Google, fuera del inventario actual; GSC 0 clics / 31 impr; WordPress ya la redirige: se hereda la 301"
/ru/blog-2/,301,/ru/%d0%b1%d0%bb%d0%be%d0%b3-2/,301,,,historica,,0,"conocida por Google, fuera del inventario actual; GSC 0 clics / 53 impr; WordPress ya la redirige: se hereda la 301"
/ru/blog/,301,/ru/%d0%b1%d0%bb%d0%be%d0%b3/,301,,,historica,,0,"conocida por Google, fuera del inventario actual; GSC 0 clics / 3 impr; WordPress ya la redirige: se hereda la 301"
/ru/canvi-dimatge-i-estil-de-vida-amb-la-cirurgia-bariatrica/,301,/ru/%d0%b8%d0%b7%d0%bc%d0%b5%d0%bd%d0%b5%d0%bd%d0%b8%d0%b5-%d0%be%d0%b1%d1%80%d0%b0%d0%b7%d0%b0-%d0%b6%d0%b8%d0%b7%d0%bd%d0%b8-%d0%b8-%d0%b1%d0%b0%d1%80%d0%b8%d0%b0%d1%82%d1%80%d0%b8%d1%87%d0%b5%d1%81/,301,,,historica,,0,"conocida por Google, fuera del inventario actual; GSC 0 clics / 2 impr; WordPress ya la redirige: se hereda la 301"
/ru/category/%D1%8D%D1%81%D1%82%D0%B5%D1%82%D0%B8%D1%87%D0%B5%D1%81%D0%BA%D0%B0%D1%8F-%D0%BC%D0%B5%D0%B4%D0%B8%D1%86%D0%B8%D0%BD%D0%B0-%D1%82%D0%B5%D0%BB%D0%B0/page/2/,301,/ru/%d0%b1%d0%bb%d0%be%d0%b3/,301,,,historica,,0,"conocida por Google, fuera del inventario actual; GSC 0 clics / 6 impr; WordPress ya la redirige: se hereda la 301"
/ru/category/cirugia-estetica-corporal/,301,/ru/%d0%b1%d0%bb%d0%be%d0%b3/,301,,,historica,,0,"conocida por Google, fuera del inventario actual; GSC 0 clics / 1 impr; WordPress ya la redirige: se hereda la 301"
/ru/category/cirugia-estetica-mamas/,301,/ru/%d0%b1%d0%bb%d0%be%d0%b3/,301,,,historica,,0,"conocida por Google, fuera del inventario actual; GSC 0 clics / 102 impr; WordPress ya la redirige: se hereda la 301"
/ru/category/cirugia-estetica-mamas/page/2/,301,/ru/%d0%b1%d0%bb%d0%be%d0%b3/,301,,,historica,,0,"conocida por Google, fuera del inventario actual; GSC 0 clics / 3 impr; WordPress ya la redirige: se hereda la 301"
/ru/category/cirugia-estetica-masculina/,301,/ru/%d0%b1%d0%bb%d0%be%d0%b3/,301,,,historica,,0,"conocida por Google, fuera del inventario actual; GSC 0 clics / 2 impr; WordPress ya la redirige: se hereda la 301"
/ru/category/cirurgia-estetica-corporal/,301,/ru/%d0%b1%d0%bb%d0%be%d0%b3/,301,,,historica,,0,"conocida por Google, fuera del inventario actual; GSC 0 clics / 33 impr; WordPress ya la redirige: se hereda la 301"
/ru/category/cirurgia-estetica-facial/,301,/ru/%d0%b1%d0%bb%d0%be%d0%b3/,301,,,historica,,0,"conocida por Google, fuera del inventario actual; GSC 0 clics / 6 impr; WordPress ya la redirige: se hereda la 301"
/ru/category/cirurgia-estetica-mames/,301,/ru/%d0%b1%d0%bb%d0%be%d0%b3/,301,,,historica,,0,"conocida por Google, fuera del inventario actual; GSC 0 clics / 128 impr; WordPress ya la redirige: se hereda la 301"
/ru/category/cirurgia-estetica-masculina/,301,/ru/%d0%b1%d0%bb%d0%be%d0%b3/,301,,,historica,,0,"conocida por Google, fuera del inventario actual; GSC 0 clics / 1 impr; WordPress ya la redirige: se hereda la 301"
/ru/category/gabinete-de-estetica/,301,/ru/%d0%b1%d0%bb%d0%be%d0%b3/,301,,,historica,,0,"conocida por Google, fuera del inventario actual; GSC 0 clics / 11 impr; WordPress ya la redirige: se hereda la 301"
/ru/category/medicina-estetica-corporal-ca/,301,/ru/%d0%b1%d0%bb%d0%be%d0%b3/,301,,,historica,,0,"conocida por Google, fuera del inventario actual; GSC 0 clics / 2 impr; WordPress ya la redirige: se hereda la 301"
/ru/category/medicina-estetica-facial/,301,/ru/%d0%b1%d0%bb%d0%be%d0%b3/,301,,,historica,,0,"conocida por Google, fuera del inventario actual; GSC 0 clics / 4 impr; WordPress ya la redirige: se hereda la 301"
/ru/category/sobrepes-i-obesitat/,301,/ru/%d0%b1%d0%bb%d0%be%d0%b3/,301,,,historica,,0,"conocida por Google, fuera del inventario actual; GSC 0 clics / 4 impr; WordPress ya la redirige: se hereda la 301"
/ru/como-cuidarse-despues-de-una-rinoplastia-los-mejores-consejos-para-un-rapido-postoperatorio/,301,/ru/%d0%ba%d0%b0%d0%ba-%d1%83%d1%85%d0%b0%d0%b6%d0%b8%d0%b2%d0%b0%d1%82%d1%8c-%d0%b7%d0%b0-%d1%81%d0%be%d0%b1%d0%be%d0%b9-%d0%bf%d0%be%d1%81%d0%bb%d0%b5-%d1%80%d0%b8%d0%bd%d0%be%d0%bf%d0%bb%d0%b0%d1%81/,301,,,historica,,0,"conocida por Google, fuera del inventario actual; GSC 0 clics / 435 impr; WordPress ya la redirige: se hereda la 301"
/ru/como-eliminar-la-celulitis/,301,/ru/%d0%ba%d0%b0%d0%ba-%d0%b8%d0%b7%d0%b1%d0%b0%d0%b2%d0%b8%d1%82%d1%8c%d1%81%d1%8f-%d0%be%d1%82-%d1%86%d0%b5%d0%bb%d0%bb%d1%8e%d0%bb%d0%b8%d1%82%d0%b0/,301,,,historica,,0,"conocida por Google, fuera del inventario actual; GSC 0 clics / 6 impr; WordPress ya la redirige: se hereda la 301"
/ru/cuales-son-los-mejores-implantes-de-protesis-de-pechos/,301,/ru/%d0%ba%d0%b0%d0%ba%d0%b8%d0%b5-%d0%bb%d1%83%d1%87%d1%88%d0%b8%d0%b5-%d0%b8%d0%bc%d0%bf%d0%bb%d0%b0%d0%bd%d1%82%d1%8b-%d0%b4%d0%bb%d1%8f-%d0%b3%d1%80%d1%83%d0%b4%d0%bd%d1%8b%d1%85-%d0%bf%d1%80%d0%be/,301,,,historica,,0,"conocida por Google, fuera del inventario actual; GSC 0 clics / 4 impr; WordPress ya la redirige: se hereda la 301"
/ru/el-unico-balon-que-puede-estar-implantado-un-ano/,301,/ru/%d0%b5%d0%b4%d0%b8%d0%bd%d1%81%d1%82%d0%b2%d0%b5%d0%bd%d0%bd%d1%8b%d0%b9-%d0%bc%d1%8f%d1%87-%d0%ba%d0%be%d1%82%d0%be%d1%80%d1%8b%d0%b9-%d0%bc%d0%be%d0%b6%d0%b5%d1%82-%d0%b1%d1%8b%d1%82%d1%8c-%d0%b8/,301,,,historica,,0,"conocida por Google, fuera del inventario actual; GSC 0 clics / 8 impr; WordPress ya la redirige: se hereda la 301"
/ru/factores-de-crecimiento-obtenidos-de-las-plaquetas-prp/,301,/ru/%d1%84%d0%b0%d0%ba%d1%82%d0%be%d1%80%d1%8b-%d1%80%d0%be%d1%81%d1%82%d0%b0-%d0%bf%d0%be%d0%bb%d1%83%d1%87%d0%b5%d0%bd%d0%bd%d1%8b%d0%b5-%d0%b8%d0%b7-%d1%82%d1%80%d0%be%d0%bc%d0%b1%d0%be%d1%86%d0%b8/,301,,,historica,,0,"conocida por Google, fuera del inventario actual; GSC 0 clics / 41 impr; WordPress ya la redirige: se hereda la 301"
/ru/financiacion/,301,/ru/%d1%84%d0%b8%d0%bd%d0%b0%d0%bd%d1%81%d0%b8%d1%80%d0%be%d0%b2%d0%b0%d0%bd%d0%b8%d0%b5/,301,,,historica,,0,"conocida por Google, fuera del inventario actual; GSC 0 clics / 1 impr; WordPress ya la redirige: se hereda la 301"
/ru/la-gigantomastia-solucion-reduccion-de-mamas/,301,/ru/%d0%b3%d0%b8%d0%b3%d0%b0%d0%bd%d1%82%d0%be%d0%bc%d0%b0%d1%81%d1%82%d0%b8%d1%8f-%d1%80%d0%b5%d1%88%d0%b5%d0%bd%d0%b8%d0%b5-%d1%80%d0%b5%d0%b4%d1%83%d0%ba%d1%86%d0%b8%d0%be%d0%bd/,301,,,historica,0,3,"conocida por Google, fuera del inventario actual; GSC 3 clics / 3315 impr; WordPress ya la redirige: se hereda la 301"
/ru/la-ginecomastia-tiene-solucion-definitiva/,301,/ru/%d1%83-%d0%b3%d0%b8%d0%bd%d0%b5%d0%ba%d0%be%d0%bc%d0%b0%d1%81%d1%82%d0%b8%d0%b8-%d0%b5%d1%81%d1%82%d1%8c-%d0%be%d0%ba%d0%be%d0%bd%d1%87%d0%b0%d1%82%d0%b5%d0%bb%d1%8c%d0%bd%d0%be%d0%b5-%d1%80%d0%b5/,301,,,historica,,0,"conocida por Google, fuera del inventario actual; GSC 0 clics / 8 impr; WordPress ya la redirige: se hereda la 301"
/ru/la-reduccion-de-mamas-mas-que-un-cambio-de-volumen-un-cambio-de-vida/,301,/ru/%d1%80%d0%b5%d0%b4%d1%83%d0%ba%d1%86%d0%b8%d1%8f-%d0%b3%d1%80%d1%83%d0%b4%d0%b8-%d0%b1%d0%be%d0%bb%d1%8c%d1%88%d0%b5-%d1%87%d0%b5%d0%bc-%d0%b8%d0%b7%d0%bc%d0%b5%d0%bd%d0%b5%d0%bd%d0%b8%d0%b5-%d0%be/,301,,,historica,,0,"conocida por Google, fuera del inventario actual; GSC 0 clics / 4 impr; WordPress ya la redirige: se hereda la 301"
/ru/novetat-fils-360o-efecte-lifting/,301,/ru/%d0%bd%d0%be%d0%b2%d0%b8%d0%bd%d0%ba%d0%b8-%d1%8d%d1%84%d1%84%d0%b5%d0%ba%d1%82-%d0%bb%d0%b8%d1%84%d1%82%d0%b8%d0%bd%d0%b3-360/,301,,,historica,,0,"conocida por Google, fuera del inventario actual; GSC 0 clics / 1 impr; WordPress ya la redirige: se hereda la 301"
/ru/pinko-kazino-oficialnyy-sayt-pinco-casino-vhod-na-zerkalo/,410,,410,,,historica,,1,spam del hackeo (no está en la web actual); GSC 1 clics / 7 impr
/ru/politica-de-cookies/,301,/ru/%d0%bf%d0%be%d0%bb%d0%b8%d1%82%d0%b8%d0%ba%d0%b0-%d0%b8%d1%81%d0%bf%d0%be%d0%bb%d1%8c%d0%b7%d0%be%d0%b2%d0%b0%d0%bd%d0%b8%d1%8f-%d1%84%d0%b0%d0%b9%d0%bb%d0%be%d0%b2-cookie/,301,,,historica,,0,"conocida por Google, fuera del inventario actual; GSC 0 clics / 70 impr; WordPress ya la redirige: se hereda la 301"
/ru/protesis-redondas-vs-protesis-ergonomicas/,301,/ru/%d0%ba%d1%80%d1%83%d0%b3%d0%bb%d1%8b%d0%b5-%d0%bf%d1%80%d0%be%d1%82%d0%b5%d0%b7%d1%8b-%d0%bf%d1%80%d0%be%d1%82%d0%b8%d0%b2-%d1%8d%d1%80%d0%b3%d0%be%d0%bd%d0%be%d0%bc%d0%b8%d1%87%d0%bd%d1%8b%d1%85/,301,,,historica,,1,"conocida por Google, fuera del inventario actual; GSC 1 clics / 69 impr; WordPress ya la redirige: se hereda la 301"
/ru/que-es-faci-la-llum-al-rostre/,301,/ru/%d1%87%d1%82%d0%be-%d0%be%d1%81%d0%b2%d0%b5%d1%89%d0%b0%d0%b5%d1%82-%d0%bb%d0%b8%d1%86%d0%be/,301,,,historica,,0,"conocida por Google, fuera del inventario actual; GSC 0 clics / 8 impr; WordPress ya la redirige: se hereda la 301"
/ru/reconstruccio-despres-dun-cancer-de-mama/,301,/ru/%d1%80%d0%b5%d0%ba%d0%be%d0%bd%d1%81%d1%82%d1%80%d1%83%d0%ba%d1%86%d0%b8%d1%8f-%d0%bf%d0%be%d1%81%d0%bb%d0%b5-%d1%80%d0%b0%d0%ba%d0%b0-%d0%bc%d0%be%d0%bb%d0%be%d1%87%d0%bd%d0%be%d0%b9-%d0%b6%d0%b5/,301,,,historica,,0,"conocida por Google, fuera del inventario actual; GSC 0 clics / 2 impr; WordPress ya la redirige: se hereda la 301"
/ru/rinoplastia-sin-cirugia-rinoplastia-ultrasonica/,301,/ru/%d1%80%d0%b8%d0%bd%d0%be%d0%bf%d0%bb%d0%b0%d1%81%d1%82%d0%b8%d0%ba%d0%b0-%d0%b1%d0%b5%d0%b7-%d1%85%d0%b8%d1%80%d1%83%d1%80%d0%b3%d0%b8%d0%b8-%d1%83%d0%bb%d1%8c%d1%82%d1%80%d0%b0%d0%b7%d0%b2%d1%83/,301,,,historica,,0,"conocida por Google, fuera del inventario actual; GSC 0 clics / 9 impr; WordPress ya la redirige: se hereda la 301"
/ru/rinoseptoplastia-que-es/,301,/ru/%d1%80%d0%b8%d0%bd%d0%be%d1%81%d0%b5%d0%bf%d1%82%d0%be%d0%bf%d0%bb%d0%b0%d1%81%d1%82%d0%b8%d0%ba%d0%b0-%d1%87%d1%82%d0%be-%d1%8d%d1%82%d0%be/,301,,,historica,,2,"conocida por Google, fuera del inventario actual; GSC 2 clics / 484 impr; WordPress ya la redirige: se hereda la 301"
/ru/siente-el-poder-del-bienestar-con-una-cirugia-estetica-para-los-pechos-separados/,301,/ru/%d0%bf%d0%be%d1%87%d1%83%d0%b2%d1%81%d1%82%d0%b2%d1%83%d0%b9%d1%82%d0%b5-%d1%81%d0%b8%d0%bb%d1%83-%d0%b1%d0%bb%d0%b0%d0%b3%d0%be%d0%bf%d0%be%d0%bb%d1%83%d1%87%d0%b8%d1%8f-%d1%81-%d0%bf%d0%be%d0%bc/,301,,,historica,,0,"conocida por Google, fuera del inventario actual; GSC 0 clics / 10 impr; WordPress ya la redirige: se hereda la 301"
/ru/solucion-mamas-tuberosas/,301,/ru/%d1%80%d0%b5%d1%88%d0%b5%d0%bd%d0%b8%d0%b5-%d0%bf%d1%80%d0%be%d0%b1%d0%bb%d0%b5%d0%bc%d1%8b-%d1%82%d1%83%d0%b1%d1%83%d0%bb%d1%8f%d1%80%d0%bd%d1%8b%d1%85-%d0%bc%d0%be%d0%bb%d0%be%d1%87%d0%bd%d1%8b/,301,,,historica,,0,"conocida por Google, fuera del inventario actual; GSC 0 clics / 3 impr; WordPress ya la redirige: se hereda la 301"
/ru/tecnicas-de-medicina-estetica-que-ens-fan-rejovenir/,301,/ru/%d0%bc%d0%b5%d1%82%d0%be%d0%b4%d1%8b-%d1%8d%d1%81%d1%82%d0%b5%d1%82%d0%b8%d1%87%d0%b5%d1%81%d0%ba%d0%be%d0%b9-%d0%bc%d0%b5%d0%b4%d0%b8%d1%86%d0%b8%d0%bd%d1%8b-%d0%ba%d0%be%d1%82%d0%be%d1%80%d1%8b/,301,,,historica,,0,"conocida por Google, fuera del inventario actual; GSC 0 clics / 35 impr; WordPress ya la redirige: se hereda la 301"
/ru/transforma-tu-figura-con-la-elevacion-de-pecho-todo-lo-que-necesitas-saber/,301,/ru/%d0%bf%d1%80%d0%b5%d0%be%d0%b1%d1%80%d0%b0%d0%b7%d0%b8%d1%82%d0%b5-%d1%81%d0%b2%d0%be%d1%8e-%d1%84%d0%b8%d0%b3%d1%83%d1%80%d1%83-%d1%81-%d0%bf%d0%be%d0%bc%d0%be%d1%89%d1%8c%d1%8e-%d0%bf%d0%be%d0%b4/,301,,,historica,,0,"conocida por Google, fuera del inventario actual; GSC 0 clics / 72 impr; WordPress ya la redirige: se hereda la 301"
/ru/unidades/cirugia-estetica-mamas/,301,/ru/%d0%b5%d0%b4%d0%b8%d0%bd%d0%b8%d1%86%d1%8b/%d0%bf%d0%bb%d0%b0%d1%81%d1%82%d0%b8%d1%87%d0%b5%d1%81%d0%ba%d0%b0%d1%8f-%d1%85%d0%b8%d1%80%d1%83%d1%80%d0%b3%d0%b8%d1%8f-%d0%b3%d1%80%d1%83%d0%b4%d0%b8/%d1%83%d0%b2%d0%b5%d0%bb%d0%b8%d1%87%d0%b5%d0%bd%d0%b8%d0%b5-%d0%b3%d1%80%d1%83%d0%b4%d0%b8-%d0%b6%d0%b8%d1%80%d0%be%d0%bd%d0%b0-2/,301,,,historica,,0,"conocida por Google, fuera del inventario actual; GSC 0 clics / 416 impr; WordPress ya la redirige: se hereda la 301"
/ru/unidades/gabinete-de-estetica/antiedad-mc-110/,301,/ru/%d0%b5%d0%b4%d0%b8%d0%bd%d0%b8%d1%86%d1%8b/%d0%ba%d0%b0%d0%b1%d0%b8%d0%bd%d0%b5%d1%82-%d1%8d%d1%81%d1%82%d0%b5%d1%82%d0%b8%d0%ba%d0%b8/antiedad-mc-110/,301,,,historica,,0,"conocida por Google, fuera del inventario actual; GSC 0 clics / 4 impr; WordPress ya la redirige: se hereda la 301"
/ru/unidades/gabinete-de-estetica/p50-visage/,301,/ru/%d0%b5%d0%b4%d0%b8%d0%bd%d0%b8%d1%86%d1%8b/%d0%ba%d0%b0%d0%b1%d0%b8%d0%bd%d0%b5%d1%82-%d1%8d%d1%81%d1%82%d0%b5%d1%82%d0%b8%d0%ba%d0%b8/p50-%d0%b2%d0%b8%d0%b7%d0%b0%d0%b6/,301,,,historica,,0,"conocida por Google, fuera del inventario actual; GSC 0 clics / 2 impr; WordPress ya la redirige: se hereda la 301"
/ru/vavada-kazino-oficialnyy-sayt-vhod-na-rabochee-zerkalo-vavada-2026/,410,,410,,,historica,,0,spam del hackeo (no está en la web actual); GSC 0 clics / 2 impr
/uk/%D0%BE%D0%B4%D0%B8%D0%BD%D0%B8%D1%86%D1%96-2/%D0%B5%D1%81%D1%82%D0%B5%D1%82%D0%B8%D1%87%D0%BD%D0%B0-%D0%BC%D0%B5%D0%B4%D0%B8%D1%86%D0%B8%D0%BD%D0%B0-%D0%B4%D0%BB%D1%8F-%D0%BE%D0%B1%D0%BB%D0%B8%D1%87%D1%87%D1%8F/arrugues-dexpressio/,301,/uk/%d0%be%d0%b4%d0%b8%d0%bd%d0%b8%d1%86%d1%96/%d0%b5%d1%81%d1%82%d0%b5%d1%82%d0%b8%d1%87%d0%bd%d0%b0-%d0%bc%d0%b5%d0%b4%d0%b8%d1%86%d0%b8%d0%bd%d0%b0-%d0%b4%d0%bb%d1%8f-%d0%be%d0%b1%d0%bb%d0%b8%d1%87%d1%87%d1%8f/%d0%bc%d1%96%d0%bc%d1%96%d1%87%d0%bd%d1%96-%d0%b7%d0%bc%d0%be%d1%80%d1%88%d0%ba%d0%b8/,301,,,historica,,0,"conocida por Google, fuera del inventario actual; GSC 0 clics / 3 impr; WordPress ya la redirige: se hereda la 301"
/uk/%D0%BE%D0%B4%D0%B8%D0%BD%D0%B8%D1%86%D1%96-2/%D0%B5%D1%81%D1%82%D0%B5%D1%82%D0%B8%D1%87%D0%BD%D0%B0-%D0%BC%D0%B5%D0%B4%D0%B8%D1%86%D0%B8%D0%BD%D0%B0-%D0%B4%D0%BB%D1%8F-%D1%82%D1%96%D0%BB%D0%B0/celulitis/,301,/uk/%d0%be%d0%b4%d0%b8%d0%bd%d0%b8%d1%86%d1%96/%d0%b5%d1%81%d1%82%d0%b5%d1%82%d0%b8%d1%87%d0%bd%d0%b0-%d0%bc%d0%b5%d0%b4%d0%b8%d1%86%d0%b8%d0%bd%d0%b0-%d0%b4%d0%bb%d1%8f-%d1%82%d1%96%d0%bb%d0%b0/%d1%86%d0%b5%d0%bb%d1%8e%d0%bb%d1%96%d1%82/,301,,,historica,,0,"conocida por Google, fuera del inventario actual; GSC 0 clics / 2 impr; WordPress ya la redirige: se hereda la 301"
/uk/%D0%BE%D0%B4%D0%B8%D0%BD%D0%B8%D1%86%D1%96-2/%D0%B5%D1%81%D1%82%D0%B5%D1%82%D0%B8%D1%87%D0%BD%D0%B0-%D1%85%D1%96%D1%80%D1%83%D1%80%D0%B3%D1%96%D1%8F-%D0%BE%D0%B1%D0%BB%D0%B8%D1%87%D1%87%D1%8F/minilifting-de-coll-i-papada/,301,/uk/%d0%be%d0%b4%d0%b8%d0%bd%d0%b8%d1%86%d1%96/%d0%b5%d1%81%d1%82%d0%b5%d1%82%d0%b8%d1%87%d0%bd%d0%b0-%d1%85%d1%96%d1%80%d1%83%d1%80%d0%b3%d1%96%d1%8f-%d0%be%d0%b1%d0%bb%d0%b8%d1%87%d1%87%d1%8f-2/%d0%bc%d1%96%d0%bd%d1%96%d0%bb%d1%96%d1%84%d1%82%d0%b8%d0%bd%d0%b3-%d1%88%d0%b8%d1%97-%d1%82%d0%b0-%d0%bf%d0%be%d0%b4%d0%b2%d1%96%d0%b9%d0%bd%d0%be%d0%b3%d0%be-%d0%bf%d1%96%d0%b4%d0%b1%d0%be%d1%80/,301,,,historica,,0,"conocida por Google, fuera del inventario actual; GSC 0 clics / 16 impr; WordPress ya la redirige: se hereda la 301"
/uk/%D0%BE%D0%B4%D0%B8%D0%BD%D0%B8%D1%86%D1%96-2/%D0%B5%D1%81%D1%82%D0%B5%D1%82%D0%B8%D1%87%D0%BD%D0%B0-%D1%85%D1%96%D1%80%D1%83%D1%80%D0%B3%D1%96%D1%8F-%D0%BE%D0%B1%D0%BB%D0%B8%D1%87%D1%87%D1%8F/perforacio-de-lenva-nasal/,301,/uk/%d0%be%d0%b4%d0%b8%d0%bd%d0%b8%d1%86%d1%96/%d0%b5%d1%81%d1%82%d0%b5%d1%82%d0%b8%d1%87%d0%bd%d0%b0-%d1%85%d1%96%d1%80%d1%83%d1%80%d0%b3%d1%96%d1%8f-%d0%be%d0%b1%d0%bb%d0%b8%d1%87%d1%87%d1%8f-2/%d0%bf%d0%b5%d1%80%d1%84%d0%be%d1%80%d0%b0%d1%86%d1%96%d1%8f-%d0%bd%d0%be%d1%81%d0%be%d0%b2%d0%be%d1%97-%d0%bf%d0%b5%d1%80%d0%b5%d0%b3%d0%be%d1%80%d0%be%d0%b4%d0%ba%d0%b8/,301,,,historica,,0,"conocida por Google, fuera del inventario actual; GSC 0 clics / 8 impr; WordPress ya la redirige: se hereda la 301"
/uk/%D0%BE%D0%B4%D0%B8%D0%BD%D0%B8%D1%86%D1%96-2/%D0%BD%D0%B0%D0%B4%D0%BC%D1%96%D1%80%D0%BD%D0%B0-%D0%B2%D0%B0%D0%B3%D0%B0-%D1%82%D0%B0-%D0%BE%D0%B6%D0%B8%D1%80%D1%96%D0%BD%D0%BD%D1%8F/%D0%B1%D0%B0%D1%80%D1%96%D0%B0%D1%82%D1%80%D0%B8%D1%87%D0%BD%D0%B0-%D1%85%D1%96%D1%80%D1%83%D1%80%D0%B3%D1%96%D1%8F/gastrectomia-vertical/,301,/uk/%d0%be%d0%b4%d0%b8%d0%bd%d0%b8%d1%86%d1%96/%d0%bd%d0%b0%d0%b4%d0%bc%d1%96%d1%80%d0%bd%d0%b0-%d0%b2%d0%b0%d0%b3%d0%b0-%d1%82%d0%b0-%d0%be%d0%b6%d0%b8%d1%80%d1%96%d0%bd%d0%bd%d1%8f-2/%d0%b1%d0%b0%d1%80%d1%96%d0%b0%d1%82%d1%80%d0%b8%d1%87%d0%bd%d0%b0-%d1%85%d1%96%d1%80%d1%83%d1%80%d0%b3%d1%96%d1%8f-2/%d0%b2%d0%b5%d1%80%d1%82%d0%b8%d0%ba%d0%b0%d0%bb%d1%8c%d0%bd%d0%b0-%d0%b3%d0%b0%d1%81%d1%82%d1%80%d0%b5%d0%ba%d1%82%d0%be%d0%bc%d1%96%d1%8f/,301,,,historica,,0,"conocida por Google, fuera del inventario actual; GSC 0 clics / 1 impr; WordPress ya la redirige: se hereda la 301"
/uk/%D0%BE%D0%B4%D0%B8%D0%BD%D0%B8%D1%86%D1%96-2/%D0%BD%D0%B0%D0%B4%D0%BC%D1%96%D1%80%D0%BD%D0%B0-%D0%B2%D0%B0%D0%B3%D0%B0-%D1%82%D0%B0-%D0%BE%D0%B6%D0%B8%D1%80%D1%96%D0%BD%D0%BD%D1%8F/balo-12-mesos-reajustable/,301,/uk/%d0%be%d0%b4%d0%b8%d0%bd%d0%b8%d1%86%d1%96-2/%d0%bd%d0%b0%d0%b4%d0%bc%d1%96%d1%80%d0%bd%d0%b0-%d0%b2%d0%b0%d0%b3%d0%b0-%d1%82%d0%b0-%d0%be%d0%b6%d0%b8%d1%80%d1%96%d0%bd%d0%bd%d1%8f/12-%d0%bc%d1%96%d1%81%d1%8f%d1%86%d1%96%d0%b2-%d0%b7-%d0%bc%d0%be%d0%b6%d0%bb%d0%b8%d0%b2%d1%96%d1%81%d1%82%d1%8e-%d0%bf%d0%b5%d1%80%d0%b5%d0%b3%d0%bb%d1%8f%d0%b4%d1%83/,301,,,historica,,0,"conocida por Google, fuera del inventario actual; GSC 0 clics / 24 impr; WordPress ya la redirige: se hereda la 301"
/uk/%D0%BE%D0%B4%D0%B8%D0%BD%D0%B8%D1%86%D1%96-2/%D0%BD%D0%B0%D0%B4%D0%BC%D1%96%D1%80%D0%BD%D0%B0-%D0%B2%D0%B0%D0%B3%D0%B0-%D1%82%D0%B0-%D0%BE%D0%B6%D0%B8%D1%80%D1%96%D0%BD%D0%BD%D1%8F/balo-ingerible-elipse/,301,/uk/%d0%be%d0%b4%d0%b8%d0%bd%d0%b8%d1%86%d1%96-2/%d0%bd%d0%b0%d0%b4%d0%bc%d1%96%d1%80%d0%bd%d0%b0-%d0%b2%d0%b0%d0%b3%d0%b0-%d1%82%d0%b0-%d0%be%d0%b6%d0%b8%d1%80%d1%96%d0%bd%d0%bd%d1%8f/%d0%ba%d0%be%d0%b2%d1%82%d0%b0%d0%bb%d1%8c%d0%bd%d0%b0-%d0%ba%d0%b0%d0%bf%d1%81%d1%83%d0%bb%d0%b0-%d1%83-%d1%84%d0%be%d1%80%d0%bc%d1%96-%d0%b5%d0%bb%d1%96%d0%bf%d1%81%d0%b0/,301,,,historica,,0,"conocida por Google, fuera del inventario actual; GSC 0 clics / 2 impr; WordPress ya la redirige: se hereda la 301"
/uk/%D0%BE%D0%B4%D0%B8%D0%BD%D0%B8%D1%86%D1%96-2/%D0%BD%D0%B0%D0%B4%D0%BC%D1%96%D1%80%D0%BD%D0%B0-%D0%B2%D0%B0%D0%B3%D0%B0-%D1%82%D0%B0-%D0%BE%D0%B6%D0%B8%D1%80%D1%96%D0%BD%D0%BD%D1%8F/dietetica-i-nutricio/,301,/uk/%d0%be%d0%b4%d0%b8%d0%bd%d0%b8%d1%86%d1%96/%d0%bd%d0%b0%d0%b4%d0%bc%d1%96%d1%80%d0%bd%d0%b0-%d0%b2%d0%b0%d0%b3%d0%b0-%d1%82%d0%b0-%d0%be%d0%b6%d0%b8%d1%80%d1%96%d0%bd%d0%bd%d1%8f-2/%d0%b4%d1%96%d1%94%d1%82%d0%be%d0%bb%d0%be%d0%b3%d1%96%d1%8f-%d1%82%d0%b0-%d1%85%d0%b0%d1%80%d1%87%d1%83%d0%b2%d0%b0%d0%bd%d0%bd%d1%8f/,301,,,historica,,0,"conocida por Google, fuera del inventario actual; GSC 0 clics / 1 impr; WordPress ya la redirige: se hereda la 301"
/uk/%D0%BE%D0%B4%D0%B8%D0%BD%D0%B8%D1%86%D1%96-2/%D0%BD%D0%B0%D0%B4%D0%BC%D1%96%D1%80%D0%BD%D0%B0-%D0%B2%D0%B0%D0%B3%D0%B0-%D1%82%D0%B0-%D0%BE%D0%B6%D0%B8%D1%80%D1%96%D0%BD%D0%BD%D1%8F/endomanga/,301,/uk/%d0%be%d0%b4%d0%b8%d0%bd%d0%b8%d1%86%d1%96/%d0%bd%d0%b0%d0%b4%d0%bc%d1%96%d1%80%d0%bd%d0%b0-%d0%b2%d0%b0%d0%b3%d0%b0-%d1%82%d0%b0-%d0%be%d0%b6%d0%b8%d1%80%d1%96%d0%bd%d0%bd%d1%8f-2/%d0%b2%d0%bd%d1%83%d1%82%d1%80%d1%96%d1%88%d0%bd%d1%8f-%d1%87%d0%b0%d1%81%d1%82%d0%b8%d0%bd%d0%b0-%d1%80%d1%83%d0%ba%d0%b0%d0%b2%d0%b0/,301,,,historica,,0,"conocida por Google, fuera del inventario actual; GSC 0 clics / 1 impr; WordPress ya la redirige: se hereda la 301"
/uk/%D0%BE%D0%B4%D0%B8%D0%BD%D0%B8%D1%86%D1%96-2/%D1%81%D0%B0%D0%BB%D0%BE%D0%BD-%D0%BA%D1%80%D0%B0%D1%81%D0%B8-2/desintoxicant/,301,/uk/%d0%be%d0%b4%d0%b8%d0%bd%d0%b8%d1%86%d1%96/%d1%81%d0%b0%d0%bb%d0%be%d0%bd-%d0%ba%d1%80%d0%b0%d1%81%d0%b8/desintoxicante/,301,,,historica,,0,"conocida por Google, fuera del inventario actual; GSC 0 clics / 2 impr; WordPress ya la redirige: se hereda la 301"
/uk/%D0%BE%D0%B4%D0%B8%D0%BD%D0%B8%D1%86%D1%96-2/%D1%87%D0%BE%D0%BB%D0%BE%D0%B2%D1%96%D1%87%D0%B0-%D0%B5%D1%81%D1%82%D0%B5%D1%82%D0%B8%D1%87%D0%BD%D0%B0-%D1%85%D1%96%D1%80%D1%83%D1%80%D0%B3%D1%96%D1%8F-2/augment-de-pectoral/,301,/uk/%d0%be%d0%b4%d0%b8%d0%bd%d0%b8%d1%86%d1%96/%d1%87%d0%be%d0%bb%d0%be%d0%b2%d1%96%d1%87%d0%b0-%d0%b5%d1%81%d1%82%d0%b5%d1%82%d0%b8%d1%87%d0%bd%d0%b0-%d1%85%d1%96%d1%80%d1%83%d1%80%d0%b3%d1%96%d1%8f/aumento-de-pectoral/,301,,,historica,,0,"conocida por Google, fuera del inventario actual; GSC 0 clics / 7 impr; WordPress ya la redirige: se hereda la 301"
/uk/%D0%BE%D0%B4%D0%B8%D0%BD%D0%B8%D1%86%D1%96-2/%D1%87%D0%BE%D0%BB%D0%BE%D0%B2%D1%96%D1%87%D0%B0-%D0%B5%D1%81%D1%82%D0%B5%D1%82%D0%B8%D1%87%D0%BD%D0%B0-%D1%85%D1%96%D1%80%D1%83%D1%80%D0%B3%D1%96%D1%8F-2/ginecomastia/,301,/uk/%d0%be%d0%b4%d0%b8%d0%bd%d0%b8%d1%86%d1%96/%d1%87%d0%be%d0%bb%d0%be%d0%b2%d1%96%d1%87%d0%b0-%d0%b5%d1%81%d1%82%d0%b5%d1%82%d0%b8%d1%87%d0%bd%d0%b0-%d1%85%d1%96%d1%80%d1%83%d1%80%d0%b3%d1%96%d1%8f/%d0%b3%d1%96%d0%bd%d0%b5%d0%ba%d0%be%d0%bc%d0%b0%d1%81%d1%82%d1%96%d1%8f/,301,,,historica,,0,"conocida por Google, fuera del inventario actual; GSC 0 clics / 7 impr; WordPress ya la redirige: se hereda la 301"
/uk/%D0%BE%D0%B4%D0%B8%D0%BD%D0%B8%D1%86%D1%96-2/%D1%87%D0%BE%D0%BB%D0%BE%D0%B2%D1%96%D1%87%D0%B0-%D0%B5%D1%81%D1%82%D0%B5%D1%82%D0%B8%D1%87%D0%BD%D0%B0-%D1%85%D1%96%D1%80%D1%83%D1%80%D0%B3%D1%96%D1%8F-2/lifting-de-coll-i-papada/,301,/uk/%d0%be%d0%b4%d0%b8%d0%bd%d0%b8%d1%86%d1%96/%d1%87%d0%be%d0%bb%d0%be%d0%b2%d1%96%d1%87%d0%b0-%d0%b5%d1%81%d1%82%d0%b5%d1%82%d0%b8%d1%87%d0%bd%d0%b0-%d1%85%d1%96%d1%80%d1%83%d1%80%d0%b3%d1%96%d1%8f/liftting-de-cuello-y-papada/,301,,,historica,,0,"conocida por Google, fuera del inventario actual; GSC 0 clics / 3 impr; WordPress ya la redirige: se hereda la 301"
/uk/%D0%BE%D0%B4%D0%B8%D0%BD%D0%B8%D1%86%D1%96-2/unitat-de-medicina-cosmetica-girona/,301,/uk/%d0%be%d0%b4%d0%b8%d0%bd%d0%b8%d1%86%d1%96/medicina-cosmetica-girona/,301,,,historica,,0,"conocida por Google, fuera del inventario actual; GSC 0 clics / 58 impr; WordPress ya la redirige: se hereda la 301"
/uk/%D0%BE%D0%B4%D0%B8%D0%BD%D0%B8%D1%86%D1%96/%D0%B5%D1%81%D1%82%D0%B5%D1%82%D0%B8%D1%87%D0%BD%D0%B0-%D0%BC%D0%B5%D0%B4%D0%B8%D1%86%D0%B8%D0%BD%D0%B0-%D0%B4%D0%BB%D1%8F-%D0%BE%D0%B1%D0%BB%D0%B8%D1%87%D1%87%D1%8F/hidratacion-y-nutricion/,301,/uk/%d0%be%d0%b4%d0%b8%d0%bd%d0%b8%d1%86%d1%96/%d0%b5%d1%81%d1%82%d0%b5%d1%82%d0%b8%d1%87%d0%bd%d0%b0-%d0%bc%d0%b5%d0%b4%d0%b8%d1%86%d0%b8%d0%bd%d0%b0-%d0%b4%d0%bb%d1%8f-%d0%be%d0%b1%d0%bb%d0%b8%d1%87%d1%87%d1%8f/%d0%b7%d0%b2%d0%be%d0%bb%d0%be%d0%b6%d0%b5%d0%bd%d0%bd%d1%8f-%d1%82%d0%b0-%d0%b6%d0%b8%d0%b2%d0%bb%d0%b5%d0%bd%d0%bd%d1%8f/,301,,,historica,,1,"conocida por Google, fuera del inventario actual; GSC 1 clics / 87 impr; WordPress ya la redirige: se hereda la 301"
/uk/%D0%BE%D0%B4%D0%B8%D0%BD%D0%B8%D1%86%D1%96/%D0%B5%D1%81%D1%82%D0%B5%D1%82%D0%B8%D1%87%D0%BD%D0%B0-%D0%BC%D0%B5%D0%B4%D0%B8%D1%86%D0%B8%D0%BD%D0%B0-%D0%B4%D0%BB%D1%8F-%D0%BE%D0%B1%D0%BB%D0%B8%D1%87%D1%87%D1%8F/ojeras/,301,/uk/%d0%be%d0%b4%d0%b8%d0%bd%d0%b8%d1%86%d1%96/%d0%b5%d1%81%d1%82%d0%b5%d1%82%d0%b8%d1%87%d0%bd%d0%b0-%d0%bc%d0%b5%d0%b4%d0%b8%d1%86%d0%b8%d0%bd%d0%b0-%d0%b4%d0%bb%d1%8f-%d0%be%d0%b1%d0%bb%d0%b8%d1%87%d1%87%d1%8f/%d1%82%d0%b5%d0%bc%d0%bd%d1%96-%d0%ba%d0%be%d0%bb%d0%b0-%d0%bf%d1%96%d0%b4-%d0%be%d1%87%d0%b8%d0%bc%d0%b0/,301,,,historica,,0,"conocida por Google, fuera del inventario actual; GSC 0 clics / 4 impr; WordPress ya la redirige: se hereda la 301"
/uk/%D0%BE%D0%B4%D0%B8%D0%BD%D0%B8%D1%86%D1%96/%D0%B5%D1%81%D1%82%D0%B5%D1%82%D0%B8%D1%87%D0%BD%D0%B0-%D0%BC%D0%B5%D0%B4%D0%B8%D1%86%D0%B8%D0%BD%D0%B0-%D0%B4%D0%BB%D1%8F-%D1%82%D1%96%D0%BB%D0%B0/liposuccion-sin-cirugia/,301,/uk/%d0%be%d0%b4%d0%b8%d0%bd%d0%b8%d1%86%d1%96/%d0%b5%d1%81%d1%82%d0%b5%d1%82%d0%b8%d1%87%d0%bd%d0%b0-%d0%bc%d0%b5%d0%b4%d0%b8%d1%86%d0%b8%d0%bd%d0%b0-%d0%b4%d0%bb%d1%8f-%d1%82%d1%96%d0%bb%d0%b0/%d0%bb%d1%96%d0%bf%d0%be%d1%81%d0%b0%d0%ba%d1%86%d1%96%d1%8f-%d0%b1%d0%b5%d0%b7-%d1%85%d1%96%d1%80%d1%83%d1%80%d0%b3%d1%96%d1%87%d0%bd%d0%be%d0%b3%d0%be-%d0%b2%d1%82%d1%80%d1%83%d1%87%d0%b0%d0%bd-2/,301,,,historica,,0,"conocida por Google, fuera del inventario actual; GSC 0 clics / 34 impr; WordPress ya la redirige: se hereda la 301"
/uk/%D0%BE%D0%B4%D0%B8%D0%BD%D0%B8%D1%86%D1%96/%D0%B5%D1%81%D1%82%D0%B5%D1%82%D0%B8%D1%87%D0%BD%D0%B0-%D1%85%D1%96%D1%80%D1%83%D1%80%D0%B3%D1%96%D1%8F-%D0%BE%D0%B1%D0%BB%D0%B8%D1%87%D1%87%D1%8F-2/cirugia-menton-y-pomulos/,301,/uk/%d0%be%d0%b4%d0%b8%d0%bd%d0%b8%d1%86%d1%96/%d0%b5%d1%81%d1%82%d0%b5%d1%82%d0%b8%d1%87%d0%bd%d0%b0-%d1%85%d1%96%d1%80%d1%83%d1%80%d0%b3%d1%96%d1%8f-%d0%be%d0%b1%d0%bb%d0%b8%d1%87%d1%87%d1%8f-2/%d1%85%d1%96%d1%80%d1%83%d1%80%d0%b3%d1%96%d1%8f-%d0%bf%d1%96%d0%b4%d0%b1%d0%be%d1%80%d1%96%d0%b4%d0%b4%d1%8f-%d1%82%d0%b0-%d0%b2%d0%b8%d0%bb%d0%b8%d1%86%d1%8c/,301,,,historica,,0,"conocida por Google, fuera del inventario actual; GSC 0 clics / 9 impr; WordPress ya la redirige: se hereda la 301"
/uk/%D0%BE%D0%B4%D0%B8%D0%BD%D0%B8%D1%86%D1%96/%D0%B5%D1%81%D1%82%D0%B5%D1%82%D0%B8%D1%87%D0%BD%D0%B0-%D1%85%D1%96%D1%80%D1%83%D1%80%D0%B3%D1%96%D1%8F-%D0%BE%D0%B1%D0%BB%D0%B8%D1%87%D1%87%D1%8F-2/minilifting-de-cuello-y-papada/,301,/uk/%d0%be%d0%b4%d0%b8%d0%bd%d0%b8%d1%86%d1%96/%d0%b5%d1%81%d1%82%d0%b5%d1%82%d0%b8%d1%87%d0%bd%d0%b0-%d1%85%d1%96%d1%80%d1%83%d1%80%d0%b3%d1%96%d1%8f-%d0%be%d0%b1%d0%bb%d0%b8%d1%87%d1%87%d1%8f-2/%d0%bc%d1%96%d0%bd%d1%96%d0%bb%d1%96%d1%84%d1%82%d0%b8%d0%bd%d0%b3-%d1%88%d0%b8%d1%97-%d1%82%d0%b0-%d0%bf%d0%be%d0%b4%d0%b2%d1%96%d0%b9%d0%bd%d0%be%d0%b3%d0%be-%d0%bf%d1%96%d0%b4%d0%b1%d0%be%d1%80/,301,,,historica,,0,"conocida por Google, fuera del inventario actual; GSC 0 clics / 7 impr; WordPress ya la redirige: se hereda la 301"
/uk/%D0%BE%D0%B4%D0%B8%D0%BD%D0%B8%D1%86%D1%96/%D0%B5%D1%81%D1%82%D0%B5%D1%82%D0%B8%D1%87%D0%BD%D0%B0-%D1%85%D1%96%D1%80%D1%83%D1%80%D0%B3%D1%96%D1%8F-%D1%82%D1%96%D0%BB%D0%B0-2/cirugia-genital-femenina/,301,/uk/%d0%be%d0%b4%d0%b8%d0%bd%d0%b8%d1%86%d1%96/%d0%b5%d1%81%d1%82%d0%b5%d1%82%d0%b8%d1%87%d0%bd%d0%b0-%d1%85%d1%96%d1%80%d1%83%d1%80%d0%b3%d1%96%d1%8f-%d1%82%d1%96%d0%bb%d0%b0-2/%d1%85%d1%96%d1%80%d1%83%d1%80%d0%b3%d1%96%d1%8f-%d0%b6%d1%96%d0%bd%d0%be%d1%87%d0%b8%d1%85-%d1%81%d1%82%d0%b0%d1%82%d0%b5%d0%b2%d0%b8%d1%85-%d0%be%d1%80%d0%b3%d0%b0%d0%bd%d1%96%d0%b2-2/,301,,,historica,,0,"conocida por Google, fuera del inventario actual; GSC 0 clics / 2 impr; WordPress ya la redirige: se hereda la 301"
/uk/%D0%BE%D0%B4%D0%B8%D0%BD%D0%B8%D1%86%D1%96/%D0%B5%D1%81%D1%82%D0%B5%D1%82%D0%B8%D1%87%D0%BD%D0%B0-%D1%85%D1%96%D1%80%D1%83%D1%80%D0%B3%D1%96%D1%8F-%D1%82%D1%96%D0%BB%D0%B0-2/lipofiling-corporal/,301,/uk/%d0%be%d0%b4%d0%b8%d0%bd%d0%b8%d1%86%d1%96/%d0%b5%d1%81%d1%82%d0%b5%d1%82%d0%b8%d1%87%d0%bd%d0%b0-%d1%85%d1%96%d1%80%d1%83%d1%80%d0%b3%d1%96%d1%8f-%d1%82%d1%96%d0%bb%d0%b0-2/%d0%bb%d1%96%d0%bf%d0%be%d1%84%d1%96%d0%bb%d1%96%d0%bd%d0%b3-%d1%82%d1%96%d0%bb%d0%b0/,301,,,historica,,0,"conocida por Google, fuera del inventario actual; GSC 0 clics / 34 impr; WordPress ya la redirige: se hereda la 301"
/uk/%D0%BE%D0%B4%D0%B8%D0%BD%D0%B8%D1%86%D1%96/%D0%BD%D0%B0%D0%B4%D0%BC%D1%96%D1%80%D0%BD%D0%B0-%D0%B2%D0%B0%D0%B3%D0%B0-%D1%82%D0%B0-%D0%BE%D0%B6%D0%B8%D1%80%D1%96%D0%BD%D0%BD%D1%8F-2/%D0%B1%D0%B0%D1%80%D1%96%D0%B0%D1%82%D1%80%D0%B8%D1%87%D0%BD%D0%B0-%D1%85%D1%96%D1%80%D1%83%D1%80%D0%B3%D1%96%D1%8F-2/%D0%B4%D1%83%D0%BE%D0%B4%D0%B5%D0%BD%D0%B0%D0%BB%D1%8C%D0%BD%D0%B8%D0%B9-%D0%BF%D0%B5%D1%80%D0%B5%D1%85%D1%80%D0%B5%D1%81%D1%82-2/,410,,410,,,historica,,0,"conocida por Google, fuera del inventario actual; GSC 0 clics / 16 impr; hoy 404, sin clics ni backlinks → 410"
/uk/%D0%BE%D0%B4%D0%B8%D0%BD%D0%B8%D1%86%D1%96/%D0%BD%D0%B0%D0%B4%D0%BC%D1%96%D1%80%D0%BD%D0%B0-%D0%B2%D0%B0%D0%B3%D0%B0-%D1%82%D0%B0-%D0%BE%D0%B6%D0%B8%D1%80%D1%96%D0%BD%D0%BD%D1%8F-2/balon-6-meses/,301,/uk/%d0%be%d0%b4%d0%b8%d0%bd%d0%b8%d1%86%d1%96/%d0%bd%d0%b0%d0%b4%d0%bc%d1%96%d1%80%d0%bd%d0%b0-%d0%b2%d0%b0%d0%b3%d0%b0-%d1%82%d0%b0-%d0%be%d0%b6%d0%b8%d1%80%d1%96%d0%bd%d0%bd%d1%8f-2/%d0%bc%d1%8f%d1%87-6-%d0%bc%d1%96%d1%81%d1%8f%d1%86%d1%96%d0%b2/,301,,,historica,,0,"conocida por Google, fuera del inventario actual; GSC 0 clics / 9 impr; WordPress ya la redirige: se hereda la 301"
/uk/%D0%BE%D0%B4%D0%B8%D0%BD%D0%B8%D1%86%D1%96/%D0%BD%D0%B0%D0%B4%D0%BC%D1%96%D1%80%D0%BD%D0%B0-%D0%B2%D0%B0%D0%B3%D0%B0-%D1%82%D0%B0-%D0%BE%D0%B6%D0%B8%D1%80%D1%96%D0%BD%D0%BD%D1%8F-2/endomanga/,301,/uk/%d0%be%d0%b4%d0%b8%d0%bd%d0%b8%d1%86%d1%96/%d0%bd%d0%b0%d0%b4%d0%bc%d1%96%d1%80%d0%bd%d0%b0-%d0%b2%d0%b0%d0%b3%d0%b0-%d1%82%d0%b0-%d0%be%d0%b6%d0%b8%d1%80%d1%96%d0%bd%d0%bd%d1%8f-2/%d0%b2%d0%bd%d1%83%d1%82%d1%80%d1%96%d1%88%d0%bd%d1%8f-%d1%87%d0%b0%d1%81%d1%82%d0%b8%d0%bd%d0%b0-%d1%80%d1%83%d0%ba%d0%b0%d0%b2%d0%b0/,301,,,historica,,0,"conocida por Google, fuera del inventario actual; GSC 0 clics / 15 impr; WordPress ya la redirige: se hereda la 301"
/uk/%D0%BE%D0%B4%D0%B8%D0%BD%D0%B8%D1%86%D1%96/%D1%81%D0%B0%D0%BB%D0%BE%D0%BD-%D0%BA%D1%80%D0%B0%D1%81%D0%B8/acido-de-frutas/,301,/uk/%d0%be%d0%b4%d0%b8%d0%bd%d0%b8%d1%86%d1%96/%d1%81%d0%b0%d0%bb%d0%be%d0%bd-%d0%ba%d1%80%d0%b0%d1%81%d0%b8/%d1%84%d1%80%d1%83%d0%ba%d1%82%d0%be%d0%b2%d0%b0-%d0%ba%d0%b8%d1%81%d0%bb%d0%be%d1%82%d0%b0/,301,,,historica,,0,"conocida por Google, fuera del inventario actual; GSC 0 clics / 2 impr; WordPress ya la redirige: se hereda la 301"
/uk/%D0%BE%D0%B4%D0%B8%D0%BD%D0%B8%D1%86%D1%96/%D1%81%D0%B0%D0%BB%D0%BE%D0%BD-%D0%BA%D1%80%D0%B0%D1%81%D0%B8/hidreclat/,301,/uk/%d0%be%d0%b4%d0%b8%d0%bd%d0%b8%d1%86%d1%96/%d1%81%d0%b0%d0%bb%d0%be%d0%bd-%d0%ba%d1%80%d0%b0%d1%81%d0%b8/%d0%b3%d1%96%d0%b4%d1%80%d0%b5%d0%ba%d0%bb%d0%b0%d1%82/,301,,,historica,,0,"conocida por Google, fuera del inventario actual; GSC 0 clics / 1 impr; WordPress ya la redirige: se hereda la 301"
/uk/%D0%BE%D0%B4%D0%B8%D0%BD%D0%B8%D1%86%D1%96/cirugia-estetica-corporal/%D0%BB%D1%96%D0%BF%D0%BE%D1%81%D0%B0%D0%BA%D1%86%D1%96%D1%8F-2/,301,/uk/%d0%be%d0%b4%d0%b8%d0%bd%d0%b8%d1%86%d1%96/%d0%b5%d1%81%d1%82%d0%b5%d1%82%d0%b8%d1%87%d0%bd%d0%b0-%d1%85%d1%96%d1%80%d1%83%d1%80%d0%b3%d1%96%d1%8f-%d1%82%d1%96%d0%bb%d0%b0-2/%d0%bb%d1%96%d0%bf%d0%be%d1%81%d0%b0%d0%ba%d1%86%d1%96%d1%8f-2/,301,,,historica,,0,"conocida por Google, fuera del inventario actual; GSC 0 clics / 19 impr; WordPress ya la redirige: se hereda la 301"
/uk/%D0%BE%D0%B4%D0%B8%D0%BD%D0%B8%D1%86%D1%96/cirugia-estetica-facial/%D1%80%D0%B8%D0%BD%D0%BE%D0%BF%D0%BB%D0%B0%D1%81%D1%82%D0%B8%D0%BA%D0%B0-%D0%B2-%D0%B6%D0%B8%D1%80%D0%BE%D0%BD%D1%96/,301,/uk/%d0%be%d0%b4%d0%b8%d0%bd%d0%b8%d1%86%d1%96/%d0%b5%d1%81%d1%82%d0%b5%d1%82%d0%b8%d1%87%d0%bd%d0%b0-%d1%85%d1%96%d1%80%d1%83%d1%80%d0%b3%d1%96%d1%8f-%d0%be%d0%b1%d0%bb%d0%b8%d1%87%d1%87%d1%8f-2/%d1%80%d0%b8%d0%bd%d0%be%d0%bf%d0%bb%d0%b0%d1%81%d1%82%d0%b8%d0%ba%d0%b0-%d0%b2-%d0%b6%d0%b8%d1%80%d0%be%d0%bd%d1%96/,301,,,historica,,0,"conocida por Google, fuera del inventario actual; GSC 0 clics / 3 impr; WordPress ya la redirige: se hereda la 301"
/uk/%D0%BE%D0%B4%D0%B8%D0%BD%D0%B8%D1%86%D1%96/cirugia-estetica-facial/rinoplastia/,301,/uk/%d0%be%d0%b4%d0%b8%d0%bd%d0%b8%d1%86%d1%96/%d0%b5%d1%81%d1%82%d0%b5%d1%82%d0%b8%d1%87%d0%bd%d0%b0-%d1%85%d1%96%d1%80%d1%83%d1%80%d0%b3%d1%96%d1%8f-%d0%be%d0%b1%d0%bb%d0%b8%d1%87%d1%87%d1%8f-2/%d1%80%d0%b8%d0%bd%d0%be%d0%bf%d0%bb%d0%b0%d1%81%d1%82%d0%b8%d0%ba%d0%b0-2/,301,,,historica,,0,"conocida por Google, fuera del inventario actual; GSC 0 clics / 21 impr; WordPress ya la redirige: se hereda la 301"
/uk/%D0%BE%D0%B4%D0%B8%D0%BD%D0%B8%D1%86%D1%96/cirugia-estetica-mamas/elevacion-de-pecho-pexia/,301,/uk/%d0%be%d0%b4%d0%b8%d0%bd%d0%b8%d1%86%d1%96/%d0%b5%d1%81%d1%82%d0%b5%d1%82%d0%b8%d1%87%d0%bd%d0%b0-%d1%85%d1%96%d1%80%d1%83%d1%80%d0%b3%d1%96%d1%8f-%d0%b3%d1%80%d1%83%d0%b4%d0%b5%d0%b9-2/%d0%bf%d1%96%d0%b4%d1%82%d1%8f%d0%b6%d0%ba%d0%b0-%d0%b3%d1%80%d1%83%d0%b4%d0%b5%d0%b9-%d0%bf%d0%b5%d0%ba%d1%81%d1%96%d1%8f/,301,,,historica,,0,"conocida por Google, fuera del inventario actual; GSC 0 clics / 7 impr; WordPress ya la redirige: se hereda la 301"
/uk/%D0%BE%D0%B4%D0%B8%D0%BD%D0%B8%D1%86%D1%96/medicina-estetica-corporal/celulitis/,301,/uk/%d0%be%d0%b4%d0%b8%d0%bd%d0%b8%d1%86%d1%96/%d0%b5%d1%81%d1%82%d0%b5%d1%82%d0%b8%d1%87%d0%bd%d0%b0-%d0%bc%d0%b5%d0%b4%d0%b8%d1%86%d0%b8%d0%bd%d0%b0-%d0%b4%d0%bb%d1%8f-%d1%82%d1%96%d0%bb%d0%b0/%d1%86%d0%b5%d0%bb%d1%8e%d0%bb%d1%96%d1%82/,301,,,historica,,0,"conocida por Google, fuera del inventario actual; GSC 0 clics / 1 impr; WordPress ya la redirige: se hereda la 301"
/uk/%D0%BE%D0%B4%D0%B8%D0%BD%D0%B8%D1%86%D1%96/sobrepeso-y-obesidad/%D0%B1%D0%B0%D1%80%D1%96%D0%B0%D1%82%D1%80%D0%B8%D1%87%D0%BD%D0%B0-%D1%85%D1%96%D1%80%D1%83%D1%80%D0%B3%D1%96%D1%8F-2/,301,/uk/%d0%be%d0%b4%d0%b8%d0%bd%d0%b8%d1%86%d1%96/%d0%bd%d0%b0%d0%b4%d0%bc%d1%96%d1%80%d0%bd%d0%b0-%d0%b2%d0%b0%d0%b3%d0%b0-%d1%82%d0%b0-%d0%be%d0%b6%d0%b8%d1%80%d1%96%d0%bd%d0%bd%d1%8f-2/%d0%b1%d0%b0%d1%80%d1%96%d0%b0%d1%82%d1%80%d0%b8%d1%87%d0%bd%d0%b0-%d1%85%d1%96%d1%80%d1%83%d1%80%d0%b3%d1%96%d1%8f-2/,301,,,historica,,0,"conocida por Google, fuera del inventario actual; GSC 0 clics / 2 impr; WordPress ya la redirige: se hereda la 301"
/uk/author/infomedicstetics/page/2/,301,/uk/%d0%b1%d0%bb%d0%be%d0%b3/,301,,,historica,,0,"conocida por Google, fuera del inventario actual; GSC 0 clics / 1 impr; WordPress ya la redirige: se hereda la 301"
/uk/author/infomedicstetics/page/7/,301,/uk/%d0%b1%d0%bb%d0%be%d0%b3/,301,,,historica,,0,"conocida por Google, fuera del inventario actual; GSC 0 clics / 27 impr; WordPress ya la redirige: se hereda la 301"
/uk/author/infomedicstetics/page/8/,301,/uk/%d0%b1%d0%bb%d0%be%d0%b3/,301,,,historica,,0,"conocida por Google, fuera del inventario actual; GSC 0 clics / 2 impr; WordPress ya la redirige: se hereda la 301"
/uk/category/%D0%B5%D1%81%D1%82%D0%B5%D1%82%D0%B8%D1%87%D0%BD%D0%B0-%D0%BC%D0%B5%D0%B4%D0%B8%D1%86%D0%B8%D0%BD%D0%B0-%D0%B4%D0%BB%D1%8F-%D0%BE%D0%B1%D0%BB%D0%B8%D1%87%D1%87%D1%8F/,301,/uk/%d0%b1%d0%bb%d0%be%d0%b3/,301,,,historica,,0,"conocida por Google, fuera del inventario actual; GSC 0 clics / 2 impr; WordPress ya la redirige: se hereda la 301"
/uk/category/cirugia-estetica-corporal/,301,/uk/%d0%b1%d0%bb%d0%be%d0%b3/,301,,,historica,,0,"conocida por Google, fuera del inventario actual; GSC 0 clics / 123 impr; WordPress ya la redirige: se hereda la 301"
/uk/category/cirugia-estetica-facial/,301,/uk/%d0%b1%d0%bb%d0%be%d0%b3/,301,,,historica,,0,"conocida por Google, fuera del inventario actual; GSC 0 clics / 5 impr; WordPress ya la redirige: se hereda la 301"
/uk/category/cirugia-estetica-mamas/,301,/uk/%d0%b1%d0%bb%d0%be%d0%b3/,301,,,historica,,0,"conocida por Google, fuera del inventario actual; GSC 0 clics / 124 impr; WordPress ya la redirige: se hereda la 301"
/uk/category/cirugia-estetica-mamas/page/2/,301,/uk/%d0%b1%d0%bb%d0%be%d0%b3/,301,,,historica,,0,"conocida por Google, fuera del inventario actual; GSC 0 clics / 2 impr; WordPress ya la redirige: se hereda la 301"
/uk/category/cirugia-estetica-masculina/,301,/uk/%d0%b1%d0%bb%d0%be%d0%b3/,301,,,historica,,0,"conocida por Google, fuera del inventario actual; GSC 0 clics / 5 impr; WordPress ya la redirige: se hereda la 301"
/uk/category/cirurgia-estetica-facial/,301,/uk/%d0%b1%d0%bb%d0%be%d0%b3/,301,,,historica,,0,"conocida por Google, fuera del inventario actual; GSC 0 clics / 115 impr; WordPress ya la redirige: se hereda la 301"
/uk/category/cirurgia-estetica-mames/,301,/uk/%d0%b1%d0%bb%d0%be%d0%b3/,301,,,historica,,0,"conocida por Google, fuera del inventario actual; GSC 0 clics / 97 impr; WordPress ya la redirige: se hereda la 301"
/uk/category/cirurgia-estetica-masculina/,301,/uk/%d0%b1%d0%bb%d0%be%d0%b3/,301,,,historica,,0,"conocida por Google, fuera del inventario actual; GSC 0 clics / 25 impr; WordPress ya la redirige: se hereda la 301"
/uk/category/gabinet-destetica/,301,/uk/%d0%b1%d0%bb%d0%be%d0%b3/,301,,,historica,,0,"conocida por Google, fuera del inventario actual; GSC 0 clics / 191 impr; WordPress ya la redirige: se hereda la 301"
/uk/category/gabinete-de-estetica/,301,/uk/%d0%b1%d0%bb%d0%be%d0%b3/,301,,,historica,,0,"conocida por Google, fuera del inventario actual; GSC 0 clics / 1 impr; WordPress ya la redirige: se hereda la 301"
/uk/category/medicina-estetica-corporal-ca/,301,/uk/%d0%b1%d0%bb%d0%be%d0%b3/,301,,,historica,,0,"conocida por Google, fuera del inventario actual; GSC 0 clics / 69 impr; WordPress ya la redirige: se hereda la 301"
/uk/category/medicina-estetica-corporal/,301,/uk/%d0%b1%d0%bb%d0%be%d0%b3/,301,,,historica,,0,"conocida por Google, fuera del inventario actual; GSC 0 clics / 102 impr; WordPress ya la redirige: se hereda la 301"
/uk/category/medicina-estetica-facial-ca/,301,/uk/%d0%b1%d0%bb%d0%be%d0%b3/,301,,,historica,,0,"conocida por Google, fuera del inventario actual; GSC 0 clics / 18 impr; WordPress ya la redirige: se hereda la 301"
/uk/category/medicina-estetica-facial/,301,/uk/%d0%b1%d0%bb%d0%be%d0%b3/,301,,,historica,,0,"conocida por Google, fuera del inventario actual; GSC 0 clics / 139 impr; WordPress ya la redirige: se hereda la 301"
/uk/category/sobrepeso-obesidad/,301,/uk/%d0%b1%d0%bb%d0%be%d0%b3/,301,,,historica,,0,"conocida por Google, fuera del inventario actual; GSC 0 clics / 65 impr; WordPress ya la redirige: se hereda la 301"
/uk/como-cuidarse-despues-de-una-rinoplastia-los-mejores-consejos-para-un-rapido-postoperatorio/,301,/uk/%d1%8f%d0%ba-%d0%b4%d0%be%d0%b3%d0%bb%d1%8f%d0%b4%d0%b0%d1%82%d0%b8-%d0%b7%d0%b0-%d1%81%d0%be%d0%b1%d0%be%d1%8e-%d0%bf%d1%96%d1%81%d0%bb%d1%8f-%d1%80%d0%b8%d0%bd%d0%be%d0%bf%d0%bb%d0%b0%d1%81%d1%82/,301,,,historica,,1,"conocida por Google, fuera del inventario actual; GSC 1 clics / 273 impr; WordPress ya la redirige: se hereda la 301"
/uk/como-eliminar-la-celulitis/,301,/uk/%d1%8f%d0%ba-%d0%bf%d0%be%d0%b7%d0%b1%d1%83%d1%82%d0%b8%d1%81%d1%8f-%d1%86%d0%b5%d0%bb%d1%8e%d0%bb%d1%96%d1%82%d1%83/,301,,,historica,,0,"conocida por Google, fuera del inventario actual; GSC 0 clics / 13 impr; WordPress ya la redirige: se hereda la 301"
/uk/congela-el-tiempo/,301,/uk/%d0%b7%d0%b0%d0%bc%d0%be%d1%80%d0%be%d0%b6%d1%83%d1%94-%d1%87%d0%b0%d1%81/,301,,,historica,,0,"conocida por Google, fuera del inventario actual; GSC 0 clics / 8 impr; WordPress ya la redirige: se hereda la 301"
/uk/cuales-son-las-mejores-protesis-de-mama/,301,/uk/%d1%8f%d0%ba%d1%96-%d0%b3%d1%80%d1%83%d0%b4%d0%bd%d1%96-%d0%bf%d1%80%d0%be%d1%82%d0%b5%d0%b7%d0%b8-%d0%bd%d0%b0%d0%b9%d0%ba%d1%80%d0%b0%d1%89%d1%96/,301,,,historica,,1,"conocida por Google, fuera del inventario actual; GSC 1 clics / 67 impr; estado actual 403 · RESUELTO 28/09: slug español bajo /uk/ -> versión uk de /cuales-son-las-mejores-protesis-de-mama/"
/uk/deberia-reducirme-el-pecho/,301,/uk/%d0%bc%d0%b5%d0%bd%d1%96-%d1%81%d0%bb%d1%96%d0%b4-%d0%b7%d0%bc%d0%b5%d0%bd%d1%88%d0%b8%d1%82%d0%b8-%d0%b3%d1%80%d1%83%d0%b4%d0%b8/,301,,,historica,,0,"conocida por Google, fuera del inventario actual; GSC 0 clics / 15 impr; WordPress ya la redirige: se hereda la 301"
/uk/el-unico-balon-que-puede-estar-implantado-un-ano/,301,/uk/%d1%94%d0%b4%d0%b8%d0%bd%d0%b8%d0%b9-%d0%b1%d0%b0%d0%bb%d0%be%d0%bd-%d1%8f%d0%ba%d0%b8%d0%b9-%d0%bc%d0%be%d0%b6%d0%bd%d0%b0-%d1%96%d0%bc%d0%bf%d0%bb%d0%b0%d0%bd%d1%82%d1%83%d0%b2%d0%b0%d1%82%d0%b8/,301,,,historica,,2,"conocida por Google, fuera del inventario actual; GSC 2 clics / 40 impr; estado actual 403 · RESUELTO 28/09: slug español bajo /uk/ -> versión uk de /el-unico-balon-que-puede-estar-implantado-un-ano/"
/uk/equip-quadre-medic/,301,/uk/%d0%bc%d0%b5%d0%b4%d0%b8%d1%87%d0%bd%d0%b8%d0%b9-%d0%ba%d0%be%d0%bb%d0%b5%d0%ba%d1%82%d0%b8%d0%b2/,301,,,historica,,0,"conocida por Google, fuera del inventario actual; GSC 0 clics / 6 impr; WordPress ya la redirige: se hereda la 301"
/uk/equip/dr-valenti-puig-divi/,301,/uk/%d0%ba%d0%be%d0%bc%d0%b0%d0%bd%d0%b4%d0%b0/dr-valenti-puig-divi/,301,,,historica,,0,"conocida por Google, fuera del inventario actual; GSC 0 clics / 1 impr; estado actual 403 · RESUELTO 28/09: slug español bajo /uk/ -> versión uk de /dr-valenti-puig-divi/"
/uk/financiacion/,301,/uk/%d1%84%d1%96%d0%bd%d0%b0%d0%bd%d1%81%d1%83%d0%b2%d0%b0%d0%bd%d0%bd%d1%8f/,301,,,historica,,0,"conocida por Google, fuera del inventario actual; GSC 0 clics / 12 impr; WordPress ya la redirige: se hereda la 301"
/uk/ice-casino-polska-najlepsze-kasyno-online-na-prawdziwe-pieniadze-w-polsce/,410,,410,,,historica,,0,spam del hackeo (no está en la web actual); GSC 0 clics / 1 impr
/uk/la-belleza-del-rostro-el-triangulo-invertido/,301,/uk/%d0%ba%d1%80%d0%b0%d1%81%d0%b0-%d0%be%d0%b1%d0%bb%d0%b8%d1%87%d1%87%d1%8f-%d0%bf%d0%b5%d1%80%d0%b5%d0%b2%d0%b5%d1%80%d0%bd%d1%83%d1%82%d0%b8%d0%b9-%d1%82%d1%80%d0%b8%d0%ba%d1%83%d1%82%d0%bd/,301,,,historica,,0,"conocida por Google, fuera del inventario actual; GSC 0 clics / 12 impr; estado actual 403 · RESUELTO 28/09: slug español bajo /uk/ -> versión uk de /la-belleza-del-rostro-el-triangulo-invertido/"
/uk/la-radiofrecuencia-la-mejor-solucion-a-la-flacidez/,301,/uk/%d1%80%d0%b0%d0%b4%d1%96%d0%be%d1%87%d0%b0%d1%81%d1%82%d0%be%d1%82%d0%bd%d0%b0-%d1%82%d0%b5%d1%80%d0%b0%d0%bf%d1%96%d1%8f-%d0%bd%d0%b0%d0%b9%d0%ba%d1%80%d0%b0%d1%89%d0%b5-%d1%80%d1%96%d1%88/,301,,,historica,,0,"conocida por Google, fuera del inventario actual; GSC 0 clics / 24 impr; WordPress ya la redirige: se hereda la 301"
/uk/lo-que-quieres-saber-del-aumento-de-pecho-paso-a-paso/,301,/uk/%d0%b2%d1%81%d0%b5-%d1%89%d0%be-%d0%b2%d0%b8-%d1%85%d0%be%d1%87%d0%b5%d1%82%d0%b5-%d0%b7%d0%bd%d0%b0%d1%82%d0%b8-%d0%bf%d1%80%d0%be-%d0%b7%d0%b1%d1%96%d0%bb%d1%8c%d1%88%d0%b5%d0%bd%d0%bd%d1%8f-%d0%b3/,301,,,historica,,0,"conocida por Google, fuera del inventario actual; GSC 0 clics / 17 impr; WordPress ya la redirige: se hereda la 301"
/uk/nuestra-experiencia-con-la-rinoplastia-ultrasonica/,301,/uk/%d0%bd%d0%b0%d1%88-%d0%b4%d0%be%d1%81%d0%b2%d1%96%d0%b4-%d0%bf%d1%80%d0%be%d0%b2%d0%b5%d0%b4%d0%b5%d0%bd%d0%bd%d1%8f-%d1%83%d0%bb%d1%8c%d1%82%d1%80%d0%b0%d0%b7%d0%b2%d1%83%d0%ba%d0%be%d0%b2%d0%be/,301,,,historica,,0,"conocida por Google, fuera del inventario actual; GSC 0 clics / 2 impr; WordPress ya la redirige: se hereda la 301"
/uk/pinko-kazino-oficialnyy-sayt-pinco-casino-vhod-na-zerkalo/,410,,410,,,historica,,1,spam del hackeo (no está en la web actual); GSC 1 clics / 3 impr
/uk/politica-de-cookies/,301,/uk/%d0%bf%d0%be%d0%bb%d1%96%d1%82%d0%b8%d0%ba%d0%b0-%d1%89%d0%be%d0%b4%d0%be-%d1%84%d0%b0%d0%b9%d0%bb%d1%96%d0%b2-cookie/,301,,,historica,,0,"conocida por Google, fuera del inventario actual; GSC 0 clics / 1 impr; WordPress ya la redirige: se hereda la 301"
/uk/reconstruccion-tras-cancer-de-mama/,301,/uk/%d0%b2%d1%96%d0%b4%d0%bd%d0%be%d0%b2%d0%bb%d0%b5%d0%bd%d0%bd%d1%8f-%d0%bf%d1%96%d1%81%d0%bb%d1%8f-%d1%80%d0%b0%d0%ba%d1%83-%d0%bc%d0%be%d0%bb%d0%be%d1%87%d0%bd%d0%be%d1%97-%d0%b7%d0%b0%d0%bb%d0%be-2/,301,,,historica,,0,"conocida por Google, fuera del inventario actual; GSC 0 clics / 4 impr; WordPress ya la redirige: se hereda la 301"
/uk/rinoplastia-o-septoplastia/,301,/uk/%d1%80%d0%b8%d0%bd%d0%be%d0%bf%d0%bb%d0%b0%d1%81%d1%82%d0%b8%d0%ba%d0%b0-%d0%b0%d0%b1%d0%be-%d1%81%d0%b5%d0%bf%d1%82%d0%be%d0%bf%d0%bb%d0%b0%d1%81%d1%82%d0%b8%d0%ba%d0%b0/,301,,,historica,,0,"conocida por Google, fuera del inventario actual; GSC 0 clics / 7 impr; WordPress ya la redirige: se hereda la 301"
/uk/solucio-per-mames-tuberoses/,301,/uk/%d0%b7%d0%b0%d1%81%d1%96%d0%b1-%d0%b2%d1%96%d0%b4-%d0%b1%d1%83%d0%bb%d1%8c%d0%b1%d0%be%d0%b2%d0%b8%d1%85-%d0%b1%d0%be%d0%bb%d1%8f%d1%87%d0%be%d0%ba/,301,,,historica,,0,"conocida por Google, fuera del inventario actual; GSC 0 clics / 5 impr; estado actual 403 · RESUELTO 28/09: slug español bajo /uk/ -> versión uk de /solucio-per-mames-tuberoses/"
/uk/team/dr-valenti-puig-divi/,301,/uk/%d0%ba%d0%be%d0%bc%d0%b0%d0%bd%d0%b4%d0%b0/dr-valenti-puig-divi/,301,,,historica,,0,"conocida por Google, fuera del inventario actual; GSC 0 clics / 15 impr; WordPress ya la redirige: se hereda la 301"
/uk/tecnicas-de-medicina-estetica-que-nos-rejuvenecen/,301,/uk/%d0%bc%d0%b5%d1%82%d0%be%d0%b4%d0%b8-%d0%b5%d1%81%d1%82%d0%b5%d1%82%d0%b8%d1%87%d0%bd%d0%be%d1%97-%d0%bc%d0%b5%d0%b4%d0%b8%d1%86%d0%b8%d0%bd%d0%b8-%d1%8f%d0%ba%d1%96-%d0%be%d0%bc%d0%be%d0%bb%d0%be/,301,,,historica,,0,"conocida por Google, fuera del inventario actual; GSC 0 clics / 55 impr; WordPress ya la redirige: se hereda la 301"
/uk/unidades/cirugia-estetica-mamas/,301,/uk/%d0%be%d0%b4%d0%b8%d0%bd%d0%b8%d1%86%d1%96/%d0%b5%d1%81%d1%82%d0%b5%d1%82%d0%b8%d1%87%d0%bd%d0%b0-%d1%85%d1%96%d1%80%d1%83%d1%80%d0%b3%d1%96%d1%8f-%d0%b3%d1%80%d1%83%d0%b4%d0%b5%d0%b9-2/%d0%b7%d0%b1%d1%96%d0%bb%d1%8c%d1%88%d0%b5%d0%bd%d0%bd%d1%8f-%d0%b3%d1%80%d1%83%d0%b4%d0%b5%d0%b9-%d1%83-%d0%b6%d0%b8%d1%80%d0%be%d0%bd%d1%96-2/,301,,,historica,,0,"conocida por Google, fuera del inventario actual; GSC 0 clics / 59 impr; WordPress ya la redirige: se hereda la 301"
/uk/vavada-kazino-oficialnyy-sayt-vavada-casino-2026/,410,,410,,,historica,,0,spam del hackeo (no está en la web actual); GSC 0 clics / 2 impr
/unidades/cirugia-estetica-facial/blefaroplastia-new/,301,/unidades/cirugia-estetica-facial/blefaroplastia-girona/,301,,,historica,,1,"conocida por Google, fuera del inventario actual; GSC 1 clics / 24 impr; WordPress ya la redirige: se hereda la 301"
/unidades/cirugia-estetica-facial/otoplastia-new/,301,/unidades/cirugia-estetica-facial/otoplastia-girona/,301,,,historica,,0,"conocida por Google, fuera del inventario actual; GSC 0 clics / 1 impr; WordPress ya la redirige: se hereda la 301"
/unidades/cirugia-estetica-facial/rinoplastia-new/,301,/unidades/cirugia-estetica-facial/rinoplastia-girona/,301,,,historica,,1,"conocida por Google, fuera del inventario actual; GSC 1 clics / 17 impr; WordPress ya la redirige: se hereda la 301"
/unidades/cirugia-estetica-mamas/aumento-de-pecho-new-2/,301,/unidades/cirugia-estetica-mamas/aumento-de-pecho-girona/,301,,,historica,,0,"conocida por Google, fuera del inventario actual; GSC 0 clics / 14 impr; WordPress ya la redirige: se hereda la 301"
/unidades/cirugia-estetica-mamas/aumento-de-pecho-new/,301,/unidades/cirugia-estetica-mamas/aumento-de-pecho-girona/,301,,,historica,,0,"conocida por Google, fuera del inventario actual; GSC 0 clics / 26 impr; WordPress ya la redirige: se hereda la 301"
/unidades/sobrepeso-y-obesidad/balon-12-meses-reajustable-new/,301,/unidades/sobrepeso-y-obesidad/balon-gastrico-girona/,301,,,historica,,0,"conocida por Google, fuera del inventario actual; GSC 0 clics / 31 impr; WordPress ya la redirige: se hereda la 301"
/vavada-online-kasiino-eestis-kasutajate-arvustused-ja-mangijate-kogemused/,410,,410,,,historica,,0,spam del hackeo (no está en la web actual); GSC 0 clics / 1 impr
/wp-content/uploads/2019/10/DR.Valenti%CC%81-Puig.webp,301,/images/wp/2019/10/DR.Valentí-Puig.webp,301,,,historica,,0,"conocida por Google, fuera del inventario actual; GSC 0 clics / 2 impr; hoy responde 200 y no está en el inventario: incorporar o redirigir · RESUELTO 28/09: medio -> imagen local"
/wp-content/uploads/2019/10/antes-despues-ojeras.jpg,410,,410,,,historica,,0,"conocida por Google, fuera del inventario actual; GSC 0 clics / 1 impr; hoy responde 200 y no está en el inventario: incorporar o redirigir · RESUELTO 28/09: medio sin equivalente en la web nueva"
/wp-content/uploads/2019/10/perfil-izquierdo-antes-1.jpg,410,,410,,,historica,,0,"conocida por Google, fuera del inventario actual; GSC 0 clics / 1 impr; hoy responde 200 y no está en el inventario: incorporar o redirigir · RESUELTO 28/09: medio sin equivalente en la web nueva"
/wp-content/uploads/2019/11/image-e1582104761984.png,301,/images/wp/2019/11/image-e1582104761984.webp,301,,,historica,,0,"conocida por Google, fuera del inventario actual; GSC 0 clics / 1 impr; hoy responde 200 y no está en el inventario: incorporar o redirigir · RESUELTO 28/09: medio -> imagen local"
/wp-content/uploads/2019/11/marca-del-cansancio-bajo-los-ojos-e1582104641732.jpg,301,/images/wp/2019/11/marca-del-cansancio-bajo-los-ojos-e1582104641732.webp,301,,,historica,,0,"conocida por Google, fuera del inventario actual; GSC 0 clics / 1 impr; hoy responde 200 y no está en el inventario: incorporar o redirigir · RESUELTO 28/09: medio -> imagen local"
/wp-content/uploads/2022/05/dr_perez.jpg,301,/images/wp/2022/05/dr_perez.webp,301,,,historica,,0,"conocida por Google, fuera del inventario actual; GSC 0 clics / 1 impr; hoy responde 200 y no está en el inventario: incorporar o redirigir · RESUELTO 28/09: medio -> imagen local"
/wp-content/uploads/2023/04/rino-fanlo.jpg.jpg,301,/images/wp/2023/04/rino-fanlo.jpg.webp,301,,,historica,,0,"conocida por Google, fuera del inventario actual; GSC 0 clics / 10 impr; hoy responde 200 y no está en el inventario: incorporar o redirigir · RESUELTO 28/09: medio -> imagen local"
/wp-content/uploads/2025/10/dewever-300x300.jpg,301,/images/wp/2025/10/dewever-300x300.webp,301,,,historica,,0,"conocida por Google, fuera del inventario actual; GSC 0 clics / 2 impr; hoy responde 200 y no está en el inventario: incorporar o redirigir · RESUELTO 28/09: medio -> imagen local"
/wp-content/uploads/2025/10/otoplastia.jpg,410,,410,,,historica,,0,"conocida por Google, fuera del inventario actual; GSC 0 clics / 1 impr; hoy responde 200 y no está en el inventario: incorporar o redirigir · RESUELTO 28/09: medio sin equivalente en la web nueva"
/wp-content/uploads/2025/12/blefaroplastia-comienza-ahora.jpg,301,/images/wp/2025/12/blefaroplastia-comienza-ahora.webp,301,,,historica,,0,"conocida por Google, fuera del inventario actual; GSC 0 clics / 1 impr; hoy responde 200 y no está en el inventario: incorporar o redirigir · RESUELTO 28/09: medio -> imagen local"
/wp-content/uploads/2025/12/blefaroplastia-en-girona-medic.webp,410,,410,,,historica,,0,"conocida por Google, fuera del inventario actual; GSC 0 clics / 1 impr; hoy responde 200 y no está en el inventario: incorporar o redirigir · RESUELTO 28/09: medio sin equivalente en la web nueva"
/wp-content/uploads/2025/12/rinoplastia-en-medic-girona.webp,301,/images/wp/2025/12/rinoplastia-en-medic-girona.webp,301,,,historica,,0,"conocida por Google, fuera del inventario actual; GSC 0 clics / 1 impr; hoy responde 200 y no está en el inventario: incorporar o redirigir · RESUELTO 28/09: medio -> imagen local"
/wp-content/w3-webp/uploads/2019/11/Como-cuidar-la-piel-a-los-50-e1582104350780.jpgw3.webp,301,/images/wp/2019/11/Como-cuidar-la-piel-a-los-50-e1582104350780.webp,301,,,historica,,0,"conocida por Google, fuera del inventario actual; GSC 0 clics / 1 impr; hoy responde 200 y no está en el inventario: incorporar o redirigir · RESUELTO 28/09: medio -> imagen local"
/wp-content/w3-webp/uploads/2019/12/ab2.jpgw3.webp,301,/images/wp/2019/12/ab2.webp,301,,,historica,,0,"conocida por Google, fuera del inventario actual; GSC 0 clics / 1 impr; hoy responde 200 y no está en el inventario: incorporar o redirigir · RESUELTO 28/09: medio -> imagen local"
/wp-content/w3-webp/uploads/2021/03/Celulitis_girona.jpgw3.webp,301,/images/wp/2021/03/Celulitis_girona.webp,301,,,historica,,0,"conocida por Google, fuera del inventario actual; GSC 0 clics / 1 impr; hoy responde 200 y no está en el inventario: incorporar o redirigir · RESUELTO 28/09: medio -> imagen local"
/wp-content/w3-webp/uploads/2023/04/rino-fanlo.jpg.jpgw3.webp,301,/images/wp/2023/04/rino-fanlo.jpg.webp,301,,,historica,,0,"conocida por Google, fuera del inventario actual; GSC 0 clics / 1 impr; hoy responde 200 y no está en el inventario: incorporar o redirigir · RESUELTO 28/09: medio -> imagen local"
/ca/lp-augment-de-pit-girona/,mantener,/ca/lp-augment-de-pit-girona/,200,Inici | Web Rino,,sitemap_only,,0,antes /ca/lp-augment-de-pit-girona-2/ · renombrada 05/10/2026: URL catalana sin «-2» (decisión usuario)
/ca/portfoli_pagina/video-prueba/,mantener,/ca/portfoli_pagina/video-prueba/,200,Aumento pecho- mike-eli - MedicsIntegralSalut,,crawl_only,,,antes /ca/portfoli_pagina/video-prueba-2/ · renombrada 05/10/2026: URL catalana sin «-2» (decisión usuario)
/ca/tp-augment-de-pit-girona/,mantener,/ca/tp-augment-de-pit-girona/,200,Inici | Web Rino,,sitemap_only,,,antes /ca/tp-augment-de-pit-girona-2/ · renombrada 05/10/2026: URL catalana sin «-2» (decisión usuario)
/ca/unitats/cirurgia-estetica-de-mames/augment-de-pit-girona/,mantener,/ca/unitats/cirurgia-estetica-de-mames/augment-de-pit-girona/,200,Augment de pit a Girona | Mamoplàstia | Cirurgia Mamària,,sitemap_only,,1,antes /ca/unitats-2/cirurgia-estetica-de-mames/augment-de-pit-girona-2/ · renombrada 05/10/2026: URL catalana sin «-2» (decisión usuario)
/ca/unitats/cirurgia-estetica-de-mames/augment-de-pits-tecnica-ami/,mantener,/ca/unitats/cirurgia-estetica-de-mames/augment-de-pits-tecnica-ami/,200,Augment de pit amb la Tècnica AMI - MedicsIntegralSalut,,sitemap_only,,2,antes /ca/unitats-2/cirurgia-estetica-de-mames/augment-de-pits-tecnica-ami/ · renombrada 05/10/2026: URL catalana sin «-2» (decisión usuario)
/ca/unitats/cirurgia-estetica-de-mames/augmentacio-mamaria/,mantener,/ca/unitats/cirurgia-estetica-de-mames/augmentacio-mamaria/,200,Augment de Pit Girona | MedicsIntegralSalut,,sitemap_only,,0,antes /ca/unitats-2/cirurgia-estetica-de-mames/augmentacio-mamaria/ · renombrada 05/10/2026: URL catalana sin «-2» (decisión usuario)
/ca/unitats/cirurgia-estetica-de-mames/canvi-de-protesi/,mantener,/ca/unitats/cirurgia-estetica-de-mames/canvi-de-protesi/,200,Recanvi de pròtesis mamàries Girona - MedicsIntegralSalut,,sitemap_only,,2,antes /ca/unitats-2/cirurgia-estetica-de-mames/canvi-de-protesi/ · renombrada 05/10/2026: URL catalana sin «-2» (decisión usuario)
/ca/unitats/cirurgia-estetica-de-mames/elevacio-de-pit-pexia/,mantener,/ca/unitats/cirurgia-estetica-de-mames/elevacio-de-pit-pexia/,200,Elevació de pit Girona | Pexia mamària,,sitemap_only,,0,antes /ca/unitats-2/cirurgia-estetica-de-mames/elevacio-de-pit-pexia-2/ · renombrada 05/10/2026: URL catalana sin «-2» (decisión usuario)
/ca/unitats/cirurgia-estetica-de-mames/reduccio-de-pits/,mantener,/ca/unitats/cirurgia-estetica-de-mames/reduccio-de-pits/,200,Reducció de Pit a Girona | MedicsIntegralSalut ⭐,,sitemap_only,,1,antes /ca/unitats-2/cirurgia-estetica-de-mames/reduccio-de-pits/ · renombrada 05/10/2026: URL catalana sin «-2» (decisión usuario)
/ca/unitats/cirurgia-estetica-facial/blefaroplastia-girona/,mantener,/ca/unitats/cirurgia-estetica-facial/blefaroplastia-girona/,200,Blefaroplàstia a Girona | Oculoplàstia | Cirurgia de parpelles,,sitemap_only,,3,antes /ca/unitats-2/cirurgia-estetica-facial-2/blefaroplastia-girona/ · renombrada 05/10/2026: URL catalana sin «-2» (decisión usuario)
/ca/unitats/cirurgia-estetica-facial/cirurgia-de-barbeta-i-pomuls/,mantener,/ca/unitats/cirurgia-estetica-facial/cirurgia-de-barbeta-i-pomuls/,200,Cirurgia de barbeta i galtes - MedicsIntegralSalut,,sitemap_only,,1,antes /ca/unitats-2/cirurgia-estetica-facial-2/cirurgia-de-barbeta-i-pomuls/ · renombrada 05/10/2026: URL catalana sin «-2» (decisión usuario)
/ca/unitats/cirurgia-estetica-facial/otoplastia-girona/,mantener,/ca/unitats/cirurgia-estetica-facial/otoplastia-girona/,200,Otoplàstia Girona | Cirurgia d'Orelles | MedicsIntegralSalut,,sitemap_only,,0,antes /ca/unitats-2/cirurgia-estetica-facial-2/otoplastia-girona/ · renombrada 05/10/2026: URL catalana sin «-2» (decisión usuario)
/ca/unitats/cirurgia-estetica-facial/perforacio-del-tabic-nasal/,mantener,/ca/unitats/cirurgia-estetica-facial/perforacio-del-tabic-nasal/,200,Perforació del septe nasal - MedicsIntegralSalut,,sitemap_only,,1,antes /ca/unitats-2/cirurgia-estetica-facial-2/perforacio-del-tabic-nasal/ · renombrada 05/10/2026: URL catalana sin «-2» (decisión usuario)
/ca/unitats/cirurgia-estetica-facial/rinoplastia-girona/,mantener,/ca/unitats/cirurgia-estetica-facial/rinoplastia-girona/,200,【 Rinoplàstia Girona | Ultrasònica | MedicsIntegralSalut 】®,,sitemap_only,,2,antes /ca/unitats-2/cirurgia-estetica-facial-2/rinoplastia-girona/ · renombrada 05/10/2026: URL catalana sin «-2» (decisión usuario)
/ca/unitats/cirurgia-estetica-masculina/estirament-de-coll-i-papada/,mantener,/ca/unitats/cirurgia-estetica-masculina/estirament-de-coll-i-papada/,200,Lifting de coll i papada - MedicsIntegralSalut,,sitemap_only,,0,antes /ca/unitats-2/cirurgia-estetica-masculina-2/estirament-de-coll-i-papada/ · renombrada 05/10/2026: URL catalana sin «-2» (decisión usuario)
/ca/unitats/gabinet-destetica/acido-de-frutas/,mantener,/ca/unitats/gabinet-destetica/acido-de-frutas/,200,Acido de frutas - MedicsIntegralSalut,,sitemap_only,,0,antes /ca/unitats-2/gabinet-destetica-2/acido-de-frutas/ · renombrada 05/10/2026: URL catalana sin «-2» (decisión usuario)
/ca/unitats/gabinet-destetica/anti-edat-mc-110/,mantener,/ca/unitats/gabinet-destetica/anti-edat-mc-110/,200,Antiedat MC110 - MedicsIntegralSalut,,sitemap_only,,0,antes /ca/unitats-2/gabinet-destetica-2/anti-edat-mc-110/ · renombrada 05/10/2026: URL catalana sin «-2» (decisión usuario)
/ca/unitats/gabinet-destetica/radiofrequencia-facial-i-corporal/,mantener,/ca/unitats/gabinet-destetica/radiofrequencia-facial-i-corporal/,200,Radiofreqüència facial i corporal - MedicsIntegralSalut,,sitemap_only,,0,antes /ca/unitats-2/gabinet-destetica-2/radiofrequencia-facial-i-corporal/ · renombrada 05/10/2026: URL catalana sin «-2» (decisión usuario)
/ca/unitats/medicina-estetica-facial/augmentacio-de-llavis/,mantener,/ca/unitats/medicina-estetica-facial/augmentacio-de-llavis/,200,Augment de Llavis a Girona | Disseny de llavis Sense Cirurgia ❤️,,sitemap_only,,0,antes /ca/unitats-2/medicina-estetica-facial/augmentacio-de-llavis/ · renombrada 05/10/2026: URL catalana sin «-2» (decisión usuario)
/ca/unitats/medicina-estetica-facial/rinomodelacio/,mantener,/ca/unitats/medicina-estetica-facial/rinomodelacio/,200,【 Rinomodellació Girona - MedicsIntegralSalut 】,,sitemap_only,,0,antes /ca/unitats-2/medicina-estetica-facial/rinomodelacio/ · renombrada 05/10/2026: URL catalana sin «-2» (decisión usuario)
/ca/unitats/medicina-estetica-facial/ulleres-fosques/,mantener,/ca/unitats/medicina-estetica-facial/ulleres-fosques/,200,Reducció de Pigues a Girona | Correcció | Medics Integral,,sitemap_only,,1,antes /ca/unitats-2/medicina-estetica-facial/ulleres-fosques/ · renombrada 05/10/2026: URL catalana sin «-2» (decisión usuario)
/ca/unitats/medicina-estetica-girona/,mantener,/ca/unitats/medicina-estetica-girona/,200,Medicina Estètica a Girona | Medics Integral Salut,,sitemap_only,,0,antes /ca/unitats-2/medicina-estetica-girona/ · renombrada 05/10/2026: URL catalana sin «-2» (decisión usuario)
/ca/unitats/sobrepes-i-obesitat/bandol-gastric-girona/,mantener,/ca/unitats/sobrepes-i-obesitat/bandol-gastric-girona/,200,Bàlon Gàstric Girona | Reajustable 12 mesos | Medicsintegral,,sitemap_only,,2,antes /ca/unitats-2/sobrepes-i-obesitat-2/bandol-gastric-girona/ · renombrada 05/10/2026: URL catalana sin «-2» (decisión usuario)
/ca/unitats/sobrepes-i-obesitat/bota-6-mesos/,mantener,/ca/unitats/sobrepes-i-obesitat/bota-6-mesos/,200,6 Mesos de Baló Gàstric - MedicsIntegralSalut,,sitemap_only,,0,antes /ca/unitats-2/sobrepes-i-obesitat-2/bota-6-mesos/ · renombrada 05/10/2026: URL catalana sin «-2» (decisión usuario)
/ca/unitats/sobrepes-i-obesitat/cirurgia-bariatrica/bypass-gastrico/,mantener,/ca/unitats/sobrepes-i-obesitat/cirurgia-bariatrica/bypass-gastrico/,200,Bypass gàstric - MedicsIntegralSalut,,sitemap_only,,0,antes /ca/unitats-2/sobrepes-i-obesitat-2/cirurgia-bariatrica-2/bypass-gastrico/ · renombrada 05/10/2026: URL catalana sin «-2» (decisión usuario)
/ca/unitats/sobrepes-i-obesitat/cirurgia-bariatrica/cruilla-duodenal/,mantener,/ca/unitats/sobrepes-i-obesitat/cirurgia-bariatrica/cruilla-duodenal/,200,Encreuament Duodenal - MedicsIntegralSalut,,sitemap_only,,0,antes /ca/unitats-2/sobrepes-i-obesitat-2/cirurgia-bariatrica-2/cruilla-duodenal/ · renombrada 05/10/2026: URL catalana sin «-2» (decisión usuario)
/ca/unitats/sobrepes-i-obesitat/cirurgia-postbariatrica/,mantener,/ca/unitats/sobrepes-i-obesitat/cirurgia-postbariatrica/,200,Cirurgia post-baríatrica - MedicsIntegralSalut,,sitemap_only,,0,antes /ca/unitats-2/sobrepes-i-obesitat-2/cirurgia-postbariatrica/ · renombrada 05/10/2026: URL catalana sin «-2» (decisión usuario)
/ca/unitats/sobrepes-i-obesitat/pilota-ingerible-el%c2%b7lipse/,mantener,/ca/unitats/sobrepes-i-obesitat/pilota-ingerible-el%c2%b7lipse/,200,Baló Ingerible El·lipse - MedicsIntegralSalut,,sitemap_only,,,antes /ca/unitats-2/sobrepes-i-obesitat-2/pilota-ingerible-el·lipse/ · renombrada 05/10/2026: URL catalana sin «-2» (decisión usuario)
